warning_id,type,risk,score,symbol,reviewer1_label,reviewer1_notes,reviewer2_label,reviewer2_notes,adjudicated_label,adjudication_notes,label,reviewer_notes
W-000200,FieldDrift,High,12.6,file,BENIGN_DRIFT,"Real field/layout drift (field order changed), with only generated binding exposure and no oracle evidence.",BENIGN_DRIFT,"Real field/layout drift (field order changed), with only generated binding exposure and no oracle evidence. No TRUE_* threshold is met.",BENIGN_DRIFT,"Real field/layout drift (field order changed), with only generated binding exposure and no oracle evidence. Final label is benign because build-breakage, wrapper-fix, and Rust contract-dependence evidence are absent.",,
W-000201,FieldDrift,High,12.6,folio,BENIGN_DRIFT,"Real field/layout drift (added __bindgen_anon_4), with only generated binding exposure and no oracle evidence.",BENIGN_DRIFT,"Real field/layout drift (added __bindgen_anon_4), with only generated binding exposure and no oracle evidence. No TRUE_* threshold is met.",BENIGN_DRIFT,"Real field/layout drift (added __bindgen_anon_4), with only generated binding exposure and no oracle evidence. Final label is benign because build-breakage, wrapper-fix, and Rust contract-dependence evidence are absent.",,
W-000211,FieldDrift,High,12.6,module,BENIGN_DRIFT,"Real field/layout drift (added its_num_pages, its_page_array), with only generated binding exposure and no oracle evidence.",BENIGN_DRIFT,"Real field/layout drift (added its_num_pages, its_page_array), with only generated binding exposure and no oracle evidence. No TRUE_* threshold is met.",BENIGN_DRIFT,"Real field/layout drift (added its_num_pages, its_page_array), with only generated binding exposure and no oracle evidence. Final label is benign because build-breakage, wrapper-fix, and Rust contract-dependence evidence are absent.",,
W-000217,FieldDrift,High,12.6,pci_dev,BENIGN_DRIFT,"Real field/layout drift (added rebar_cap; type/layout changes in _bitfield_4), but Rust edges do not tie changed fields to a safety contract; no oracle evidence.",BENIGN_DRIFT,"Real field/layout drift (added rebar_cap; type/layout changes in _bitfield_4), but Rust edges do not tie changed fields to a safety contract; no oracle evidence. No TRUE_* threshold is met.",BENIGN_DRIFT,"Real field/layout drift (added rebar_cap; type/layout changes in _bitfield_4), but Rust edges do not tie changed fields to a safety contract; no oracle evidence. Final label is benign because build-breakage, wrapper-fix, and Rust contract-dependence evidence are absent.",,
W-000221,FieldDrift,High,12.6,phy_device,BENIGN_DRIFT,"Real field/layout drift (added eee_disabled_modes; removed eee_broken_modes), but Rust edges do not tie changed fields to a safety contract; no oracle evidence.",BENIGN_DRIFT,"Real field/layout drift (added eee_disabled_modes; removed eee_broken_modes), but Rust edges do not tie changed fields to a safety contract; no oracle evidence. No TRUE_* threshold is met.",BENIGN_DRIFT,"Real field/layout drift (added eee_disabled_modes; removed eee_broken_modes), but Rust edges do not tie changed fields to a safety contract; no oracle evidence. Final label is benign because build-breakage, wrapper-fix, and Rust contract-dependence evidence are absent.",,
W-000237,FieldDrift,High,12.6,zone,BENIGN_DRIFT,"Real field/layout drift (added trylock_free_pages; type/layout changes in __bindgen_padding_1, vm_stat), with only generated binding exposure and no oracle evidence.",BENIGN_DRIFT,"Real field/layout drift (added trylock_free_pages; type/layout changes in __bindgen_padding_1, vm_stat), with only generated binding exposure and no oracle evidence. No TRUE_* threshold is met.",BENIGN_DRIFT,"Real field/layout drift (added trylock_free_pages; type/layout changes in __bindgen_padding_1, vm_stat), with only generated binding exposure and no oracle evidence. Final label is benign because build-breakage, wrapper-fix, and Rust contract-dependence evidence are absent.",,
W-000610,NullabilityDrift,High,12.6,dma_alloc_attrs,FALSE_POSITIVE,"v6.14 and v6.15 dma_alloc_attrs stubs both return NULL, and Rust maps null to ENOMEM; no new drift.",FALSE_POSITIVE,"v6.14 and v6.15 dma_alloc_attrs stubs both return NULL, and Rust maps null to ENOMEM; no new drift. Conservative review rejects unsupported C drift.",FALSE_POSITIVE,"v6.14 and v6.15 dma_alloc_attrs stubs both return NULL, and Rust maps null to ENOMEM; no new drift. Final label is false positive because the claimed C drift is unsupported or contradicted.",,
W-000230,FieldDrift,High,12.4,taskstats,BENIGN_DRIFT,"Real field/layout drift (field order changed), with only generated binding exposure and no oracle evidence.",BENIGN_DRIFT,"Real field/layout drift (field order changed), with only generated binding exposure and no oracle evidence. No TRUE_* threshold is met.",BENIGN_DRIFT,"Real field/layout drift (field order changed), with only generated binding exposure and no oracle evidence. Final label is benign because build-breakage, wrapper-fix, and Rust contract-dependence evidence are absent.",,
W-000569,SignatureDrift,High,12.2,kmap_local_page,FALSE_POSITIVE,C evidence is a call-expression/parser artifact; v6.14 and v6.15 kmap_local_page prototypes are unchanged.,FALSE_POSITIVE,C evidence is a call-expression/parser artifact; v6.14 and v6.15 kmap_local_page prototypes are unchanged. Conservative review rejects unsupported C drift.,FALSE_POSITIVE,C evidence is a call-expression/parser artifact; v6.14 and v6.15 kmap_local_page prototypes are unchanged. Final label is false positive because the claimed C drift is unsupported or contradicted.,,
W-000100,SignatureDrift,High,12.0,lockdep_unregister_key,FALSE_POSITIVE,"Warning says absent->added, but v6.14 already has lockdep_unregister_key; C drift unsupported.",FALSE_POSITIVE,"Warning says absent->added, but v6.14 already has lockdep_unregister_key; C drift unsupported. Conservative review rejects unsupported C drift.",FALSE_POSITIVE,"Warning says absent->added, but v6.14 already has lockdep_unregister_key; C drift unsupported. Final label is false positive because the claimed C drift is unsupported or contradicted.",,
W-000198,FieldDrift,High,12.0,cgroup_subsys,BENIGN_DRIFT,"Real field/layout drift (added css_killed), with only generated binding exposure and no oracle evidence.",BENIGN_DRIFT,"Real field/layout drift (added css_killed), with only generated binding exposure and no oracle evidence. No TRUE_* threshold is met.",BENIGN_DRIFT,"Real field/layout drift (added css_killed), with only generated binding exposure and no oracle evidence. Final label is benign because build-breakage, wrapper-fix, and Rust contract-dependence evidence are absent.",,
W-000208,FieldDrift,High,12.0,kernfs_node,BENIGN_DRIFT,"Real field/layout drift (added __parent; removed parent), with only generated binding exposure and no oracle evidence.",BENIGN_DRIFT,"Real field/layout drift (added __parent; removed parent), with only generated binding exposure and no oracle evidence. No TRUE_* threshold is met.",BENIGN_DRIFT,"Real field/layout drift (added __parent; removed parent), with only generated binding exposure and no oracle evidence. Final label is benign because build-breakage, wrapper-fix, and Rust contract-dependence evidence are absent.",,
W-000570,SignatureDrift,High,11.8,mdiobus_read,FALSE_POSITIVE,C evidence comes from a phy helper call expression; mdiobus_read prototype is unchanged in v6.14/v6.15.,FALSE_POSITIVE,C evidence comes from a phy helper call expression; mdiobus_read prototype is unchanged in v6.14/v6.15. Conservative review rejects unsupported C drift.,FALSE_POSITIVE,C evidence comes from a phy helper call expression; mdiobus_read prototype is unchanged in v6.14/v6.15. Final label is false positive because the claimed C drift is unsupported or contradicted.,,
W-000571,SignatureDrift,High,11.8,mdiobus_write,FALSE_POSITIVE,C evidence comes from a phy helper call expression; mdiobus_write prototype is unchanged in v6.14/v6.15.,FALSE_POSITIVE,C evidence comes from a phy helper call expression; mdiobus_write prototype is unchanged in v6.14/v6.15. Conservative review rejects unsupported C drift.,FALSE_POSITIVE,C evidence comes from a phy helper call expression; mdiobus_write prototype is unchanged in v6.14/v6.15. Final label is false positive because the claimed C drift is unsupported or contradicted.,,
W-000099,SignatureDrift,High,11.6,lockdep_register_key,FALSE_POSITIVE,"Warning says absent->added, but v6.14 already has lockdep_register_key; C drift unsupported.",FALSE_POSITIVE,"Warning says absent->added, but v6.14 already has lockdep_register_key; C drift unsupported. Conservative review rejects unsupported C drift.",FALSE_POSITIVE,"Warning says absent->added, but v6.14 already has lockdep_register_key; C drift unsupported. Final label is false positive because the claimed C drift is unsupported or contradicted.",,
W-000229,FieldDrift,High,11.6,task_struct,BENIGN_DRIFT,"Real field/layout drift (added perf_ctx_data; type/layout changes in __bindgen_padding_1), but Rust edges do not tie changed fields to a safety contract; no oracle evidence.",BENIGN_DRIFT,"Real field/layout drift (added perf_ctx_data; type/layout changes in __bindgen_padding_1), but Rust edges do not tie changed fields to a safety contract; no oracle evidence. No TRUE_* threshold is met.",BENIGN_DRIFT,"Real field/layout drift (added perf_ctx_data; type/layout changes in __bindgen_padding_1), but Rust edges do not tie changed fields to a safety contract; no oracle evidence. Final label is benign because build-breakage, wrapper-fix, and Rust contract-dependence evidence are absent.",,
W-000073,SignatureDrift,High,11.4,getname,FALSE_POSITIVE,"Warning says getname was removed, but v6.15 still provides getname as a static inline wrapper.",FALSE_POSITIVE,"Warning says getname was removed, but v6.15 still provides getname as a static inline wrapper. Conservative review rejects unsupported C drift.",FALSE_POSITIVE,"Warning says getname was removed, but v6.15 still provides getname as a static inline wrapper. Final label is false positive because the claimed C drift is unsupported or contradicted.",,
W-000560,SignatureDrift,High,11.4,getname,FALSE_POSITIVE,C signature evidence is malformed; source shows getname remains a one-argument filename helper.,FALSE_POSITIVE,C signature evidence is malformed; source shows getname remains a one-argument filename helper. Conservative review rejects unsupported C drift.,FALSE_POSITIVE,C signature evidence is malformed; source shows getname remains a one-argument filename helper. Final label is false positive because the claimed C drift is unsupported or contradicted.,,
W-000044,SignatureDrift,High,11.0,cpu_wants_rethunk,FALSE_POSITIVE,C evidence is only 'absent'->'added' without concrete source/diff support; Rust exposure cannot prove drift.,FALSE_POSITIVE,C evidence is only 'absent'->'added' without concrete source/diff support; Rust exposure cannot prove drift. Conservative review rejects unsupported C drift.,FALSE_POSITIVE,C evidence is only 'absent'->'added' without concrete source/diff support; Rust exposure cannot prove drift. Final label is false positive because the claimed C drift is unsupported or contradicted.,,
W-000136,SignatureDrift,High,11.0,phy_register_fixup,FALSE_POSITIVE,C evidence is only 'present'->'removed' without concrete source/diff support; Rust exposure cannot prove drift.,FALSE_POSITIVE,C evidence is only 'present'->'removed' without concrete source/diff support; Rust exposure cannot prove drift. Conservative review rejects unsupported C drift.,FALSE_POSITIVE,C evidence is only 'present'->'removed' without concrete source/diff support; Rust exposure cannot prove drift. Final label is false positive because the claimed C drift is unsupported or contradicted.,,
W-000153,SignatureDrift,High,11.0,sched_domains_mutex_lock,FALSE_POSITIVE,C evidence is only 'absent'->'added' without concrete source/diff support; Rust exposure cannot prove drift.,FALSE_POSITIVE,C evidence is only 'absent'->'added' without concrete source/diff support; Rust exposure cannot prove drift. Conservative review rejects unsupported C drift.,FALSE_POSITIVE,C evidence is only 'absent'->'added' without concrete source/diff support; Rust exposure cannot prove drift. Final label is false positive because the claimed C drift is unsupported or contradicted.,,
W-000187,SignatureDrift,High,11.0,xas_try_split,FALSE_POSITIVE,C evidence is only 'absent'->'added' without concrete source/diff support; Rust exposure cannot prove drift.,FALSE_POSITIVE,C evidence is only 'absent'->'added' without concrete source/diff support; Rust exposure cannot prove drift. Conservative review rejects unsupported C drift.,FALSE_POSITIVE,C evidence is only 'absent'->'added' without concrete source/diff support; Rust exposure cannot prove drift. Final label is false positive because the claimed C drift is unsupported or contradicted.,,
W-000002,SignatureDrift,High,10.8,__blk_rq_map_sg,BENIGN_DRIFT,"Real signature drift ((q:*mut request_queue, rq:*mut request, sglist:*mut scatterlist, last_sg:*mut *mut scatterlist) -> ffi::c_int vs (rq:*mut request, sglist:*mut scatterlist, last_sg:*mut *mut scatterlist) -> ffi::c_int), but Rust evidence is generated binding exposure only; no oracle evidence.",BENIGN_DRIFT,"Real signature drift ((q:*mut request_queue, rq:*mut request, sglist:*mut scatterlist, last_sg:*mut *mut scatterlist) -> ffi::c_int vs (rq:*mut request, sglist:*mut scatterlist, last_sg:*mut *mut scatterlist) -> ffi::c_int), but Rust evidence is generated binding exposure only; no oracle evidence. No TRUE_* threshold is met.",BENIGN_DRIFT,"Real signature drift ((q:*mut request_queue, rq:*mut request, sglist:*mut scatterlist, last_sg:*mut *mut scatterlist) -> ffi::c_int vs (rq:*mut request, sglist:*mut scatterlist, last_sg:*mut *mut scatterlist) -> ffi::c_int), but Rust evidence is generated binding exposure only; no oracle evidence. Final label is benign because build-breakage, wrapper-fix, and Rust contract-dependence evidence are absent.",,
W-000003,SignatureDrift,High,10.8,__ioread64_hi_lo,FALSE_POSITIVE,C evidence is only 'absent'->'added' without concrete source/diff support; Rust exposure cannot prove drift.,FALSE_POSITIVE,C evidence is only 'absent'->'added' without concrete source/diff support; Rust exposure cannot prove drift. Conservative review rejects unsupported C drift.,FALSE_POSITIVE,C evidence is only 'absent'->'added' without concrete source/diff support; Rust exposure cannot prove drift. Final label is false positive because the claimed C drift is unsupported or contradicted.,,
W-000004,SignatureDrift,High,10.8,__ioread64_lo_hi,FALSE_POSITIVE,C evidence is only 'absent'->'added' without concrete source/diff support; Rust exposure cannot prove drift.,FALSE_POSITIVE,C evidence is only 'absent'->'added' without concrete source/diff support; Rust exposure cannot prove drift. Conservative review rejects unsupported C drift.,FALSE_POSITIVE,C evidence is only 'absent'->'added' without concrete source/diff support; Rust exposure cannot prove drift. Final label is false positive because the claimed C drift is unsupported or contradicted.,,
W-000005,SignatureDrift,High,10.8,__ioread64be_hi_lo,FALSE_POSITIVE,C evidence is only 'absent'->'added' without concrete source/diff support; Rust exposure cannot prove drift.,FALSE_POSITIVE,C evidence is only 'absent'->'added' without concrete source/diff support; Rust exposure cannot prove drift. Conservative review rejects unsupported C drift.,FALSE_POSITIVE,C evidence is only 'absent'->'added' without concrete source/diff support; Rust exposure cannot prove drift. Final label is false positive because the claimed C drift is unsupported or contradicted.,,
W-000006,SignatureDrift,High,10.8,__ioread64be_lo_hi,FALSE_POSITIVE,C evidence is only 'absent'->'added' without concrete source/diff support; Rust exposure cannot prove drift.,FALSE_POSITIVE,C evidence is only 'absent'->'added' without concrete source/diff support; Rust exposure cannot prove drift. Conservative review rejects unsupported C drift.,FALSE_POSITIVE,C evidence is only 'absent'->'added' without concrete source/diff support; Rust exposure cannot prove drift. Final label is false positive because the claimed C drift is unsupported or contradicted.,,
W-000007,SignatureDrift,High,10.8,__iowrite64_hi_lo,FALSE_POSITIVE,C evidence is only 'absent'->'added' without concrete source/diff support; Rust exposure cannot prove drift.,FALSE_POSITIVE,C evidence is only 'absent'->'added' without concrete source/diff support; Rust exposure cannot prove drift. Conservative review rejects unsupported C drift.,FALSE_POSITIVE,C evidence is only 'absent'->'added' without concrete source/diff support; Rust exposure cannot prove drift. Final label is false positive because the claimed C drift is unsupported or contradicted.,,
W-000008,SignatureDrift,High,10.8,__iowrite64_lo_hi,FALSE_POSITIVE,C evidence is only 'absent'->'added' without concrete source/diff support; Rust exposure cannot prove drift.,FALSE_POSITIVE,C evidence is only 'absent'->'added' without concrete source/diff support; Rust exposure cannot prove drift. Conservative review rejects unsupported C drift.,FALSE_POSITIVE,C evidence is only 'absent'->'added' without concrete source/diff support; Rust exposure cannot prove drift. Final label is false positive because the claimed C drift is unsupported or contradicted.,,
W-000009,SignatureDrift,High,10.8,__iowrite64be_hi_lo,FALSE_POSITIVE,C evidence is only 'absent'->'added' without concrete source/diff support; Rust exposure cannot prove drift.,FALSE_POSITIVE,C evidence is only 'absent'->'added' without concrete source/diff support; Rust exposure cannot prove drift. Conservative review rejects unsupported C drift.,FALSE_POSITIVE,C evidence is only 'absent'->'added' without concrete source/diff support; Rust exposure cannot prove drift. Final label is false positive because the claimed C drift is unsupported or contradicted.,,
W-000010,SignatureDrift,High,10.8,__iowrite64be_lo_hi,FALSE_POSITIVE,C evidence is only 'absent'->'added' without concrete source/diff support; Rust exposure cannot prove drift.,FALSE_POSITIVE,C evidence is only 'absent'->'added' without concrete source/diff support; Rust exposure cannot prove drift. Conservative review rejects unsupported C drift.,FALSE_POSITIVE,C evidence is only 'absent'->'added' without concrete source/diff support; Rust exposure cannot prove drift. Final label is false positive because the claimed C drift is unsupported or contradicted.,,
W-000015,SignatureDrift,High,10.8,__trace_set_current_state,FALSE_POSITIVE,C evidence is only 'absent'->'added' without concrete source/diff support; Rust exposure cannot prove drift.,FALSE_POSITIVE,C evidence is only 'absent'->'added' without concrete source/diff support; Rust exposure cannot prove drift. Conservative review rejects unsupported C drift.,FALSE_POSITIVE,C evidence is only 'absent'->'added' without concrete source/diff support; Rust exposure cannot prove drift. Final label is false positive because the claimed C drift is unsupported or contradicted.,,
W-000017,SignatureDrift,High,10.8,__vma_start_write,FALSE_POSITIVE,C evidence is only 'absent'->'added' without concrete source/diff support; Rust exposure cannot prove drift.,FALSE_POSITIVE,C evidence is only 'absent'->'added' without concrete source/diff support; Rust exposure cannot prove drift. Conservative review rejects unsupported C drift.,FALSE_POSITIVE,C evidence is only 'absent'->'added' without concrete source/diff support; Rust exposure cannot prove drift. Final label is false positive because the claimed C drift is unsupported or contradicted.,,
W-000018,SignatureDrift,High,10.8,alloc_cpumask_var,FALSE_POSITIVE,C evidence is only 'absent'->'added' without concrete source/diff support; Rust exposure cannot prove drift.,FALSE_POSITIVE,C evidence is only 'absent'->'added' without concrete source/diff support; Rust exposure cannot prove drift. Conservative review rejects unsupported C drift.,FALSE_POSITIVE,C evidence is only 'absent'->'added' without concrete source/diff support; Rust exposure cannot prove drift. Final label is false positive because the claimed C drift is unsupported or contradicted.,,
W-000019,SignatureDrift,High,10.8,alloc_inode,FALSE_POSITIVE,C evidence is only 'absent'->'added' without concrete source/diff support; Rust exposure cannot prove drift.,FALSE_POSITIVE,C evidence is only 'absent'->'added' without concrete source/diff support; Rust exposure cannot prove drift. Conservative review rejects unsupported C drift.,FALSE_POSITIVE,C evidence is only 'absent'->'added' without concrete source/diff support; Rust exposure cannot prove drift. Final label is false positive because the claimed C drift is unsupported or contradicted.,,
W-000020,SignatureDrift,High,10.8,apply_alternatives,BENIGN_DRIFT,"Real signature drift ((start:*mut alt_instr, end:*mut alt_instr, mod_:*mut module) -> () vs (start:*mut alt_instr, end:*mut alt_instr) -> ()), but Rust evidence is generated binding exposure only; no oracle evidence.",BENIGN_DRIFT,"Real signature drift ((start:*mut alt_instr, end:*mut alt_instr, mod_:*mut module) -> () vs (start:*mut alt_instr, end:*mut alt_instr) -> ()), but Rust evidence is generated binding exposure only; no oracle evidence. No TRUE_* threshold is met.",BENIGN_DRIFT,"Real signature drift ((start:*mut alt_instr, end:*mut alt_instr, mod_:*mut module) -> () vs (start:*mut alt_instr, end:*mut alt_instr) -> ()), but Rust evidence is generated binding exposure only; no oracle evidence. Final label is benign because build-breakage, wrapper-fix, and Rust contract-dependence evidence are absent.",,
W-000021,SignatureDrift,High,10.8,apply_fineibt,BENIGN_DRIFT,"Real signature drift ((start_retpoline:*mut s32, end_retpoine:*mut s32, start_cfi:*mut s32, end_cfi:*mut s32, ...) -> () vs (start_retpoline:*mut s32, end_retpoine:*mut s32, start_cfi:*mut s32, end_cfi:*mut s32) -> ()), but Rust evidence is generated binding exposure only; no oracle evidence.",BENIGN_DRIFT,"Real signature drift ((start_retpoline:*mut s32, end_retpoine:*mut s32, start_cfi:*mut s32, end_cfi:*mut s32, ...) -> () vs (start_retpoline:*mut s32, end_retpoine:*mut s32, start_cfi:*mut s32, end_cfi:*mut s32) -> ()), but Rust evidence is generated binding exposure only; no oracle evidence. No TRUE_* threshold is met.",BENIGN_DRIFT,"Real signature drift ((start_retpoline:*mut s32, end_retpoine:*mut s32, start_cfi:*mut s32, end_cfi:*mut s32, ...) -> () vs (start_retpoline:*mut s32, end_retpoine:*mut s32, start_cfi:*mut s32, end_cfi:*mut s32) -> ()), but Rust evidence is generated binding exposure only; no oracle evidence. Final label is benign because build-breakage, wrapper-fix, and Rust contract-dependence evidence are absent.",,
W-000022,SignatureDrift,High,10.8,apply_retpolines,BENIGN_DRIFT,"Real signature drift ((start:*mut s32, end:*mut s32, mod_:*mut module) -> () vs (start:*mut s32, end:*mut s32) -> ()), but Rust evidence is generated binding exposure only; no oracle evidence.",BENIGN_DRIFT,"Real signature drift ((start:*mut s32, end:*mut s32, mod_:*mut module) -> () vs (start:*mut s32, end:*mut s32) -> ()), but Rust evidence is generated binding exposure only; no oracle evidence. No TRUE_* threshold is met.",BENIGN_DRIFT,"Real signature drift ((start:*mut s32, end:*mut s32, mod_:*mut module) -> () vs (start:*mut s32, end:*mut s32) -> ()), but Rust evidence is generated binding exposure only; no oracle evidence. Final label is benign because build-breakage, wrapper-fix, and Rust contract-dependence evidence are absent.",,
W-000023,SignatureDrift,High,10.8,apply_returns,BENIGN_DRIFT,"Real signature drift ((start:*mut s32, end:*mut s32, mod_:*mut module) -> () vs (start:*mut s32, end:*mut s32) -> ()), but Rust evidence is generated binding exposure only; no oracle evidence.",BENIGN_DRIFT,"Real signature drift ((start:*mut s32, end:*mut s32, mod_:*mut module) -> () vs (start:*mut s32, end:*mut s32) -> ()), but Rust evidence is generated binding exposure only; no oracle evidence. No TRUE_* threshold is met.",BENIGN_DRIFT,"Real signature drift ((start:*mut s32, end:*mut s32, mod_:*mut module) -> () vs (start:*mut s32, end:*mut s32) -> ()), but Rust evidence is generated binding exposure only; no oracle evidence. Final label is benign because build-breakage, wrapper-fix, and Rust contract-dependence evidence are absent.",,
W-000024,SignatureDrift,High,10.8,apply_seal_endbr,BENIGN_DRIFT,"Real signature drift ((start:*mut s32, end:*mut s32, mod_:*mut module) -> () vs (start:*mut s32, end:*mut s32) -> ()), but Rust evidence is generated binding exposure only; no oracle evidence.",BENIGN_DRIFT,"Real signature drift ((start:*mut s32, end:*mut s32, mod_:*mut module) -> () vs (start:*mut s32, end:*mut s32) -> ()), but Rust evidence is generated binding exposure only; no oracle evidence. No TRUE_* threshold is met.",BENIGN_DRIFT,"Real signature drift ((start:*mut s32, end:*mut s32, mod_:*mut module) -> () vs (start:*mut s32, end:*mut s32) -> ()), but Rust evidence is generated binding exposure only; no oracle evidence. Final label is benign because build-breakage, wrapper-fix, and Rust contract-dependence evidence are absent.",,
W-000025,SignatureDrift,High,10.8,arch_memremap_wb,FALSE_POSITIVE,C evidence is only 'absent'->'added' without concrete source/diff support; Rust exposure cannot prove drift.,FALSE_POSITIVE,C evidence is only 'absent'->'added' without concrete source/diff support; Rust exposure cannot prove drift. Conservative review rejects unsupported C drift.,FALSE_POSITIVE,C evidence is only 'absent'->'added' without concrete source/diff support; Rust exposure cannot prove drift. Final label is false positive because the claimed C drift is unsupported or contradicted.,,
W-000026,SignatureDrift,High,10.8,arch_mm_preinit,FALSE_POSITIVE,C evidence is only 'absent'->'added' without concrete source/diff support; Rust exposure cannot prove drift.,FALSE_POSITIVE,C evidence is only 'absent'->'added' without concrete source/diff support; Rust exposure cannot prove drift. Conservative review rejects unsupported C drift.,FALSE_POSITIVE,C evidence is only 'absent'->'added' without concrete source/diff support; Rust exposure cannot prove drift. Final label is false positive because the claimed C drift is unsupported or contradicted.,,
W-000028,SignatureDrift,High,10.8,bdev_statx,BENIGN_DRIFT,"Real signature drift ((arg1:*mut path, arg2:*mut kstat, arg3:u32_) -> () vs (path:*const path, stat:*mut kstat, request_mask:u32_) -> ()), but Rust evidence is generated binding exposure only; no oracle evidence.",BENIGN_DRIFT,"Real signature drift ((arg1:*mut path, arg2:*mut kstat, arg3:u32_) -> () vs (path:*const path, stat:*mut kstat, request_mask:u32_) -> ()), but Rust evidence is generated binding exposure only; no oracle evidence. No TRUE_* threshold is met.",BENIGN_DRIFT,"Real signature drift ((arg1:*mut path, arg2:*mut kstat, arg3:u32_) -> () vs (path:*const path, stat:*mut kstat, request_mask:u32_) -> ()), but Rust evidence is generated binding exposure only; no oracle evidence. Final label is benign because build-breakage, wrapper-fix, and Rust contract-dependence evidence are absent.",,
W-000029,SignatureDrift,High,10.8,bdev_validate_blocksize,FALSE_POSITIVE,C evidence is only 'absent'->'added' without concrete source/diff support; Rust exposure cannot prove drift.,FALSE_POSITIVE,C evidence is only 'absent'->'added' without concrete source/diff support; Rust exposure cannot prove drift. Conservative review rejects unsupported C drift.,FALSE_POSITIVE,C evidence is only 'absent'->'added' without concrete source/diff support; Rust exposure cannot prove drift. Final label is false positive because the claimed C drift is unsupported or contradicted.,,
W-000032,SignatureDrift,High,10.8,bpf_get_perf_event_read_value_proto,FALSE_POSITIVE,C evidence is only 'absent'->'added' without concrete source/diff support; Rust exposure cannot prove drift.,FALSE_POSITIVE,C evidence is only 'absent'->'added' without concrete source/diff support; Rust exposure cannot prove drift. Conservative review rejects unsupported C drift.,FALSE_POSITIVE,C evidence is only 'absent'->'added' without concrete source/diff support; Rust exposure cannot prove drift. Final label is false positive because the claimed C drift is unsupported or contradicted.,,
W-000033,SignatureDrift,High,10.8,bpf_prog_ctx_arg_info_init,FALSE_POSITIVE,C evidence is only 'absent'->'added' without concrete source/diff support; Rust exposure cannot prove drift.,FALSE_POSITIVE,C evidence is only 'absent'->'added' without concrete source/diff support; Rust exposure cannot prove drift. Conservative review rejects unsupported C drift.,FALSE_POSITIVE,C evidence is only 'absent'->'added' without concrete source/diff support; Rust exposure cannot prove drift. Final label is false positive because the claimed C drift is unsupported or contradicted.,,
W-000034,SignatureDrift,High,10.8,cap_link_lanes_supported,FALSE_POSITIVE,C evidence is a parser/bindgen-helper artifact rather than a supported C signature drift; Rust exposure cannot rescue it.,FALSE_POSITIVE,C evidence is a parser/bindgen-helper artifact rather than a supported C signature drift; Rust exposure cannot rescue it. Conservative review rejects unsupported C drift.,FALSE_POSITIVE,C evidence is a parser/bindgen-helper artifact rather than a supported C signature drift; Rust exposure cannot rescue it. Final label is false positive because the claimed C drift is unsupported or contradicted.,,
W-000035,SignatureDrift,High,10.8,cap_rss_ctx_supported,FALSE_POSITIVE,C evidence is a parser/bindgen-helper artifact rather than a supported C signature drift; Rust exposure cannot rescue it.,FALSE_POSITIVE,C evidence is a parser/bindgen-helper artifact rather than a supported C signature drift; Rust exposure cannot rescue it. Conservative review rejects unsupported C drift.,FALSE_POSITIVE,C evidence is a parser/bindgen-helper artifact rather than a supported C signature drift; Rust exposure cannot rescue it. Final label is false positive because the claimed C drift is unsupported or contradicted.,,
W-000036,SignatureDrift,High,10.8,cap_rss_rxnfc_adds,FALSE_POSITIVE,C evidence is a parser/bindgen-helper artifact rather than a supported C signature drift; Rust exposure cannot rescue it.,FALSE_POSITIVE,C evidence is a parser/bindgen-helper artifact rather than a supported C signature drift; Rust exposure cannot rescue it. Conservative review rejects unsupported C drift.,FALSE_POSITIVE,C evidence is a parser/bindgen-helper artifact rather than a supported C signature drift; Rust exposure cannot rescue it. Final label is false positive because the claimed C drift is unsupported or contradicted.,,
W-000038,SignatureDrift,High,10.8,cgroup_add_cftypes,FALSE_POSITIVE,C evidence is only 'absent'->'added' without concrete source/diff support; Rust exposure cannot prove drift.,FALSE_POSITIVE,C evidence is only 'absent'->'added' without concrete source/diff support; Rust exposure cannot prove drift. Conservative review rejects unsupported C drift.,FALSE_POSITIVE,C evidence is only 'absent'->'added' without concrete source/diff support; Rust exposure cannot prove drift. Final label is false positive because the claimed C drift is unsupported or contradicted.,,
W-000041,SignatureDrift,High,10.8,change_pid,BENIGN_DRIFT,"Real signature drift ((task:*mut task_struct, arg1:pid_type, pid:*mut pid) -> () vs (pids:*mut *mut pid, task:*mut task_struct, arg1:pid_type, pid:*mut pid) -> ()), but Rust evidence is generated binding exposure only; no oracle evidence.",BENIGN_DRIFT,"Real signature drift ((task:*mut task_struct, arg1:pid_type, pid:*mut pid) -> () vs (pids:*mut *mut pid, task:*mut task_struct, arg1:pid_type, pid:*mut pid) -> ()), but Rust evidence is generated binding exposure only; no oracle evidence. No TRUE_* threshold is met.",BENIGN_DRIFT,"Real signature drift ((task:*mut task_struct, arg1:pid_type, pid:*mut pid) -> () vs (pids:*mut *mut pid, task:*mut task_struct, arg1:pid_type, pid:*mut pid) -> ()), but Rust evidence is generated binding exposure only; no oracle evidence. Final label is benign because build-breakage, wrapper-fix, and Rust contract-dependence evidence are absent.",,
W-000042,SignatureDrift,High,10.8,check_cpufeature_deps,FALSE_POSITIVE,C evidence is only 'absent'->'added' without concrete source/diff support; Rust exposure cannot prove drift.,FALSE_POSITIVE,C evidence is only 'absent'->'added' without concrete source/diff support; Rust exposure cannot prove drift. Conservative review rejects unsupported C drift.,FALSE_POSITIVE,C evidence is only 'absent'->'added' without concrete source/diff support; Rust exposure cannot prove drift. Final label is false positive because the claimed C drift is unsupported or contradicted.,,
W-000043,SignatureDrift,High,10.8,cpu_show_indirect_target_selection,FALSE_POSITIVE,C evidence is only 'absent'->'added' without concrete source/diff support; Rust exposure cannot prove drift.,FALSE_POSITIVE,C evidence is only 'absent'->'added' without concrete source/diff support; Rust exposure cannot prove drift. Conservative review rejects unsupported C drift.,FALSE_POSITIVE,C evidence is only 'absent'->'added' without concrete source/diff support; Rust exposure cannot prove drift. Final label is false positive because the claimed C drift is unsupported or contradicted.,,
W-000045,SignatureDrift,High,10.8,cpu_wants_rethunk_at,FALSE_POSITIVE,C evidence is only 'absent'->'added' without concrete source/diff support; Rust exposure cannot prove drift.,FALSE_POSITIVE,C evidence is only 'absent'->'added' without concrete source/diff support; Rust exposure cannot prove drift. Conservative review rejects unsupported C drift.,FALSE_POSITIVE,C evidence is only 'absent'->'added' without concrete source/diff support; Rust exposure cannot prove drift. Final label is false positive because the claimed C drift is unsupported or contradicted.,,
W-000046,SignatureDrift,High,10.8,cpumask_clear_cpu,FALSE_POSITIVE,C evidence is only 'absent'->'added' without concrete source/diff support; Rust exposure cannot prove drift.,FALSE_POSITIVE,C evidence is only 'absent'->'added' without concrete source/diff support; Rust exposure cannot prove drift. Conservative review rejects unsupported C drift.,FALSE_POSITIVE,C evidence is only 'absent'->'added' without concrete source/diff support; Rust exposure cannot prove drift. Final label is false positive because the claimed C drift is unsupported or contradicted.,,
W-000047,SignatureDrift,High,10.8,cpumask_copy,FALSE_POSITIVE,C evidence is only 'absent'->'added' without concrete source/diff support; Rust exposure cannot prove drift.,FALSE_POSITIVE,C evidence is only 'absent'->'added' without concrete source/diff support; Rust exposure cannot prove drift. Conservative review rejects unsupported C drift.,FALSE_POSITIVE,C evidence is only 'absent'->'added' without concrete source/diff support; Rust exposure cannot prove drift. Final label is false positive because the claimed C drift is unsupported or contradicted.,,
W-000049,SignatureDrift,High,10.8,cpumask_set_cpu,FALSE_POSITIVE,C evidence is only 'absent'->'added' without concrete source/diff support; Rust exposure cannot prove drift.,FALSE_POSITIVE,C evidence is only 'absent'->'added' without concrete source/diff support; Rust exposure cannot prove drift. Conservative review rejects unsupported C drift.,FALSE_POSITIVE,C evidence is only 'absent'->'added' without concrete source/diff support; Rust exposure cannot prove drift. Final label is false positive because the claimed C drift is unsupported or contradicted.,,
W-000050,SignatureDrift,High,10.8,cpumask_setall,FALSE_POSITIVE,C evidence is only 'absent'->'added' without concrete source/diff support; Rust exposure cannot prove drift.,FALSE_POSITIVE,C evidence is only 'absent'->'added' without concrete source/diff support; Rust exposure cannot prove drift. Conservative review rejects unsupported C drift.,FALSE_POSITIVE,C evidence is only 'absent'->'added' without concrete source/diff support; Rust exposure cannot prove drift. Final label is false positive because the claimed C drift is unsupported or contradicted.,,
W-000051,SignatureDrift,High,10.8,cpumask_weight,FALSE_POSITIVE,C evidence is only 'absent'->'added' without concrete source/diff support; Rust exposure cannot prove drift.,FALSE_POSITIVE,C evidence is only 'absent'->'added' without concrete source/diff support; Rust exposure cannot prove drift. Conservative review rejects unsupported C drift.,FALSE_POSITIVE,C evidence is only 'absent'->'added' without concrete source/diff support; Rust exposure cannot prove drift. Final label is false positive because the claimed C drift is unsupported or contradicted.,,
W-000053,SignatureDrift,High,10.8,detach_pid,BENIGN_DRIFT,"Real signature drift ((task:*mut task_struct, arg1:pid_type) -> () vs (pids:*mut *mut pid, task:*mut task_struct, arg1:pid_type) -> ()), but Rust evidence is generated binding exposure only; no oracle evidence.",BENIGN_DRIFT,"Real signature drift ((task:*mut task_struct, arg1:pid_type) -> () vs (pids:*mut *mut pid, task:*mut task_struct, arg1:pid_type) -> ()), but Rust evidence is generated binding exposure only; no oracle evidence. No TRUE_* threshold is met.",BENIGN_DRIFT,"Real signature drift ((task:*mut task_struct, arg1:pid_type) -> () vs (pids:*mut *mut pid, task:*mut task_struct, arg1:pid_type) -> ()), but Rust evidence is generated binding exposure only; no oracle evidence. Final label is benign because build-breakage, wrapper-fix, and Rust contract-dependence evidence are absent.",,
W-000054,SignatureDrift,High,10.8,device_add_of_node,FALSE_POSITIVE,C evidence is only 'absent'->'added' without concrete source/diff support; Rust exposure cannot prove drift.,FALSE_POSITIVE,C evidence is only 'absent'->'added' without concrete source/diff support; Rust exposure cannot prove drift. Conservative review rejects unsupported C drift.,FALSE_POSITIVE,C evidence is only 'absent'->'added' without concrete source/diff support; Rust exposure cannot prove drift. Final label is false positive because the claimed C drift is unsupported or contradicted.,,
W-000055,SignatureDrift,High,10.8,device_remove_of_node,FALSE_POSITIVE,C evidence is only 'absent'->'added' without concrete source/diff support; Rust exposure cannot prove drift.,FALSE_POSITIVE,C evidence is only 'absent'->'added' without concrete source/diff support; Rust exposure cannot prove drift. Conservative review rejects unsupported C drift.,FALSE_POSITIVE,C evidence is only 'absent'->'added' without concrete source/diff support; Rust exposure cannot prove drift. Final label is false positive because the claimed C drift is unsupported or contradicted.,,
W-000060,SignatureDrift,High,10.8,do_sys_open,BENIGN_DRIFT,"Real signature drift ((dfd:ffi::c_int, filename:*const ffi::c_char, flags:ffi::c_int, mode:umode_t) -> ffi::c_long vs (dfd:ffi::c_int, filename:*const ffi::c_char, flags:ffi::c_int, mode:umode_t) -> ffi::c_int), but Rust evidence is generated binding exposure only; no oracle evidence.",BENIGN_DRIFT,"Real signature drift ((dfd:ffi::c_int, filename:*const ffi::c_char, flags:ffi::c_int, mode:umode_t) -> ffi::c_long vs (dfd:ffi::c_int, filename:*const ffi::c_char, flags:ffi::c_int, mode:umode_t) -> ffi::c_int), but Rust evidence is generated binding exposure only; no oracle evidence. No TRUE_* threshold is met.",BENIGN_DRIFT,"Real signature drift ((dfd:ffi::c_int, filename:*const ffi::c_char, flags:ffi::c_int, mode:umode_t) -> ffi::c_long vs (dfd:ffi::c_int, filename:*const ffi::c_char, flags:ffi::c_int, mode:umode_t) -> ffi::c_int), but Rust evidence is generated binding exposure only; no oracle evidence. Final label is benign because build-breakage, wrapper-fix, and Rust contract-dependence evidence are absent.",,
W-000063,SignatureDrift,High,10.8,flit_mode,FALSE_POSITIVE,C evidence is only 'absent'->'added' without concrete source/diff support; Rust exposure cannot prove drift.,FALSE_POSITIVE,C evidence is only 'absent'->'added' without concrete source/diff support; Rust exposure cannot prove drift. Conservative review rejects unsupported C drift.,FALSE_POSITIVE,C evidence is only 'absent'->'added' without concrete source/diff support; Rust exposure cannot prove drift. Final label is false positive because the claimed C drift is unsupported or contradicted.,,
W-000064,SignatureDrift,High,10.8,free_cpumask_var,FALSE_POSITIVE,C evidence is only 'absent'->'added' without concrete source/diff support; Rust exposure cannot prove drift.,FALSE_POSITIVE,C evidence is only 'absent'->'added' without concrete source/diff support; Rust exposure cannot prove drift. Conservative review rejects unsupported C drift.,FALSE_POSITIVE,C evidence is only 'absent'->'added' without concrete source/diff support; Rust exposure cannot prove drift. Final label is false positive because the claimed C drift is unsupported or contradicted.,,
W-000065,SignatureDrift,High,10.8,free_pages_nolock,FALSE_POSITIVE,C evidence is only 'absent'->'added' without concrete source/diff support; Rust exposure cannot prove drift.,FALSE_POSITIVE,C evidence is only 'absent'->'added' without concrete source/diff support; Rust exposure cannot prove drift. Conservative review rejects unsupported C drift.,FALSE_POSITIVE,C evidence is only 'absent'->'added' without concrete source/diff support; Rust exposure cannot prove drift. Final label is false positive because the claimed C drift is unsupported or contradicted.,,
W-000066,SignatureDrift,High,10.8,free_pids,FALSE_POSITIVE,C evidence is only 'absent'->'added' without concrete source/diff support; Rust exposure cannot prove drift.,FALSE_POSITIVE,C evidence is only 'absent'->'added' without concrete source/diff support; Rust exposure cannot prove drift. Conservative review rejects unsupported C drift.,FALSE_POSITIVE,C evidence is only 'absent'->'added' without concrete source/diff support; Rust exposure cannot prove drift. Final label is false positive because the claimed C drift is unsupported or contradicted.,,
W-000067,SignatureDrift,High,10.8,genphy_c45_eee_is_active,BENIGN_DRIFT,"Real signature drift ((phydev:*mut phy_device, adv:*mut ffi::c_ulong, lp:*mut ffi::c_ulong) -> ffi::c_int vs (phydev:*mut phy_device, lp:*mut ffi::c_ulong) -> ffi::c_int), but Rust evidence is generated binding exposure only; no oracle evidence.",BENIGN_DRIFT,"Real signature drift ((phydev:*mut phy_device, adv:*mut ffi::c_ulong, lp:*mut ffi::c_ulong) -> ffi::c_int vs (phydev:*mut phy_device, lp:*mut ffi::c_ulong) -> ffi::c_int), but Rust evidence is generated binding exposure only; no oracle evidence. No TRUE_* threshold is met.",BENIGN_DRIFT,"Real signature drift ((phydev:*mut phy_device, adv:*mut ffi::c_ulong, lp:*mut ffi::c_ulong) -> ffi::c_int vs (phydev:*mut phy_device, lp:*mut ffi::c_ulong) -> ffi::c_int), but Rust evidence is generated binding exposure only; no oracle evidence. Final label is benign because build-breakage, wrapper-fix, and Rust contract-dependence evidence are absent.",,
W-000068,SignatureDrift,High,10.8,genphy_c45_loopback,BENIGN_DRIFT,"Real signature drift ((phydev:*mut phy_device, enable:bool_) -> ffi::c_int vs (phydev:*mut phy_device, enable:bool_, speed:ffi::c_int) -> ffi::c_int), but Rust evidence is generated binding exposure only; no oracle evidence.",BENIGN_DRIFT,"Real signature drift ((phydev:*mut phy_device, enable:bool_) -> ffi::c_int vs (phydev:*mut phy_device, enable:bool_, speed:ffi::c_int) -> ffi::c_int), but Rust evidence is generated binding exposure only; no oracle evidence. No TRUE_* threshold is met.",BENIGN_DRIFT,"Real signature drift ((phydev:*mut phy_device, enable:bool_) -> ffi::c_int vs (phydev:*mut phy_device, enable:bool_, speed:ffi::c_int) -> ffi::c_int), but Rust evidence is generated binding exposure only; no oracle evidence. Final label is benign because build-breakage, wrapper-fix, and Rust contract-dependence evidence are absent.",,
W-000070,SignatureDrift,High,10.8,genphy_loopback,BENIGN_DRIFT,"Real signature drift ((phydev:*mut phy_device, enable:bool_) -> ffi::c_int vs (phydev:*mut phy_device, enable:bool_, speed:ffi::c_int) -> ffi::c_int), but Rust evidence is generated binding exposure only; no oracle evidence.",BENIGN_DRIFT,"Real signature drift ((phydev:*mut phy_device, enable:bool_) -> ffi::c_int vs (phydev:*mut phy_device, enable:bool_, speed:ffi::c_int) -> ffi::c_int), but Rust evidence is generated binding exposure only; no oracle evidence. No TRUE_* threshold is met.",BENIGN_DRIFT,"Real signature drift ((phydev:*mut phy_device, enable:bool_) -> ffi::c_int vs (phydev:*mut phy_device, enable:bool_, speed:ffi::c_int) -> ffi::c_int), but Rust evidence is generated binding exposure only; no oracle evidence. Final label is benign because build-breakage, wrapper-fix, and Rust contract-dependence evidence are absent.",,
W-000071,SignatureDrift,High,10.8,get_dump_page,BENIGN_DRIFT,"Real signature drift ((addr:ffi::c_ulong) -> *mut page vs (addr:ffi::c_ulong, locked:*mut ffi::c_int) -> *mut page), but Rust evidence is generated binding exposure only; no oracle evidence.",BENIGN_DRIFT,"Real signature drift ((addr:ffi::c_ulong) -> *mut page vs (addr:ffi::c_ulong, locked:*mut ffi::c_int) -> *mut page), but Rust evidence is generated binding exposure only; no oracle evidence. No TRUE_* threshold is met.",BENIGN_DRIFT,"Real signature drift ((addr:ffi::c_ulong) -> *mut page vs (addr:ffi::c_ulong, locked:*mut ffi::c_int) -> *mut page), but Rust evidence is generated binding exposure only; no oracle evidence. Final label is benign because build-breakage, wrapper-fix, and Rust contract-dependence evidence are absent.",,
W-000074,SignatureDrift,High,10.8,has_capability,FALSE_POSITIVE,C evidence is only 'present'->'removed' without concrete source/diff support; Rust exposure cannot prove drift.,FALSE_POSITIVE,C evidence is only 'present'->'removed' without concrete source/diff support; Rust exposure cannot prove drift. Conservative review rejects unsupported C drift.,FALSE_POSITIVE,C evidence is only 'present'->'removed' without concrete source/diff support; Rust exposure cannot prove drift. Final label is false positive because the claimed C drift is unsupported or contradicted.,,
W-000076,SignatureDrift,High,10.8,ida_find_first_range,FALSE_POSITIVE,C evidence is only 'absent'->'added' without concrete source/diff support; Rust exposure cannot prove drift.,FALSE_POSITIVE,C evidence is only 'absent'->'added' without concrete source/diff support; Rust exposure cannot prove drift. Conservative review rejects unsupported C drift.,FALSE_POSITIVE,C evidence is only 'absent'->'added' without concrete source/diff support; Rust exposure cannot prove drift. Final label is false positive because the claimed C drift is unsupported or contradicted.,,
W-000077,SignatureDrift,High,10.8,identify_secondary_cpu,BENIGN_DRIFT,"Real signature drift ((arg1:*mut cpuinfo_x86) -> () vs (cpu:ffi::c_uint) -> ()), but Rust evidence is generated binding exposure only; no oracle evidence.",BENIGN_DRIFT,"Real signature drift ((arg1:*mut cpuinfo_x86) -> () vs (cpu:ffi::c_uint) -> ()), but Rust evidence is generated binding exposure only; no oracle evidence. No TRUE_* threshold is met.",BENIGN_DRIFT,"Real signature drift ((arg1:*mut cpuinfo_x86) -> () vs (cpu:ffi::c_uint) -> ()), but Rust evidence is generated binding exposure only; no oracle evidence. Final label is benign because build-breakage, wrapper-fix, and Rust contract-dependence evidence are absent.",,
W-000084,SignatureDrift,High,10.8,ioremap_prot,BENIGN_DRIFT,"Real signature drift ((offset:resource_size_t, size:ffi::c_ulong, prot_val:ffi::c_ulong) -> *mut ffi::c_void vs (offset:resource_size_t, size:ffi::c_ulong, prot:pgprot_t) -> *mut ffi::c_void), but Rust evidence is generated binding exposure only; no oracle evidence.",BENIGN_DRIFT,"Real signature drift ((offset:resource_size_t, size:ffi::c_ulong, prot_val:ffi::c_ulong) -> *mut ffi::c_void vs (offset:resource_size_t, size:ffi::c_ulong, prot:pgprot_t) -> *mut ffi::c_void), but Rust evidence is generated binding exposure only; no oracle evidence. No TRUE_* threshold is met.",BENIGN_DRIFT,"Real signature drift ((offset:resource_size_t, size:ffi::c_ulong, prot_val:ffi::c_ulong) -> *mut ffi::c_void vs (offset:resource_size_t, size:ffi::c_ulong, prot:pgprot_t) -> *mut ffi::c_void), but Rust evidence is generated binding exposure only; no oracle evidence. Final label is benign because build-breakage, wrapper-fix, and Rust contract-dependence evidence are absent.",,
W-000091,SignatureDrift,High,10.8,is_endbr,FALSE_POSITIVE,C evidence is only 'absent'->'added' without concrete source/diff support; Rust exposure cannot prove drift.,FALSE_POSITIVE,C evidence is only 'absent'->'added' without concrete source/diff support; Rust exposure cannot prove drift. Conservative review rejects unsupported C drift.,FALSE_POSITIVE,C evidence is only 'absent'->'added' without concrete source/diff support; Rust exposure cannot prove drift. Final label is false positive because the claimed C drift is unsupported or contradicted.,,
W-000092,SignatureDrift,High,10.8,its_fini_mod,FALSE_POSITIVE,C evidence is only 'absent'->'added' without concrete source/diff support; Rust exposure cannot prove drift.,FALSE_POSITIVE,C evidence is only 'absent'->'added' without concrete source/diff support; Rust exposure cannot prove drift. Conservative review rejects unsupported C drift.,FALSE_POSITIVE,C evidence is only 'absent'->'added' without concrete source/diff support; Rust exposure cannot prove drift. Final label is false positive because the claimed C drift is unsupported or contradicted.,,
W-000093,SignatureDrift,High,10.8,its_free_mod,FALSE_POSITIVE,C evidence is only 'absent'->'added' without concrete source/diff support; Rust exposure cannot prove drift.,FALSE_POSITIVE,C evidence is only 'absent'->'added' without concrete source/diff support; Rust exposure cannot prove drift. Conservative review rejects unsupported C drift.,FALSE_POSITIVE,C evidence is only 'absent'->'added' without concrete source/diff support; Rust exposure cannot prove drift. Final label is false positive because the claimed C drift is unsupported or contradicted.,,
W-000094,SignatureDrift,High,10.8,its_init_mod,FALSE_POSITIVE,C evidence is only 'absent'->'added' without concrete source/diff support; Rust exposure cannot prove drift.,FALSE_POSITIVE,C evidence is only 'absent'->'added' without concrete source/diff support; Rust exposure cannot prove drift. Conservative review rejects unsupported C drift.,FALSE_POSITIVE,C evidence is only 'absent'->'added' without concrete source/diff support; Rust exposure cannot prove drift. Final label is false positive because the claimed C drift is unsupported or contradicted.,,
W-000095,SignatureDrift,High,10.8,its_return_thunk,FALSE_POSITIVE,C evidence is only 'absent'->'added' without concrete source/diff support; Rust exposure cannot prove drift.,FALSE_POSITIVE,C evidence is only 'absent'->'added' without concrete source/diff support; Rust exposure cannot prove drift. Conservative review rejects unsupported C drift.,FALSE_POSITIVE,C evidence is only 'absent'->'added' without concrete source/diff support; Rust exposure cannot prove drift. Final label is false positive because the claimed C drift is unsupported or contradicted.,,
W-000096,SignatureDrift,High,10.8,its_static_thunk,FALSE_POSITIVE,C evidence is only 'absent'->'added' without concrete source/diff support; Rust exposure cannot prove drift.,FALSE_POSITIVE,C evidence is only 'absent'->'added' without concrete source/diff support; Rust exposure cannot prove drift. Conservative review rejects unsupported C drift.,FALSE_POSITIVE,C evidence is only 'absent'->'added' without concrete source/diff support; Rust exposure cannot prove drift. Final label is false positive because the claimed C drift is unsupported or contradicted.,,
W-000097,SignatureDrift,High,10.8,kernfs_path_from_node,BENIGN_DRIFT,"Real signature drift ((root_kn:*mut kernfs_node, kn:*mut kernfs_node, buf:*mut ffi::c_char, buflen:usize) -> ffi::c_int vs (kn_to:*mut kernfs_node, kn_from:*mut kernfs_node, buf:*mut ffi::c_char, buflen:usize) -> ffi::c_int), but Rust evidence is generated binding exposure only; no oracle evidence.",BENIGN_DRIFT,"Real signature drift ((root_kn:*mut kernfs_node, kn:*mut kernfs_node, buf:*mut ffi::c_char, buflen:usize) -> ffi::c_int vs (kn_to:*mut kernfs_node, kn_from:*mut kernfs_node, buf:*mut ffi::c_char, buflen:usize) -> ffi::c_int), but Rust evidence is generated binding exposure only; no oracle evidence. No TRUE_* threshold is met.",BENIGN_DRIFT,"Real signature drift ((root_kn:*mut kernfs_node, kn:*mut kernfs_node, buf:*mut ffi::c_char, buflen:usize) -> ffi::c_int vs (kn_to:*mut kernfs_node, kn_from:*mut kernfs_node, buf:*mut ffi::c_char, buflen:usize) -> ffi::c_int), but Rust evidence is generated binding exposure only; no oracle evidence. Final label is benign because build-breakage, wrapper-fix, and Rust contract-dependence evidence are absent.",,
W-000098,SignatureDrift,High,10.8,kernfs_root_flags,FALSE_POSITIVE,C evidence is only 'absent'->'added' without concrete source/diff support; Rust exposure cannot prove drift.,FALSE_POSITIVE,C evidence is only 'absent'->'added' without concrete source/diff support; Rust exposure cannot prove drift. Conservative review rejects unsupported C drift.,FALSE_POSITIVE,C evidence is only 'absent'->'added' without concrete source/diff support; Rust exposure cannot prove drift. Final label is false positive because the claimed C drift is unsupported or contradicted.,,
W-000101,SignatureDrift,High,10.8,lookup_or_create_module_kobject,FALSE_POSITIVE,C evidence is only 'absent'->'added' without concrete source/diff support; Rust exposure cannot prove drift.,FALSE_POSITIVE,C evidence is only 'absent'->'added' without concrete source/diff support; Rust exposure cannot prove drift. Conservative review rejects unsupported C drift.,FALSE_POSITIVE,C evidence is only 'absent'->'added' without concrete source/diff support; Rust exposure cannot prove drift. Final label is false positive because the claimed C drift is unsupported or contradicted.,,
W-000102,SignatureDrift,High,10.8,module_for_each_mod,FALSE_POSITIVE,C evidence is only 'absent'->'added' without concrete source/diff support; Rust exposure cannot prove drift.,FALSE_POSITIVE,C evidence is only 'absent'->'added' without concrete source/diff support; Rust exposure cannot prove drift. Conservative review rejects unsupported C drift.,FALSE_POSITIVE,C evidence is only 'absent'->'added' without concrete source/diff support; Rust exposure cannot prove drift. Final label is false positive because the claimed C drift is unsupported or contradicted.,,
W-000104,SignatureDrift,High,10.8,must_resume,FALSE_POSITIVE,C evidence is a parser/bindgen-helper artifact rather than a supported C signature drift; Rust exposure cannot rescue it.,FALSE_POSITIVE,C evidence is a parser/bindgen-helper artifact rather than a supported C signature drift; Rust exposure cannot rescue it. Conservative review rejects unsupported C drift.,FALSE_POSITIVE,C evidence is a parser/bindgen-helper artifact rather than a supported C signature drift; Rust exposure cannot rescue it. Final label is false positive because the claimed C drift is unsupported or contradicted.,,
W-000105,SignatureDrift,High,10.8,mutex_get_owner,FALSE_POSITIVE,C evidence is only 'absent'->'added' without concrete source/diff support; Rust exposure cannot prove drift.,FALSE_POSITIVE,C evidence is only 'absent'->'added' without concrete source/diff support; Rust exposure cannot prove drift. Conservative review rejects unsupported C drift.,FALSE_POSITIVE,C evidence is only 'absent'->'added' without concrete source/diff support; Rust exposure cannot prove drift. Final label is false positive because the claimed C drift is unsupported or contradicted.,,
W-000106,SignatureDrift,High,10.8,mwait_play_dead,FALSE_POSITIVE,C evidence is only 'absent'->'added' without concrete source/diff support; Rust exposure cannot prove drift.,FALSE_POSITIVE,C evidence is only 'absent'->'added' without concrete source/diff support; Rust exposure cannot prove drift. Conservative review rejects unsupported C drift.,FALSE_POSITIVE,C evidence is only 'absent'->'added' without concrete source/diff support; Rust exposure cannot prove drift. Final label is false positive because the claimed C drift is unsupported or contradicted.,,
W-000107,SignatureDrift,High,10.8,napi_skb_cache_get_bulk,FALSE_POSITIVE,C evidence is only 'absent'->'added' without concrete source/diff support; Rust exposure cannot prove drift.,FALSE_POSITIVE,C evidence is only 'absent'->'added' without concrete source/diff support; Rust exposure cannot prove drift. Conservative review rejects unsupported C drift.,FALSE_POSITIVE,C evidence is only 'absent'->'added' without concrete source/diff support; Rust exposure cannot prove drift. Final label is false positive because the claimed C drift is unsupported or contradicted.,,
W-000108,SignatureDrift,High,10.8,nearest_node_nodemask,FALSE_POSITIVE,C evidence is only 'absent'->'added' without concrete source/diff support; Rust exposure cannot prove drift.,FALSE_POSITIVE,C evidence is only 'absent'->'added' without concrete source/diff support; Rust exposure cannot prove drift. Conservative review rejects unsupported C drift.,FALSE_POSITIVE,C evidence is only 'absent'->'added' without concrete source/diff support; Rust exposure cannot prove drift. Final label is false positive because the claimed C drift is unsupported or contradicted.,,
W-000109,SignatureDrift,High,10.8,new_bitfield_4,FALSE_POSITIVE,C evidence is a parser/bindgen-helper artifact rather than a supported C signature drift; Rust exposure cannot rescue it.,FALSE_POSITIVE,C evidence is a parser/bindgen-helper artifact rather than a supported C signature drift; Rust exposure cannot rescue it. Conservative review rejects unsupported C drift.,FALSE_POSITIVE,C evidence is a parser/bindgen-helper artifact rather than a supported C signature drift; Rust exposure cannot rescue it. Final label is false positive because the claimed C drift is unsupported or contradicted.,,
W-000111,SignatureDrift,High,10.8,non_mappable_bars,FALSE_POSITIVE,C evidence is only 'absent'->'added' without concrete source/diff support; Rust exposure cannot prove drift.,FALSE_POSITIVE,C evidence is only 'absent'->'added' without concrete source/diff support; Rust exposure cannot prove drift. Conservative review rejects unsupported C drift.,FALSE_POSITIVE,C evidence is only 'absent'->'added' without concrete source/diff support; Rust exposure cannot prove drift. Final label is false positive because the claimed C drift is unsupported or contradicted.,,
W-000128,SignatureDrift,High,10.8,phy_get_tx_amplitude_gain,FALSE_POSITIVE,C evidence is only 'absent'->'added' without concrete source/diff support; Rust exposure cannot prove drift.,FALSE_POSITIVE,C evidence is only 'absent'->'added' without concrete source/diff support; Rust exposure cannot prove drift. Conservative review rejects unsupported C drift.,FALSE_POSITIVE,C evidence is only 'absent'->'added' without concrete source/diff support; Rust exposure cannot prove drift. Final label is false positive because the claimed C drift is unsupported or contradicted.,,
W-000130,SignatureDrift,High,10.8,phy_loopback,BENIGN_DRIFT,"Real signature drift ((phydev:*mut phy_device, enable:bool_) -> ffi::c_int vs (phydev:*mut phy_device, enable:bool_, speed:ffi::c_int) -> ffi::c_int), but Rust evidence is generated binding exposure only; no oracle evidence.",BENIGN_DRIFT,"Real signature drift ((phydev:*mut phy_device, enable:bool_) -> ffi::c_int vs (phydev:*mut phy_device, enable:bool_, speed:ffi::c_int) -> ffi::c_int), but Rust evidence is generated binding exposure only; no oracle evidence. No TRUE_* threshold is met.",BENIGN_DRIFT,"Real signature drift ((phydev:*mut phy_device, enable:bool_) -> ffi::c_int vs (phydev:*mut phy_device, enable:bool_, speed:ffi::c_int) -> ffi::c_int), but Rust evidence is generated binding exposure only; no oracle evidence. Final label is benign because build-breakage, wrapper-fix, and Rust contract-dependence evidence are absent.",,
W-000142,SignatureDrift,High,10.8,posixtimer_create_prctl,FALSE_POSITIVE,C evidence is only 'absent'->'added' without concrete source/diff support; Rust exposure cannot prove drift.,FALSE_POSITIVE,C evidence is only 'absent'->'added' without concrete source/diff support; Rust exposure cannot prove drift. Conservative review rejects unsupported C drift.,FALSE_POSITIVE,C evidence is only 'absent'->'added' without concrete source/diff support; Rust exposure cannot prove drift. Final label is false positive because the claimed C drift is unsupported or contradicted.,,
W-000143,SignatureDrift,High,10.8,pr_flush,FALSE_POSITIVE,C evidence is only 'absent'->'added' without concrete source/diff support; Rust exposure cannot prove drift.,FALSE_POSITIVE,C evidence is only 'absent'->'added' without concrete source/diff support; Rust exposure cannot prove drift. Conservative review rejects unsupported C drift.,FALSE_POSITIVE,C evidence is only 'absent'->'added' without concrete source/diff support; Rust exposure cannot prove drift. Final label is false positive because the claimed C drift is unsupported or contradicted.,,
W-000144,SignatureDrift,High,10.8,preempt_model_str,FALSE_POSITIVE,C evidence is only 'absent'->'added' without concrete source/diff support; Rust exposure cannot prove drift.,FALSE_POSITIVE,C evidence is only 'absent'->'added' without concrete source/diff support; Rust exposure cannot prove drift. Conservative review rejects unsupported C drift.,FALSE_POSITIVE,C evidence is only 'absent'->'added' without concrete source/diff support; Rust exposure cannot prove drift. Final label is false positive because the claimed C drift is unsupported or contradicted.,,
W-000145,SignatureDrift,High,10.8,prep_compound_page,FALSE_POSITIVE,C evidence is only 'absent'->'added' without concrete source/diff support; Rust exposure cannot prove drift.,FALSE_POSITIVE,C evidence is only 'absent'->'added' without concrete source/diff support; Rust exposure cannot prove drift. Conservative review rejects unsupported C drift.,FALSE_POSITIVE,C evidence is only 'absent'->'added' without concrete source/diff support; Rust exposure cannot prove drift. Final label is false positive because the claimed C drift is unsupported or contradicted.,,
W-000148,SignatureDrift,High,10.8,reserve_mem_release_by_name,FALSE_POSITIVE,C evidence is only 'absent'->'added' without concrete source/diff support; Rust exposure cannot prove drift.,FALSE_POSITIVE,C evidence is only 'absent'->'added' without concrete source/diff support; Rust exposure cannot prove drift. Conservative review rejects unsupported C drift.,FALSE_POSITIVE,C evidence is only 'absent'->'added' without concrete source/diff support; Rust exposure cannot prove drift. Final label is false positive because the claimed C drift is unsupported or contradicted.,,
W-000149,SignatureDrift,High,10.8,resilient_queued_spin_lock_slowpath,FALSE_POSITIVE,C evidence is only 'absent'->'added' without concrete source/diff support; Rust exposure cannot prove drift.,FALSE_POSITIVE,C evidence is only 'absent'->'added' without concrete source/diff support; Rust exposure cannot prove drift. Conservative review rejects unsupported C drift.,FALSE_POSITIVE,C evidence is only 'absent'->'added' without concrete source/diff support; Rust exposure cannot prove drift. Final label is false positive because the claimed C drift is unsupported or contradicted.,,
W-000216,FieldDrift,High,10.4,page_counter,BENIGN_DRIFT,"Real field/layout drift (added track_failcnt; removed __bindgen_padding_1; type/layout changes in __bindgen_padding_0), with only generated binding exposure and no oracle evidence.",BENIGN_DRIFT,"Real field/layout drift (added track_failcnt; removed __bindgen_padding_1; type/layout changes in __bindgen_padding_0), with only generated binding exposure and no oracle evidence. No TRUE_* threshold is met.",BENIGN_DRIFT,"Real field/layout drift (added track_failcnt; removed __bindgen_padding_1; type/layout changes in __bindgen_padding_0), with only generated binding exposure and no oracle evidence. Final label is benign because build-breakage, wrapper-fix, and Rust contract-dependence evidence are absent.",,
W-000232,FieldDrift,High,10.0,uprobe_task,BENIGN_DRIFT,"Real field/layout drift (added signal_denied), with only generated binding exposure and no oracle evidence.",BENIGN_DRIFT,"Real field/layout drift (added signal_denied), with only generated binding exposure and no oracle evidence. No TRUE_* threshold is met.",BENIGN_DRIFT,"Real field/layout drift (added signal_denied), with only generated binding exposure and no oracle evidence. Final label is benign because build-breakage, wrapper-fix, and Rust contract-dependence evidence are absent.",,
W-000207,FieldDrift,Medium,9.2,k_itimer,BENIGN_DRIFT,"Real field/layout drift (field order changed), with only generated binding exposure and no oracle evidence.",BENIGN_DRIFT,"Real field/layout drift (field order changed), with only generated binding exposure and no oracle evidence. No TRUE_* threshold is met.",BENIGN_DRIFT,"Real field/layout drift (field order changed), with only generated binding exposure and no oracle evidence. Final label is benign because build-breakage, wrapper-fix, and Rust contract-dependence evidence are absent.",,
W-000213,FieldDrift,Medium,9.2,net_iov,BENIGN_DRIFT,"Real field/layout drift (type/layout changes in owner), with only generated binding exposure and no oracle evidence.",BENIGN_DRIFT,"Real field/layout drift (type/layout changes in owner), with only generated binding exposure and no oracle evidence. No TRUE_* threshold is met.",BENIGN_DRIFT,"Real field/layout drift (type/layout changes in owner), with only generated binding exposure and no oracle evidence. Final label is benign because build-breakage, wrapper-fix, and Rust contract-dependence evidence are absent.",,
W-000234,FieldDrift,Medium,9.2,vm_area_struct,BENIGN_DRIFT,"Real field/layout drift (added __bindgen_padding_0, vm_refcnt; removed detached, vm_lock), with only generated binding exposure and no oracle evidence.",BENIGN_DRIFT,"Real field/layout drift (added __bindgen_padding_0, vm_refcnt; removed detached, vm_lock), with only generated binding exposure and no oracle evidence. No TRUE_* threshold is met.",BENIGN_DRIFT,"Real field/layout drift (added __bindgen_padding_0, vm_refcnt; removed detached, vm_lock), with only generated binding exposure and no oracle evidence. Final label is benign because build-breakage, wrapper-fix, and Rust contract-dependence evidence are absent.",,
W-000202,FieldDrift,Medium,9.0,folio__bindgen_ty_1__bindgen_ty_1,BENIGN_DRIFT,"Real field/layout drift (added __bindgen_anon_3; removed index), with only generated binding exposure and no oracle evidence.",BENIGN_DRIFT,"Real field/layout drift (added __bindgen_anon_3; removed index), with only generated binding exposure and no oracle evidence. No TRUE_* threshold is met.",BENIGN_DRIFT,"Real field/layout drift (added __bindgen_anon_3; removed index), with only generated binding exposure and no oracle evidence. Final label is benign because build-breakage, wrapper-fix, and Rust contract-dependence evidence are absent.",,
W-000203,FieldDrift,Medium,9.0,folio__bindgen_ty_2__bindgen_ty_1,BENIGN_DRIFT,"Real field/layout drift (added __bindgen_anon_1, _mapcount_1, _refcount_1; removed _large_mapcount, _entire_mapcount, _nr_pages_mapped...), with only generated binding exposure and no oracle evidence.",BENIGN_DRIFT,"Real field/layout drift (added __bindgen_anon_1, _mapcount_1, _refcount_1; removed _large_mapcount, _entire_mapcount, _nr_pages_mapped...), with only generated binding exposure and no oracle evidence. No TRUE_* threshold is met.",BENIGN_DRIFT,"Real field/layout drift (added __bindgen_anon_1, _mapcount_1, _refcount_1; removed _large_mapcount, _entire_mapcount, _nr_pages_mapped...), with only generated binding exposure and no oracle evidence. Final label is benign because build-breakage, wrapper-fix, and Rust contract-dependence evidence are absent.",,
W-000210,FieldDrift,Medium,9.0,mm_struct__bindgen_ty_1,BENIGN_DRIFT,"Real field/layout drift (added vma_writer_wait), with only generated binding exposure and no oracle evidence.",BENIGN_DRIFT,"Real field/layout drift (added vma_writer_wait), with only generated binding exposure and no oracle evidence. No TRUE_* threshold is met.",BENIGN_DRIFT,"Real field/layout drift (added vma_writer_wait), with only generated binding exposure and no oracle evidence. Final label is benign because build-breakage, wrapper-fix, and Rust contract-dependence evidence are absent.",,
W-000191,FieldDrift,Medium,8.8,arch_tlbflush_unmap_batch,BENIGN_DRIFT,"Real field/layout drift (added unmapped_pages), with only generated binding exposure and no oracle evidence.",BENIGN_DRIFT,"Real field/layout drift (added unmapped_pages), with only generated binding exposure and no oracle evidence. No TRUE_* threshold is met.",BENIGN_DRIFT,"Real field/layout drift (added unmapped_pages), with only generated binding exposure and no oracle evidence. Final label is benign because build-breakage, wrapper-fix, and Rust contract-dependence evidence are absent.",,
W-000192,FieldDrift,Medium,8.8,bpf_attr__bindgen_ty_8,BENIGN_DRIFT,"Real field/layout drift (added fd_by_id_token_fd), with only generated binding exposure and no oracle evidence.",BENIGN_DRIFT,"Real field/layout drift (added fd_by_id_token_fd), with only generated binding exposure and no oracle evidence. No TRUE_* threshold is met.",BENIGN_DRIFT,"Real field/layout drift (added fd_by_id_token_fd), with only generated binding exposure and no oracle evidence. Final label is benign because build-breakage, wrapper-fix, and Rust contract-dependence evidence are absent.",,
W-000193,FieldDrift,Medium,8.8,bpf_ctx_arg_aux,BENIGN_DRIFT,"Real field/layout drift (added ref_obj_id, refcounted), with only generated binding exposure and no oracle evidence.",BENIGN_DRIFT,"Real field/layout drift (added ref_obj_id, refcounted), with only generated binding exposure and no oracle evidence. No TRUE_* threshold is met.",BENIGN_DRIFT,"Real field/layout drift (added ref_obj_id, refcounted), with only generated binding exposure and no oracle evidence. Final label is benign because build-breakage, wrapper-fix, and Rust contract-dependence evidence are absent.",,
W-000194,FieldDrift,Medium,8.8,bpf_insn_access_aux__bindgen_ty_1__bindgen_ty_1,BENIGN_DRIFT,"Real field/layout drift (added ref_obj_id), with only generated binding exposure and no oracle evidence.",BENIGN_DRIFT,"Real field/layout drift (added ref_obj_id), with only generated binding exposure and no oracle evidence. No TRUE_* threshold is met.",BENIGN_DRIFT,"Real field/layout drift (added ref_obj_id), with only generated binding exposure and no oracle evidence. Final label is benign because build-breakage, wrapper-fix, and Rust contract-dependence evidence are absent.",,
W-000195,FieldDrift,Medium,8.8,bpf_prog_aux,BENIGN_DRIFT,"Real field/layout drift (added attach_st_ops_member_off, might_sleep, st_ops; type/layout changes in ctx_arg_info), with only generated binding exposure and no oracle evidence.",BENIGN_DRIFT,"Real field/layout drift (added attach_st_ops_member_off, might_sleep, st_ops; type/layout changes in ctx_arg_info), with only generated binding exposure and no oracle evidence. No TRUE_* threshold is met.",BENIGN_DRIFT,"Real field/layout drift (added attach_st_ops_member_off, might_sleep, st_ops; type/layout changes in ctx_arg_info), with only generated binding exposure and no oracle evidence. Final label is benign because build-breakage, wrapper-fix, and Rust contract-dependence evidence are absent.",,
W-000196,FieldDrift,Medium,8.8,btf_record,BENIGN_DRIFT,"Real field/layout drift (added res_spin_lock_off), with only generated binding exposure and no oracle evidence.",BENIGN_DRIFT,"Real field/layout drift (added res_spin_lock_off), with only generated binding exposure and no oracle evidence. No TRUE_* threshold is met.",BENIGN_DRIFT,"Real field/layout drift (added res_spin_lock_off), with only generated binding exposure and no oracle evidence. Final label is benign because build-breakage, wrapper-fix, and Rust contract-dependence evidence are absent.",,
W-000197,FieldDrift,Medium,8.8,callthunk_sites,BENIGN_DRIFT,"Real field/layout drift (removed alt_start, alt_end), with only generated binding exposure and no oracle evidence.",BENIGN_DRIFT,"Real field/layout drift (removed alt_start, alt_end), with only generated binding exposure and no oracle evidence. No TRUE_* threshold is met.",BENIGN_DRIFT,"Real field/layout drift (removed alt_start, alt_end), with only generated binding exposure and no oracle evidence. Final label is benign because build-breakage, wrapper-fix, and Rust contract-dependence evidence are absent.",,
W-000199,FieldDrift,Medium,8.8,ethtool_ops,BENIGN_DRIFT,"Real field/layout drift (type/layout changes in _bitfield_1), with only generated binding exposure and no oracle evidence.",BENIGN_DRIFT,"Real field/layout drift (type/layout changes in _bitfield_1), with only generated binding exposure and no oracle evidence. No TRUE_* threshold is met.",BENIGN_DRIFT,"Real field/layout drift (type/layout changes in _bitfield_1), with only generated binding exposure and no oracle evidence. Final label is benign because build-breakage, wrapper-fix, and Rust contract-dependence evidence are absent.",,
W-000204,FieldDrift,Medium,8.8,folio__bindgen_ty_3__bindgen_ty_1,BENIGN_DRIFT,"Real field/layout drift (added _deferred_list; removed _hugetlb_subpool, _hugetlb_cgroup, _hugetlb_cgroup_rsvd...), with only generated binding exposure and no oracle evidence.",BENIGN_DRIFT,"Real field/layout drift (added _deferred_list; removed _hugetlb_subpool, _hugetlb_cgroup, _hugetlb_cgroup_rsvd...), with only generated binding exposure and no oracle evidence. No TRUE_* threshold is met.",BENIGN_DRIFT,"Real field/layout drift (added _deferred_list; removed _hugetlb_subpool, _hugetlb_cgroup, _hugetlb_cgroup_rsvd...), with only generated binding exposure and no oracle evidence. Final label is benign because build-breakage, wrapper-fix, and Rust contract-dependence evidence are absent.",,
W-000205,FieldDrift,Medium,8.8,follow_pfnmap_args,BENIGN_DRIFT,"Real field/layout drift (added addr_mask), with only generated binding exposure and no oracle evidence.",BENIGN_DRIFT,"Real field/layout drift (added addr_mask), with only generated binding exposure and no oracle evidence. No TRUE_* threshold is met.",BENIGN_DRIFT,"Real field/layout drift (added addr_mask), with only generated binding exposure and no oracle evidence. Final label is benign because build-breakage, wrapper-fix, and Rust contract-dependence evidence are absent.",,
W-000206,FieldDrift,Medium,8.8,fwnode_reference_args,BENIGN_DRIFT,"Real field/layout drift (type/layout changes in args), with only generated binding exposure and no oracle evidence.",BENIGN_DRIFT,"Real field/layout drift (type/layout changes in args), with only generated binding exposure and no oracle evidence. No TRUE_* threshold is met.",BENIGN_DRIFT,"Real field/layout drift (type/layout changes in args), with only generated binding exposure and no oracle evidence. Final label is benign because build-breakage, wrapper-fix, and Rust contract-dependence evidence are absent.",,
W-000209,FieldDrift,Medium,8.8,mm_context_t,BENIGN_DRIFT,"Real field/layout drift (added global_asid, asid_transition), with only generated binding exposure and no oracle evidence.",BENIGN_DRIFT,"Real field/layout drift (added global_asid, asid_transition), with only generated binding exposure and no oracle evidence. No TRUE_* threshold is met.",BENIGN_DRIFT,"Real field/layout drift (added global_asid, asid_transition), with only generated binding exposure and no oracle evidence. Final label is benign because build-breakage, wrapper-fix, and Rust contract-dependence evidence are absent.",,
W-000212,FieldDrift,Medium,8.8,module_memory,BENIGN_DRIFT,"Real field/layout drift (removed rw_copy), with only generated binding exposure and no oracle evidence.",BENIGN_DRIFT,"Real field/layout drift (removed rw_copy), with only generated binding exposure and no oracle evidence. No TRUE_* threshold is met.",BENIGN_DRIFT,"Real field/layout drift (removed rw_copy), with only generated binding exposure and no oracle evidence. Final label is benign because build-breakage, wrapper-fix, and Rust contract-dependence evidence are absent.",,
W-000214,FieldDrift,Medium,8.8,node_cache_attrs,BENIGN_DRIFT,"Real field/layout drift (added address_mode), with only generated binding exposure and no oracle evidence.",BENIGN_DRIFT,"Real field/layout drift (added address_mode), with only generated binding exposure and no oracle evidence. No TRUE_* threshold is met.",BENIGN_DRIFT,"Real field/layout drift (added address_mode), with only generated binding exposure and no oracle evidence. Final label is benign because build-breakage, wrapper-fix, and Rust contract-dependence evidence are absent.",,
W-000215,FieldDrift,Medium,8.8,page__bindgen_ty_1__bindgen_ty_4,BENIGN_DRIFT,"Real field/layout drift (added _unused_pgmap_compound_head; removed pgmap), with only generated binding exposure and no oracle evidence.",BENIGN_DRIFT,"Real field/layout drift (added _unused_pgmap_compound_head; removed pgmap), with only generated binding exposure and no oracle evidence. No TRUE_* threshold is met.",BENIGN_DRIFT,"Real field/layout drift (added _unused_pgmap_compound_head; removed pgmap), with only generated binding exposure and no oracle evidence. Final label is benign because build-breakage, wrapper-fix, and Rust contract-dependence evidence are absent.",,
W-000218,FieldDrift,Medium,8.8,per_cpu_nodestat,BENIGN_DRIFT,"Real field/layout drift (type/layout changes in vm_node_stat_diff), with only generated binding exposure and no oracle evidence.",BENIGN_DRIFT,"Real field/layout drift (type/layout changes in vm_node_stat_diff), with only generated binding exposure and no oracle evidence. No TRUE_* threshold is met.",BENIGN_DRIFT,"Real field/layout drift (type/layout changes in vm_node_stat_diff), with only generated binding exposure and no oracle evidence. Final label is benign because build-breakage, wrapper-fix, and Rust contract-dependence evidence are absent.",,
W-000219,FieldDrift,Medium,8.8,per_cpu_zonestat,BENIGN_DRIFT,"Real field/layout drift (type/layout changes in vm_stat_diff), with only generated binding exposure and no oracle evidence.",BENIGN_DRIFT,"Real field/layout drift (type/layout changes in vm_stat_diff), with only generated binding exposure and no oracle evidence. No TRUE_* threshold is met.",BENIGN_DRIFT,"Real field/layout drift (type/layout changes in vm_stat_diff), with only generated binding exposure and no oracle evidence. Final label is benign because build-breakage, wrapper-fix, and Rust contract-dependence evidence are absent.",,
W-000541,MacroConstDrift,Medium,8.6,init_wait,BENIGN_DRIFT,init_wait was refactored through init_wait_func but still uses autoremove_wake_function; Rust CondVar::new call remains compatible.,BENIGN_DRIFT,init_wait was refactored through init_wait_func but still uses autoremove_wake_function; Rust CondVar::new call remains compatible. No TRUE_* threshold is met.,BENIGN_DRIFT,"init_wait was refactored through init_wait_func but still uses autoremove_wake_function; Rust CondVar::new call remains compatible. Final label is benign because build-breakage, wrapper-fix, and Rust contract-dependence evidence are absent.",,
W-000306,MacroConstDrift,Medium,8.4,cpuhp_state_CPUHP_AP_ONLINE,BENIGN_DRIFT,"Real macro value drift (146 -> 145), but Rust evidence is generated binding exposure only; no oracle evidence.",BENIGN_DRIFT,"Real macro value drift (146 -> 145), but Rust evidence is generated binding exposure only; no oracle evidence. No TRUE_* threshold is met.",BENIGN_DRIFT,"Real macro value drift (146 -> 145), but Rust evidence is generated binding exposure only; no oracle evidence. Final label is benign because build-breakage, wrapper-fix, and Rust contract-dependence evidence are absent.",,
W-000238,MacroConstDrift,Medium,8.0,BUG_UD1,BENIGN_DRIFT,"Real macro value drift (65534 -> 65533), but Rust evidence is generated binding exposure only; no oracle evidence.",BENIGN_DRIFT,"Real macro value drift (65534 -> 65533), but Rust evidence is generated binding exposure only; no oracle evidence. No TRUE_* threshold is met.",BENIGN_DRIFT,"Real macro value drift (65534 -> 65533), but Rust evidence is generated binding exposure only; no oracle evidence. Final label is benign because build-breakage, wrapper-fix, and Rust contract-dependence evidence are absent.",,
W-000241,MacroConstDrift,Medium,8.0,LOCK_PREFIX,BENIGN_DRIFT,"Real macro value drift (b"".pushsection .smp_locks,\""a\""\n.balign 4... -> b"".pushsection .smp_locks,\""a\""\n.balign 4...), but Rust evidence is generated binding exposure only; no oracle evidence.",BENIGN_DRIFT,"Real macro value drift (b"".pushsection .smp_locks,\""a\""\n.balign 4... -> b"".pushsection .smp_locks,\""a\""\n.balign 4...), but Rust evidence is generated binding exposure only; no oracle evidence. No TRUE_* threshold is met.",BENIGN_DRIFT,"Real macro value drift (b"".pushsection .smp_locks,\""a\""\n.balign 4... -> b"".pushsection .smp_locks,\""a\""\n.balign 4...), but Rust evidence is generated binding exposure only; no oracle evidence. Final label is benign because build-breakage, wrapper-fix, and Rust contract-dependence evidence are absent.",,
W-000307,MacroConstDrift,Medium,8.0,cpuhp_state_CPUHP_AP_ONLINE_DYN,BENIGN_DRIFT,"Real macro value drift (195 -> 194), but Rust evidence is generated binding exposure only; no oracle evidence.",BENIGN_DRIFT,"Real macro value drift (195 -> 194), but Rust evidence is generated binding exposure only; no oracle evidence. No TRUE_* threshold is met.",BENIGN_DRIFT,"Real macro value drift (195 -> 194), but Rust evidence is generated binding exposure only; no oracle evidence. Final label is benign because build-breakage, wrapper-fix, and Rust contract-dependence evidence are absent.",,
W-000370,MacroConstDrift,Medium,8.0,cpuhp_state_CPUHP_BP_PREPARE_DYN,BENIGN_DRIFT,"Real macro value drift (65 -> 64), but Rust evidence is generated binding exposure only; no oracle evidence.",BENIGN_DRIFT,"Real macro value drift (65 -> 64), but Rust evidence is generated binding exposure only; no oracle evidence. No TRUE_* threshold is met.",BENIGN_DRIFT,"Real macro value drift (65 -> 64), but Rust evidence is generated binding exposure only; no oracle evidence. Final label is benign because build-breakage, wrapper-fix, and Rust contract-dependence evidence are absent.",,
W-000482,MacroConstDrift,Medium,8.0,vm_event_item_HTLB_BUDDY_PGALLOC,BENIGN_DRIFT,"Real macro value drift (62 -> 64), but Rust evidence is generated binding exposure only; no oracle evidence.",BENIGN_DRIFT,"Real macro value drift (62 -> 64), but Rust evidence is generated binding exposure only; no oracle evidence. No TRUE_* threshold is met.",BENIGN_DRIFT,"Real macro value drift (62 -> 64), but Rust evidence is generated binding exposure only; no oracle evidence. Final label is benign because build-breakage, wrapper-fix, and Rust contract-dependence evidence are absent.",,
W-000503,MacroConstDrift,Medium,8.0,vm_event_item_PGSCAN_DIRECT,BENIGN_DRIFT,"Real macro value drift (29 -> 30), but Rust evidence is generated binding exposure only; no oracle evidence.",BENIGN_DRIFT,"Real macro value drift (29 -> 30), but Rust evidence is generated binding exposure only; no oracle evidence. No TRUE_* threshold is met.",BENIGN_DRIFT,"Real macro value drift (29 -> 30), but Rust evidence is generated binding exposure only; no oracle evidence. Final label is benign because build-breakage, wrapper-fix, and Rust contract-dependence evidence are absent.",,
W-000513,MacroConstDrift,Medium,8.0,vm_event_item_SWAP_RA,BENIGN_DRIFT,"Real macro value drift (71 -> 73), but Rust evidence is generated binding exposure only; no oracle evidence.",BENIGN_DRIFT,"Real macro value drift (71 -> 73), but Rust evidence is generated binding exposure only; no oracle evidence. No TRUE_* threshold is met.",BENIGN_DRIFT,"Real macro value drift (71 -> 73), but Rust evidence is generated binding exposure only; no oracle evidence. Final label is benign because build-breakage, wrapper-fix, and Rust contract-dependence evidence are absent.",,
W-000239,MacroConstDrift,Medium,7.8,BUG_UD2,BENIGN_DRIFT,"Real macro value drift (65533 -> 65534), but Rust evidence is generated binding exposure only; no oracle evidence.",BENIGN_DRIFT,"Real macro value drift (65533 -> 65534), but Rust evidence is generated binding exposure only; no oracle evidence. No TRUE_* threshold is met.",BENIGN_DRIFT,"Real macro value drift (65533 -> 65534), but Rust evidence is generated binding exposure only; no oracle evidence. Final label is benign because build-breakage, wrapper-fix, and Rust contract-dependence evidence are absent.",,
W-000240,MacroConstDrift,Medium,7.8,IA32_NR_syscalls,BENIGN_DRIFT,"Real macro value drift (467 -> 468), but Rust evidence is generated binding exposure only; no oracle evidence.",BENIGN_DRIFT,"Real macro value drift (467 -> 468), but Rust evidence is generated binding exposure only; no oracle evidence. No TRUE_* threshold is met.",BENIGN_DRIFT,"Real macro value drift (467 -> 468), but Rust evidence is generated binding exposure only; no oracle evidence. Final label is benign because build-breakage, wrapper-fix, and Rust contract-dependence evidence are absent.",,
W-000242,MacroConstDrift,Medium,7.8,MAX_DA_NAME_LEN,BENIGN_DRIFT,"Real macro value drift (24 -> 32), but Rust evidence is generated binding exposure only; no oracle evidence.",BENIGN_DRIFT,"Real macro value drift (24 -> 32), but Rust evidence is generated binding exposure only; no oracle evidence. No TRUE_* threshold is met.",BENIGN_DRIFT,"Real macro value drift (24 -> 32), but Rust evidence is generated binding exposure only; no oracle evidence. Final label is benign because build-breakage, wrapper-fix, and Rust contract-dependence evidence are absent.",,
W-000243,MacroConstDrift,Medium,7.8,NETIF_F_FCOE_CRC_BIT,BENIGN_DRIFT,"Real macro value drift (35 -> 36), but Rust evidence is generated binding exposure only; no oracle evidence.",BENIGN_DRIFT,"Real macro value drift (35 -> 36), but Rust evidence is generated binding exposure only; no oracle evidence. No TRUE_* threshold is met.",BENIGN_DRIFT,"Real macro value drift (35 -> 36), but Rust evidence is generated binding exposure only; no oracle evidence. Final label is benign because build-breakage, wrapper-fix, and Rust contract-dependence evidence are absent.",,
W-000244,MacroConstDrift,Medium,7.8,NETIF_F_GSO_LAST,BENIGN_DRIFT,"Real macro value drift (34 -> 35), but Rust evidence is generated binding exposure only; no oracle evidence.",BENIGN_DRIFT,"Real macro value drift (34 -> 35), but Rust evidence is generated binding exposure only; no oracle evidence. No TRUE_* threshold is met.",BENIGN_DRIFT,"Real macro value drift (34 -> 35), but Rust evidence is generated binding exposure only; no oracle evidence. Final label is benign because build-breakage, wrapper-fix, and Rust contract-dependence evidence are absent.",,
W-000245,MacroConstDrift,Medium,7.8,NETIF_F_SCTP_CRC_BIT,BENIGN_DRIFT,"Real macro value drift (36 -> 37), but Rust evidence is generated binding exposure only; no oracle evidence.",BENIGN_DRIFT,"Real macro value drift (36 -> 37), but Rust evidence is generated binding exposure only; no oracle evidence. No TRUE_* threshold is met.",BENIGN_DRIFT,"Real macro value drift (36 -> 37), but Rust evidence is generated binding exposure only; no oracle evidence. Final label is benign because build-breakage, wrapper-fix, and Rust contract-dependence evidence are absent.",,
W-000246,MacroConstDrift,Medium,7.8,NR_FWNODE_REFERENCE_ARGS,BENIGN_DRIFT,"Real macro value drift (8 -> 16), but Rust evidence is generated binding exposure only; no oracle evidence.",BENIGN_DRIFT,"Real macro value drift (8 -> 16), but Rust evidence is generated binding exposure only; no oracle evidence. No TRUE_* threshold is met.",BENIGN_DRIFT,"Real macro value drift (8 -> 16), but Rust evidence is generated binding exposure only; no oracle evidence. Final label is benign because build-breakage, wrapper-fix, and Rust contract-dependence evidence are absent.",,
W-000247,MacroConstDrift,Medium,7.8,NR_syscalls,BENIGN_DRIFT,"Real macro value drift (467 -> 468), but Rust evidence is generated binding exposure only; no oracle evidence.",BENIGN_DRIFT,"Real macro value drift (467 -> 468), but Rust evidence is generated binding exposure only; no oracle evidence. No TRUE_* threshold is met.",BENIGN_DRIFT,"Real macro value drift (467 -> 468), but Rust evidence is generated binding exposure only; no oracle evidence. Final label is benign because build-breakage, wrapper-fix, and Rust contract-dependence evidence are absent.",,
W-000248,MacroConstDrift,Medium,7.8,PCI_REBAR_CAP_SIZES,BENIGN_DRIFT,"Real macro value drift (16777200 -> 4294967280), but Rust evidence is generated binding exposure only; no oracle evidence.",BENIGN_DRIFT,"Real macro value drift (16777200 -> 4294967280), but Rust evidence is generated binding exposure only; no oracle evidence. No TRUE_* threshold is met.",BENIGN_DRIFT,"Real macro value drift (16777200 -> 4294967280), but Rust evidence is generated binding exposure only; no oracle evidence. Final label is benign because build-breakage, wrapper-fix, and Rust contract-dependence evidence are absent.",,
W-000249,MacroConstDrift,Medium,7.8,SECTION_MAP_LAST_BIT,BENIGN_DRIFT,"Real macro value drift (4 -> 5), but Rust evidence is generated binding exposure only; no oracle evidence.",BENIGN_DRIFT,"Real macro value drift (4 -> 5), but Rust evidence is generated binding exposure only; no oracle evidence. No TRUE_* threshold is met.",BENIGN_DRIFT,"Real macro value drift (4 -> 5), but Rust evidence is generated binding exposure only; no oracle evidence. Final label is benign because build-breakage, wrapper-fix, and Rust contract-dependence evidence are absent.",,
W-000250,MacroConstDrift,Medium,7.8,SOF_TIMESTAMPING_LAST,BENIGN_DRIFT,"Real macro value drift (131072 -> 262144), but Rust evidence is generated binding exposure only; no oracle evidence.",BENIGN_DRIFT,"Real macro value drift (131072 -> 262144), but Rust evidence is generated binding exposure only; no oracle evidence. No TRUE_* threshold is met.",BENIGN_DRIFT,"Real macro value drift (131072 -> 262144), but Rust evidence is generated binding exposure only; no oracle evidence. Final label is benign because build-breakage, wrapper-fix, and Rust contract-dependence evidence are absent.",,
W-000251,MacroConstDrift,Medium,7.8,SOF_TIMESTAMPING_MASK,BENIGN_DRIFT,"Real macro value drift (262143 -> 524287), but Rust evidence is generated binding exposure only; no oracle evidence.",BENIGN_DRIFT,"Real macro value drift (262143 -> 524287), but Rust evidence is generated binding exposure only; no oracle evidence. No TRUE_* threshold is met.",BENIGN_DRIFT,"Real macro value drift (262143 -> 524287), but Rust evidence is generated binding exposure only; no oracle evidence. Final label is benign because build-breakage, wrapper-fix, and Rust contract-dependence evidence are absent.",,
W-000252,MacroConstDrift,Medium,7.8,SRCU_READ_FLAVOR_ALL,BENIGN_DRIFT,"Real macro value drift (7 -> 15), but Rust evidence is generated binding exposure only; no oracle evidence.",BENIGN_DRIFT,"Real macro value drift (7 -> 15), but Rust evidence is generated binding exposure only; no oracle evidence. No TRUE_* threshold is met.",BENIGN_DRIFT,"Real macro value drift (7 -> 15), but Rust evidence is generated binding exposure only; no oracle evidence. Final label is benign because build-breakage, wrapper-fix, and Rust contract-dependence evidence are absent.",,
W-000253,MacroConstDrift,Medium,7.8,TAINT_FLAGS_COUNT,BENIGN_DRIFT,"Real macro value drift (19 -> 20), but Rust evidence is generated binding exposure only; no oracle evidence.",BENIGN_DRIFT,"Real macro value drift (19 -> 20), but Rust evidence is generated binding exposure only; no oracle evidence. No TRUE_* threshold is met.",BENIGN_DRIFT,"Real macro value drift (19 -> 20), but Rust evidence is generated binding exposure only; no oracle evidence. Final label is benign because build-breakage, wrapper-fix, and Rust contract-dependence evidence are absent.",,
W-000254,MacroConstDrift,Medium,7.8,TAINT_FLAGS_MAX,BENIGN_DRIFT,"Real macro value drift (524287 -> 1048575), but Rust evidence is generated binding exposure only; no oracle evidence.",BENIGN_DRIFT,"Real macro value drift (524287 -> 1048575), but Rust evidence is generated binding exposure only; no oracle evidence. No TRUE_* threshold is met.",BENIGN_DRIFT,"Real macro value drift (524287 -> 1048575), but Rust evidence is generated binding exposure only; no oracle evidence. Final label is benign because build-breakage, wrapper-fix, and Rust contract-dependence evidence are absent.",,
W-000255,MacroConstDrift,Medium,7.8,TASKSTATS_VERSION,BENIGN_DRIFT,"Real macro value drift (15 -> 16), but Rust evidence is generated binding exposure only; no oracle evidence.",BENIGN_DRIFT,"Real macro value drift (15 -> 16), but Rust evidence is generated binding exposure only; no oracle evidence. No TRUE_* threshold is met.",BENIGN_DRIFT,"Real macro value drift (15 -> 16), but Rust evidence is generated binding exposure only; no oracle evidence. Final label is benign because build-breakage, wrapper-fix, and Rust contract-dependence evidence are absent.",,
W-000150,SignatureDrift,High,10.8,resilient_tas_spin_lock,FALSE_POSITIVE,C evidence is only 'absent'->'added' without concrete source/diff support; Rust exposure cannot prove drift.,FALSE_POSITIVE,C evidence is only 'absent'->'added' without concrete source/diff support; Rust exposure cannot prove drift. Conservative review rejects unsupported C drift.,FALSE_POSITIVE,C evidence is only 'absent'->'added' without concrete source/diff support; Rust exposure cannot prove drift. Final label is false positive because the claimed C drift is unsupported or contradicted.,,
W-000151,SignatureDrift,High,10.8,rust_fmt_argument,FALSE_POSITIVE,C evidence is only 'absent'->'added' without concrete source/diff support; Rust exposure cannot prove drift.,FALSE_POSITIVE,C evidence is only 'absent'->'added' without concrete source/diff support; Rust exposure cannot prove drift. Conservative review rejects unsupported C drift.,FALSE_POSITIVE,C evidence is only 'absent'->'added' without concrete source/diff support; Rust exposure cannot prove drift. Final label is false positive because the claimed C drift is unsupported or contradicted.,,
W-000152,SignatureDrift,High,10.8,rxfh_per_ctx_key,FALSE_POSITIVE,C evidence is a parser/bindgen-helper artifact rather than a supported C signature drift; Rust exposure cannot rescue it.,FALSE_POSITIVE,C evidence is a parser/bindgen-helper artifact rather than a supported C signature drift; Rust exposure cannot rescue it. Conservative review rejects unsupported C drift.,FALSE_POSITIVE,C evidence is a parser/bindgen-helper artifact rather than a supported C signature drift; Rust exposure cannot rescue it. Final label is false positive because the claimed C drift is unsupported or contradicted.,,
W-000154,SignatureDrift,High,10.8,sched_domains_mutex_unlock,FALSE_POSITIVE,C evidence is only 'absent'->'added' without concrete source/diff support; Rust exposure cannot prove drift.,FALSE_POSITIVE,C evidence is only 'absent'->'added' without concrete source/diff support; Rust exposure cannot prove drift. Conservative review rejects unsupported C drift.,FALSE_POSITIVE,C evidence is only 'absent'->'added' without concrete source/diff support; Rust exposure cannot prove drift. Final label is false positive because the claimed C drift is unsupported or contradicted.,,
W-000155,SignatureDrift,High,10.8,section_map_size,FALSE_POSITIVE,C evidence is only 'absent'->'added' without concrete source/diff support; Rust exposure cannot prove drift.,FALSE_POSITIVE,C evidence is only 'absent'->'added' without concrete source/diff support; Rust exposure cannot prove drift. Conservative review rejects unsupported C drift.,FALSE_POSITIVE,C evidence is only 'absent'->'added' without concrete source/diff support; Rust exposure cannot prove drift. Final label is false positive because the claimed C drift is unsupported or contradicted.,,
W-000156,SignatureDrift,High,10.8,security_perf_event_open,BENIGN_DRIFT,"Real signature drift ((attr:*mut perf_event_attr, type_:ffi::c_int) -> ffi::c_int vs (type_:ffi::c_int) -> ffi::c_int), but Rust evidence is generated binding exposure only; no oracle evidence.",BENIGN_DRIFT,"Real signature drift ((attr:*mut perf_event_attr, type_:ffi::c_int) -> ffi::c_int vs (type_:ffi::c_int) -> ffi::c_int), but Rust evidence is generated binding exposure only; no oracle evidence. No TRUE_* threshold is met.",BENIGN_DRIFT,"Real signature drift ((attr:*mut perf_event_attr, type_:ffi::c_int) -> ffi::c_int vs (type_:ffi::c_int) -> ffi::c_int), but Rust evidence is generated binding exposure only; no oracle evidence. Final label is benign because build-breakage, wrapper-fix, and Rust contract-dependence evidence are absent.",,
W-000157,SignatureDrift,High,10.8,security_uring_allowed,FALSE_POSITIVE,C evidence is only 'absent'->'added' without concrete source/diff support; Rust exposure cannot prove drift.,FALSE_POSITIVE,C evidence is only 'absent'->'added' without concrete source/diff support; Rust exposure cannot prove drift. Conservative review rejects unsupported C drift.,FALSE_POSITIVE,C evidence is only 'absent'->'added' without concrete source/diff support; Rust exposure cannot prove drift. Final label is false positive because the claimed C drift is unsupported or contradicted.,,
W-000159,SignatureDrift,High,10.8,simple_strntoul,FALSE_POSITIVE,C evidence is only 'absent'->'added' without concrete source/diff support; Rust exposure cannot prove drift.,FALSE_POSITIVE,C evidence is only 'absent'->'added' without concrete source/diff support; Rust exposure cannot prove drift. Conservative review rejects unsupported C drift.,FALSE_POSITIVE,C evidence is only 'absent'->'added' without concrete source/diff support; Rust exposure cannot prove drift. Final label is false positive because the claimed C drift is unsupported or contradicted.,,
W-000160,SignatureDrift,High,10.8,skb_flow_get_ports,FALSE_POSITIVE,C evidence is only 'absent'->'added' without concrete source/diff support; Rust exposure cannot prove drift.,FALSE_POSITIVE,C evidence is only 'absent'->'added' without concrete source/diff support; Rust exposure cannot prove drift. Conservative review rejects unsupported C drift.,FALSE_POSITIVE,C evidence is only 'absent'->'added' without concrete source/diff support; Rust exposure cannot prove drift. Final label is false positive because the claimed C drift is unsupported or contradicted.,,
W-000161,SignatureDrift,High,10.8,smart_suspend,FALSE_POSITIVE,C evidence is only 'absent'->'added' without concrete source/diff support; Rust exposure cannot prove drift.,FALSE_POSITIVE,C evidence is only 'absent'->'added' without concrete source/diff support; Rust exposure cannot prove drift. Conservative review rejects unsupported C drift.,FALSE_POSITIVE,C evidence is only 'absent'->'added' without concrete source/diff support; Rust exposure cannot prove drift. Final label is false positive because the claimed C drift is unsupported or contradicted.,,
W-000163,SignatureDrift,High,10.8,sparse_init_early_section,FALSE_POSITIVE,C evidence is only 'absent'->'added' without concrete source/diff support; Rust exposure cannot prove drift.,FALSE_POSITIVE,C evidence is only 'absent'->'added' without concrete source/diff support; Rust exposure cannot prove drift. Conservative review rejects unsupported C drift.,FALSE_POSITIVE,C evidence is only 'absent'->'added' without concrete source/diff support; Rust exposure cannot prove drift. Final label is false positive because the claimed C drift is unsupported or contradicted.,,
W-000164,SignatureDrift,High,10.8,sparse_vmemmap_init_nid_early,FALSE_POSITIVE,C evidence is only 'absent'->'added' without concrete source/diff support; Rust exposure cannot prove drift.,FALSE_POSITIVE,C evidence is only 'absent'->'added' without concrete source/diff support; Rust exposure cannot prove drift. Conservative review rejects unsupported C drift.,FALSE_POSITIVE,C evidence is only 'absent'->'added' without concrete source/diff support; Rust exposure cannot prove drift. Final label is false positive because the claimed C drift is unsupported or contradicted.,,
W-000165,SignatureDrift,High,10.8,sparse_vmemmap_init_nid_late,FALSE_POSITIVE,C evidence is only 'absent'->'added' without concrete source/diff support; Rust exposure cannot prove drift.,FALSE_POSITIVE,C evidence is only 'absent'->'added' without concrete source/diff support; Rust exposure cannot prove drift. Conservative review rejects unsupported C drift.,FALSE_POSITIVE,C evidence is only 'absent'->'added' without concrete source/diff support; Rust exposure cannot prove drift. Final label is false positive because the claimed C drift is unsupported or contradicted.,,
W-000166,SignatureDrift,High,10.8,supported_input_xfrm,FALSE_POSITIVE,C evidence is only 'absent'->'added' without concrete source/diff support; Rust exposure cannot prove drift.,FALSE_POSITIVE,C evidence is only 'absent'->'added' without concrete source/diff support; Rust exposure cannot prove drift. Conservative review rejects unsupported C drift.,FALSE_POSITIVE,C evidence is only 'absent'->'added' without concrete source/diff support; Rust exposure cannot prove drift. Final label is false positive because the claimed C drift is unsupported or contradicted.,,
W-000168,SignatureDrift,High,10.8,timer_create_restore_ids,FALSE_POSITIVE,C evidence is only 'absent'->'added' without concrete source/diff support; Rust exposure cannot prove drift.,FALSE_POSITIVE,C evidence is only 'absent'->'added' without concrete source/diff support; Rust exposure cannot prove drift. Conservative review rejects unsupported C drift.,FALSE_POSITIVE,C evidence is only 'absent'->'added' without concrete source/diff support; Rust exposure cannot prove drift. Final label is false positive because the claimed C drift is unsupported or contradicted.,,
W-000169,SignatureDrift,High,10.8,track_pfn_copy,BENIGN_DRIFT,"Real signature drift ((vma:*mut vm_area_struct) -> ffi::c_int vs (dst_vma:*mut vm_area_struct, src_vma:*mut vm_area_struct, pfn:*mut ffi::c_ulong) -> ffi::c_int), but Rust evidence is generated binding exposure only; no oracle evidence.",BENIGN_DRIFT,"Real signature drift ((vma:*mut vm_area_struct) -> ffi::c_int vs (dst_vma:*mut vm_area_struct, src_vma:*mut vm_area_struct, pfn:*mut ffi::c_ulong) -> ffi::c_int), but Rust evidence is generated binding exposure only; no oracle evidence. No TRUE_* threshold is met.",BENIGN_DRIFT,"Real signature drift ((vma:*mut vm_area_struct) -> ffi::c_int vs (dst_vma:*mut vm_area_struct, src_vma:*mut vm_area_struct, pfn:*mut ffi::c_ulong) -> ffi::c_int), but Rust evidence is generated binding exposure only; no oracle evidence. Final label is benign because build-breakage, wrapper-fix, and Rust contract-dependence evidence are absent.",,
W-000170,SignatureDrift,High,10.8,try_alloc_pages_noprof,FALSE_POSITIVE,C evidence is only 'absent'->'added' without concrete source/diff support; Rust exposure cannot prove drift.,FALSE_POSITIVE,C evidence is only 'absent'->'added' without concrete source/diff support; Rust exposure cannot prove drift. Conservative review rejects unsupported C drift.,FALSE_POSITIVE,C evidence is only 'absent'->'added' without concrete source/diff support; Rust exposure cannot prove drift. Final label is false positive because the claimed C drift is unsupported or contradicted.,,
W-000171,SignatureDrift,High,10.8,untrack_pfn_copy,FALSE_POSITIVE,C evidence is only 'absent'->'added' without concrete source/diff support; Rust exposure cannot prove drift.,FALSE_POSITIVE,C evidence is only 'absent'->'added' without concrete source/diff support; Rust exposure cannot prove drift. Conservative review rejects unsupported C drift.,FALSE_POSITIVE,C evidence is only 'absent'->'added' without concrete source/diff support; Rust exposure cannot prove drift. Final label is false positive because the claimed C drift is unsupported or contradicted.,,
W-000172,SignatureDrift,High,10.8,vfs_ioctl,BENIGN_DRIFT,"Real signature drift ((file:*mut file, cmd:ffi::c_uint, arg:ffi::c_ulong) -> ffi::c_long vs (file:*mut file, cmd:ffi::c_uint, arg:ffi::c_ulong) -> ffi::c_int), but Rust evidence is generated binding exposure only; no oracle evidence.",BENIGN_DRIFT,"Real signature drift ((file:*mut file, cmd:ffi::c_uint, arg:ffi::c_ulong) -> ffi::c_long vs (file:*mut file, cmd:ffi::c_uint, arg:ffi::c_ulong) -> ffi::c_int), but Rust evidence is generated binding exposure only; no oracle evidence. No TRUE_* threshold is met.",BENIGN_DRIFT,"Real signature drift ((file:*mut file, cmd:ffi::c_uint, arg:ffi::c_ulong) -> ffi::c_long vs (file:*mut file, cmd:ffi::c_uint, arg:ffi::c_ulong) -> ffi::c_int), but Rust evidence is generated binding exposure only; no oracle evidence. Final label is benign because build-breakage, wrapper-fix, and Rust contract-dependence evidence are absent.",,
W-000173,SignatureDrift,High,10.8,vfs_mkdir,BENIGN_DRIFT,"Real signature drift ((arg1:*mut mnt_idmap, arg2:*mut inode, arg3:*mut dentry, arg4:umode_t) -> ffi::c_int vs (arg1:*mut mnt_idmap, arg2:*mut inode, arg3:*mut dentry, arg4:umode_t) -> *mut dentry), but Rust evidence is generated binding exposure only; no oracle evidence.",BENIGN_DRIFT,"Real signature drift ((arg1:*mut mnt_idmap, arg2:*mut inode, arg3:*mut dentry, arg4:umode_t) -> ffi::c_int vs (arg1:*mut mnt_idmap, arg2:*mut inode, arg3:*mut dentry, arg4:umode_t) -> *mut dentry), but Rust evidence is generated binding exposure only; no oracle evidence. No TRUE_* threshold is met.",BENIGN_DRIFT,"Real signature drift ((arg1:*mut mnt_idmap, arg2:*mut inode, arg3:*mut dentry, arg4:umode_t) -> ffi::c_int vs (arg1:*mut mnt_idmap, arg2:*mut inode, arg3:*mut dentry, arg4:umode_t) -> *mut dentry), but Rust evidence is generated binding exposure only; no oracle evidence. Final label is benign because build-breakage, wrapper-fix, and Rust contract-dependence evidence are absent.",,
W-000174,SignatureDrift,High,10.8,vfs_pressure_ratio,FALSE_POSITIVE,C evidence is only 'absent'->'added' without concrete source/diff support; Rust exposure cannot prove drift.,FALSE_POSITIVE,C evidence is only 'absent'->'added' without concrete source/diff support; Rust exposure cannot prove drift. Conservative review rejects unsupported C drift.,FALSE_POSITIVE,C evidence is only 'absent'->'added' without concrete source/diff support; Rust exposure cannot prove drift. Final label is false positive because the claimed C drift is unsupported or contradicted.,,
W-000175,SignatureDrift,High,10.8,vfs_truncate,BENIGN_DRIFT,"Real signature drift ((arg1:*const path, arg2:loff_t) -> ffi::c_long vs (arg1:*const path, arg2:loff_t) -> ffi::c_int), but Rust evidence is generated binding exposure only; no oracle evidence.",BENIGN_DRIFT,"Real signature drift ((arg1:*const path, arg2:loff_t) -> ffi::c_long vs (arg1:*const path, arg2:loff_t) -> ffi::c_int), but Rust evidence is generated binding exposure only; no oracle evidence. No TRUE_* threshold is met.",BENIGN_DRIFT,"Real signature drift ((arg1:*const path, arg2:loff_t) -> ffi::c_long vs (arg1:*const path, arg2:loff_t) -> ffi::c_int), but Rust evidence is generated binding exposure only; no oracle evidence. Final label is benign because build-breakage, wrapper-fix, and Rust contract-dependence evidence are absent.",,
W-000176,SignatureDrift,High,10.8,vma_mark_detached,FALSE_POSITIVE,C evidence is only 'absent'->'added' without concrete source/diff support; Rust exposure cannot prove drift.,FALSE_POSITIVE,C evidence is only 'absent'->'added' without concrete source/diff support; Rust exposure cannot prove drift. Conservative review rejects unsupported C drift.,FALSE_POSITIVE,C evidence is only 'absent'->'added' without concrete source/diff support; Rust exposure cannot prove drift. Final label is false positive because the claimed C drift is unsupported or contradicted.,,
W-000177,SignatureDrift,High,10.8,vmemmap_populate_hvo,FALSE_POSITIVE,C evidence is only 'absent'->'added' without concrete source/diff support; Rust exposure cannot prove drift.,FALSE_POSITIVE,C evidence is only 'absent'->'added' without concrete source/diff support; Rust exposure cannot prove drift. Conservative review rejects unsupported C drift.,FALSE_POSITIVE,C evidence is only 'absent'->'added' without concrete source/diff support; Rust exposure cannot prove drift. Final label is false positive because the claimed C drift is unsupported or contradicted.,,
W-000178,SignatureDrift,High,10.8,vmemmap_pte_populate,BENIGN_DRIFT,"Real signature drift ((pmd:*mut pmd_t, addr:ffi::c_ulong, node:ffi::c_int, altmap:*mut vmem_altmap, ...) -> *mut pte_t vs (pmd:*mut pmd_t, addr:ffi::c_ulong, node:ffi::c_int, altmap:*mut vmem_altmap, ...) -> *mut pte_t), but Rust evidence is generated binding exposure only; no oracle evidence.",BENIGN_DRIFT,"Real signature drift ((pmd:*mut pmd_t, addr:ffi::c_ulong, node:ffi::c_int, altmap:*mut vmem_altmap, ...) -> *mut pte_t vs (pmd:*mut pmd_t, addr:ffi::c_ulong, node:ffi::c_int, altmap:*mut vmem_altmap, ...) -> *mut pte_t), but Rust evidence is generated binding exposure only; no oracle evidence. No TRUE_* threshold is met.",BENIGN_DRIFT,"Real signature drift ((pmd:*mut pmd_t, addr:ffi::c_ulong, node:ffi::c_int, altmap:*mut vmem_altmap, ...) -> *mut pte_t vs (pmd:*mut pmd_t, addr:ffi::c_ulong, node:ffi::c_int, altmap:*mut vmem_altmap, ...) -> *mut pte_t), but Rust evidence is generated binding exposure only; no oracle evidence. Final label is benign because build-breakage, wrapper-fix, and Rust contract-dependence evidence are absent.",,
