warning_id,type,risk,score,symbol,reviewer1_label,reviewer1_notes,reviewer2_label,reviewer2_notes,adjudicated_label,adjudication_notes,label,reviewer_notes
W-000398,SignatureDrift,High,14.6,__alloc_size,FALSE_POSITIVE,"__alloc_size is an allocation attribute/indicator, not a Rust-exposed callable API here; old/new snippets attach to allocation helpers. C-indicator-only exposure; no oracle evidence.",FALSE_POSITIVE,The warning is mismapped to an attribute/indicator and lacks a Rust binding/helper exposure path for __alloc_size. No build log or wrapper-fix evidence supports TRUE_*.,FALSE_POSITIVE,FALSE_POSITIVE: evidence maps __alloc_size to C indicator/helper snippets rather than a concrete Rust-exposed API drift; no build or wrapper-fix oracle.,,
W-000210,FieldDrift,High,12.6,bio,BENIGN_DRIFT,"Concrete field drift for bio (adds __bindgen_anon_2; removes bi_cookie) is shown, but Rust evidence is GENERATED_FROM-only binding exposure. No safe wrapper/unsafe contract dependence or oracle evidence.",BENIGN_DRIFT,"Real generated struct layout drift for bio, but only binding exposure is shown; no Rust abstraction depends on the changed fields and no build/fix oracle exists.",BENIGN_DRIFT,"BENIGN_DRIFT: concrete bio field drift is present, but evidence is generated-binding only with no Rust contract dependence or oracle.",,
W-000223,FieldDrift,High,12.6,kunit,BENIGN_DRIFT,"Concrete field drift for kunit (adds last_seen) is shown, but Rust evidence is GENERATED_FROM-only binding exposure. No safe wrapper/unsafe contract dependence or oracle evidence.",BENIGN_DRIFT,"Real generated struct layout drift for kunit, but only binding exposure is shown; no Rust abstraction depends on the changed fields and no build/fix oracle exists.",BENIGN_DRIFT,"BENIGN_DRIFT: concrete kunit field drift is present, but evidence is generated-binding only with no Rust contract dependence or oracle.",,
W-000225,FieldDrift,High,12.6,led_trigger,BENIGN_DRIFT,"Concrete field drift for led_trigger (adds brightness) is shown, but Rust evidence is GENERATED_FROM-only binding exposure. No safe wrapper/unsafe contract dependence or oracle evidence.",BENIGN_DRIFT,"Real generated struct layout drift for led_trigger, but only binding exposure is shown; no Rust abstraction depends on the changed fields and no build/fix oracle exists.",BENIGN_DRIFT,"BENIGN_DRIFT: concrete led_trigger field drift is present, but evidence is generated-binding only with no Rust contract dependence or oracle.",,
W-000231,FieldDrift,High,12.6,statx,BENIGN_DRIFT,"Concrete field drift for statx (adds stx_subvol) is shown, but Rust evidence is GENERATED_FROM-only binding exposure. No safe wrapper/unsafe contract dependence or oracle evidence.",BENIGN_DRIFT,"Real generated struct layout drift for statx, but only binding exposure is shown; no Rust abstraction depends on the changed fields and no build/fix oracle exists.",BENIGN_DRIFT,"BENIGN_DRIFT: concrete statx field drift is present, but evidence is generated-binding only with no Rust contract dependence or oracle.",,
W-000036,SignatureDrift,High,11.8,alloc_pages,FALSE_POSITIVE,Only present->removed state is shown for alloc_pages; warnings artifacts lack concrete old/new C signature or source diff. GENERATED_FROM-only binding exposure; no oracle evidence.,FALSE_POSITIVE,Unsupported add/remove warning for alloc_pages: no concrete C signature/source diff or Rust contract dependence is provided. GENERATED_FROM-only binding exposure; no build/fix oracle.,FALSE_POSITIVE,FALSE_POSITIVE: alloc_pages has only presence-state evidence (present->removed) without concrete C source/signature support; GENERATED_FROM-only binding exposure; no TRUE_* oracle.,,
W-000113,SignatureDrift,High,11.4,kmem_cache_alloc,FALSE_POSITIVE,Only present->removed state is shown for kmem_cache_alloc; warnings artifacts lack concrete old/new C signature or source diff. GENERATED_FROM-only binding exposure; no oracle evidence.,FALSE_POSITIVE,Unsupported add/remove warning for kmem_cache_alloc: no concrete C signature/source diff or Rust contract dependence is provided. GENERATED_FROM-only binding exposure; no build/fix oracle.,FALSE_POSITIVE,FALSE_POSITIVE: kmem_cache_alloc has only presence-state evidence (present->removed) without concrete C source/signature support; GENERATED_FROM-only binding exposure; no TRUE_* oracle.,,
W-000193,SignatureDrift,High,11.4,vmalloc,FALSE_POSITIVE,Only present->removed state is shown for vmalloc; warnings artifacts lack concrete old/new C signature or source diff. GENERATED_FROM-only binding exposure; no oracle evidence.,FALSE_POSITIVE,Unsupported add/remove warning for vmalloc: no concrete C signature/source diff or Rust contract dependence is provided. GENERATED_FROM-only binding exposure; no build/fix oracle.,FALSE_POSITIVE,FALSE_POSITIVE: vmalloc has only presence-state evidence (present->removed) without concrete C source/signature support; GENERATED_FROM-only binding exposure; no TRUE_* oracle.,,
W-000020,SignatureDrift,High,11.2,__kmalloc,FALSE_POSITIVE,Only present->removed state is shown for __kmalloc; warnings artifacts lack concrete old/new C signature or source diff. mixed indicator/generated-binding exposure; no oracle evidence.,FALSE_POSITIVE,Unsupported add/remove warning for __kmalloc: no concrete C signature/source diff or Rust contract dependence is provided. mixed indicator/generated-binding exposure; no build/fix oracle.,FALSE_POSITIVE,FALSE_POSITIVE: __kmalloc has only presence-state evidence (present->removed) without concrete C source/signature support; mixed indicator/generated-binding exposure; no TRUE_* oracle.,,
W-000121,SignatureDrift,High,11.2,kmemdup,FALSE_POSITIVE,Only present->removed state is shown for kmemdup; warnings artifacts lack concrete old/new C signature or source diff. GENERATED_FROM-only binding exposure; no oracle evidence.,FALSE_POSITIVE,Unsupported add/remove warning for kmemdup: no concrete C signature/source diff or Rust contract dependence is provided. GENERATED_FROM-only binding exposure; no build/fix oracle.,FALSE_POSITIVE,FALSE_POSITIVE: kmemdup has only presence-state evidence (present->removed) without concrete C source/signature support; GENERATED_FROM-only binding exposure; no TRUE_* oracle.,,
W-000031,SignatureDrift,High,11.0,__vmalloc,FALSE_POSITIVE,Only present->removed state is shown for __vmalloc; warnings artifacts lack concrete old/new C signature or source diff. GENERATED_FROM-only binding exposure; no oracle evidence.,FALSE_POSITIVE,Unsupported add/remove warning for __vmalloc: no concrete C signature/source diff or Rust contract dependence is provided. GENERATED_FROM-only binding exposure; no build/fix oracle.,FALSE_POSITIVE,FALSE_POSITIVE: __vmalloc has only presence-state evidence (present->removed) without concrete C source/signature support; GENERATED_FROM-only binding exposure; no TRUE_* oracle.,,
W-000040,SignatureDrift,High,11.0,alloc_pages_exact,FALSE_POSITIVE,Only present->removed state is shown for alloc_pages_exact; warnings artifacts lack concrete old/new C signature or source diff. GENERATED_FROM-only binding exposure; no oracle evidence.,FALSE_POSITIVE,Unsupported add/remove warning for alloc_pages_exact: no concrete C signature/source diff or Rust contract dependence is provided. GENERATED_FROM-only binding exposure; no build/fix oracle.,FALSE_POSITIVE,FALSE_POSITIVE: alloc_pages_exact has only presence-state evidence (present->removed) without concrete C source/signature support; GENERATED_FROM-only binding exposure; no TRUE_* oracle.,,
W-000067,SignatureDrift,High,11.0,disable_delayed_work,FALSE_POSITIVE,Only absent->added state is shown for disable_delayed_work; warnings artifacts lack concrete old/new C signature or source diff. GENERATED_FROM-only binding exposure; no oracle evidence.,FALSE_POSITIVE,Unsupported add/remove warning for disable_delayed_work: no concrete C signature/source diff or Rust contract dependence is provided. GENERATED_FROM-only binding exposure; no build/fix oracle.,FALSE_POSITIVE,FALSE_POSITIVE: disable_delayed_work has only presence-state evidence (absent->added) without concrete C source/signature support; GENERATED_FROM-only binding exposure; no TRUE_* oracle.,,
W-000069,SignatureDrift,High,11.0,disable_work,FALSE_POSITIVE,Only absent->added state is shown for disable_work; warnings artifacts lack concrete old/new C signature or source diff. GENERATED_FROM-only binding exposure; no oracle evidence.,FALSE_POSITIVE,Unsupported add/remove warning for disable_work: no concrete C signature/source diff or Rust contract dependence is provided. GENERATED_FROM-only binding exposure; no build/fix oracle.,FALSE_POSITIVE,FALSE_POSITIVE: disable_work has only presence-state evidence (absent->added) without concrete C source/signature support; GENERATED_FROM-only binding exposure; no TRUE_* oracle.,,
W-000104,SignatureDrift,High,11.0,kmalloc_large,FALSE_POSITIVE,Only present->removed state is shown for kmalloc_large; warnings artifacts lack concrete old/new C signature or source diff. GENERATED_FROM-only binding exposure; no oracle evidence.,FALSE_POSITIVE,Unsupported add/remove warning for kmalloc_large: no concrete C signature/source diff or Rust contract dependence is provided. GENERATED_FROM-only binding exposure; no build/fix oracle.,FALSE_POSITIVE,FALSE_POSITIVE: kmalloc_large has only presence-state evidence (present->removed) without concrete C source/signature support; GENERATED_FROM-only binding exposure; no TRUE_* oracle.,,
W-000131,SignatureDrift,High,11.0,mm_get_unmapped_area,FALSE_POSITIVE,Only absent->added state is shown for mm_get_unmapped_area; warnings artifacts lack concrete old/new C signature or source diff. GENERATED_FROM-only binding exposure; no oracle evidence.,FALSE_POSITIVE,Unsupported add/remove warning for mm_get_unmapped_area: no concrete C signature/source diff or Rust contract dependence is provided. GENERATED_FROM-only binding exposure; no build/fix oracle.,FALSE_POSITIVE,FALSE_POSITIVE: mm_get_unmapped_area has only presence-state evidence (absent->added) without concrete C source/signature support; GENERATED_FROM-only binding exposure; no TRUE_* oracle.,,
W-000161,SignatureDrift,High,11.0,simple_offset_rename,FALSE_POSITIVE,Only absent->added state is shown for simple_offset_rename; warnings artifacts lack concrete old/new C signature or source diff. GENERATED_FROM-only binding exposure; no oracle evidence.,FALSE_POSITIVE,Unsupported add/remove warning for simple_offset_rename: no concrete C signature/source diff or Rust contract dependence is provided. GENERATED_FROM-only binding exposure; no build/fix oracle.,FALSE_POSITIVE,FALSE_POSITIVE: simple_offset_rename has only presence-state evidence (absent->added) without concrete C source/signature support; GENERATED_FROM-only binding exposure; no TRUE_* oracle.,,
W-000002,SignatureDrift,High,10.8,__alloc_pages,FALSE_POSITIVE,Only present->removed state is shown for __alloc_pages; warnings artifacts lack concrete old/new C signature or source diff. GENERATED_FROM-only binding exposure; no oracle evidence.,FALSE_POSITIVE,Unsupported add/remove warning for __alloc_pages: no concrete C signature/source diff or Rust contract dependence is provided. GENERATED_FROM-only binding exposure; no build/fix oracle.,FALSE_POSITIVE,FALSE_POSITIVE: __alloc_pages has only presence-state evidence (present->removed) without concrete C source/signature support; GENERATED_FROM-only binding exposure; no TRUE_* oracle.,,
W-000004,SignatureDrift,High,10.8,__alloc_pages_noprof,FALSE_POSITIVE,Only absent->added state is shown for __alloc_pages_noprof; warnings artifacts lack concrete old/new C signature or source diff. GENERATED_FROM-only binding exposure; no oracle evidence.,FALSE_POSITIVE,Unsupported add/remove warning for __alloc_pages_noprof: no concrete C signature/source diff or Rust contract dependence is provided. GENERATED_FROM-only binding exposure; no build/fix oracle.,FALSE_POSITIVE,FALSE_POSITIVE: __alloc_pages_noprof has only presence-state evidence (absent->added) without concrete C source/signature support; GENERATED_FROM-only binding exposure; no TRUE_* oracle.,,
W-000008,SignatureDrift,High,10.8,__bpf_dynptr_is_rdonly,FALSE_POSITIVE,Only absent->added state is shown for __bpf_dynptr_is_rdonly; warnings artifacts lack concrete old/new C signature or source diff. GENERATED_FROM-only binding exposure; no oracle evidence.,FALSE_POSITIVE,Unsupported add/remove warning for __bpf_dynptr_is_rdonly: no concrete C signature/source diff or Rust contract dependence is provided. GENERATED_FROM-only binding exposure; no build/fix oracle.,FALSE_POSITIVE,FALSE_POSITIVE: __bpf_dynptr_is_rdonly has only presence-state evidence (absent->added) without concrete C source/signature support; GENERATED_FROM-only binding exposure; no TRUE_* oracle.,,
W-000009,SignatureDrift,High,10.8,__dma_need_sync,FALSE_POSITIVE,Only absent->added state is shown for __dma_need_sync; warnings artifacts lack concrete old/new C signature or source diff. GENERATED_FROM-only binding exposure; no oracle evidence.,FALSE_POSITIVE,Unsupported add/remove warning for __dma_need_sync: no concrete C signature/source diff or Rust contract dependence is provided. GENERATED_FROM-only binding exposure; no build/fix oracle.,FALSE_POSITIVE,FALSE_POSITIVE: __dma_need_sync has only presence-state evidence (absent->added) without concrete C source/signature support; GENERATED_FROM-only binding exposure; no TRUE_* oracle.,,
W-000010,SignatureDrift,High,10.8,__dma_sync_sg_for_cpu,FALSE_POSITIVE,Only absent->added state is shown for __dma_sync_sg_for_cpu; warnings artifacts lack concrete old/new C signature or source diff. GENERATED_FROM-only binding exposure; no oracle evidence.,FALSE_POSITIVE,Unsupported add/remove warning for __dma_sync_sg_for_cpu: no concrete C signature/source diff or Rust contract dependence is provided. GENERATED_FROM-only binding exposure; no build/fix oracle.,FALSE_POSITIVE,FALSE_POSITIVE: __dma_sync_sg_for_cpu has only presence-state evidence (absent->added) without concrete C source/signature support; GENERATED_FROM-only binding exposure; no TRUE_* oracle.,,
W-000011,SignatureDrift,High,10.8,__dma_sync_sg_for_device,FALSE_POSITIVE,Only absent->added state is shown for __dma_sync_sg_for_device; warnings artifacts lack concrete old/new C signature or source diff. GENERATED_FROM-only binding exposure; no oracle evidence.,FALSE_POSITIVE,Unsupported add/remove warning for __dma_sync_sg_for_device: no concrete C signature/source diff or Rust contract dependence is provided. GENERATED_FROM-only binding exposure; no build/fix oracle.,FALSE_POSITIVE,FALSE_POSITIVE: __dma_sync_sg_for_device has only presence-state evidence (absent->added) without concrete C source/signature support; GENERATED_FROM-only binding exposure; no TRUE_* oracle.,,
W-000012,SignatureDrift,High,10.8,__dma_sync_single_for_cpu,FALSE_POSITIVE,Only absent->added state is shown for __dma_sync_single_for_cpu; warnings artifacts lack concrete old/new C signature or source diff. GENERATED_FROM-only binding exposure; no oracle evidence.,FALSE_POSITIVE,Unsupported add/remove warning for __dma_sync_single_for_cpu: no concrete C signature/source diff or Rust contract dependence is provided. GENERATED_FROM-only binding exposure; no build/fix oracle.,FALSE_POSITIVE,FALSE_POSITIVE: __dma_sync_single_for_cpu has only presence-state evidence (absent->added) without concrete C source/signature support; GENERATED_FROM-only binding exposure; no TRUE_* oracle.,,
W-000013,SignatureDrift,High,10.8,__dma_sync_single_for_device,FALSE_POSITIVE,Only absent->added state is shown for __dma_sync_single_for_device; warnings artifacts lack concrete old/new C signature or source diff. GENERATED_FROM-only binding exposure; no oracle evidence.,FALSE_POSITIVE,Unsupported add/remove warning for __dma_sync_single_for_device: no concrete C signature/source diff or Rust contract dependence is provided. GENERATED_FROM-only binding exposure; no build/fix oracle.,FALSE_POSITIVE,FALSE_POSITIVE: __dma_sync_single_for_device has only presence-state evidence (absent->added) without concrete C source/signature support; GENERATED_FROM-only binding exposure; no TRUE_* oracle.,,
W-000014,SignatureDrift,High,10.8,__folio_alloc,FALSE_POSITIVE,Only present->removed state is shown for __folio_alloc; warnings artifacts lack concrete old/new C signature or source diff. GENERATED_FROM-only binding exposure; no oracle evidence.,FALSE_POSITIVE,Unsupported add/remove warning for __folio_alloc: no concrete C signature/source diff or Rust contract dependence is provided. GENERATED_FROM-only binding exposure; no build/fix oracle.,FALSE_POSITIVE,FALSE_POSITIVE: __folio_alloc has only presence-state evidence (present->removed) without concrete C source/signature support; GENERATED_FROM-only binding exposure; no TRUE_* oracle.,,
W-000015,SignatureDrift,High,10.8,__folio_alloc_noprof,FALSE_POSITIVE,Only absent->added state is shown for __folio_alloc_noprof; warnings artifacts lack concrete old/new C signature or source diff. GENERATED_FROM-only binding exposure; no oracle evidence.,FALSE_POSITIVE,Unsupported add/remove warning for __folio_alloc_noprof: no concrete C signature/source diff or Rust contract dependence is provided. GENERATED_FROM-only binding exposure; no build/fix oracle.,FALSE_POSITIVE,FALSE_POSITIVE: __folio_alloc_noprof has only presence-state evidence (absent->added) without concrete C source/signature support; GENERATED_FROM-only binding exposure; no TRUE_* oracle.,,
W-000017,SignatureDrift,High,10.8,__get_unmapped_area,FALSE_POSITIVE,Only absent->added state is shown for __get_unmapped_area; warnings artifacts lack concrete old/new C signature or source diff. GENERATED_FROM-only binding exposure; no oracle evidence.,FALSE_POSITIVE,Unsupported add/remove warning for __get_unmapped_area: no concrete C signature/source diff or Rust contract dependence is provided. GENERATED_FROM-only binding exposure; no build/fix oracle.,FALSE_POSITIVE,FALSE_POSITIVE: __get_unmapped_area has only presence-state evidence (absent->added) without concrete C source/signature support; GENERATED_FROM-only binding exposure; no TRUE_* oracle.,,
W-000021,SignatureDrift,High,10.8,__kmalloc_node,FALSE_POSITIVE,Only present->removed state is shown for __kmalloc_node; warnings artifacts lack concrete old/new C signature or source diff. GENERATED_FROM-only binding exposure; no oracle evidence.,FALSE_POSITIVE,Unsupported add/remove warning for __kmalloc_node: no concrete C signature/source diff or Rust contract dependence is provided. GENERATED_FROM-only binding exposure; no build/fix oracle.,FALSE_POSITIVE,FALSE_POSITIVE: __kmalloc_node has only presence-state evidence (present->removed) without concrete C source/signature support; GENERATED_FROM-only binding exposure; no TRUE_* oracle.,,
W-000022,SignatureDrift,High,10.8,__kmalloc_node_noprof,FALSE_POSITIVE,Only absent->added state is shown for __kmalloc_node_noprof; warnings artifacts lack concrete old/new C signature or source diff. GENERATED_FROM-only binding exposure; no oracle evidence.,FALSE_POSITIVE,Unsupported add/remove warning for __kmalloc_node_noprof: no concrete C signature/source diff or Rust contract dependence is provided. GENERATED_FROM-only binding exposure; no build/fix oracle.,FALSE_POSITIVE,FALSE_POSITIVE: __kmalloc_node_noprof has only presence-state evidence (absent->added) without concrete C source/signature support; GENERATED_FROM-only binding exposure; no TRUE_* oracle.,,
W-000024,SignatureDrift,High,10.8,__kmalloc_noprof,FALSE_POSITIVE,Only absent->added state is shown for __kmalloc_noprof; warnings artifacts lack concrete old/new C signature or source diff. GENERATED_FROM-only binding exposure; no oracle evidence.,FALSE_POSITIVE,Unsupported add/remove warning for __kmalloc_noprof: no concrete C signature/source diff or Rust contract dependence is provided. GENERATED_FROM-only binding exposure; no build/fix oracle.,FALSE_POSITIVE,FALSE_POSITIVE: __kmalloc_noprof has only presence-state evidence (absent->added) without concrete C source/signature support; GENERATED_FROM-only binding exposure; no TRUE_* oracle.,,
W-000027,SignatureDrift,High,10.8,__seq_puts,FALSE_POSITIVE,Only absent->added state is shown for __seq_puts; warnings artifacts lack concrete old/new C signature or source diff. GENERATED_FROM-only binding exposure; no oracle evidence.,FALSE_POSITIVE,Unsupported add/remove warning for __seq_puts: no concrete C signature/source diff or Rust contract dependence is provided. GENERATED_FROM-only binding exposure; no build/fix oracle.,FALSE_POSITIVE,FALSE_POSITIVE: __seq_puts has only presence-state evidence (absent->added) without concrete C source/signature support; GENERATED_FROM-only binding exposure; no TRUE_* oracle.,,
W-000035,SignatureDrift,High,10.8,_find_first_and_and_bit,FALSE_POSITIVE,Only absent->added state is shown for _find_first_and_and_bit; warnings artifacts lack concrete old/new C signature or source diff. GENERATED_FROM-only binding exposure; no oracle evidence.,FALSE_POSITIVE,Unsupported add/remove warning for _find_first_and_and_bit: no concrete C signature/source diff or Rust contract dependence is provided. GENERATED_FROM-only binding exposure; no build/fix oracle.,FALSE_POSITIVE,FALSE_POSITIVE: _find_first_and_and_bit has only presence-state evidence (absent->added) without concrete C source/signature support; GENERATED_FROM-only binding exposure; no TRUE_* oracle.,,
W-000037,SignatureDrift,High,10.8,alloc_pages_bulk_array_mempolicy,FALSE_POSITIVE,Only present->removed state is shown for alloc_pages_bulk_array_mempolicy; warnings artifacts lack concrete old/new C signature or source diff. GENERATED_FROM-only binding exposure; no oracle evidence.,FALSE_POSITIVE,Unsupported add/remove warning for alloc_pages_bulk_array_mempolicy: no concrete C signature/source diff or Rust contract dependence is provided. GENERATED_FROM-only binding exposure; no build/fix oracle.,FALSE_POSITIVE,FALSE_POSITIVE: alloc_pages_bulk_array_mempolicy has only presence-state evidence (present->removed) without concrete C source/signature support; GENERATED_FROM-only binding exposure; no TRUE_* oracle.,,
W-000038,SignatureDrift,High,10.8,alloc_pages_bulk_array_mempolicy_noprof,FALSE_POSITIVE,Only absent->added state is shown for alloc_pages_bulk_array_mempolicy_noprof; warnings artifacts lack concrete old/new C signature or source diff. GENERATED_FROM-only binding exposure; no oracle evidence.,FALSE_POSITIVE,Unsupported add/remove warning for alloc_pages_bulk_array_mempolicy_noprof: no concrete C signature/source diff or Rust contract dependence is provided. GENERATED_FROM-only binding exposure; no build/fix oracle.,FALSE_POSITIVE,FALSE_POSITIVE: alloc_pages_bulk_array_mempolicy_noprof has only presence-state evidence (absent->added) without concrete C source/signature support; GENERATED_FROM-only binding exposure; no TRUE_* oracle.,,
W-000039,SignatureDrift,High,10.8,alloc_pages_bulk_noprof,FALSE_POSITIVE,Only absent->added state is shown for alloc_pages_bulk_noprof; warnings artifacts lack concrete old/new C signature or source diff. GENERATED_FROM-only binding exposure; no oracle evidence.,FALSE_POSITIVE,Unsupported add/remove warning for alloc_pages_bulk_noprof: no concrete C signature/source diff or Rust contract dependence is provided. GENERATED_FROM-only binding exposure; no build/fix oracle.,FALSE_POSITIVE,FALSE_POSITIVE: alloc_pages_bulk_noprof has only presence-state evidence (absent->added) without concrete C source/signature support; GENERATED_FROM-only binding exposure; no TRUE_* oracle.,,
W-000041,SignatureDrift,High,10.8,alloc_pages_exact_nid,FALSE_POSITIVE,Only present->removed state is shown for alloc_pages_exact_nid; warnings artifacts lack concrete old/new C signature or source diff. GENERATED_FROM-only binding exposure; no oracle evidence.,FALSE_POSITIVE,Unsupported add/remove warning for alloc_pages_exact_nid: no concrete C signature/source diff or Rust contract dependence is provided. GENERATED_FROM-only binding exposure; no build/fix oracle.,FALSE_POSITIVE,FALSE_POSITIVE: alloc_pages_exact_nid has only presence-state evidence (present->removed) without concrete C source/signature support; GENERATED_FROM-only binding exposure; no TRUE_* oracle.,,
W-000042,SignatureDrift,High,10.8,alloc_pages_exact_nid_noprof,FALSE_POSITIVE,Only absent->added state is shown for alloc_pages_exact_nid_noprof; warnings artifacts lack concrete old/new C signature or source diff. GENERATED_FROM-only binding exposure; no oracle evidence.,FALSE_POSITIVE,Unsupported add/remove warning for alloc_pages_exact_nid_noprof: no concrete C signature/source diff or Rust contract dependence is provided. GENERATED_FROM-only binding exposure; no build/fix oracle.,FALSE_POSITIVE,FALSE_POSITIVE: alloc_pages_exact_nid_noprof has only presence-state evidence (absent->added) without concrete C source/signature support; GENERATED_FROM-only binding exposure; no TRUE_* oracle.,,
W-000043,SignatureDrift,High,10.8,alloc_pages_exact_noprof,FALSE_POSITIVE,Only absent->added state is shown for alloc_pages_exact_noprof; warnings artifacts lack concrete old/new C signature or source diff. GENERATED_FROM-only binding exposure; no oracle evidence.,FALSE_POSITIVE,Unsupported add/remove warning for alloc_pages_exact_noprof: no concrete C signature/source diff or Rust contract dependence is provided. GENERATED_FROM-only binding exposure; no build/fix oracle.,FALSE_POSITIVE,FALSE_POSITIVE: alloc_pages_exact_noprof has only presence-state evidence (absent->added) without concrete C source/signature support; GENERATED_FROM-only binding exposure; no TRUE_* oracle.,,
W-000044,SignatureDrift,High,10.8,alloc_pages_mpol,FALSE_POSITIVE,Only present->removed state is shown for alloc_pages_mpol; warnings artifacts lack concrete old/new C signature or source diff. GENERATED_FROM-only binding exposure; no oracle evidence.,FALSE_POSITIVE,Unsupported add/remove warning for alloc_pages_mpol: no concrete C signature/source diff or Rust contract dependence is provided. GENERATED_FROM-only binding exposure; no build/fix oracle.,FALSE_POSITIVE,FALSE_POSITIVE: alloc_pages_mpol has only presence-state evidence (present->removed) without concrete C source/signature support; GENERATED_FROM-only binding exposure; no TRUE_* oracle.,,
W-000045,SignatureDrift,High,10.8,alloc_pages_mpol_noprof,FALSE_POSITIVE,Only absent->added state is shown for alloc_pages_mpol_noprof; warnings artifacts lack concrete old/new C signature or source diff. GENERATED_FROM-only binding exposure; no oracle evidence.,FALSE_POSITIVE,Unsupported add/remove warning for alloc_pages_mpol_noprof: no concrete C signature/source diff or Rust contract dependence is provided. GENERATED_FROM-only binding exposure; no build/fix oracle.,FALSE_POSITIVE,FALSE_POSITIVE: alloc_pages_mpol_noprof has only presence-state evidence (absent->added) without concrete C source/signature support; GENERATED_FROM-only binding exposure; no TRUE_* oracle.,,
W-000046,SignatureDrift,High,10.8,alloc_pages_noprof,FALSE_POSITIVE,Only absent->added state is shown for alloc_pages_noprof; warnings artifacts lack concrete old/new C signature or source diff. GENERATED_FROM-only binding exposure; no oracle evidence.,FALSE_POSITIVE,Unsupported add/remove warning for alloc_pages_noprof: no concrete C signature/source diff or Rust contract dependence is provided. GENERATED_FROM-only binding exposure; no build/fix oracle.,FALSE_POSITIVE,FALSE_POSITIVE: alloc_pages_noprof has only presence-state evidence (absent->added) without concrete C source/signature support; GENERATED_FROM-only binding exposure; no TRUE_* oracle.,,
W-000047,SignatureDrift,High,10.8,apply_relocation,BENIGN_DRIFT,"Concrete signature drift for apply_relocation is shown, but Rust evidence is GENERATED_FROM-only binding exposure. No Rust wrapper call, stale safety contract, build oracle, or fix evidence.",BENIGN_DRIFT,"apply_relocation has an old/new signature change, yet the evidence does not show a safe/unsafe Rust abstraction depending on it; no build/fix oracle.",BENIGN_DRIFT,"BENIGN_DRIFT: concrete apply_relocation signature drift is real, but Rust exposure is generated-binding only or weaker with no contract dependence/oracle.",,
W-000048,SignatureDrift,High,10.8,arch_get_unmapped_area_topdown_vmflags,FALSE_POSITIVE,Only absent->added state is shown for arch_get_unmapped_area_topdown_vmflags; warnings artifacts lack concrete old/new C signature or source diff. GENERATED_FROM-only binding exposure; no oracle evidence.,FALSE_POSITIVE,Unsupported add/remove warning for arch_get_unmapped_area_topdown_vmflags: no concrete C signature/source diff or Rust contract dependence is provided. GENERATED_FROM-only binding exposure; no build/fix oracle.,FALSE_POSITIVE,FALSE_POSITIVE: arch_get_unmapped_area_topdown_vmflags has only presence-state evidence (absent->added) without concrete C source/signature support; GENERATED_FROM-only binding exposure; no TRUE_* oracle.,,
W-000049,SignatureDrift,High,10.8,arch_get_unmapped_area_vmflags,FALSE_POSITIVE,Only absent->added state is shown for arch_get_unmapped_area_vmflags; warnings artifacts lack concrete old/new C signature or source diff. GENERATED_FROM-only binding exposure; no oracle evidence.,FALSE_POSITIVE,Unsupported add/remove warning for arch_get_unmapped_area_vmflags: no concrete C signature/source diff or Rust contract dependence is provided. GENERATED_FROM-only binding exposure; no build/fix oracle.,FALSE_POSITIVE,FALSE_POSITIVE: arch_get_unmapped_area_vmflags has only presence-state evidence (absent->added) without concrete C source/signature support; GENERATED_FROM-only binding exposure; no TRUE_* oracle.,,
W-000050,SignatureDrift,High,10.8,arch_protect_bpf_trampoline,BENIGN_DRIFT,"Concrete signature drift for arch_protect_bpf_trampoline is shown, but Rust evidence is GENERATED_FROM-only binding exposure. No Rust wrapper call, stale safety contract, build oracle, or fix evidence.",BENIGN_DRIFT,"arch_protect_bpf_trampoline has an old/new signature change, yet the evidence does not show a safe/unsafe Rust abstraction depending on it; no build/fix oracle.",BENIGN_DRIFT,"BENIGN_DRIFT: concrete arch_protect_bpf_trampoline signature drift is real, but Rust exposure is generated-binding only or weaker with no contract dependence/oracle.",,
W-000053,SignatureDrift,High,10.8,bpf_wq_cancel_and_free,FALSE_POSITIVE,Only absent->added state is shown for bpf_wq_cancel_and_free; warnings artifacts lack concrete old/new C signature or source diff. GENERATED_FROM-only binding exposure; no oracle evidence.,FALSE_POSITIVE,Unsupported add/remove warning for bpf_wq_cancel_and_free: no concrete C signature/source diff or Rust contract dependence is provided. GENERATED_FROM-only binding exposure; no build/fix oracle.,FALSE_POSITIVE,FALSE_POSITIVE: bpf_wq_cancel_and_free has only presence-state evidence (absent->added) without concrete C source/signature support; GENERATED_FROM-only binding exposure; no TRUE_* oracle.,,
W-000054,SignatureDrift,High,10.8,cgroup_rstat_flush_release,BENIGN_DRIFT,"Concrete signature drift for cgroup_rstat_flush_release is shown, but Rust evidence is GENERATED_FROM-only binding exposure. No Rust wrapper call, stale safety contract, build oracle, or fix evidence.",BENIGN_DRIFT,"cgroup_rstat_flush_release has an old/new signature change, yet the evidence does not show a safe/unsafe Rust abstraction depending on it; no build/fix oracle.",BENIGN_DRIFT,"BENIGN_DRIFT: concrete cgroup_rstat_flush_release signature drift is real, but Rust exposure is generated-binding only or weaker with no contract dependence/oracle.",,
W-000055,SignatureDrift,High,10.8,cgwb_calc_thresh,FALSE_POSITIVE,Only absent->added state is shown for cgwb_calc_thresh; warnings artifacts lack concrete old/new C signature or source diff. GENERATED_FROM-only binding exposure; no oracle evidence.,FALSE_POSITIVE,Unsupported add/remove warning for cgwb_calc_thresh: no concrete C signature/source diff or Rust contract dependence is provided. GENERATED_FROM-only binding exposure; no build/fix oracle.,FALSE_POSITIVE,FALSE_POSITIVE: cgwb_calc_thresh has only presence-state evidence (absent->added) without concrete C source/signature support; GENERATED_FROM-only binding exposure; no TRUE_* oracle.,,
W-000056,SignatureDrift,High,10.8,codetag_get_ct_iter,FALSE_POSITIVE,Only absent->added state is shown for codetag_get_ct_iter; warnings artifacts lack concrete old/new C signature or source diff. GENERATED_FROM-only binding exposure; no oracle evidence.,FALSE_POSITIVE,Unsupported add/remove warning for codetag_get_ct_iter: no concrete C signature/source diff or Rust contract dependence is provided. GENERATED_FROM-only binding exposure; no build/fix oracle.,FALSE_POSITIVE,FALSE_POSITIVE: codetag_get_ct_iter has only presence-state evidence (absent->added) without concrete C source/signature support; GENERATED_FROM-only binding exposure; no TRUE_* oracle.,,
W-000057,SignatureDrift,High,10.8,codetag_lock_module_list,FALSE_POSITIVE,Only absent->added state is shown for codetag_lock_module_list; warnings artifacts lack concrete old/new C signature or source diff. GENERATED_FROM-only binding exposure; no oracle evidence.,FALSE_POSITIVE,Unsupported add/remove warning for codetag_lock_module_list: no concrete C signature/source diff or Rust contract dependence is provided. GENERATED_FROM-only binding exposure; no build/fix oracle.,FALSE_POSITIVE,FALSE_POSITIVE: codetag_lock_module_list has only presence-state evidence (absent->added) without concrete C source/signature support; GENERATED_FROM-only binding exposure; no TRUE_* oracle.,,
W-000058,SignatureDrift,High,10.8,codetag_next_ct,FALSE_POSITIVE,Only absent->added state is shown for codetag_next_ct; warnings artifacts lack concrete old/new C signature or source diff. GENERATED_FROM-only binding exposure; no oracle evidence.,FALSE_POSITIVE,Unsupported add/remove warning for codetag_next_ct: no concrete C signature/source diff or Rust contract dependence is provided. GENERATED_FROM-only binding exposure; no build/fix oracle.,FALSE_POSITIVE,FALSE_POSITIVE: codetag_next_ct has only presence-state evidence (absent->added) without concrete C source/signature support; GENERATED_FROM-only binding exposure; no TRUE_* oracle.,,
W-000059,SignatureDrift,High,10.8,codetag_register_type,FALSE_POSITIVE,Only absent->added state is shown for codetag_register_type; warnings artifacts lack concrete old/new C signature or source diff. GENERATED_FROM-only binding exposure; no oracle evidence.,FALSE_POSITIVE,Unsupported add/remove warning for codetag_register_type: no concrete C signature/source diff or Rust contract dependence is provided. GENERATED_FROM-only binding exposure; no build/fix oracle.,FALSE_POSITIVE,FALSE_POSITIVE: codetag_register_type has only presence-state evidence (absent->added) without concrete C source/signature support; GENERATED_FROM-only binding exposure; no TRUE_* oracle.,,
W-000060,SignatureDrift,High,10.8,codetag_to_text,FALSE_POSITIVE,Only absent->added state is shown for codetag_to_text; warnings artifacts lack concrete old/new C signature or source diff. GENERATED_FROM-only binding exposure; no oracle evidence.,FALSE_POSITIVE,Unsupported add/remove warning for codetag_to_text: no concrete C signature/source diff or Rust contract dependence is provided. GENERATED_FROM-only binding exposure; no build/fix oracle.,FALSE_POSITIVE,FALSE_POSITIVE: codetag_to_text has only presence-state evidence (absent->added) without concrete C source/signature support; GENERATED_FROM-only binding exposure; no TRUE_* oracle.,,
W-000061,SignatureDrift,High,10.8,codetag_trylock_module_list,FALSE_POSITIVE,Only absent->added state is shown for codetag_trylock_module_list; warnings artifacts lack concrete old/new C signature or source diff. GENERATED_FROM-only binding exposure; no oracle evidence.,FALSE_POSITIVE,Unsupported add/remove warning for codetag_trylock_module_list: no concrete C signature/source diff or Rust contract dependence is provided. GENERATED_FROM-only binding exposure; no build/fix oracle.,FALSE_POSITIVE,FALSE_POSITIVE: codetag_trylock_module_list has only presence-state evidence (absent->added) without concrete C source/signature support; GENERATED_FROM-only binding exposure; no TRUE_* oracle.,,
W-000062,SignatureDrift,High,10.8,console_replay_all,FALSE_POSITIVE,Only absent->added state is shown for console_replay_all; warnings artifacts lack concrete old/new C signature or source diff. GENERATED_FROM-only binding exposure; no oracle evidence.,FALSE_POSITIVE,Unsupported add/remove warning for console_replay_all: no concrete C signature/source diff or Rust contract dependence is provided. GENERATED_FROM-only binding exposure; no build/fix oracle.,FALSE_POSITIVE,FALSE_POSITIVE: console_replay_all has only presence-state evidence (absent->added) without concrete C source/signature support; GENERATED_FROM-only binding exposure; no TRUE_* oracle.,,
W-000064,SignatureDrift,High,10.8,device_show_string,FALSE_POSITIVE,Only absent->added state is shown for device_show_string; warnings artifacts lack concrete old/new C signature or source diff. GENERATED_FROM-only binding exposure; no oracle evidence.,FALSE_POSITIVE,Unsupported add/remove warning for device_show_string: no concrete C signature/source diff or Rust contract dependence is provided. GENERATED_FROM-only binding exposure; no build/fix oracle.,FALSE_POSITIVE,FALSE_POSITIVE: device_show_string has only presence-state evidence (absent->added) without concrete C source/signature support; GENERATED_FROM-only binding exposure; no TRUE_* oracle.,,
W-000065,SignatureDrift,High,10.8,device_wakeup_disable,BENIGN_DRIFT,"Concrete signature drift for device_wakeup_disable is shown, but Rust evidence is GENERATED_FROM-only binding exposure. No Rust wrapper call, stale safety contract, build oracle, or fix evidence.",BENIGN_DRIFT,"device_wakeup_disable has an old/new signature change, yet the evidence does not show a safe/unsafe Rust abstraction depending on it; no build/fix oracle.",BENIGN_DRIFT,"BENIGN_DRIFT: concrete device_wakeup_disable signature drift is real, but Rust exposure is generated-binding only or weaker with no contract dependence/oracle.",,
W-000068,SignatureDrift,High,10.8,disable_delayed_work_sync,FALSE_POSITIVE,Only absent->added state is shown for disable_delayed_work_sync; warnings artifacts lack concrete old/new C signature or source diff. GENERATED_FROM-only binding exposure; no oracle evidence.,FALSE_POSITIVE,Unsupported add/remove warning for disable_delayed_work_sync: no concrete C signature/source diff or Rust contract dependence is provided. GENERATED_FROM-only binding exposure; no build/fix oracle.,FALSE_POSITIVE,FALSE_POSITIVE: disable_delayed_work_sync has only presence-state evidence (absent->added) without concrete C source/signature support; GENERATED_FROM-only binding exposure; no TRUE_* oracle.,,
W-000070,SignatureDrift,High,10.8,disable_work_sync,FALSE_POSITIVE,Only absent->added state is shown for disable_work_sync; warnings artifacts lack concrete old/new C signature or source diff. GENERATED_FROM-only binding exposure; no oracle evidence.,FALSE_POSITIVE,Unsupported add/remove warning for disable_work_sync: no concrete C signature/source diff or Rust contract dependence is provided. GENERATED_FROM-only binding exposure; no build/fix oracle.,FALSE_POSITIVE,FALSE_POSITIVE: disable_work_sync has only presence-state evidence (absent->added) without concrete C source/signature support; GENERATED_FROM-only binding exposure; no TRUE_* oracle.,,
W-000072,SignatureDrift,High,10.8,dma_skip_sync,FALSE_POSITIVE,Only absent->added state is shown for dma_skip_sync; warnings artifacts lack concrete old/new C signature or source diff. GENERATED_FROM-only binding exposure; no oracle evidence.,FALSE_POSITIVE,Unsupported add/remove warning for dma_skip_sync: no concrete C signature/source diff or Rust contract dependence is provided. GENERATED_FROM-only binding exposure; no build/fix oracle.,FALSE_POSITIVE,FALSE_POSITIVE: dma_skip_sync has only presence-state evidence (absent->added) without concrete C source/signature support; GENERATED_FROM-only binding exposure; no TRUE_* oracle.,,
W-000077,SignatureDrift,High,10.8,do_accept,BENIGN_DRIFT,"Concrete signature drift for do_accept is shown, but Rust evidence is GENERATED_FROM-only binding exposure. No Rust wrapper call, stale safety contract, build oracle, or fix evidence.",BENIGN_DRIFT,"do_accept has an old/new signature change, yet the evidence does not show a safe/unsafe Rust abstraction depending on it; no build/fix oracle.",BENIGN_DRIFT,"BENIGN_DRIFT: concrete do_accept signature drift is real, but Rust exposure is generated-binding only or weaker with no contract dependence/oracle.",,
W-000078,SignatureDrift,High,10.8,enable_delayed_work,FALSE_POSITIVE,Only absent->added state is shown for enable_delayed_work; warnings artifacts lack concrete old/new C signature or source diff. GENERATED_FROM-only binding exposure; no oracle evidence.,FALSE_POSITIVE,Unsupported add/remove warning for enable_delayed_work: no concrete C signature/source diff or Rust contract dependence is provided. GENERATED_FROM-only binding exposure; no build/fix oracle.,FALSE_POSITIVE,FALSE_POSITIVE: enable_delayed_work has only presence-state evidence (absent->added) without concrete C source/signature support; GENERATED_FROM-only binding exposure; no TRUE_* oracle.,,
W-000079,SignatureDrift,High,10.8,enable_work,FALSE_POSITIVE,Only absent->added state is shown for enable_work; warnings artifacts lack concrete old/new C signature or source diff. GENERATED_FROM-only binding exposure; no oracle evidence.,FALSE_POSITIVE,Unsupported add/remove warning for enable_work: no concrete C signature/source diff or Rust contract dependence is provided. GENERATED_FROM-only binding exposure; no build/fix oracle.,FALSE_POSITIVE,FALSE_POSITIVE: enable_work has only presence-state evidence (absent->added) without concrete C source/signature support; GENERATED_FROM-only binding exposure; no TRUE_* oracle.,,
W-000080,SignatureDrift,High,10.8,extra,FALSE_POSITIVE,Only present->removed state is shown for extra; warnings artifacts lack concrete old/new C signature or source diff. GENERATED_FROM-only binding exposure; no oracle evidence.,FALSE_POSITIVE,Unsupported add/remove warning for extra: no concrete C signature/source diff or Rust contract dependence is provided. GENERATED_FROM-only binding exposure; no build/fix oracle.,FALSE_POSITIVE,FALSE_POSITIVE: extra has only presence-state evidence (present->removed) without concrete C source/signature support; GENERATED_FROM-only binding exposure; no TRUE_* oracle.,,
W-000083,SignatureDrift,High,10.8,folio_alloc,FALSE_POSITIVE,Only present->removed state is shown for folio_alloc; warnings artifacts lack concrete old/new C signature or source diff. GENERATED_FROM-only binding exposure; no oracle evidence.,FALSE_POSITIVE,Unsupported add/remove warning for folio_alloc: no concrete C signature/source diff or Rust contract dependence is provided. GENERATED_FROM-only binding exposure; no build/fix oracle.,FALSE_POSITIVE,FALSE_POSITIVE: folio_alloc has only presence-state evidence (present->removed) without concrete C source/signature support; GENERATED_FROM-only binding exposure; no TRUE_* oracle.,,
W-000084,SignatureDrift,High,10.8,folio_alloc_noprof,FALSE_POSITIVE,Only absent->added state is shown for folio_alloc_noprof; warnings artifacts lack concrete old/new C signature or source diff. GENERATED_FROM-only binding exposure; no oracle evidence.,FALSE_POSITIVE,Unsupported add/remove warning for folio_alloc_noprof: no concrete C signature/source diff or Rust contract dependence is provided. GENERATED_FROM-only binding exposure; no build/fix oracle.,FALSE_POSITIVE,FALSE_POSITIVE: folio_alloc_noprof has only presence-state evidence (absent->added) without concrete C source/signature support; GENERATED_FROM-only binding exposure; no TRUE_* oracle.,,
W-000088,SignatureDrift,High,10.8,follow_pte,BENIGN_DRIFT,"Concrete signature drift for follow_pte is shown, but Rust evidence is GENERATED_FROM-only binding exposure. No Rust wrapper call, stale safety contract, build oracle, or fix evidence.",BENIGN_DRIFT,"follow_pte has an old/new signature change, yet the evidence does not show a safe/unsafe Rust abstraction depending on it; no build/fix oracle.",BENIGN_DRIFT,"BENIGN_DRIFT: concrete follow_pte signature drift is real, but Rust exposure is generated-binding only or weaker with no contract dependence/oracle.",,
W-000090,SignatureDrift,High,10.8,get_free_pages_noprof,FALSE_POSITIVE,Only absent->added state is shown for get_free_pages_noprof; warnings artifacts lack concrete old/new C signature or source diff. GENERATED_FROM-only binding exposure; no oracle evidence.,FALSE_POSITIVE,Unsupported add/remove warning for get_free_pages_noprof: no concrete C signature/source diff or Rust contract dependence is provided. GENERATED_FROM-only binding exposure; no build/fix oracle.,FALSE_POSITIVE,FALSE_POSITIVE: get_free_pages_noprof has only presence-state evidence (absent->added) without concrete C source/signature support; GENERATED_FROM-only binding exposure; no TRUE_* oracle.,,
W-000094,SignatureDrift,High,10.8,get_xsave_addr,FALSE_POSITIVE,Only absent->added state is shown for get_xsave_addr; warnings artifacts lack concrete old/new C signature or source diff. GENERATED_FROM-only binding exposure; no oracle evidence.,FALSE_POSITIVE,Unsupported add/remove warning for get_xsave_addr: no concrete C signature/source diff or Rust contract dependence is provided. GENERATED_FROM-only binding exposure; no build/fix oracle.,FALSE_POSITIVE,FALSE_POSITIVE: get_xsave_addr has only presence-state evidence (absent->added) without concrete C source/signature support; GENERATED_FROM-only binding exposure; no TRUE_* oracle.,,
W-000095,SignatureDrift,High,10.8,get_zeroed_page,FALSE_POSITIVE,Only present->removed state is shown for get_zeroed_page; warnings artifacts lack concrete old/new C signature or source diff. GENERATED_FROM-only binding exposure; no oracle evidence.,FALSE_POSITIVE,Unsupported add/remove warning for get_zeroed_page: no concrete C signature/source diff or Rust contract dependence is provided. GENERATED_FROM-only binding exposure; no build/fix oracle.,FALSE_POSITIVE,FALSE_POSITIVE: get_zeroed_page has only presence-state evidence (present->removed) without concrete C source/signature support; GENERATED_FROM-only binding exposure; no TRUE_* oracle.,,
W-000096,SignatureDrift,High,10.8,get_zeroed_page_noprof,FALSE_POSITIVE,Only absent->added state is shown for get_zeroed_page_noprof; warnings artifacts lack concrete old/new C signature or source diff. GENERATED_FROM-only binding exposure; no oracle evidence.,FALSE_POSITIVE,Unsupported add/remove warning for get_zeroed_page_noprof: no concrete C signature/source diff or Rust contract dependence is provided. GENERATED_FROM-only binding exposure; no build/fix oracle.,FALSE_POSITIVE,FALSE_POSITIVE: get_zeroed_page_noprof has only presence-state evidence (absent->added) without concrete C source/signature support; GENERATED_FROM-only binding exposure; no TRUE_* oracle.,,
W-000099,SignatureDrift,High,10.8,in_thrashing,BENIGN_DRIFT,"Concrete signature drift for in_thrashing is shown, but Rust evidence is GENERATED_FROM-only binding exposure. No Rust wrapper call, stale safety contract, build oracle, or fix evidence.",BENIGN_DRIFT,"in_thrashing has an old/new signature change, yet the evidence does not show a safe/unsafe Rust abstraction depending on it; no build/fix oracle.",BENIGN_DRIFT,"BENIGN_DRIFT: concrete in_thrashing signature drift is real, but Rust exposure is generated-binding only or weaker with no contract dependence/oracle.",,
W-000101,SignatureDrift,High,10.8,is_free_buddy_page,BENIGN_DRIFT,"Concrete signature drift for is_free_buddy_page is shown, but Rust evidence is GENERATED_FROM-only binding exposure. No Rust wrapper call, stale safety contract, build oracle, or fix evidence.",BENIGN_DRIFT,"is_free_buddy_page has an old/new signature change, yet the evidence does not show a safe/unsafe Rust abstraction depending on it; no build/fix oracle.",BENIGN_DRIFT,"BENIGN_DRIFT: concrete is_free_buddy_page signature drift is real, but Rust exposure is generated-binding only or weaker with no contract dependence/oracle.",,
W-000102,SignatureDrift,High,10.8,jump_label_init_ro,FALSE_POSITIVE,Only absent->added state is shown for jump_label_init_ro; warnings artifacts lack concrete old/new C signature or source diff. GENERATED_FROM-only binding exposure; no oracle evidence.,FALSE_POSITIVE,Unsupported add/remove warning for jump_label_init_ro: no concrete C signature/source diff or Rust contract dependence is provided. GENERATED_FROM-only binding exposure; no build/fix oracle.,FALSE_POSITIVE,FALSE_POSITIVE: jump_label_init_ro has only presence-state evidence (absent->added) without concrete C source/signature support; GENERATED_FROM-only binding exposure; no TRUE_* oracle.,,
W-000103,SignatureDrift,High,10.8,kernel_file_open,BENIGN_DRIFT,"Concrete signature drift for kernel_file_open is shown, but Rust evidence is GENERATED_FROM-only binding exposure. No Rust wrapper call, stale safety contract, build oracle, or fix evidence.",BENIGN_DRIFT,"kernel_file_open has an old/new signature change, yet the evidence does not show a safe/unsafe Rust abstraction depending on it; no build/fix oracle.",BENIGN_DRIFT,"BENIGN_DRIFT: concrete kernel_file_open signature drift is real, but Rust exposure is generated-binding only or weaker with no contract dependence/oracle.",,
W-000105,SignatureDrift,High,10.8,kmalloc_large_node,FALSE_POSITIVE,Only present->removed state is shown for kmalloc_large_node; warnings artifacts lack concrete old/new C signature or source diff. GENERATED_FROM-only binding exposure; no oracle evidence.,FALSE_POSITIVE,Unsupported add/remove warning for kmalloc_large_node: no concrete C signature/source diff or Rust contract dependence is provided. GENERATED_FROM-only binding exposure; no build/fix oracle.,FALSE_POSITIVE,FALSE_POSITIVE: kmalloc_large_node has only presence-state evidence (present->removed) without concrete C source/signature support; GENERATED_FROM-only binding exposure; no TRUE_* oracle.,,
W-000106,SignatureDrift,High,10.8,kmalloc_large_node_noprof,FALSE_POSITIVE,Only absent->added state is shown for kmalloc_large_node_noprof; warnings artifacts lack concrete old/new C signature or source diff. GENERATED_FROM-only binding exposure; no oracle evidence.,FALSE_POSITIVE,Unsupported add/remove warning for kmalloc_large_node_noprof: no concrete C signature/source diff or Rust contract dependence is provided. GENERATED_FROM-only binding exposure; no build/fix oracle.,FALSE_POSITIVE,FALSE_POSITIVE: kmalloc_large_node_noprof has only presence-state evidence (absent->added) without concrete C source/signature support; GENERATED_FROM-only binding exposure; no TRUE_* oracle.,,
W-000107,SignatureDrift,High,10.8,kmalloc_large_noprof,FALSE_POSITIVE,Only absent->added state is shown for kmalloc_large_noprof; warnings artifacts lack concrete old/new C signature or source diff. GENERATED_FROM-only binding exposure; no oracle evidence.,FALSE_POSITIVE,Unsupported add/remove warning for kmalloc_large_noprof: no concrete C signature/source diff or Rust contract dependence is provided. GENERATED_FROM-only binding exposure; no build/fix oracle.,FALSE_POSITIVE,FALSE_POSITIVE: kmalloc_large_noprof has only presence-state evidence (absent->added) without concrete C source/signature support; GENERATED_FROM-only binding exposure; no TRUE_* oracle.,,
W-000108,SignatureDrift,High,10.8,kmalloc_node_trace,FALSE_POSITIVE,Only present->removed state is shown for kmalloc_node_trace; warnings artifacts lack concrete old/new C signature or source diff. GENERATED_FROM-only binding exposure; no oracle evidence.,FALSE_POSITIVE,Unsupported add/remove warning for kmalloc_node_trace: no concrete C signature/source diff or Rust contract dependence is provided. GENERATED_FROM-only binding exposure; no build/fix oracle.,FALSE_POSITIVE,FALSE_POSITIVE: kmalloc_node_trace has only presence-state evidence (present->removed) without concrete C source/signature support; GENERATED_FROM-only binding exposure; no TRUE_* oracle.,,
W-000109,SignatureDrift,High,10.8,kmalloc_node_trace_noprof,FALSE_POSITIVE,Only absent->added state is shown for kmalloc_node_trace_noprof; warnings artifacts lack concrete old/new C signature or source diff. GENERATED_FROM-only binding exposure; no oracle evidence.,FALSE_POSITIVE,Unsupported add/remove warning for kmalloc_node_trace_noprof: no concrete C signature/source diff or Rust contract dependence is provided. GENERATED_FROM-only binding exposure; no build/fix oracle.,FALSE_POSITIVE,FALSE_POSITIVE: kmalloc_node_trace_noprof has only presence-state evidence (absent->added) without concrete C source/signature support; GENERATED_FROM-only binding exposure; no TRUE_* oracle.,,
W-000110,SignatureDrift,High,10.8,kmalloc_node_track_caller_noprof,FALSE_POSITIVE,Only absent->added state is shown for kmalloc_node_track_caller_noprof; warnings artifacts lack concrete old/new C signature or source diff. GENERATED_FROM-only binding exposure; no oracle evidence.,FALSE_POSITIVE,Unsupported add/remove warning for kmalloc_node_track_caller_noprof: no concrete C signature/source diff or Rust contract dependence is provided. GENERATED_FROM-only binding exposure; no build/fix oracle.,FALSE_POSITIVE,FALSE_POSITIVE: kmalloc_node_track_caller_noprof has only presence-state evidence (absent->added) without concrete C source/signature support; GENERATED_FROM-only binding exposure; no TRUE_* oracle.,,
W-000111,SignatureDrift,High,10.8,kmalloc_trace,FALSE_POSITIVE,Only present->removed state is shown for kmalloc_trace; warnings artifacts lack concrete old/new C signature or source diff. GENERATED_FROM-only binding exposure; no oracle evidence.,FALSE_POSITIVE,Unsupported add/remove warning for kmalloc_trace: no concrete C signature/source diff or Rust contract dependence is provided. GENERATED_FROM-only binding exposure; no build/fix oracle.,FALSE_POSITIVE,FALSE_POSITIVE: kmalloc_trace has only presence-state evidence (present->removed) without concrete C source/signature support; GENERATED_FROM-only binding exposure; no TRUE_* oracle.,,
W-000112,SignatureDrift,High,10.8,kmalloc_trace_noprof,FALSE_POSITIVE,Only absent->added state is shown for kmalloc_trace_noprof; warnings artifacts lack concrete old/new C signature or source diff. GENERATED_FROM-only binding exposure; no oracle evidence.,FALSE_POSITIVE,Unsupported add/remove warning for kmalloc_trace_noprof: no concrete C signature/source diff or Rust contract dependence is provided. GENERATED_FROM-only binding exposure; no build/fix oracle.,FALSE_POSITIVE,FALSE_POSITIVE: kmalloc_trace_noprof has only presence-state evidence (absent->added) without concrete C source/signature support; GENERATED_FROM-only binding exposure; no TRUE_* oracle.,,
W-000114,SignatureDrift,High,10.8,kmem_cache_alloc_bulk,FALSE_POSITIVE,Only present->removed state is shown for kmem_cache_alloc_bulk; warnings artifacts lack concrete old/new C signature or source diff. GENERATED_FROM-only binding exposure; no oracle evidence.,FALSE_POSITIVE,Unsupported add/remove warning for kmem_cache_alloc_bulk: no concrete C signature/source diff or Rust contract dependence is provided. GENERATED_FROM-only binding exposure; no build/fix oracle.,FALSE_POSITIVE,FALSE_POSITIVE: kmem_cache_alloc_bulk has only presence-state evidence (present->removed) without concrete C source/signature support; GENERATED_FROM-only binding exposure; no TRUE_* oracle.,,
W-000115,SignatureDrift,High,10.8,kmem_cache_alloc_bulk_noprof,FALSE_POSITIVE,Only absent->added state is shown for kmem_cache_alloc_bulk_noprof; warnings artifacts lack concrete old/new C signature or source diff. GENERATED_FROM-only binding exposure; no oracle evidence.,FALSE_POSITIVE,Unsupported add/remove warning for kmem_cache_alloc_bulk_noprof: no concrete C signature/source diff or Rust contract dependence is provided. GENERATED_FROM-only binding exposure; no build/fix oracle.,FALSE_POSITIVE,FALSE_POSITIVE: kmem_cache_alloc_bulk_noprof has only presence-state evidence (absent->added) without concrete C source/signature support; GENERATED_FROM-only binding exposure; no TRUE_* oracle.,,
W-000116,SignatureDrift,High,10.8,kmem_cache_alloc_lru,FALSE_POSITIVE,Only present->removed state is shown for kmem_cache_alloc_lru; warnings artifacts lack concrete old/new C signature or source diff. GENERATED_FROM-only binding exposure; no oracle evidence.,FALSE_POSITIVE,Unsupported add/remove warning for kmem_cache_alloc_lru: no concrete C signature/source diff or Rust contract dependence is provided. GENERATED_FROM-only binding exposure; no build/fix oracle.,FALSE_POSITIVE,FALSE_POSITIVE: kmem_cache_alloc_lru has only presence-state evidence (present->removed) without concrete C source/signature support; GENERATED_FROM-only binding exposure; no TRUE_* oracle.,,
W-000117,SignatureDrift,High,10.8,kmem_cache_alloc_lru_noprof,FALSE_POSITIVE,Only absent->added state is shown for kmem_cache_alloc_lru_noprof; warnings artifacts lack concrete old/new C signature or source diff. GENERATED_FROM-only binding exposure; no oracle evidence.,FALSE_POSITIVE,Unsupported add/remove warning for kmem_cache_alloc_lru_noprof: no concrete C signature/source diff or Rust contract dependence is provided. GENERATED_FROM-only binding exposure; no build/fix oracle.,FALSE_POSITIVE,FALSE_POSITIVE: kmem_cache_alloc_lru_noprof has only presence-state evidence (absent->added) without concrete C source/signature support; GENERATED_FROM-only binding exposure; no TRUE_* oracle.,,
W-000118,SignatureDrift,High,10.8,kmem_cache_alloc_node,FALSE_POSITIVE,Only present->removed state is shown for kmem_cache_alloc_node; warnings artifacts lack concrete old/new C signature or source diff. GENERATED_FROM-only binding exposure; no oracle evidence.,FALSE_POSITIVE,Unsupported add/remove warning for kmem_cache_alloc_node: no concrete C signature/source diff or Rust contract dependence is provided. GENERATED_FROM-only binding exposure; no build/fix oracle.,FALSE_POSITIVE,FALSE_POSITIVE: kmem_cache_alloc_node has only presence-state evidence (present->removed) without concrete C source/signature support; GENERATED_FROM-only binding exposure; no TRUE_* oracle.,,
W-000119,SignatureDrift,High,10.8,kmem_cache_alloc_node_noprof,FALSE_POSITIVE,Only absent->added state is shown for kmem_cache_alloc_node_noprof; warnings artifacts lack concrete old/new C signature or source diff. GENERATED_FROM-only binding exposure; no oracle evidence.,FALSE_POSITIVE,Unsupported add/remove warning for kmem_cache_alloc_node_noprof: no concrete C signature/source diff or Rust contract dependence is provided. GENERATED_FROM-only binding exposure; no build/fix oracle.,FALSE_POSITIVE,FALSE_POSITIVE: kmem_cache_alloc_node_noprof has only presence-state evidence (absent->added) without concrete C source/signature support; GENERATED_FROM-only binding exposure; no TRUE_* oracle.,,
W-000120,SignatureDrift,High,10.8,kmem_cache_alloc_noprof,FALSE_POSITIVE,Only absent->added state is shown for kmem_cache_alloc_noprof; warnings artifacts lack concrete old/new C signature or source diff. GENERATED_FROM-only binding exposure; no oracle evidence.,FALSE_POSITIVE,Unsupported add/remove warning for kmem_cache_alloc_noprof: no concrete C signature/source diff or Rust contract dependence is provided. GENERATED_FROM-only binding exposure; no build/fix oracle.,FALSE_POSITIVE,FALSE_POSITIVE: kmem_cache_alloc_noprof has only presence-state evidence (absent->added) without concrete C source/signature support; GENERATED_FROM-only binding exposure; no TRUE_* oracle.,,
W-000122,SignatureDrift,High,10.8,kmemdup_array,BENIGN_DRIFT,"Concrete signature drift for kmemdup_array is shown, but Rust evidence is GENERATED_FROM-only binding exposure. No Rust wrapper call, stale safety contract, build oracle, or fix evidence.",BENIGN_DRIFT,"kmemdup_array has an old/new signature change, yet the evidence does not show a safe/unsafe Rust abstraction depending on it; no build/fix oracle.",BENIGN_DRIFT,"BENIGN_DRIFT: concrete kmemdup_array signature drift is real, but Rust exposure is generated-binding only or weaker with no contract dependence/oracle.",,
W-000123,SignatureDrift,High,10.8,kmemdup_noprof,FALSE_POSITIVE,Only absent->added state is shown for kmemdup_noprof; warnings artifacts lack concrete old/new C signature or source diff. GENERATED_FROM-only binding exposure; no oracle evidence.,FALSE_POSITIVE,Unsupported add/remove warning for kmemdup_noprof: no concrete C signature/source diff or Rust contract dependence is provided. GENERATED_FROM-only binding exposure; no build/fix oracle.,FALSE_POSITIVE,FALSE_POSITIVE: kmemdup_noprof has only presence-state evidence (absent->added) without concrete C source/signature support; GENERATED_FROM-only binding exposure; no TRUE_* oracle.,,
W-000124,SignatureDrift,High,10.8,krealloc_noprof,FALSE_POSITIVE,Only absent->added state is shown for krealloc_noprof; warnings artifacts lack concrete old/new C signature or source diff. GENERATED_FROM-only binding exposure; no oracle evidence.,FALSE_POSITIVE,Unsupported add/remove warning for krealloc_noprof: no concrete C signature/source diff or Rust contract dependence is provided. GENERATED_FROM-only binding exposure; no build/fix oracle.,FALSE_POSITIVE,FALSE_POSITIVE: krealloc_noprof has only presence-state evidence (absent->added) without concrete C source/signature support; GENERATED_FROM-only binding exposure; no TRUE_* oracle.,,
W-000125,SignatureDrift,High,10.8,kvmalloc_node,FALSE_POSITIVE,Only present->removed state is shown for kvmalloc_node; warnings artifacts lack concrete old/new C signature or source diff. GENERATED_FROM-only binding exposure; no oracle evidence.,FALSE_POSITIVE,Unsupported add/remove warning for kvmalloc_node: no concrete C signature/source diff or Rust contract dependence is provided. GENERATED_FROM-only binding exposure; no build/fix oracle.,FALSE_POSITIVE,FALSE_POSITIVE: kvmalloc_node has only presence-state evidence (present->removed) without concrete C source/signature support; GENERATED_FROM-only binding exposure; no TRUE_* oracle.,,
W-000126,SignatureDrift,High,10.8,kvmalloc_node_noprof,FALSE_POSITIVE,Only absent->added state is shown for kvmalloc_node_noprof; warnings artifacts lack concrete old/new C signature or source diff. GENERATED_FROM-only binding exposure; no oracle evidence.,FALSE_POSITIVE,Unsupported add/remove warning for kvmalloc_node_noprof: no concrete C signature/source diff or Rust contract dependence is provided. GENERATED_FROM-only binding exposure; no build/fix oracle.,FALSE_POSITIVE,FALSE_POSITIVE: kvmalloc_node_noprof has only presence-state evidence (absent->added) without concrete C source/signature support; GENERATED_FROM-only binding exposure; no TRUE_* oracle.,,
W-000127,SignatureDrift,High,10.8,kvrealloc,FALSE_POSITIVE,Only present->removed state is shown for kvrealloc; warnings artifacts lack concrete old/new C signature or source diff. GENERATED_FROM-only binding exposure; no oracle evidence.,FALSE_POSITIVE,Unsupported add/remove warning for kvrealloc: no concrete C signature/source diff or Rust contract dependence is provided. GENERATED_FROM-only binding exposure; no build/fix oracle.,FALSE_POSITIVE,FALSE_POSITIVE: kvrealloc has only presence-state evidence (present->removed) without concrete C source/signature support; GENERATED_FROM-only binding exposure; no TRUE_* oracle.,,
W-000128,SignatureDrift,High,10.8,kvrealloc_noprof,FALSE_POSITIVE,Only absent->added state is shown for kvrealloc_noprof; warnings artifacts lack concrete old/new C signature or source diff. GENERATED_FROM-only binding exposure; no oracle evidence.,FALSE_POSITIVE,Unsupported add/remove warning for kvrealloc_noprof: no concrete C signature/source diff or Rust contract dependence is provided. GENERATED_FROM-only binding exposure; no build/fix oracle.,FALSE_POSITIVE,FALSE_POSITIVE: kvrealloc_noprof has only presence-state evidence (absent->added) without concrete C source/signature support; GENERATED_FROM-only binding exposure; no TRUE_* oracle.,,
W-000129,SignatureDrift,High,10.8,lookup_address_in_pgd_attr,FALSE_POSITIVE,Only absent->added state is shown for lookup_address_in_pgd_attr; warnings artifacts lack concrete old/new C signature or source diff. GENERATED_FROM-only binding exposure; no oracle evidence.,FALSE_POSITIVE,Unsupported add/remove warning for lookup_address_in_pgd_attr: no concrete C signature/source diff or Rust contract dependence is provided. GENERATED_FROM-only binding exposure; no build/fix oracle.,FALSE_POSITIVE,FALSE_POSITIVE: lookup_address_in_pgd_attr has only presence-state evidence (absent->added) without concrete C source/signature support; GENERATED_FROM-only binding exposure; no TRUE_* oracle.,,
W-000132,SignatureDrift,High,10.8,mm_get_unmapped_area_vmflags,FALSE_POSITIVE,Only absent->added state is shown for mm_get_unmapped_area_vmflags; warnings artifacts lack concrete old/new C signature or source diff. GENERATED_FROM-only binding exposure; no oracle evidence.,FALSE_POSITIVE,Unsupported add/remove warning for mm_get_unmapped_area_vmflags: no concrete C signature/source diff or Rust contract dependence is provided. GENERATED_FROM-only binding exposure; no build/fix oracle.,FALSE_POSITIVE,FALSE_POSITIVE: mm_get_unmapped_area_vmflags has only presence-state evidence (absent->added) without concrete C source/signature support; GENERATED_FROM-only binding exposure; no TRUE_* oracle.,,
W-000213,FieldDrift,High,10.6,bpf_fib_lookup,BENIGN_DRIFT,"Concrete field drift for bpf_fib_lookup (adds __bindgen_anon_6; removes smac, dmac) is shown, but Rust evidence is GENERATED_FROM-only binding exposure. No safe wrapper/unsafe contract dependence or oracle evidence.",BENIGN_DRIFT,"Real generated struct layout drift for bpf_fib_lookup, but only binding exposure is shown; no Rust abstraction depends on the changed fields and no build/fix oracle exists.",BENIGN_DRIFT,"BENIGN_DRIFT: concrete bpf_fib_lookup field drift is present, but evidence is generated-binding only with no Rust contract dependence or oracle.",,
W-000233,FieldDrift,High,10.4,task_struct,BENIGN_DRIFT,"task_struct adds max_allowed_capacity; Rust Task wraps Opaque<bindings::task_struct> with safety/lifetime context, but no evidence Rust reads the changed field. No oracle.",BENIGN_DRIFT,"Even with Task wrapper context, the drift is an added C field and Rust uses task_struct opaquely; no field/layout contract dependence, build break, or fix evidence.",BENIGN_DRIFT,"BENIGN_DRIFT: real task_struct field addition reaches opaque Task binding context, but Rust does not rely on the added field/layout; no build or wrapper-fix oracle.",,
W-000216,FieldDrift,High,10.2,ctl_table,BENIGN_DRIFT,"Concrete field drift for ctl_table (removes type_) is shown, but Rust evidence is GENERATED_FROM-only binding exposure. No safe wrapper/unsafe contract dependence or oracle evidence.",BENIGN_DRIFT,"Real generated struct layout drift for ctl_table, but only binding exposure is shown; no Rust abstraction depends on the changed fields and no build/fix oracle exists.",BENIGN_DRIFT,"BENIGN_DRIFT: concrete ctl_table field drift is present, but evidence is generated-binding only with no Rust contract dependence or oracle.",,
W-000222,FieldDrift,High,10.0,kstat,BENIGN_DRIFT,"Concrete field drift for kstat (adds subvol) is shown, but Rust evidence is GENERATED_FROM-only binding exposure. No safe wrapper/unsafe contract dependence or oracle evidence.",BENIGN_DRIFT,"Real generated struct layout drift for kstat, but only binding exposure is shown; no Rust abstraction depends on the changed fields and no build/fix oracle exists.",BENIGN_DRIFT,"BENIGN_DRIFT: concrete kstat field drift is present, but evidence is generated-binding only with no Rust contract dependence or oracle.",,
W-000234,FieldDrift,Medium,9.8,ubuf_info,BENIGN_DRIFT,"Concrete field drift for ubuf_info (adds ops; removes callback) is shown, but Rust evidence is GENERATED_FROM-only binding exposure. No safe wrapper/unsafe contract dependence or oracle evidence.",BENIGN_DRIFT,"Real generated struct layout drift for ubuf_info, but only binding exposure is shown; no Rust abstraction depends on the changed fields and no build/fix oracle exists.",BENIGN_DRIFT,"BENIGN_DRIFT: concrete ubuf_info field drift is present, but evidence is generated-binding only with no Rust contract dependence or oracle.",,
W-000217,FieldDrift,Medium,9.4,ctl_table_header,BENIGN_DRIFT,"Concrete field drift for ctl_table_header (adds type_) is shown, but Rust evidence is GENERATED_FROM-only binding exposure. No safe wrapper/unsafe contract dependence or oracle evidence.",BENIGN_DRIFT,"Real generated struct layout drift for ctl_table_header, but only binding exposure is shown; no Rust abstraction depends on the changed fields and no build/fix oracle exists.",BENIGN_DRIFT,"BENIGN_DRIFT: concrete ctl_table_header field drift is present, but evidence is generated-binding only with no Rust contract dependence or oracle.",,
W-000224,FieldDrift,Medium,9.2,kunit_try_catch,BENIGN_DRIFT,"Concrete field drift for kunit_try_catch (changes _bindgen_opaque_blob to _bindgen_opaque_blob or type/order) is shown, but Rust evidence is GENERATED_FROM-only binding exposure. No safe wrapper/unsafe contract dependence or oracle evidence.",BENIGN_DRIFT,"Real generated struct layout drift for kunit_try_catch, but only binding exposure is shown; no Rust abstraction depends on the changed fields and no build/fix oracle exists.",BENIGN_DRIFT,"BENIGN_DRIFT: concrete kunit_try_catch field drift is present, but evidence is generated-binding only with no Rust contract dependence or oracle.",,
W-000235,FieldDrift,Medium,9.2,vm_area_struct,BENIGN_DRIFT,"Concrete field drift for vm_area_struct (changes vm_lock_seq to detached or type/order) is shown, but Rust evidence is GENERATED_FROM-only binding exposure. No safe wrapper/unsafe contract dependence or oracle evidence.",BENIGN_DRIFT,"Real generated struct layout drift for vm_area_struct, but only binding exposure is shown; no Rust abstraction depends on the changed fields and no build/fix oracle exists.",BENIGN_DRIFT,"BENIGN_DRIFT: concrete vm_area_struct field drift is present, but evidence is generated-binding only with no Rust contract dependence or oracle.",,
W-000215,FieldDrift,Medium,9.0,cpuinfo_x86,BENIGN_DRIFT,"Concrete field drift for cpuinfo_x86 (adds __bindgen_anon_2; removes x86, x86_vendor, x86_model) is shown, but Rust evidence is GENERATED_FROM-only binding exposure. No safe wrapper/unsafe contract dependence or oracle evidence.",BENIGN_DRIFT,"Real generated struct layout drift for cpuinfo_x86, but only binding exposure is shown; no Rust abstraction depends on the changed fields and no build/fix oracle exists.",BENIGN_DRIFT,"BENIGN_DRIFT: concrete cpuinfo_x86 field drift is present, but evidence is generated-binding only with no Rust contract dependence or oracle.",,
W-000226,FieldDrift,Medium,9.0,mm_struct__bindgen_ty_1,BENIGN_DRIFT,"Concrete field drift for mm_struct__bindgen_ty_1 (adds iommu_mm; removes get_unmapped_area) is shown, but Rust evidence is GENERATED_FROM-only binding exposure. No safe wrapper/unsafe contract dependence or oracle evidence.",BENIGN_DRIFT,"Real generated struct layout drift for mm_struct__bindgen_ty_1, but only binding exposure is shown; no Rust abstraction depends on the changed fields and no build/fix oracle exists.",BENIGN_DRIFT,"BENIGN_DRIFT: concrete mm_struct__bindgen_ty_1 field drift is present, but evidence is generated-binding only with no Rust contract dependence or oracle.",,
W-000211,FieldDrift,Medium,8.8,block_device,BENIGN_DRIFT,"Concrete field drift for block_device (adds __bd_flags, bd_mapping; removes bd_read_only, bd_partno, bd_write_holder) is shown, but Rust evidence is GENERATED_FROM-only binding exposure. No safe wrapper/unsafe contract dependence or oracle evidence.",BENIGN_DRIFT,"Real generated struct layout drift for block_device, but only binding exposure is shown; no Rust abstraction depends on the changed fields and no build/fix oracle exists.",BENIGN_DRIFT,"BENIGN_DRIFT: concrete block_device field drift is present, but evidence is generated-binding only with no Rust contract dependence or oracle.",,
W-000212,FieldDrift,Medium,8.8,bpf_attr__bindgen_ty_11,BENIGN_DRIFT,"Concrete field drift for bpf_attr__bindgen_ty_11 (adds _bitfield_align_1, _bitfield_1, cookie) is shown, but Rust evidence is GENERATED_FROM-only binding exposure. No safe wrapper/unsafe contract dependence or oracle evidence.",BENIGN_DRIFT,"Real generated struct layout drift for bpf_attr__bindgen_ty_11, but only binding exposure is shown; no Rust abstraction depends on the changed fields and no build/fix oracle exists.",BENIGN_DRIFT,"BENIGN_DRIFT: concrete bpf_attr__bindgen_ty_11 field drift is present, but evidence is generated-binding only with no Rust contract dependence or oracle.",,
W-000214,FieldDrift,Medium,8.8,btf_record,BENIGN_DRIFT,"Concrete field drift for btf_record (adds wq_off) is shown, but Rust evidence is GENERATED_FROM-only binding exposure. No safe wrapper/unsafe contract dependence or oracle evidence.",BENIGN_DRIFT,"Real generated struct layout drift for btf_record, but only binding exposure is shown; no Rust abstraction depends on the changed fields and no build/fix oracle exists.",BENIGN_DRIFT,"BENIGN_DRIFT: concrete btf_record field drift is present, but evidence is generated-binding only with no Rust contract dependence or oracle.",,
W-000218,FieldDrift,Medium,8.8,ethtool_ops,BENIGN_DRIFT,"Concrete field drift for ethtool_ops (adds get_ts_stats) is shown, but Rust evidence is GENERATED_FROM-only binding exposure. No safe wrapper/unsafe contract dependence or oracle evidence.",BENIGN_DRIFT,"Real generated struct layout drift for ethtool_ops, but only binding exposure is shown; no Rust abstraction depends on the changed fields and no build/fix oracle exists.",BENIGN_DRIFT,"BENIGN_DRIFT: concrete ethtool_ops field drift is present, but evidence is generated-binding only with no Rust contract dependence or oracle.",,
W-000219,FieldDrift,Medium,8.8,file_operations,BENIGN_DRIFT,"Concrete field drift for file_operations (adds fop_flags; removes mmap_supported_flags) is shown, but Rust evidence is GENERATED_FROM-only binding exposure. No safe wrapper/unsafe contract dependence or oracle evidence.",BENIGN_DRIFT,"Real generated struct layout drift for file_operations, but only binding exposure is shown; no Rust abstraction depends on the changed fields and no build/fix oracle exists.",BENIGN_DRIFT,"BENIGN_DRIFT: concrete file_operations field drift is present, but evidence is generated-binding only with no Rust contract dependence or oracle.",,
W-000220,FieldDrift,Medium,8.8,flow_dissector_key_enc_opts,BENIGN_DRIFT,"Concrete field drift for flow_dissector_key_enc_opts (changes dst_opt_type to dst_opt_type or type/order) is shown, but Rust evidence is GENERATED_FROM-only binding exposure. No safe wrapper/unsafe contract dependence or oracle evidence.",BENIGN_DRIFT,"Real generated struct layout drift for flow_dissector_key_enc_opts, but only binding exposure is shown; no Rust abstraction depends on the changed fields and no build/fix oracle exists.",BENIGN_DRIFT,"BENIGN_DRIFT: concrete flow_dissector_key_enc_opts field drift is present, but evidence is generated-binding only with no Rust contract dependence or oracle.",,
W-000221,FieldDrift,Medium,8.8,folio__bindgen_ty_2__bindgen_ty_1,BENIGN_DRIFT,"Concrete field drift for folio__bindgen_ty_2__bindgen_ty_1 (adds _large_mapcount; removes _folio_avail) is shown, but Rust evidence is GENERATED_FROM-only binding exposure. No safe wrapper/unsafe contract dependence or oracle evidence.",BENIGN_DRIFT,"Real generated struct layout drift for folio__bindgen_ty_2__bindgen_ty_1, but only binding exposure is shown; no Rust abstraction depends on the changed fields and no build/fix oracle exists.",BENIGN_DRIFT,"BENIGN_DRIFT: concrete folio__bindgen_ty_2__bindgen_ty_1 field drift is present, but evidence is generated-binding only with no Rust contract dependence or oracle.",,
W-000227,FieldDrift,Medium,8.8,mmu_notifier_ops,BENIGN_DRIFT,"Concrete field drift for mmu_notifier_ops (removes change_pte) is shown, but Rust evidence is GENERATED_FROM-only binding exposure. No safe wrapper/unsafe contract dependence or oracle evidence.",BENIGN_DRIFT,"Real generated struct layout drift for mmu_notifier_ops, but only binding exposure is shown; no Rust abstraction depends on the changed fields and no build/fix oracle exists.",BENIGN_DRIFT,"BENIGN_DRIFT: concrete mmu_notifier_ops field drift is present, but evidence is generated-binding only with no Rust contract dependence or oracle.",,
W-000228,FieldDrift,Medium,8.8,per_cpu_nodestat,BENIGN_DRIFT,"Concrete field drift for per_cpu_nodestat (changes vm_node_stat_diff to vm_node_stat_diff or type/order) is shown, but Rust evidence is GENERATED_FROM-only binding exposure. No safe wrapper/unsafe contract dependence or oracle evidence.",BENIGN_DRIFT,"Real generated struct layout drift for per_cpu_nodestat, but only binding exposure is shown; no Rust abstraction depends on the changed fields and no build/fix oracle exists.",BENIGN_DRIFT,"BENIGN_DRIFT: concrete per_cpu_nodestat field drift is present, but evidence is generated-binding only with no Rust contract dependence or oracle.",,
W-000229,FieldDrift,Medium,8.8,pglist_data,BENIGN_DRIFT,"Concrete field drift for pglist_data (changes vm_stat to vm_stat or type/order) is shown, but Rust evidence is GENERATED_FROM-only binding exposure. No safe wrapper/unsafe contract dependence or oracle evidence.",BENIGN_DRIFT,"Real generated struct layout drift for pglist_data, but only binding exposure is shown; no Rust abstraction depends on the changed fields and no build/fix oracle exists.",BENIGN_DRIFT,"BENIGN_DRIFT: concrete pglist_data field drift is present, but evidence is generated-binding only with no Rust contract dependence or oracle.",,
W-000230,FieldDrift,Medium,8.8,scm_fp_list,BENIGN_DRIFT,"Concrete field drift for scm_fp_list (adds inflight, dead, vertices, edges) is shown, but Rust evidence is GENERATED_FROM-only binding exposure. No safe wrapper/unsafe contract dependence or oracle evidence.",BENIGN_DRIFT,"Real generated struct layout drift for scm_fp_list, but only binding exposure is shown; no Rust abstraction depends on the changed fields and no build/fix oracle exists.",BENIGN_DRIFT,"BENIGN_DRIFT: concrete scm_fp_list field drift is present, but evidence is generated-binding only with no Rust contract dependence or oracle.",,
W-000232,FieldDrift,Medium,8.8,super_block,BENIGN_DRIFT,"Concrete field drift for super_block (adds s_fsnotify_info; removes s_fsnotify_marks, s_fsnotify_connectors) is shown, but Rust evidence is GENERATED_FROM-only binding exposure. No safe wrapper/unsafe contract dependence or oracle evidence.",BENIGN_DRIFT,"Real generated struct layout drift for super_block, but only binding exposure is shown; no Rust abstraction depends on the changed fields and no build/fix oracle exists.",BENIGN_DRIFT,"BENIGN_DRIFT: concrete super_block field drift is present, but evidence is generated-binding only with no Rust contract dependence or oracle.",,
W-000236,FieldDrift,Medium,8.8,vm_struct,BENIGN_DRIFT,"Concrete field drift for vm_struct (removes next, addr, size, flags) is shown, but Rust evidence is GENERATED_FROM-only binding exposure. No safe wrapper/unsafe contract dependence or oracle evidence.",BENIGN_DRIFT,"Real generated struct layout drift for vm_struct, but only binding exposure is shown; no Rust abstraction depends on the changed fields and no build/fix oracle exists.",BENIGN_DRIFT,"BENIGN_DRIFT: concrete vm_struct field drift is present, but evidence is generated-binding only with no Rust contract dependence or oracle.",,
W-000237,FieldDrift,Medium,8.8,vm_unmapped_area_info,BENIGN_DRIFT,"Concrete field drift for vm_unmapped_area_info (adds start_gap) is shown, but Rust evidence is GENERATED_FROM-only binding exposure. No safe wrapper/unsafe contract dependence or oracle evidence.",BENIGN_DRIFT,"Real generated struct layout drift for vm_unmapped_area_info, but only binding exposure is shown; no Rust abstraction depends on the changed fields and no build/fix oracle exists.",BENIGN_DRIFT,"BENIGN_DRIFT: concrete vm_unmapped_area_info field drift is present, but evidence is generated-binding only with no Rust contract dependence or oracle.",,
W-000238,FieldDrift,Medium,8.8,x86_cpu_id,BENIGN_DRIFT,"Concrete field drift for x86_cpu_id (adds flags) is shown, but Rust evidence is GENERATED_FROM-only binding exposure. No safe wrapper/unsafe contract dependence or oracle evidence.",BENIGN_DRIFT,"Real generated struct layout drift for x86_cpu_id, but only binding exposure is shown; no Rust abstraction depends on the changed fields and no build/fix oracle exists.",BENIGN_DRIFT,"BENIGN_DRIFT: concrete x86_cpu_id field drift is present, but evidence is generated-binding only with no Rust contract dependence or oracle.",,
W-000287,MacroConstDrift,Medium,8.4,cpuhp_state_CPUHP_AP_ONLINE,BENIGN_DRIFT,"Macro value drift for cpuhp_state_CPUHP_AP_ONLINE (142->143) is concrete, but Rust evidence is GENERATED_FROM-only binding exposure. No wrapper/unsafe contract or oracle evidence.",BENIGN_DRIFT,"cpuhp_state_CPUHP_AP_ONLINE changes value, but the replay shows only generated constant exposure and no Rust-side contract dependence, build break, or wrapper fix.",BENIGN_DRIFT,"BENIGN_DRIFT: concrete macro value drift for cpuhp_state_CPUHP_AP_ONLINE, but only generated const/binding exposure and no TRUE_* oracle or contract dependence.",,
W-000288,MacroConstDrift,Medium,8.0,cpuhp_state_CPUHP_AP_ONLINE_DYN,BENIGN_DRIFT,"Macro value drift for cpuhp_state_CPUHP_AP_ONLINE_DYN (191->192) is concrete, but Rust evidence is GENERATED_FROM-only binding exposure. No wrapper/unsafe contract or oracle evidence.",BENIGN_DRIFT,"cpuhp_state_CPUHP_AP_ONLINE_DYN changes value, but the replay shows only generated constant exposure and no Rust-side contract dependence, build break, or wrapper fix.",BENIGN_DRIFT,"BENIGN_DRIFT: concrete macro value drift for cpuhp_state_CPUHP_AP_ONLINE_DYN, but only generated const/binding exposure and no TRUE_* oracle or contract dependence.",,
W-000374,MacroConstDrift,Medium,8.0,pageflags_PG_private,BENIGN_DRIFT,"Macro value drift for pageflags_PG_private (15->14) is concrete, but Rust evidence is GENERATED_FROM-only binding exposure. No wrapper/unsafe contract or oracle evidence.",BENIGN_DRIFT,"pageflags_PG_private changes value, but the replay shows only generated constant exposure and no Rust-side contract dependence, build break, or wrapper fix.",BENIGN_DRIFT,"BENIGN_DRIFT: concrete macro value drift for pageflags_PG_private, but only generated const/binding exposure and no TRUE_* oracle or contract dependence.",,
W-000239,MacroConstDrift,Medium,7.8,BASE_PREFETCH,BENIGN_DRIFT,"Macro value drift for BASE_PREFETCH (b""prefetcht0 %P1\0""->b""prefetcht0 %1\0"") is concrete, but Rust evidence is GENERATED_FROM-only binding exposure. No wrapper/unsafe contract or oracle evidence.",BENIGN_DRIFT,"BASE_PREFETCH changes value, but the replay shows only generated constant exposure and no Rust-side contract dependence, build break, or wrapper fix.",BENIGN_DRIFT,"BENIGN_DRIFT: concrete macro value drift for BASE_PREFETCH, but only generated const/binding exposure and no TRUE_* oracle or contract dependence.",,
W-000240,MacroConstDrift,Medium,7.8,BIO_FLAG_LAST,BENIGN_DRIFT,"Macro value drift for BIO_FLAG_LAST (13->14) is concrete, but Rust evidence is GENERATED_FROM-only binding exposure. No wrapper/unsafe contract or oracle evidence.",BENIGN_DRIFT,"BIO_FLAG_LAST changes value, but the replay shows only generated constant exposure and no Rust-side contract dependence, build break, or wrapper fix.",BENIGN_DRIFT,"BENIGN_DRIFT: concrete macro value drift for BIO_FLAG_LAST, but only generated const/binding exposure and no TRUE_* oracle or contract dependence.",,
W-000241,MacroConstDrift,Medium,7.8,BTF_FIELDS_MAX,BENIGN_DRIFT,"Macro value drift for BTF_FIELDS_MAX (10->11) is concrete, but Rust evidence is GENERATED_FROM-only binding exposure. No wrapper/unsafe contract or oracle evidence.",BENIGN_DRIFT,"BTF_FIELDS_MAX changes value, but the replay shows only generated constant exposure and no Rust-side contract dependence, build break, or wrapper fix.",BENIGN_DRIFT,"BENIGN_DRIFT: concrete macro value drift for BTF_FIELDS_MAX, but only generated const/binding exposure and no TRUE_* oracle or contract dependence.",,
W-000242,MacroConstDrift,Medium,7.8,CONFIG_RUSTC_VERSION_TEXT,BENIGN_DRIFT,"Macro value drift for CONFIG_RUSTC_VERSION_TEXT (b""rustc 1.76.0 (07dca489a 2024-02-04)\0""->b""rustc 1.78.0 (9b00956e5 2024-04-29)\0"") is concrete, but Rust evidence is GENERATED_FROM-only binding exposure. No wrapper/unsafe contract or oracle evidence.",BENIGN_DRIFT,"CONFIG_RUSTC_VERSION_TEXT changes value, but the replay shows only generated constant exposure and no Rust-side contract dependence, build break, or wrapper fix.",BENIGN_DRIFT,"BENIGN_DRIFT: concrete macro value drift for CONFIG_RUSTC_VERSION_TEXT, but only generated const/binding exposure and no TRUE_* oracle or contract dependence.",,
W-000243,MacroConstDrift,Medium,7.8,FIRST_SYSTEM_VECTOR,BENIGN_DRIFT,"Macro value drift for FIRST_SYSTEM_VECTOR (236->235) is concrete, but Rust evidence is GENERATED_FROM-only binding exposure. No wrapper/unsafe contract or oracle evidence.",BENIGN_DRIFT,"FIRST_SYSTEM_VECTOR changes value, but the replay shows only generated constant exposure and no Rust-side contract dependence, build break, or wrapper fix.",BENIGN_DRIFT,"BENIGN_DRIFT: concrete macro value drift for FIRST_SYSTEM_VECTOR, but only generated const/binding exposure and no TRUE_* oracle or contract dependence.",,
W-000244,MacroConstDrift,Medium,7.8,IA32_NR_syscalls,BENIGN_DRIFT,"Macro value drift for IA32_NR_syscalls (462->463) is concrete, but Rust evidence is GENERATED_FROM-only binding exposure. No wrapper/unsafe contract or oracle evidence.",BENIGN_DRIFT,"IA32_NR_syscalls changes value, but the replay shows only generated constant exposure and no Rust-side contract dependence, build break, or wrapper fix.",BENIGN_DRIFT,"BENIGN_DRIFT: concrete macro value drift for IA32_NR_syscalls, but only generated const/binding exposure and no TRUE_* oracle or contract dependence.",,
W-000245,MacroConstDrift,Medium,7.8,MMF_INIT_MASK,BENIGN_DRIFT,"Macro value drift for MMF_INIT_MASK (1358956543->3506440191) is concrete, but Rust evidence is GENERATED_FROM-only binding exposure. No wrapper/unsafe contract or oracle evidence.",BENIGN_DRIFT,"MMF_INIT_MASK changes value, but the replay shows only generated constant exposure and no Rust-side contract dependence, build break, or wrapper fix.",BENIGN_DRIFT,"BENIGN_DRIFT: concrete macro value drift for MMF_INIT_MASK, but only generated const/binding exposure and no TRUE_* oracle or contract dependence.",,
W-000246,MacroConstDrift,Medium,7.8,NR_EXTERNAL_VECTORS,BENIGN_DRIFT,"Macro value drift for NR_EXTERNAL_VECTORS (204->203) is concrete, but Rust evidence is GENERATED_FROM-only binding exposure. No wrapper/unsafe contract or oracle evidence.",BENIGN_DRIFT,"NR_EXTERNAL_VECTORS changes value, but the replay shows only generated constant exposure and no Rust-side contract dependence, build break, or wrapper fix.",BENIGN_DRIFT,"BENIGN_DRIFT: concrete macro value drift for NR_EXTERNAL_VECTORS, but only generated const/binding exposure and no TRUE_* oracle or contract dependence.",,
W-000247,MacroConstDrift,Medium,7.8,NR_PAGEFLAGS,BENIGN_DRIFT,"Macro value drift for NR_PAGEFLAGS (23->22) is concrete, but Rust evidence is GENERATED_FROM-only binding exposure. No wrapper/unsafe contract or oracle evidence.",BENIGN_DRIFT,"NR_PAGEFLAGS changes value, but the replay shows only generated constant exposure and no Rust-side contract dependence, build break, or wrapper fix.",BENIGN_DRIFT,"BENIGN_DRIFT: concrete macro value drift for NR_PAGEFLAGS, but only generated const/binding exposure and no TRUE_* oracle or contract dependence.",,
W-000248,MacroConstDrift,Medium,7.8,NR_SYSTEM_VECTORS,BENIGN_DRIFT,"Macro value drift for NR_SYSTEM_VECTORS (20->21) is concrete, but Rust evidence is GENERATED_FROM-only binding exposure. No wrapper/unsafe contract or oracle evidence.",BENIGN_DRIFT,"NR_SYSTEM_VECTORS changes value, but the replay shows only generated constant exposure and no Rust-side contract dependence, build break, or wrapper fix.",BENIGN_DRIFT,"BENIGN_DRIFT: concrete macro value drift for NR_SYSTEM_VECTORS, but only generated const/binding exposure and no TRUE_* oracle or contract dependence.",,
W-000249,MacroConstDrift,Medium,7.8,NR_syscalls,BENIGN_DRIFT,"Macro value drift for NR_syscalls (462->463) is concrete, but Rust evidence is GENERATED_FROM-only binding exposure. No wrapper/unsafe contract or oracle evidence.",BENIGN_DRIFT,"NR_syscalls changes value, but the replay shows only generated constant exposure and no Rust-side contract dependence, build break, or wrapper fix.",BENIGN_DRIFT,"BENIGN_DRIFT: concrete macro value drift for NR_syscalls, but only generated const/binding exposure and no TRUE_* oracle or contract dependence.",,
W-000250,MacroConstDrift,Medium,7.8,PAGEFLAGS_MASK,BENIGN_DRIFT,"Macro value drift for PAGEFLAGS_MASK (8388607->4194303) is concrete, but Rust evidence is GENERATED_FROM-only binding exposure. No wrapper/unsafe contract or oracle evidence.",BENIGN_DRIFT,"PAGEFLAGS_MASK changes value, but the replay shows only generated constant exposure and no Rust-side contract dependence, build break, or wrapper fix.",BENIGN_DRIFT,"BENIGN_DRIFT: concrete macro value drift for PAGEFLAGS_MASK, but only generated const/binding exposure and no TRUE_* oracle or contract dependence.",,
W-000251,MacroConstDrift,Medium,7.8,__NR_ia32_syscalls,BENIGN_DRIFT,"Macro value drift for __NR_ia32_syscalls (462->463) is concrete, but Rust evidence is GENERATED_FROM-only binding exposure. No wrapper/unsafe contract or oracle evidence.",BENIGN_DRIFT,"__NR_ia32_syscalls changes value, but the replay shows only generated constant exposure and no Rust-side contract dependence, build break, or wrapper fix.",BENIGN_DRIFT,"BENIGN_DRIFT: concrete macro value drift for __NR_ia32_syscalls, but only generated const/binding exposure and no TRUE_* oracle or contract dependence.",,
W-000252,MacroConstDrift,Medium,7.8,__NR_syscalls,BENIGN_DRIFT,"Macro value drift for __NR_syscalls (462->463) is concrete, but Rust evidence is GENERATED_FROM-only binding exposure. No wrapper/unsafe contract or oracle evidence.",BENIGN_DRIFT,"__NR_syscalls changes value, but the replay shows only generated constant exposure and no Rust-side contract dependence, build break, or wrapper fix.",BENIGN_DRIFT,"BENIGN_DRIFT: concrete macro value drift for __NR_syscalls, but only generated const/binding exposure and no TRUE_* oracle or contract dependence.",,
W-000253,MacroConstDrift,Medium,7.8,bpf_attach_type___MAX_BPF_ATTACH_TYPE,BENIGN_DRIFT,"Macro value drift for bpf_attach_type___MAX_BPF_ATTACH_TYPE (56->57) is concrete, but Rust evidence is GENERATED_FROM-only binding exposure. No wrapper/unsafe contract or oracle evidence.",BENIGN_DRIFT,"bpf_attach_type___MAX_BPF_ATTACH_TYPE changes value, but the replay shows only generated constant exposure and no Rust-side contract dependence, build break, or wrapper fix.",BENIGN_DRIFT,"BENIGN_DRIFT: concrete macro value drift for bpf_attach_type___MAX_BPF_ATTACH_TYPE, but only generated const/binding exposure and no TRUE_* oracle or contract dependence.",,
W-000254,MacroConstDrift,Medium,7.8,bpf_link_type___MAX_BPF_LINK_TYPE,BENIGN_DRIFT,"Macro value drift for bpf_link_type___MAX_BPF_LINK_TYPE (14->15) is concrete, but Rust evidence is GENERATED_FROM-only binding exposure. No wrapper/unsafe contract or oracle evidence.",BENIGN_DRIFT,"bpf_link_type___MAX_BPF_LINK_TYPE changes value, but the replay shows only generated constant exposure and no Rust-side contract dependence, build break, or wrapper fix.",BENIGN_DRIFT,"BENIGN_DRIFT: concrete macro value drift for bpf_link_type___MAX_BPF_LINK_TYPE, but only generated const/binding exposure and no TRUE_* oracle or contract dependence.",,
W-000255,MacroConstDrift,Medium,7.8,cpu_idle_type_CPU_IDLE,BENIGN_DRIFT,"Macro value drift for cpu_idle_type_CPU_IDLE (0->1) is concrete, but Rust evidence is GENERATED_FROM-only binding exposure. No wrapper/unsafe contract or oracle evidence.",BENIGN_DRIFT,"cpu_idle_type_CPU_IDLE changes value, but the replay shows only generated constant exposure and no Rust-side contract dependence, build break, or wrapper fix.",BENIGN_DRIFT,"BENIGN_DRIFT: concrete macro value drift for cpu_idle_type_CPU_IDLE, but only generated const/binding exposure and no TRUE_* oracle or contract dependence.",,
W-000256,MacroConstDrift,Medium,7.8,cpuhp_state_CPUHP_AP_ACTIVE,BENIGN_DRIFT,"Macro value drift for cpuhp_state_CPUHP_AP_ACTIVE (234->235) is concrete, but Rust evidence is GENERATED_FROM-only binding exposure. No wrapper/unsafe contract or oracle evidence.",BENIGN_DRIFT,"cpuhp_state_CPUHP_AP_ACTIVE changes value, but the replay shows only generated constant exposure and no Rust-side contract dependence, build break, or wrapper fix.",BENIGN_DRIFT,"BENIGN_DRIFT: concrete macro value drift for cpuhp_state_CPUHP_AP_ACTIVE, but only generated const/binding exposure and no TRUE_* oracle or contract dependence.",,
W-000257,MacroConstDrift,Medium,7.8,cpuhp_state_CPUHP_AP_ARC_TIMER_STARTING,BENIGN_DRIFT,"Macro value drift for cpuhp_state_CPUHP_AP_ARC_TIMER_STARTING (125->126) is concrete, but Rust evidence is GENERATED_FROM-only binding exposure. No wrapper/unsafe contract or oracle evidence.",BENIGN_DRIFT,"cpuhp_state_CPUHP_AP_ARC_TIMER_STARTING changes value, but the replay shows only generated constant exposure and no Rust-side contract dependence, build break, or wrapper fix.",BENIGN_DRIFT,"BENIGN_DRIFT: concrete macro value drift for cpuhp_state_CPUHP_AP_ARC_TIMER_STARTING, but only generated const/binding exposure and no TRUE_* oracle or contract dependence.",,
W-000258,MacroConstDrift,Medium,7.8,cpuhp_state_CPUHP_AP_ARM64_DEBUG_MONITORS_STARTING,BENIGN_DRIFT,"Macro value drift for cpuhp_state_CPUHP_AP_ARM64_DEBUG_MONITORS_STARTING (109->110) is concrete, but Rust evidence is GENERATED_FROM-only binding exposure. No wrapper/unsafe contract or oracle evidence.",BENIGN_DRIFT,"cpuhp_state_CPUHP_AP_ARM64_DEBUG_MONITORS_STARTING changes value, but the replay shows only generated constant exposure and no Rust-side contract dependence, build break, or wrapper fix.",BENIGN_DRIFT,"BENIGN_DRIFT: concrete macro value drift for cpuhp_state_CPUHP_AP_ARM64_DEBUG_MONITORS_STARTING, but only generated const/binding exposure and no TRUE_* oracle or contract dependence.",,
W-000259,MacroConstDrift,Medium,7.8,cpuhp_state_CPUHP_AP_ARM64_ISNDEP_STARTING,BENIGN_DRIFT,"Macro value drift for cpuhp_state_CPUHP_AP_ARM64_ISNDEP_STARTING (136->137) is concrete, but Rust evidence is GENERATED_FROM-only binding exposure. No wrapper/unsafe contract or oracle evidence.",BENIGN_DRIFT,"cpuhp_state_CPUHP_AP_ARM64_ISNDEP_STARTING changes value, but the replay shows only generated constant exposure and no Rust-side contract dependence, build break, or wrapper fix.",BENIGN_DRIFT,"BENIGN_DRIFT: concrete macro value drift for cpuhp_state_CPUHP_AP_ARM64_ISNDEP_STARTING, but only generated const/binding exposure and no TRUE_* oracle or contract dependence.",,
W-000260,MacroConstDrift,Medium,7.8,cpuhp_state_CPUHP_AP_ARMADA_TIMER_STARTING,BENIGN_DRIFT,"Macro value drift for cpuhp_state_CPUHP_AP_ARMADA_TIMER_STARTING (123->124) is concrete, but Rust evidence is GENERATED_FROM-only binding exposure. No wrapper/unsafe contract or oracle evidence.",BENIGN_DRIFT,"cpuhp_state_CPUHP_AP_ARMADA_TIMER_STARTING changes value, but the replay shows only generated constant exposure and no Rust-side contract dependence, build break, or wrapper fix.",BENIGN_DRIFT,"BENIGN_DRIFT: concrete macro value drift for cpuhp_state_CPUHP_AP_ARMADA_TIMER_STARTING, but only generated const/binding exposure and no TRUE_* oracle or contract dependence.",,
W-000261,MacroConstDrift,Medium,7.8,cpuhp_state_CPUHP_AP_ARM_ARCH_TIMER_EVTSTRM_STARTING,BENIGN_DRIFT,"Macro value drift for cpuhp_state_CPUHP_AP_ARM_ARCH_TIMER_EVTSTRM_STARTING (117->118) is concrete, but Rust evidence is GENERATED_FROM-only binding exposure. No wrapper/unsafe contract or oracle evidence.",BENIGN_DRIFT,"cpuhp_state_CPUHP_AP_ARM_ARCH_TIMER_EVTSTRM_STARTING changes value, but the replay shows only generated constant exposure and no Rust-side contract dependence, build break, or wrapper fix.",BENIGN_DRIFT,"BENIGN_DRIFT: concrete macro value drift for cpuhp_state_CPUHP_AP_ARM_ARCH_TIMER_EVTSTRM_STARTING, but only generated const/binding exposure and no TRUE_* oracle or contract dependence.",,
W-000262,MacroConstDrift,Medium,7.8,cpuhp_state_CPUHP_AP_ARM_ARCH_TIMER_STARTING,BENIGN_DRIFT,"Macro value drift for cpuhp_state_CPUHP_AP_ARM_ARCH_TIMER_STARTING (116->117) is concrete, but Rust evidence is GENERATED_FROM-only binding exposure. No wrapper/unsafe contract or oracle evidence.",BENIGN_DRIFT,"cpuhp_state_CPUHP_AP_ARM_ARCH_TIMER_STARTING changes value, but the replay shows only generated constant exposure and no Rust-side contract dependence, build break, or wrapper fix.",BENIGN_DRIFT,"BENIGN_DRIFT: concrete macro value drift for cpuhp_state_CPUHP_AP_ARM_ARCH_TIMER_STARTING, but only generated const/binding exposure and no TRUE_* oracle or contract dependence.",,
W-000263,MacroConstDrift,Medium,7.8,cpuhp_state_CPUHP_AP_ARM_CACHE_B15_RAC_DYING,BENIGN_DRIFT,"Macro value drift for cpuhp_state_CPUHP_AP_ARM_CACHE_B15_RAC_DYING (141->142) is concrete, but Rust evidence is GENERATED_FROM-only binding exposure. No wrapper/unsafe contract or oracle evidence.",BENIGN_DRIFT,"cpuhp_state_CPUHP_AP_ARM_CACHE_B15_RAC_DYING changes value, but the replay shows only generated constant exposure and no Rust-side contract dependence, build break, or wrapper fix.",BENIGN_DRIFT,"BENIGN_DRIFT: concrete macro value drift for cpuhp_state_CPUHP_AP_ARM_CACHE_B15_RAC_DYING, but only generated const/binding exposure and no TRUE_* oracle or contract dependence.",,
W-000264,MacroConstDrift,Medium,7.8,cpuhp_state_CPUHP_AP_ARM_CORESIGHT_CTI_STARTING,BENIGN_DRIFT,"Macro value drift for cpuhp_state_CPUHP_AP_ARM_CORESIGHT_CTI_STARTING (135->136) is concrete, but Rust evidence is GENERATED_FROM-only binding exposure. No wrapper/unsafe contract or oracle evidence.",BENIGN_DRIFT,"cpuhp_state_CPUHP_AP_ARM_CORESIGHT_CTI_STARTING changes value, but the replay shows only generated constant exposure and no Rust-side contract dependence, build break, or wrapper fix.",BENIGN_DRIFT,"BENIGN_DRIFT: concrete macro value drift for cpuhp_state_CPUHP_AP_ARM_CORESIGHT_CTI_STARTING, but only generated const/binding exposure and no TRUE_* oracle or contract dependence.",,
W-000265,MacroConstDrift,Medium,7.8,cpuhp_state_CPUHP_AP_ARM_CORESIGHT_STARTING,BENIGN_DRIFT,"Macro value drift for cpuhp_state_CPUHP_AP_ARM_CORESIGHT_STARTING (134->135) is concrete, but Rust evidence is GENERATED_FROM-only binding exposure. No wrapper/unsafe contract or oracle evidence.",BENIGN_DRIFT,"cpuhp_state_CPUHP_AP_ARM_CORESIGHT_STARTING changes value, but the replay shows only generated constant exposure and no Rust-side contract dependence, build break, or wrapper fix.",BENIGN_DRIFT,"BENIGN_DRIFT: concrete macro value drift for cpuhp_state_CPUHP_AP_ARM_CORESIGHT_STARTING, but only generated const/binding exposure and no TRUE_* oracle or contract dependence.",,
W-000266,MacroConstDrift,Medium,7.8,cpuhp_state_CPUHP_AP_ARM_GLOBAL_TIMER_STARTING,BENIGN_DRIFT,"Macro value drift for cpuhp_state_CPUHP_AP_ARM_GLOBAL_TIMER_STARTING (118->119) is concrete, but Rust evidence is GENERATED_FROM-only binding exposure. No wrapper/unsafe contract or oracle evidence.",BENIGN_DRIFT,"cpuhp_state_CPUHP_AP_ARM_GLOBAL_TIMER_STARTING changes value, but the replay shows only generated constant exposure and no Rust-side contract dependence, build break, or wrapper fix.",BENIGN_DRIFT,"BENIGN_DRIFT: concrete macro value drift for cpuhp_state_CPUHP_AP_ARM_GLOBAL_TIMER_STARTING, but only generated const/binding exposure and no TRUE_* oracle or contract dependence.",,
W-000267,MacroConstDrift,Medium,7.8,cpuhp_state_CPUHP_AP_ARM_L2X0_STARTING,BENIGN_DRIFT,"Macro value drift for cpuhp_state_CPUHP_AP_ARM_L2X0_STARTING (114->115) is concrete, but Rust evidence is GENERATED_FROM-only binding exposure. No wrapper/unsafe contract or oracle evidence.",BENIGN_DRIFT,"cpuhp_state_CPUHP_AP_ARM_L2X0_STARTING changes value, but the replay shows only generated constant exposure and no Rust-side contract dependence, build break, or wrapper fix.",BENIGN_DRIFT,"BENIGN_DRIFT: concrete macro value drift for cpuhp_state_CPUHP_AP_ARM_L2X0_STARTING, but only generated const/binding exposure and no TRUE_* oracle or contract dependence.",,
W-000268,MacroConstDrift,Medium,7.8,cpuhp_state_CPUHP_AP_ARM_MVEBU_COHERENCY,BENIGN_DRIFT,"Macro value drift for cpuhp_state_CPUHP_AP_ARM_MVEBU_COHERENCY (102->103) is concrete, but Rust evidence is GENERATED_FROM-only binding exposure. No wrapper/unsafe contract or oracle evidence.",BENIGN_DRIFT,"cpuhp_state_CPUHP_AP_ARM_MVEBU_COHERENCY changes value, but the replay shows only generated constant exposure and no Rust-side contract dependence, build break, or wrapper fix.",BENIGN_DRIFT,"BENIGN_DRIFT: concrete macro value drift for cpuhp_state_CPUHP_AP_ARM_MVEBU_COHERENCY, but only generated const/binding exposure and no TRUE_* oracle or contract dependence.",,
W-000133,SignatureDrift,High,10.8,module_address_lookup,BENIGN_DRIFT,"Concrete signature drift for module_address_lookup is shown, but Rust evidence is GENERATED_FROM-only binding exposure. No Rust wrapper call, stale safety contract, build oracle, or fix evidence.",BENIGN_DRIFT,"module_address_lookup has an old/new signature change, yet the evidence does not show a safe/unsafe Rust abstraction depending on it; no build/fix oracle.",BENIGN_DRIFT,"BENIGN_DRIFT: concrete module_address_lookup signature drift is real, but Rust exposure is generated-binding only or weaker with no contract dependence/oracle.",,
W-000135,SignatureDrift,High,10.8,napi_alloc_skb,FALSE_POSITIVE,Only absent->added state is shown for napi_alloc_skb; warnings artifacts lack concrete old/new C signature or source diff. GENERATED_FROM-only binding exposure; no oracle evidence.,FALSE_POSITIVE,Unsupported add/remove warning for napi_alloc_skb: no concrete C signature/source diff or Rust contract dependence is provided. GENERATED_FROM-only binding exposure; no build/fix oracle.,FALSE_POSITIVE,FALSE_POSITIVE: napi_alloc_skb has only presence-state evidence (absent->added) without concrete C source/signature support; GENERATED_FROM-only binding exposure; no TRUE_* oracle.,,
W-000137,SignatureDrift,High,10.8,numa_fill_memblks,FALSE_POSITIVE,Only absent->added state is shown for numa_fill_memblks; warnings artifacts lack concrete old/new C signature or source diff. GENERATED_FROM-only binding exposure; no oracle evidence.,FALSE_POSITIVE,Unsupported add/remove warning for numa_fill_memblks: no concrete C signature/source diff or Rust contract dependence is provided. GENERATED_FROM-only binding exposure; no build/fix oracle.,FALSE_POSITIVE,FALSE_POSITIVE: numa_fill_memblks has only presence-state evidence (absent->added) without concrete C source/signature support; GENERATED_FROM-only binding exposure; no TRUE_* oracle.,,
W-000138,SignatureDrift,High,10.8,offset,FALSE_POSITIVE,Only present->removed state is shown for offset; warnings artifacts lack concrete old/new C signature or source diff. GENERATED_FROM-only binding exposure; no oracle evidence.,FALSE_POSITIVE,Unsupported add/remove warning for offset: no concrete C signature/source diff or Rust contract dependence is provided. GENERATED_FROM-only binding exposure; no build/fix oracle.,FALSE_POSITIVE,FALSE_POSITIVE: offset has only presence-state evidence (present->removed) without concrete C source/signature support; GENERATED_FROM-only binding exposure; no TRUE_* oracle.,,
W-000139,SignatureDrift,High,10.8,pasid_activated,FALSE_POSITIVE,Only absent->added state is shown for pasid_activated; warnings artifacts lack concrete old/new C signature or source diff. GENERATED_FROM-only binding exposure; no oracle evidence.,FALSE_POSITIVE,Unsupported add/remove warning for pasid_activated: no concrete C signature/source diff or Rust contract dependence is provided. GENERATED_FROM-only binding exposure; no build/fix oracle.,FALSE_POSITIVE,FALSE_POSITIVE: pasid_activated has only presence-state evidence (absent->added) without concrete C source/signature support; GENERATED_FROM-only binding exposure; no TRUE_* oracle.,,
W-000140,SignatureDrift,High,10.8,pcpu_alloc_noprof,FALSE_POSITIVE,Only absent->added state is shown for pcpu_alloc_noprof; warnings artifacts lack concrete old/new C signature or source diff. GENERATED_FROM-only binding exposure; no oracle evidence.,FALSE_POSITIVE,Unsupported add/remove warning for pcpu_alloc_noprof: no concrete C signature/source diff or Rust contract dependence is provided. GENERATED_FROM-only binding exposure; no build/fix oracle.,FALSE_POSITIVE,FALSE_POSITIVE: pcpu_alloc_noprof has only presence-state evidence (absent->added) without concrete C source/signature support; GENERATED_FROM-only binding exposure; no TRUE_* oracle.,,
W-000145,SignatureDrift,High,10.8,remap_verify_area,FALSE_POSITIVE,Only absent->added state is shown for remap_verify_area; warnings artifacts lack concrete old/new C signature or source diff. GENERATED_FROM-only binding exposure; no oracle evidence.,FALSE_POSITIVE,Unsupported add/remove warning for remap_verify_area: no concrete C signature/source diff or Rust contract dependence is provided. GENERATED_FROM-only binding exposure; no build/fix oracle.,FALSE_POSITIVE,FALSE_POSITIVE: remap_verify_area has only presence-state evidence (absent->added) without concrete C source/signature support; GENERATED_FROM-only binding exposure; no TRUE_* oracle.,,
W-000149,SignatureDrift,High,10.8,reported_split_lock,BENIGN_DRIFT,"Concrete signature drift for reported_split_lock is shown, but Rust evidence is GENERATED_FROM-only binding exposure. No Rust wrapper call, stale safety contract, build oracle, or fix evidence.",BENIGN_DRIFT,"reported_split_lock has an old/new signature change, yet the evidence does not show a safe/unsafe Rust abstraction depending on it; no build/fix oracle.",BENIGN_DRIFT,"BENIGN_DRIFT: concrete reported_split_lock signature drift is real, but Rust exposure is generated-binding only or weaker with no contract dependence/oracle.",,
W-000150,SignatureDrift,High,10.8,rhashtable_init,FALSE_POSITIVE,Only present->removed state is shown for rhashtable_init; warnings artifacts lack concrete old/new C signature or source diff. GENERATED_FROM-only binding exposure; no oracle evidence.,FALSE_POSITIVE,Unsupported add/remove warning for rhashtable_init: no concrete C signature/source diff or Rust contract dependence is provided. GENERATED_FROM-only binding exposure; no build/fix oracle.,FALSE_POSITIVE,FALSE_POSITIVE: rhashtable_init has only presence-state evidence (present->removed) without concrete C source/signature support; GENERATED_FROM-only binding exposure; no TRUE_* oracle.,,
W-000151,SignatureDrift,High,10.8,rhashtable_init_noprof,FALSE_POSITIVE,Only absent->added state is shown for rhashtable_init_noprof; warnings artifacts lack concrete old/new C signature or source diff. GENERATED_FROM-only binding exposure; no oracle evidence.,FALSE_POSITIVE,Unsupported add/remove warning for rhashtable_init_noprof: no concrete C signature/source diff or Rust contract dependence is provided. GENERATED_FROM-only binding exposure; no build/fix oracle.,FALSE_POSITIVE,FALSE_POSITIVE: rhashtable_init_noprof has only presence-state evidence (absent->added) without concrete C source/signature support; GENERATED_FROM-only binding exposure; no TRUE_* oracle.,,
W-000152,SignatureDrift,High,10.8,rhltable_init,FALSE_POSITIVE,Only present->removed state is shown for rhltable_init; warnings artifacts lack concrete old/new C signature or source diff. GENERATED_FROM-only binding exposure; no oracle evidence.,FALSE_POSITIVE,Unsupported add/remove warning for rhltable_init: no concrete C signature/source diff or Rust contract dependence is provided. GENERATED_FROM-only binding exposure; no build/fix oracle.,FALSE_POSITIVE,FALSE_POSITIVE: rhltable_init has only presence-state evidence (present->removed) without concrete C source/signature support; GENERATED_FROM-only binding exposure; no TRUE_* oracle.,,
W-000153,SignatureDrift,High,10.8,rhltable_init_noprof,FALSE_POSITIVE,Only absent->added state is shown for rhltable_init_noprof; warnings artifacts lack concrete old/new C signature or source diff. GENERATED_FROM-only binding exposure; no oracle evidence.,FALSE_POSITIVE,Unsupported add/remove warning for rhltable_init_noprof: no concrete C signature/source diff or Rust contract dependence is provided. GENERATED_FROM-only binding exposure; no build/fix oracle.,FALSE_POSITIVE,FALSE_POSITIVE: rhltable_init_noprof has only presence-state evidence (absent->added) without concrete C source/signature support; GENERATED_FROM-only binding exposure; no TRUE_* oracle.,,
W-000154,SignatureDrift,High,10.8,sched_tick,FALSE_POSITIVE,Only absent->added state is shown for sched_tick; warnings artifacts lack concrete old/new C signature or source diff. GENERATED_FROM-only binding exposure; no oracle evidence.,FALSE_POSITIVE,Unsupported add/remove warning for sched_tick: no concrete C signature/source diff or Rust contract dependence is provided. GENERATED_FROM-only binding exposure; no build/fix oracle.,FALSE_POSITIVE,FALSE_POSITIVE: sched_tick has only presence-state evidence (absent->added) without concrete C source/signature support; GENERATED_FROM-only binding exposure; no TRUE_* oracle.,,
W-000156,SignatureDrift,High,10.8,security_audit_rule_init,BENIGN_DRIFT,"Concrete signature drift for security_audit_rule_init is shown, but Rust evidence is GENERATED_FROM-only binding exposure. No Rust wrapper call, stale safety contract, build oracle, or fix evidence.",BENIGN_DRIFT,"security_audit_rule_init has an old/new signature change, yet the evidence does not show a safe/unsafe Rust abstraction depending on it; no build/fix oracle.",BENIGN_DRIFT,"BENIGN_DRIFT: concrete security_audit_rule_init signature drift is real, but Rust exposure is generated-binding only or weaker with no contract dependence/oracle.",,
W-000157,SignatureDrift,High,10.8,security_inode_copy_up_xattr,BENIGN_DRIFT,"Concrete signature drift for security_inode_copy_up_xattr is shown, but Rust evidence is GENERATED_FROM-only binding exposure. No Rust wrapper call, stale safety contract, build oracle, or fix evidence.",BENIGN_DRIFT,"security_inode_copy_up_xattr has an old/new signature change, yet the evidence does not show a safe/unsafe Rust abstraction depending on it; no build/fix oracle.",BENIGN_DRIFT,"BENIGN_DRIFT: concrete security_inode_copy_up_xattr signature drift is real, but Rust exposure is generated-binding only or weaker with no contract dependence/oracle.",,
W-000162,SignatureDrift,High,10.8,stable_page_flags,BENIGN_DRIFT,"Concrete signature drift for stable_page_flags is shown, but Rust evidence is GENERATED_FROM-only binding exposure. No Rust wrapper call, stale safety contract, build oracle, or fix evidence.",BENIGN_DRIFT,"stable_page_flags has an old/new signature change, yet the evidence does not show a safe/unsafe Rust abstraction depending on it; no build/fix oracle.",BENIGN_DRIFT,"BENIGN_DRIFT: concrete stable_page_flags signature drift is real, but Rust exposure is generated-binding only or weaker with no contract dependence/oracle.",,
W-000174,SignatureDrift,High,10.8,sysfs_bin_attr_simple_read,FALSE_POSITIVE,Only absent->added state is shown for sysfs_bin_attr_simple_read; warnings artifacts lack concrete old/new C signature or source diff. GENERATED_FROM-only binding exposure; no oracle evidence.,FALSE_POSITIVE,Unsupported add/remove warning for sysfs_bin_attr_simple_read: no concrete C signature/source diff or Rust contract dependence is provided. GENERATED_FROM-only binding exposure; no build/fix oracle.,FALSE_POSITIVE,FALSE_POSITIVE: sysfs_bin_attr_simple_read has only presence-state evidence (absent->added) without concrete C source/signature support; GENERATED_FROM-only binding exposure; no TRUE_* oracle.,,
W-000175,SignatureDrift,High,10.8,topology_update_hw_pressure,FALSE_POSITIVE,Only absent->added state is shown for topology_update_hw_pressure; warnings artifacts lack concrete old/new C signature or source diff. GENERATED_FROM-only binding exposure; no oracle evidence.,FALSE_POSITIVE,Unsupported add/remove warning for topology_update_hw_pressure: no concrete C signature/source diff or Rust contract dependence is provided. GENERATED_FROM-only binding exposure; no build/fix oracle.,FALSE_POSITIVE,FALSE_POSITIVE: topology_update_hw_pressure has only presence-state evidence (absent->added) without concrete C source/signature support; GENERATED_FROM-only binding exposure; no TRUE_* oracle.,,
W-000188,SignatureDrift,High,10.8,vma_alloc_folio,FALSE_POSITIVE,Only present->removed state is shown for vma_alloc_folio; warnings artifacts lack concrete old/new C signature or source diff. GENERATED_FROM-only binding exposure; no oracle evidence.,FALSE_POSITIVE,Unsupported add/remove warning for vma_alloc_folio: no concrete C signature/source diff or Rust contract dependence is provided. GENERATED_FROM-only binding exposure; no build/fix oracle.,FALSE_POSITIVE,FALSE_POSITIVE: vma_alloc_folio has only presence-state evidence (present->removed) without concrete C source/signature support; GENERATED_FROM-only binding exposure; no TRUE_* oracle.,,
W-000189,SignatureDrift,High,10.8,vma_alloc_folio_noprof,FALSE_POSITIVE,Only absent->added state is shown for vma_alloc_folio_noprof; warnings artifacts lack concrete old/new C signature or source diff. GENERATED_FROM-only binding exposure; no oracle evidence.,FALSE_POSITIVE,Unsupported add/remove warning for vma_alloc_folio_noprof: no concrete C signature/source diff or Rust contract dependence is provided. GENERATED_FROM-only binding exposure; no build/fix oracle.,FALSE_POSITIVE,FALSE_POSITIVE: vma_alloc_folio_noprof has only presence-state evidence (absent->added) without concrete C source/signature support; GENERATED_FROM-only binding exposure; no TRUE_* oracle.,,
W-000190,SignatureDrift,High,10.8,vma_pgtable_walk_begin,FALSE_POSITIVE,Only absent->added state is shown for vma_pgtable_walk_begin; warnings artifacts lack concrete old/new C signature or source diff. GENERATED_FROM-only binding exposure; no oracle evidence.,FALSE_POSITIVE,Unsupported add/remove warning for vma_pgtable_walk_begin: no concrete C signature/source diff or Rust contract dependence is provided. GENERATED_FROM-only binding exposure; no build/fix oracle.,FALSE_POSITIVE,FALSE_POSITIVE: vma_pgtable_walk_begin has only presence-state evidence (absent->added) without concrete C source/signature support; GENERATED_FROM-only binding exposure; no TRUE_* oracle.,,
W-000191,SignatureDrift,High,10.8,vma_pgtable_walk_end,FALSE_POSITIVE,Only absent->added state is shown for vma_pgtable_walk_end; warnings artifacts lack concrete old/new C signature or source diff. GENERATED_FROM-only binding exposure; no oracle evidence.,FALSE_POSITIVE,Unsupported add/remove warning for vma_pgtable_walk_end: no concrete C signature/source diff or Rust contract dependence is provided. GENERATED_FROM-only binding exposure; no build/fix oracle.,FALSE_POSITIVE,FALSE_POSITIVE: vma_pgtable_walk_end has only presence-state evidence (absent->added) without concrete C source/signature support; GENERATED_FROM-only binding exposure; no TRUE_* oracle.,,
W-000192,SignatureDrift,High,10.8,vma_wants_writenotify,BENIGN_DRIFT,"Concrete signature drift for vma_wants_writenotify is shown, but Rust evidence is GENERATED_FROM-only binding exposure. No Rust wrapper call, stale safety contract, build oracle, or fix evidence.",BENIGN_DRIFT,"vma_wants_writenotify has an old/new signature change, yet the evidence does not show a safe/unsafe Rust abstraction depending on it; no build/fix oracle.",BENIGN_DRIFT,"BENIGN_DRIFT: concrete vma_wants_writenotify signature drift is real, but Rust exposure is generated-binding only or weaker with no contract dependence/oracle.",,
W-000202,SignatureDrift,High,10.8,vmap,FALSE_POSITIVE,Only present->removed state is shown for vmap; warnings artifacts lack concrete old/new C signature or source diff. GENERATED_FROM-only binding exposure; no oracle evidence.,FALSE_POSITIVE,Unsupported add/remove warning for vmap: no concrete C signature/source diff or Rust contract dependence is provided. GENERATED_FROM-only binding exposure; no build/fix oracle.,FALSE_POSITIVE,FALSE_POSITIVE: vmap has only presence-state evidence (present->removed) without concrete C source/signature support; GENERATED_FROM-only binding exposure; no TRUE_* oracle.,,
W-000209,SignatureDrift,High,10.8,xas_get_order,FALSE_POSITIVE,Only absent->added state is shown for xas_get_order; warnings artifacts lack concrete old/new C signature or source diff. GENERATED_FROM-only binding exposure; no oracle evidence.,FALSE_POSITIVE,Unsupported add/remove warning for xas_get_order: no concrete C signature/source diff or Rust contract dependence is provided. GENERATED_FROM-only binding exposure; no build/fix oracle.,FALSE_POSITIVE,FALSE_POSITIVE: xas_get_order has only presence-state evidence (absent->added) without concrete C source/signature support; GENERATED_FROM-only binding exposure; no TRUE_* oracle.,,
W-000404,SignatureDrift,High,10.8,__realloc_size,FALSE_POSITIVE,"__realloc_size is an allocation attribute/indicator, not a Rust-exposed callable API here; old/new snippets attach to allocation helpers. C-indicator-only exposure; no oracle evidence.",FALSE_POSITIVE,The warning is mismapped to an attribute/indicator and lacks a Rust binding/helper exposure path for __realloc_size. No build log or wrapper-fix evidence supports TRUE_*.,FALSE_POSITIVE,FALSE_POSITIVE: evidence maps __realloc_size to C indicator/helper snippets rather than a concrete Rust-exposed API drift; no build or wrapper-fix oracle.,,
W-000001,SignatureDrift,Medium,9.6,__absent_pages_in_range,FALSE_POSITIVE,Only present->removed state is shown for __absent_pages_in_range; warnings artifacts lack concrete old/new C signature or source diff. no Rust exposure edges; no oracle evidence.,FALSE_POSITIVE,Unsupported add/remove warning for __absent_pages_in_range: no concrete C signature/source diff or Rust contract dependence is provided. no Rust exposure edges; no build/fix oracle.,FALSE_POSITIVE,FALSE_POSITIVE: __absent_pages_in_range has only presence-state evidence (present->removed) without concrete C source/signature support; no Rust exposure edges; no TRUE_* oracle.,,
W-000003,SignatureDrift,Medium,9.6,__alloc_pages_bulk,FALSE_POSITIVE,Only present->removed state is shown for __alloc_pages_bulk; warnings artifacts lack concrete old/new C signature or source diff. no Rust exposure edges; no oracle evidence.,FALSE_POSITIVE,Unsupported add/remove warning for __alloc_pages_bulk: no concrete C signature/source diff or Rust contract dependence is provided. no Rust exposure edges; no build/fix oracle.,FALSE_POSITIVE,FALSE_POSITIVE: __alloc_pages_bulk has only presence-state evidence (present->removed) without concrete C source/signature support; no Rust exposure edges; no TRUE_* oracle.,,
W-000005,SignatureDrift,Medium,9.6,__alloc_percpu,FALSE_POSITIVE,Only present->removed state is shown for __alloc_percpu; warnings artifacts lack concrete old/new C signature or source diff. no Rust exposure edges; no oracle evidence.,FALSE_POSITIVE,Unsupported add/remove warning for __alloc_percpu: no concrete C signature/source diff or Rust contract dependence is provided. no Rust exposure edges; no build/fix oracle.,FALSE_POSITIVE,FALSE_POSITIVE: __alloc_percpu has only presence-state evidence (present->removed) without concrete C source/signature support; no Rust exposure edges; no TRUE_* oracle.,,
W-000006,SignatureDrift,Medium,9.6,__alloc_percpu_gfp,FALSE_POSITIVE,Only present->removed state is shown for __alloc_percpu_gfp; warnings artifacts lack concrete old/new C signature or source diff. no Rust exposure edges; no oracle evidence.,FALSE_POSITIVE,Unsupported add/remove warning for __alloc_percpu_gfp: no concrete C signature/source diff or Rust contract dependence is provided. no Rust exposure edges; no build/fix oracle.,FALSE_POSITIVE,FALSE_POSITIVE: __alloc_percpu_gfp has only presence-state evidence (present->removed) without concrete C source/signature support; no Rust exposure edges; no TRUE_* oracle.,,
W-000007,SignatureDrift,Medium,9.6,__alloc_reserved_percpu,FALSE_POSITIVE,Only present->removed state is shown for __alloc_reserved_percpu; warnings artifacts lack concrete old/new C signature or source diff. no Rust exposure edges; no oracle evidence.,FALSE_POSITIVE,Unsupported add/remove warning for __alloc_reserved_percpu: no concrete C signature/source diff or Rust contract dependence is provided. no Rust exposure edges; no build/fix oracle.,FALSE_POSITIVE,FALSE_POSITIVE: __alloc_reserved_percpu has only presence-state evidence (present->removed) without concrete C source/signature support; no Rust exposure edges; no TRUE_* oracle.,,
W-000016,SignatureDrift,Medium,9.6,__get_free_pages,FALSE_POSITIVE,Only present->removed state is shown for __get_free_pages; warnings artifacts lack concrete old/new C signature or source diff. no Rust exposure edges; no oracle evidence.,FALSE_POSITIVE,Unsupported add/remove warning for __get_free_pages: no concrete C signature/source diff or Rust contract dependence is provided. no Rust exposure edges; no build/fix oracle.,FALSE_POSITIVE,FALSE_POSITIVE: __get_free_pages has only presence-state evidence (present->removed) without concrete C source/signature support; no Rust exposure edges; no TRUE_* oracle.,,
W-000018,SignatureDrift,Medium,9.6,__get_vm_area_caller,FALSE_POSITIVE,Only present->removed state is shown for __get_vm_area_caller; warnings artifacts lack concrete old/new C signature or source diff. no Rust exposure edges; no oracle evidence.,FALSE_POSITIVE,Unsupported add/remove warning for __get_vm_area_caller: no concrete C signature/source diff or Rust contract dependence is provided. no Rust exposure edges; no build/fix oracle.,FALSE_POSITIVE,FALSE_POSITIVE: __get_vm_area_caller has only presence-state evidence (present->removed) without concrete C source/signature support; no Rust exposure edges; no TRUE_* oracle.,,
