warning_id,pair_id,type,risk,score,symbol,reviewer1_label,reviewer1_notes,reviewer2_label,reviewer2_notes,adjudicated_label,adjudication_notes,label,reviewer_notes
W-000181,latest-p017-v6.17-to-v6.18,SignatureDrift,High,17.0,vma_lookup,UNCLEAR,"Rust clearly exposes vma_lookup through a safe Option-returning API with safety comments, but the old C evidence is not a concrete signature and no binding diff or oracle is provided. I cannot confirm a real stale contract from this packet.",FALSE_POSITIVE,"The claimed vma_lookup signature drift is a parser artifact. Old and new source both define the same static inline vma_lookup(mm, addr) returning struct vm_area_struct *. Without real C drift, Rust safe API exposure does not make this a semantic drift.",FALSE_POSITIVE,"Local source check shows vma_lookup has the same typed signature in v6.17 and v6.18; the packet's old return_type=return is parser confusion. Rust safe API exposure exists, but no real C drift, binding diff, wrapper fix, or build failure is shown.",,
W-000180,latest-p017-v6.17-to-v6.18,SignatureDrift,High,14.0,queue_work_on,TRUE_WRAPPER_FIX,"The C-side queue_work_on drift is supported and Rust reaches the symbol through the workqueue wrapper. A direct wrapper-fix oracle adds low-level workqueue bindings and matches queue_work_on, so label as wrapper fix.",FALSE_POSITIVE,"The packet treats a schedule_work_on call-argument change as queue_work_on signature drift. queue_work_on itself keeps the same signature, and Rust Queue::enqueue passes an explicit queue pointer, so the warning is mismapped.",FALSE_POSITIVE,"queue_work_on's declaration is unchanged across v6.17 and v6.18. The real source change is schedule_work_on passing system_wq vs system_percpu_wq. Rust calls queue_work_on with an explicit queue pointer, and the oracle hit is an API-addition commit, not a fix for this drift.",,
W-000177,latest-p017-v6.17-to-v6.18,SignatureDrift,High,13.0,set_bit,TRUE_WRAPPER_FIX,"The old signature evidence appears parser-mixed with a Rust method, so I would not call semantic drift. However, wrapper-fix commits directly add bitops bindings and bitmap API coverage for set_bit, and Rust exposes Bitmap::set_bit_atomic over it.",TRUE_WRAPPER_FIX,"The old/new evidence is binding-only and partly parser-mixed, but later Rust bitops and bitmap commits add concrete set_bit helpers and a safe Bitmap API calling bindings::set_bit. I would not use this as semantic drift; it is only supported as wrapper-fix evidence.",TRUE_WRAPPER_FIX,"The old set_bit evidence is parser-mixed with Rust, so semantic drift is not supported. However, Rust Bitmap::set_bit_atomic calls bindings::set_bit, and later bitops/bitmap commits add helper/API coverage for the same symbol and file path.",,
W-000173,latest-p017-v6.17-to-v6.18,SignatureDrift,Medium,10.0,bitmap_copy_and_extend,TRUE_WRAPPER_FIX,"bitmap_copy_and_extend has direct Rust safe API exposure and direct wrapper-fix oracle hits in bitmap helper/API commits. The C evidence is binding-only, but the matched wrapper fixes support this label.",TRUE_WRAPPER_FIX,"The later bitmap helper and safe API commits directly add Rust support for bitmap_copy_and_extend and expose it through Bitmap::copy_and_extend. This is strong wrapper-fix evidence, not build breakage.",TRUE_WRAPPER_FIX,"Bitmap::copy_and_extend safely calls bindings::bitmap_copy_and_extend, and the bitmap helper/API commits directly match this symbol and add Rust bitmap support in helper and kernel bitmap files. No build failure is shown.",,
W-000174,latest-p017-v6.17-to-v6.18,SignatureDrift,Medium,10.0,clear_bit,TRUE_WRAPPER_FIX,"clear_bit reaches Rust through Bitmap::clear_bit_atomic and direct bitops/bitmap wrapper-fix commits match the symbol. Because the C evidence is binding-only, this is a wrapper-fix target rather than semantic drift.",TRUE_WRAPPER_FIX,"Later Rust bitops and bitmap commits add code for clear_bit and a safe Bitmap API using it. The 32-bit ARM fix is less directly about clear_bit, but the API-addition diffs are enough for wrapper-fix evidence.",TRUE_WRAPPER_FIX,"Bitmap::clear_bit_atomic calls bindings::clear_bit, and later bitops/bitmap commits add helper/API coverage for clear_bit in Rust helper and bitmap files. The 32-bit ARM hit is secondary; the direct API-addition commits support wrapper-fix labeling.",,
W-000175,latest-p017-v6.17-to-v6.18,SignatureDrift,Medium,10.0,refcount_dec,TRUE_WRAPPER_FIX,refcount_dec is exposed through the Rust Refcount API and direct wrapper-fix commits add/refine refcount helpers for the matched symbol. The evidence supports wrapper-fix classification despite missing concrete C source diff.,TRUE_WRAPPER_FIX,A later Refcount wrapper commit adds rust_helper_refcount_dec and the safe Refcount::dec method. That directly changes the Rust exposure for the warned symbol. No build failure is shown.,TRUE_WRAPPER_FIX,"Refcount::dec safely calls bindings::refcount_dec, and refcount helper/wrapper commits add or refine Rust helper/API support for the same symbol family. C evidence is binding-level only, but wrapper-fix evidence is direct.",,
W-000176,latest-p017-v6.17-to-v6.18,SignatureDrift,Medium,10.0,refcount_set,TRUE_WRAPPER_FIX,"refcount_set is reached through a Rust safe Refcount API, and the refcount wrapper/helper commits directly match the symbol and files. This is supported as a wrapper-fix target with binding-only C evidence.",TRUE_WRAPPER_FIX,A later Refcount wrapper commit adds rust_helper_refcount_set and the safe Refcount::set method. This directly addresses the same symbol and Rust wrapper path. No build failure is shown.,TRUE_WRAPPER_FIX,"Refcount::set safely calls bindings::refcount_set, and refcount helper/wrapper commits add or refine Rust helper/API support for refcount_set. No build failure is shown; binding-only C evidence limits the positive claim to wrapper fix.",,
W-000178,latest-p017-v6.17-to-v6.18,FieldDrift,Medium,10.0,kunit_case,TRUE_WRAPPER_FIX,"The binding-level field drift adds kunit_case param_init/param_exit, and Rust constructs/uses kunit_case. The pin_init::zeroed KUnit commit directly changes kunit Rust code for this layout/exposure path, so wrapper-fix evidence is adequate.",TRUE_WRAPPER_FIX,"kunit_case layout drift reaches Rust struct initializers, and the later KUnit change replaces a hand-built null kunit_case with zeroed initialization. That plausibly addresses the same layout-maintenance contract, though evidence is binding-level rather than C-source-level.",TRUE_WRAPPER_FIX,"kunit_case gained param_init/param_exit fields and Rust manually initializes/uses kunit_case. The later KUnit change to use zeroed initialization directly addresses the same layout-maintenance exposure path. This is wrapper-fix evidence, not build breakage.",,
W-000179,latest-p017-v6.17-to-v6.18,SignatureDrift,Medium,10.0,queue_delayed_work_on,BENIGN_DRIFT,"The C evidence shows a real default workqueue target change, but the Rust delayed-work wrapper passes an explicit queue pointer and its safety reasoning concerns work item validity/enqueue state. No stale Rust contract is shown.",FALSE_POSITIVE,"The packet maps a schedule_delayed_work_on internal argument change to queue_delayed_work_on signature drift. The queue_delayed_work_on API signature remains the same, and Rust passes an explicit queue pointer, so the warning is mismapped.",FALSE_POSITIVE,"queue_delayed_work_on's declaration is unchanged across v6.17 and v6.18. The real source change is schedule_delayed_work_on passing system_wq vs system_percpu_wq. Rust uses queue_delayed_work_on with an explicit queue pointer, so the warning is mismapped.",,
W-000001,latest-p017-v6.17-to-v6.18,SignatureDrift,Low,7.0,__clear_bit,TRUE_WRAPPER_FIX,__clear_bit is exposed by the Rust Bitmap API and direct bitops/bitmap wrapper commits match the symbol. Binding-only C evidence is enough for wrapper-fix classification because the fix touches the matched helpers/API files.,TRUE_WRAPPER_FIX,Later Rust bitops and bitmap commits add helper/API coverage for __clear_bit and a safe Bitmap::clear_bit wrapper. This is wrapper-fix evidence; the packet does not support build breakage or independent semantic drift.,TRUE_WRAPPER_FIX,"Bitmap::clear_bit safely calls bindings::__clear_bit, and bitops/bitmap commits directly add Rust helper/API support for __clear_bit and the Bitmap path. The packet lacks build failure and concrete C source diff, so wrapper-fix is the supported positive label.",,
W-000002,latest-p017-v6.17-to-v6.18,SignatureDrift,Low,7.0,__set_bit,TRUE_WRAPPER_FIX,"__set_bit is exposed by Bitmap::set_bit and direct bitops/bitmap wrapper commits match the symbol. This supports TRUE_WRAPPER_FIX, not a semantic-drift claim from the binding-only addition alone.",TRUE_WRAPPER_FIX,"Later Rust bitops and bitmap commits add helper/API coverage for __set_bit and a safe Bitmap::set_bit wrapper. This is concrete wrapper-fix evidence, not a build-breakage finding.",TRUE_WRAPPER_FIX,"Bitmap::set_bit safely calls bindings::__set_bit, and bitops/bitmap commits directly add Rust helper/API support for __set_bit and the Bitmap path. No build failure is shown and C evidence is binding-level only.",,
W-000003,latest-p017-v6.17-to-v6.18,SignatureDrift,Low,-4.0,atomic64_add,TRUE_WRAPPER_FIX,"No Rust call site is listed, but the wrapper oracle is direct: the atomic helper commit matches atomic64_add and changes Rust atomic helper/generator files. This is a helper-fix target with limited exposure evidence.",UNCLEAR,"The packet has no Rust call site or safe API for atomic64_add. The only oracle is a very broad generated atomic-helper commit covering many symbols. With binding-only evidence and no specific Rust exposure, I cannot call this a true wrapper fix or benign drift with confidence.",UNCLEAR,"atomic64_add has only binding-level old=absent/new=added evidence, no Rust use or safe API, and no concrete C or generated binding diff. The broad atomic helper oracle touches generators and many symbols, but the packet lacks symbol-specific exposure/fix evidence.",,
W-000004,latest-p017-v6.17-to-v6.18,SignatureDrift,Low,-4.0,atomic64_add_negative,TRUE_WRAPPER_FIX,"No Rust call site is listed, but the atomic helper wrapper-fix commit directly matches atomic64_add_negative and changes Rust helper/generator files. This supports wrapper-fix, with low semantic confidence.",UNCLEAR,"atomic64_add_negative has only symbol-level binding evidence and no Rust exposure. The generated atomic-helper oracle is broad and not specific to a reachable Rust abstraction, so the evidence is insufficient for TRUE_WRAPPER_FIX or TRUE_SEMANTIC_DRIFT.",UNCLEAR,"atomic64_add_negative is binding-only old=absent/new=added with no Rust use or safe API and no concrete C/binding diff. The generated atomic helper oracle is broad across many symbols, so it is insufficient for a symbol-specific wrapper-fix label.",,
W-000005,latest-p017-v6.17-to-v6.18,SignatureDrift,Low,-4.0,atomic64_add_negative_acquire,TRUE_WRAPPER_FIX,"atomic64_add_negative_acquire lacks Rust call-site evidence, but the direct atomic helper commit matches the symbol and touches Rust helper/generator files. That is enough for wrapper-fix classification under the oracle rule.",UNCLEAR,"atomic64_add_negative_acquire lacks Rust-side reachability in the packet. A broad generated helper commit is not enough to prove a specific wrapper fix, especially with no concrete C or generated binding diff.",UNCLEAR,atomic64_add_negative_acquire has only symbol-level binding evidence and no Rust-side reachability. The atomic helper oracle covers many generated symbols and lacks packet-level diff details for this specific exposure path.,,
W-000006,latest-p017-v6.17-to-v6.18,SignatureDrift,Low,-4.0,atomic64_add_negative_relaxed,TRUE_WRAPPER_FIX,"atomic64_add_negative_relaxed has no listed Rust use, but the atomic helper wrapper-fix commit directly matches it and changes Rust helper/generator files. I classify it as helper-fix evidence, not semantic drift.",UNCLEAR,"atomic64_add_negative_relaxed is supported only by binding-level symbol presence and a broad generated helper commit. With no Rust call site or safe API exposure, I cannot classify it as a true wrapper fix or semantic drift.",UNCLEAR,"atomic64_add_negative_relaxed is supported only by binding-level symbol addition evidence. No Rust call site, safe API, concrete C diff, or generated binding diff is shown; the broad atomic helper oracle is not enough for TRUE_WRAPPER_FIX.",,
W-000007,latest-p017-v6.17-to-v6.18,SignatureDrift,Low,-4.0,atomic64_add_negative_release,TRUE_WRAPPER_FIX,"The only Rust exposure is the direct atomic helper fix, but that commit matches atomic64_add_negative_release and edits Rust helper/generator files. This supports TRUE_WRAPPER_FIX with missing call-site context.",UNCLEAR,"atomic64_add_negative_release has no listed Rust exposure. The helper oracle is generated and covers many atomic symbols, so it is too broad to establish a specific wrapper fix for this warning.",UNCLEAR,atomic64_add_negative_release lacks Rust call-site or safe API evidence and has only binding-level old=absent/new=added support. The broad generated-helper oracle does not concretely address this symbol's Rust exposure path in the packet.,,
W-000008,latest-p017-v6.17-to-v6.18,SignatureDrift,Low,-4.0,atomic64_add_return,TRUE_WRAPPER_FIX,"atomic64_add_return has binding-only drift and no call-site evidence, but the direct atomic helper commit matches the symbol and touches Rust helper/generator files. This qualifies as wrapper/helper fix evidence.",UNCLEAR,atomic64_add_return has no Rust call site or safe API in the evidence. The broad generated atomic helper commit does not by itself prove the warned symbol is a stale Rust contract target.,UNCLEAR,"atomic64_add_return has no listed Rust use or safe API and no concrete C or generated binding diff. The atomic helper oracle is broad and generated, so it does not satisfy the concrete wrapper-fix requirement by itself.",,
W-000009,latest-p017-v6.17-to-v6.18,SignatureDrift,Low,-4.0,atomic64_add_return_acquire,TRUE_WRAPPER_FIX,"atomic64_add_return_acquire is not shown reaching a safe API, but the atomic helper fix directly matches the symbol and modifies Rust helper/generator files. I treat it as a helper-fix target.",UNCLEAR,"atomic64_add_return_acquire is only supported by symbol-level binding evidence. No Rust exposure is listed, and the broad generated helper oracle is not specific enough for a TRUE label.",UNCLEAR,"atomic64_add_return_acquire is binding-only with no Rust call site, no safe API, and no concrete C/binding diff. A broad generated atomic helper hit is insufficient to prove a specific wrapper fix for this symbol.",,
W-000010,latest-p017-v6.17-to-v6.18,SignatureDrift,Low,-4.0,atomic64_add_return_relaxed,TRUE_WRAPPER_FIX,"atomic64_add_return_relaxed has no listed Rust caller, but the direct atomic helper commit matches it and changes Rust helper/generator files. This is wrapper-fix evidence with limited semantic support.",UNCLEAR,atomic64_add_return_relaxed has no reachable Rust use in the packet. Binding-only symbol evidence plus a broad generated helper commit is insufficient for TRUE_WRAPPER_FIX.,UNCLEAR,atomic64_add_return_relaxed has only binding-level symbol addition evidence. The packet lists no Rust use or safe API and provides no concrete C or generated binding diff; the broad helper oracle is not enough for a TRUE label.,,
W-000011,latest-p017-v6.17-to-v6.18,SignatureDrift,Low,-4.0,atomic64_add_return_release,TRUE_WRAPPER_FIX,"atomic64_add_return_release is binding-only with no call-site exposure, but the direct atomic helper commit matches it and edits Rust helper/generator files. That supports TRUE_WRAPPER_FIX, not semantic drift.",UNCLEAR,"atomic64_add_return_release lacks Rust reachability evidence. The only oracle is a generated helper commit covering a large atomic family, which is too broad to prove a specific wrapper fix.",UNCLEAR,"atomic64_add_return_release has no Rust-side reachability in the packet and no concrete C/binding diff. The generated atomic helper oracle covers many symbols, so it does not provide enough symbol-specific wrapper-fix evidence.",,
W-000012,latest-p017-v6.17-to-v6.18,SignatureDrift,Low,-4.0,atomic64_add_unless,TRUE_WRAPPER_FIX,"atomic64_add_unless has no Rust call site in the packet, but the atomic helper fix directly matches the symbol and changes Rust helper/generator files. I classify it as a helper-fix target.",UNCLEAR,atomic64_add_unless is not shown reaching Rust wrapper or safe API code. I cannot upgrade a binding-only warning based on a broad generated atomic-helper oracle.,UNCLEAR,atomic64_add_unless is binding-only old=absent/new=added with no Rust call site or safe API. The broad generated atomic helper oracle lacks concrete evidence that this specific symbol or exposure path was fixed.,,
W-000013,latest-p017-v6.17-to-v6.18,SignatureDrift,Low,-4.0,atomic64_and,TRUE_WRAPPER_FIX,"atomic64_and lacks listed Rust use, but the wrapper oracle directly matches it in the atomic helper commit and touches Rust helper/generator files. This supports a helper-fix label.",UNCLEAR,atomic64_and has only binding-level symbol evidence and no Rust call site or safe API. The generated helper oracle is broad and not enough to prove a specific wrapper fix.,UNCLEAR,"atomic64_and has no Rust use or safe API in the packet, only binding-level old=absent/new=added evidence. The broad generated helper oracle does not concretely prove a wrapper fix for this symbol.",,
W-000014,latest-p017-v6.17-to-v6.18,SignatureDrift,Low,-4.0,atomic64_andnot,TRUE_WRAPPER_FIX,"atomic64_andnot has binding-only drift and no call-site exposure, but the direct atomic helper commit matches the symbol and changes Rust helper/generator files. This qualifies as wrapper/helper fix evidence.",UNCLEAR,"atomic64_andnot has no listed Rust exposure. The broad generated helper commit is insufficiently specific, and the packet lacks concrete old/new C or binding diffs.",UNCLEAR,atomic64_andnot is binding-only and has no listed Rust exposure. The generated atomic helper hit covers many symbols and lacks concrete packet evidence tying this symbol to a specific Rust wrapper fix.,,
W-000015,latest-p017-v6.17-to-v6.18,SignatureDrift,Low,-4.0,atomic64_cmpxchg,TRUE_WRAPPER_FIX,"atomic64_cmpxchg is not shown reaching a Rust API, but the atomic helper fix directly matches it and modifies Rust helper/generator files. This supports helper-fix classification only.",UNCLEAR,"atomic64_cmpxchg is only a binding-level symbol warning here. No Rust wrapper or safe API is listed, and the broad generated helper oracle is not specific enough for a TRUE label.",UNCLEAR,"atomic64_cmpxchg has only symbol-level binding evidence, no Rust call site or safe API, and no concrete C or binding diff. The broad atomic helper oracle is not enough for a symbol-specific wrapper-fix decision.",,
W-000016,latest-p017-v6.17-to-v6.18,SignatureDrift,Low,-4.0,atomic64_cmpxchg_acquire,TRUE_WRAPPER_FIX,"atomic64_cmpxchg_acquire lacks Rust call-site evidence, but the direct atomic helper commit matches it and changes Rust helper/generator files. I classify this as TRUE_WRAPPER_FIX with limited exposure context.",UNCLEAR,"atomic64_cmpxchg_acquire lacks Rust reachability evidence. The only wrapper-fix evidence is a broad generated atomic helper commit, so the packet remains insufficient.",UNCLEAR,"atomic64_cmpxchg_acquire lacks Rust reachability and concrete C/binding diff evidence. The generated atomic helper oracle is broad and does not, by itself, prove a specific wrapper fix for this symbol.",,
W-000017,latest-p017-v6.17-to-v6.18,SignatureDrift,Low,-4.0,atomic64_cmpxchg_relaxed,TRUE_WRAPPER_FIX,"atomic64_cmpxchg_relaxed has no listed Rust caller, but the direct atomic helper fix matches the symbol and touches Rust helper/generator files. This is a wrapper-fix target, not semantic drift.",UNCLEAR,atomic64_cmpxchg_relaxed has no Rust call site or safe API in the packet. Binding-only evidence and a broad generated helper commit do not establish a true wrapper fix.,UNCLEAR,"atomic64_cmpxchg_relaxed is supported only by binding-level symbol addition evidence. No Rust use, safe API, concrete C diff, or generated binding diff is shown; the broad helper oracle remains insufficient.",,
W-000018,latest-p017-v6.17-to-v6.18,SignatureDrift,Low,-4.0,atomic64_cmpxchg_release,TRUE_WRAPPER_FIX,"atomic64_cmpxchg_release is binding-only with no Rust API exposure listed, but the atomic helper fix directly matches it and changes Rust helper/generator files. Wrapper-fix evidence is direct.",UNCLEAR,atomic64_cmpxchg_release is not shown reaching Rust code. The generated atomic-helper oracle covers many symbols and is too broad to prove this warning specifically.,UNCLEAR,atomic64_cmpxchg_release has no listed Rust exposure and no concrete old/new C or binding diff. The broad generated atomic helper oracle does not meet the concrete same-path wrapper-fix standard.,,
W-000019,latest-p017-v6.17-to-v6.18,SignatureDrift,Low,-4.0,atomic64_dec,TRUE_WRAPPER_FIX,"atomic64_dec has no listed Rust caller, but the atomic helper wrapper-fix commit directly matches it and modifies Rust helper/generator files. This supports helper-fix classification.",UNCLEAR,atomic64_dec has no Rust wrapper or safe API exposure listed. I cannot classify a binding-only warning as true based only on a broad generated atomic helper commit.,UNCLEAR,atomic64_dec has binding-only old=absent/new=added evidence and no Rust use or safe API. The generated helper oracle covers many atomic symbols and lacks concrete evidence for this specific wrapper path.,,
W-000020,latest-p017-v6.17-to-v6.18,SignatureDrift,Low,-4.0,atomic64_dec_and_test,TRUE_WRAPPER_FIX,"atomic64_dec_and_test is not shown reaching Rust API code, but the direct atomic helper fix matches it and changes Rust helper/generator files. This is enough for TRUE_WRAPPER_FIX, not semantic drift.",UNCLEAR,atomic64_dec_and_test has only symbol-level binding evidence and no Rust-side use. The broad generated helper oracle is insufficient for a specific TRUE_WRAPPER_FIX label.,UNCLEAR,atomic64_dec_and_test is binding-only and has no listed Rust call site or safe API. The broad generated atomic helper oracle is insufficient to prove a symbol-specific wrapper fix without concrete diff or exposure evidence.,,
W-000021,latest-p017-v6.17-to-v6.18,SignatureDrift,Low,-4.0,atomic64_dec_if_positive,TRUE_WRAPPER_FIX,"atomic64_dec_if_positive has no Rust call site listed, but the atomic helper commit directly matches it and touches Rust helper/generator files. I treat this as helper-fix evidence.",UNCLEAR,"atomic64_dec_if_positive lacks Rust reachability evidence. The generated helper commit is broad, and no concrete binding or C diff is provided for this symbol.",UNCLEAR,atomic64_dec_if_positive lacks Rust reachability and concrete C/binding diff evidence. The generated atomic helper hit covers a large symbol family and does not concretely establish this warning as a wrapper fix.,,
W-000022,latest-p017-v6.17-to-v6.18,SignatureDrift,Low,-4.0,atomic64_dec_return,TRUE_WRAPPER_FIX,"atomic64_dec_return lacks Rust call-site evidence, but the direct atomic helper fix matches the symbol and changes Rust helper/generator files. That supports TRUE_WRAPPER_FIX under the oracle rule.",UNCLEAR,atomic64_dec_return is not shown reaching any Rust abstraction. A broad generated helper commit and binding-only evidence are insufficient for a TRUE label.,UNCLEAR,atomic64_dec_return has only binding-level symbol addition evidence and no Rust use or safe API. The broad generated helper oracle is not enough to establish a concrete wrapper fix for this symbol.,,
W-000023,latest-p017-v6.17-to-v6.18,SignatureDrift,Low,-4.0,atomic64_dec_return_acquire,TRUE_WRAPPER_FIX,"atomic64_dec_return_acquire is binding-only and no caller is listed, but the atomic helper wrapper-fix commit directly matches it and edits Rust helper/generator files. This is a helper-fix target.",UNCLEAR,atomic64_dec_return_acquire has no listed Rust exposure. The broad generated helper oracle cannot establish a symbol-specific wrapper fix without concrete code evidence.,UNCLEAR,atomic64_dec_return_acquire is binding-only with no Rust-side reachability and no concrete C or generated binding diff. The generated helper oracle covers many symbols and is not specific enough for TRUE_WRAPPER_FIX.,,
W-000024,latest-p017-v6.17-to-v6.18,SignatureDrift,Low,-4.0,atomic64_dec_return_relaxed,TRUE_WRAPPER_FIX,"atomic64_dec_return_relaxed lacks Rust API exposure in the packet, but the direct atomic helper commit matches it and changes Rust helper/generator files. I classify it as wrapper/helper fix evidence.",UNCLEAR,atomic64_dec_return_relaxed is binding-only in this packet and lacks Rust reachability. The generated atomic helper commit is too broad for a specific TRUE_WRAPPER_FIX decision.,UNCLEAR,atomic64_dec_return_relaxed has no listed Rust use or safe API and only symbol-level binding evidence. The broad generated atomic helper oracle does not provide concrete same-path wrapper-fix proof.,,
W-000025,latest-p017-v6.17-to-v6.18,SignatureDrift,Low,-4.0,atomic64_dec_return_release,TRUE_WRAPPER_FIX,"atomic64_dec_return_release has no listed Rust caller, but the direct atomic helper fix matches the symbol and touches Rust helper/generator files. This supports helper-fix classification only.",UNCLEAR,atomic64_dec_return_release has no Rust call site or safe API evidence. A broad generated helper commit does not prove a specific wrapper fix for this symbol.,UNCLEAR,"atomic64_dec_return_release lacks Rust call-site or safe API evidence and has no concrete C/binding diff. The generated atomic helper oracle is broad, so the packet does not prove a symbol-specific wrapper fix.",,
W-000026,latest-p017-v6.17-to-v6.18,SignatureDrift,Low,-4.0,atomic64_dec_unless_positive,TRUE_WRAPPER_FIX,"atomic64_dec_unless_positive is not shown reaching Rust API code, but the atomic helper fix directly matches it and changes Rust helper/generator files. Wrapper-fix evidence is direct but exposure context is missing.",UNCLEAR,atomic64_dec_unless_positive is not shown reaching Rust code. The helper oracle is broad/generated and the packet lacks concrete old/new C or binding diffs.,UNCLEAR,atomic64_dec_unless_positive is binding-only and has no Rust exposure in the packet. The broad generated helper oracle does not concretely address this symbol's Rust exposure path or contract.,,
W-000027,latest-p017-v6.17-to-v6.18,SignatureDrift,Low,-4.0,atomic64_fetch_add,TRUE_WRAPPER_FIX,"atomic64_fetch_add has no Rust call-site evidence, but the direct atomic helper commit matches it and edits Rust helper/generator files. This supports TRUE_WRAPPER_FIX with low semantic confidence.",UNCLEAR,atomic64_fetch_add has no Rust exposure in the evidence. Binding-only symbol presence plus a broad generated helper commit is insufficient to decide a TRUE label.,UNCLEAR,"atomic64_fetch_add has only binding-level old=absent/new=added evidence. No Rust use, safe API, concrete C diff, or generated binding diff is shown; the broad atomic helper oracle is insufficient for TRUE_WRAPPER_FIX.",,
W-000028,latest-p017-v6.17-to-v6.18,SignatureDrift,Low,-4.0,atomic64_fetch_add_acquire,TRUE_WRAPPER_FIX,"atomic64_fetch_add_acquire lacks Rust caller evidence, but the direct atomic helper fix matches the symbol and changes Rust helper/generator files. This is a helper-fix target, not semantic drift.",UNCLEAR,atomic64_fetch_add_acquire has no Rust call site or safe API listed. The generated helper oracle is broad and not specific enough without concrete wrapper-use evidence.,UNCLEAR,atomic64_fetch_add_acquire lacks Rust-side reachability and concrete C/binding diff evidence. The generated atomic helper oracle covers many symbols and is not specific enough to prove the warned exposure path was fixed.,,
W-000029,latest-p017-v6.17-to-v6.18,SignatureDrift,Low,-4.0,atomic64_fetch_add_relaxed,TRUE_WRAPPER_FIX,"atomic64_fetch_add_relaxed has binding-only evidence and no Rust caller listed, but the atomic helper commit directly matches it and touches Rust helper/generator files. This supports wrapper/helper fix evidence.",UNCLEAR,"atomic64_fetch_add_relaxed is only supported by binding-level symbol evidence. With no Rust exposure and only a broad generated helper commit, the evidence remains insufficient.",UNCLEAR,atomic64_fetch_add_relaxed has no Rust call site or safe API in the packet and no concrete old/new C or binding diff. The broad generated helper oracle cannot establish a specific wrapper fix alone.,,
W-000030,latest-p017-v6.17-to-v6.18,SignatureDrift,Low,-4.0,atomic64_fetch_add_release,TRUE_WRAPPER_FIX,"atomic64_fetch_add_release lacks Rust API exposure in the packet, but the direct atomic helper fix matches it and changes Rust helper/generator files. This qualifies as wrapper/helper fix evidence.",UNCLEAR,"atomic64_fetch_add_release lacks Rust-side reachability. The generated atomic helper oracle is too broad to prove this warning specifically, and no binding diff is embedded.",UNCLEAR,atomic64_fetch_add_release is supported only by binding-level symbol addition evidence and has no listed Rust exposure. The generated atomic helper oracle is broad and lacks concrete same-symbol wrapper-fix proof.,,
W-000031,latest-p017-v6.17-to-v6.18,SignatureDrift,Low,-4.0,atomic64_fetch_add_unless,TRUE_WRAPPER_FIX,"atomic64_fetch_add_unless has no listed Rust caller, but the atomic helper wrapper-fix commit directly matches it and modifies Rust helper/generator files. This supports helper-fix classification.",UNCLEAR,atomic64_fetch_add_unless has no listed Rust exposure. I cannot call a broad generated helper addition a specific wrapper fix without reachable Rust code or a concrete binding diff.,UNCLEAR,"atomic64_fetch_add_unless has no Rust use or safe API and no concrete C/binding diff. The broad generated atomic helper oracle touches many symbols, so the packet lacks specific wrapper-fix evidence for this warning.",,
W-000032,latest-p017-v6.17-to-v6.18,SignatureDrift,Low,-4.0,atomic64_fetch_and,TRUE_WRAPPER_FIX,"atomic64_fetch_and is binding-only with no call-site exposure, but the atomic helper fix directly matches it and changes Rust helper/generator files. That supports TRUE_WRAPPER_FIX under the oracle rule.",UNCLEAR,atomic64_fetch_and is binding-only here and has no Rust call site or safe API. The broad generated helper commit is not enough for TRUE_WRAPPER_FIX.,UNCLEAR,atomic64_fetch_and is binding-only old=absent/new=added with no Rust call site or safe API. The broad generated helper oracle is not concrete enough to prove a symbol-specific wrapper fix.,,
W-000033,latest-p017-v6.17-to-v6.18,SignatureDrift,Low,-4.0,atomic64_fetch_and_acquire,TRUE_WRAPPER_FIX,"atomic64_fetch_and_acquire has no Rust caller listed, but the direct atomic helper commit matches it and edits Rust helper/generator files. This supports wrapper/helper fix evidence, not semantic drift.",UNCLEAR,atomic64_fetch_and_acquire is not shown reaching Rust code. Binding-only evidence plus the broad generated atomic-helper oracle leaves the warning unresolved.,UNCLEAR,atomic64_fetch_and_acquire lacks Rust reachability and concrete C or generated binding diff evidence. The atomic helper oracle is broad and does not concretely address this symbol's Rust exposure path.,,
W-000034,latest-p017-v6.17-to-v6.18,SignatureDrift,Low,-4.0,atomic64_fetch_and_relaxed,TRUE_WRAPPER_FIX,"atomic64_fetch_and_relaxed lacks Rust call-site evidence, but the direct atomic helper fix matches the symbol and touches Rust helper/generator files. I classify it as wrapper/helper fix evidence only.",UNCLEAR,"atomic64_fetch_and_relaxed has no listed Rust call site or safe API. The broad generated helper commit does not provide symbol-specific wrapper-fix evidence, so the conservative label is UNCLEAR.",UNCLEAR,"atomic64_fetch_and_relaxed has only binding-level symbol evidence and no Rust use or safe API. The broad generated atomic helper oracle lacks concrete symbol-specific exposure/fix details, so the conservative adjudication is UNCLEAR.",,
W-000035,latest-p017-v6.17-to-v6.18,SignatureDrift,Low,-4.0,atomic64_fetch_and_release,TRUE_WRAPPER_FIX,"Wrapper-fix oracle cites fdd7c7e0d2ab touching Rust atomic helper/generator files and matching atomic64_fetch_and_release. Binding evidence is only old=absent/new=added, so this supports wrapper-fix classification, not a semantic-bug claim.",UNCLEAR,"Binding-only packet says atomic64_fetch_and_release was absent in v6.17 and added in v6.18, but no concrete C or generated binding diff is embedded. The only oracle hit is broad atomic helper generation commit fdd7c7e0d2ab; Rust exposure is listed as none. Insufficient for wrapper-fix or semantic-drift labeling.",UNCLEAR,"Packet shows only symbol-level binding evidence that atomic64_fetch_and_release was absent in v6.17 and added in v6.18. The wrapper-fix oracle is a broad atomic helper/generator commit matching many atomic symbols, but no concrete generated-binding or wrapper diff ties this symbol to a Rust exposure path. Rust exposure is none and build breakage is absent.",,
W-000036,latest-p017-v6.17-to-v6.18,SignatureDrift,Low,-4.0,atomic64_fetch_andnot,TRUE_WRAPPER_FIX,"Wrapper-fix oracle cites fdd7c7e0d2ab touching Rust atomic helper/generator files and matching atomic64_fetch_andnot. Binding evidence is only old=absent/new=added, so this supports wrapper-fix classification, not a semantic-bug claim.",UNCLEAR,"Binding-only packet says atomic64_fetch_andnot was absent in v6.17 and added in v6.18, but no concrete C or generated binding diff is embedded. The only oracle hit is broad atomic helper generation commit fdd7c7e0d2ab; Rust exposure is listed as none. Insufficient for wrapper-fix or semantic-drift labeling.",UNCLEAR,"Packet shows only symbol-level binding evidence that atomic64_fetch_andnot was absent in v6.17 and added in v6.18. The wrapper-fix oracle is a broad atomic helper/generator commit matching many atomic symbols, but no concrete generated-binding or wrapper diff ties this symbol to a Rust exposure path. Rust exposure is none and build breakage is absent.",,
W-000037,latest-p017-v6.17-to-v6.18,SignatureDrift,Low,-4.0,atomic64_fetch_andnot_acquire,TRUE_WRAPPER_FIX,"Wrapper-fix oracle cites fdd7c7e0d2ab touching Rust atomic helper/generator files and matching atomic64_fetch_andnot_acquire. Binding evidence is only old=absent/new=added, so this supports wrapper-fix classification, not a semantic-bug claim.",UNCLEAR,"Binding-only packet says atomic64_fetch_andnot_acquire was absent in v6.17 and added in v6.18, but no concrete C or generated binding diff is embedded. The only oracle hit is broad atomic helper generation commit fdd7c7e0d2ab; Rust exposure is listed as none. Insufficient for wrapper-fix or semantic-drift labeling.",UNCLEAR,"Packet shows only symbol-level binding evidence that atomic64_fetch_andnot_acquire was absent in v6.17 and added in v6.18. The wrapper-fix oracle is a broad atomic helper/generator commit matching many atomic symbols, but no concrete generated-binding or wrapper diff ties this symbol to a Rust exposure path. Rust exposure is none and build breakage is absent.",,
W-000038,latest-p017-v6.17-to-v6.18,SignatureDrift,Low,-4.0,atomic64_fetch_andnot_relaxed,TRUE_WRAPPER_FIX,"Wrapper-fix oracle cites fdd7c7e0d2ab touching Rust atomic helper/generator files and matching atomic64_fetch_andnot_relaxed. Binding evidence is only old=absent/new=added, so this supports wrapper-fix classification, not a semantic-bug claim.",UNCLEAR,"Binding-only packet says atomic64_fetch_andnot_relaxed was absent in v6.17 and added in v6.18, but no concrete C or generated binding diff is embedded. The only oracle hit is broad atomic helper generation commit fdd7c7e0d2ab; Rust exposure is listed as none. Insufficient for wrapper-fix or semantic-drift labeling.",UNCLEAR,"Packet shows only symbol-level binding evidence that atomic64_fetch_andnot_relaxed was absent in v6.17 and added in v6.18. The wrapper-fix oracle is a broad atomic helper/generator commit matching many atomic symbols, but no concrete generated-binding or wrapper diff ties this symbol to a Rust exposure path. Rust exposure is none and build breakage is absent.",,
W-000039,latest-p017-v6.17-to-v6.18,SignatureDrift,Low,-4.0,atomic64_fetch_andnot_release,TRUE_WRAPPER_FIX,"Wrapper-fix oracle cites fdd7c7e0d2ab touching Rust atomic helper/generator files and matching atomic64_fetch_andnot_release. Binding evidence is only old=absent/new=added, so this supports wrapper-fix classification, not a semantic-bug claim.",UNCLEAR,"Binding-only packet says atomic64_fetch_andnot_release was absent in v6.17 and added in v6.18, but no concrete C or generated binding diff is embedded. The only oracle hit is broad atomic helper generation commit fdd7c7e0d2ab; Rust exposure is listed as none. Insufficient for wrapper-fix or semantic-drift labeling.",UNCLEAR,"Packet shows only symbol-level binding evidence that atomic64_fetch_andnot_release was absent in v6.17 and added in v6.18. The wrapper-fix oracle is a broad atomic helper/generator commit matching many atomic symbols, but no concrete generated-binding or wrapper diff ties this symbol to a Rust exposure path. Rust exposure is none and build breakage is absent.",,
W-000040,latest-p017-v6.17-to-v6.18,SignatureDrift,Low,-4.0,atomic64_fetch_dec,TRUE_WRAPPER_FIX,"Wrapper-fix oracle cites fdd7c7e0d2ab touching Rust atomic helper/generator files and matching atomic64_fetch_dec. Binding evidence is only old=absent/new=added, so this supports wrapper-fix classification, not a semantic-bug claim.",UNCLEAR,"Binding-only packet says atomic64_fetch_dec was absent in v6.17 and added in v6.18, but no concrete C or generated binding diff is embedded. The only oracle hit is broad atomic helper generation commit fdd7c7e0d2ab; Rust exposure is listed as none. Insufficient for wrapper-fix or semantic-drift labeling.",UNCLEAR,"Packet shows only symbol-level binding evidence that atomic64_fetch_dec was absent in v6.17 and added in v6.18. The wrapper-fix oracle is a broad atomic helper/generator commit matching many atomic symbols, but no concrete generated-binding or wrapper diff ties this symbol to a Rust exposure path. Rust exposure is none and build breakage is absent.",,
W-000041,latest-p017-v6.17-to-v6.18,SignatureDrift,Low,-4.0,atomic64_fetch_dec_acquire,TRUE_WRAPPER_FIX,"Wrapper-fix oracle cites fdd7c7e0d2ab touching Rust atomic helper/generator files and matching atomic64_fetch_dec_acquire. Binding evidence is only old=absent/new=added, so this supports wrapper-fix classification, not a semantic-bug claim.",UNCLEAR,"Binding-only packet says atomic64_fetch_dec_acquire was absent in v6.17 and added in v6.18, but no concrete C or generated binding diff is embedded. The only oracle hit is broad atomic helper generation commit fdd7c7e0d2ab; Rust exposure is listed as none. Insufficient for wrapper-fix or semantic-drift labeling.",UNCLEAR,"Packet shows only symbol-level binding evidence that atomic64_fetch_dec_acquire was absent in v6.17 and added in v6.18. The wrapper-fix oracle is a broad atomic helper/generator commit matching many atomic symbols, but no concrete generated-binding or wrapper diff ties this symbol to a Rust exposure path. Rust exposure is none and build breakage is absent.",,
W-000042,latest-p017-v6.17-to-v6.18,SignatureDrift,Low,-4.0,atomic64_fetch_dec_relaxed,TRUE_WRAPPER_FIX,"Wrapper-fix oracle cites fdd7c7e0d2ab touching Rust atomic helper/generator files and matching atomic64_fetch_dec_relaxed. Binding evidence is only old=absent/new=added, so this supports wrapper-fix classification, not a semantic-bug claim.",UNCLEAR,"Binding-only packet says atomic64_fetch_dec_relaxed was absent in v6.17 and added in v6.18, but no concrete C or generated binding diff is embedded. The only oracle hit is broad atomic helper generation commit fdd7c7e0d2ab; Rust exposure is listed as none. Insufficient for wrapper-fix or semantic-drift labeling.",UNCLEAR,"Packet shows only symbol-level binding evidence that atomic64_fetch_dec_relaxed was absent in v6.17 and added in v6.18. The wrapper-fix oracle is a broad atomic helper/generator commit matching many atomic symbols, but no concrete generated-binding or wrapper diff ties this symbol to a Rust exposure path. Rust exposure is none and build breakage is absent.",,
W-000043,latest-p017-v6.17-to-v6.18,SignatureDrift,Low,-4.0,atomic64_fetch_dec_release,TRUE_WRAPPER_FIX,"Wrapper-fix oracle cites fdd7c7e0d2ab touching Rust atomic helper/generator files and matching atomic64_fetch_dec_release. Binding evidence is only old=absent/new=added, so this supports wrapper-fix classification, not a semantic-bug claim.",UNCLEAR,"Binding-only packet says atomic64_fetch_dec_release was absent in v6.17 and added in v6.18, but no concrete C or generated binding diff is embedded. The only oracle hit is broad atomic helper generation commit fdd7c7e0d2ab; Rust exposure is listed as none. Insufficient for wrapper-fix or semantic-drift labeling.",UNCLEAR,"Packet shows only symbol-level binding evidence that atomic64_fetch_dec_release was absent in v6.17 and added in v6.18. The wrapper-fix oracle is a broad atomic helper/generator commit matching many atomic symbols, but no concrete generated-binding or wrapper diff ties this symbol to a Rust exposure path. Rust exposure is none and build breakage is absent.",,
W-000044,latest-p017-v6.17-to-v6.18,SignatureDrift,Low,-4.0,atomic64_fetch_inc,TRUE_WRAPPER_FIX,"Wrapper-fix oracle cites fdd7c7e0d2ab touching Rust atomic helper/generator files and matching atomic64_fetch_inc. Binding evidence is only old=absent/new=added, so this supports wrapper-fix classification, not a semantic-bug claim.",UNCLEAR,"Binding-only packet says atomic64_fetch_inc was absent in v6.17 and added in v6.18, but no concrete C or generated binding diff is embedded. The only oracle hit is broad atomic helper generation commit fdd7c7e0d2ab; Rust exposure is listed as none. Insufficient for wrapper-fix or semantic-drift labeling.",UNCLEAR,"Packet shows only symbol-level binding evidence that atomic64_fetch_inc was absent in v6.17 and added in v6.18. The wrapper-fix oracle is a broad atomic helper/generator commit matching many atomic symbols, but no concrete generated-binding or wrapper diff ties this symbol to a Rust exposure path. Rust exposure is none and build breakage is absent.",,
W-000045,latest-p017-v6.17-to-v6.18,SignatureDrift,Low,-4.0,atomic64_fetch_inc_acquire,TRUE_WRAPPER_FIX,"Wrapper-fix oracle cites fdd7c7e0d2ab touching Rust atomic helper/generator files and matching atomic64_fetch_inc_acquire. Binding evidence is only old=absent/new=added, so this supports wrapper-fix classification, not a semantic-bug claim.",UNCLEAR,"Binding-only packet says atomic64_fetch_inc_acquire was absent in v6.17 and added in v6.18, but no concrete C or generated binding diff is embedded. The only oracle hit is broad atomic helper generation commit fdd7c7e0d2ab; Rust exposure is listed as none. Insufficient for wrapper-fix or semantic-drift labeling.",UNCLEAR,"Packet shows only symbol-level binding evidence that atomic64_fetch_inc_acquire was absent in v6.17 and added in v6.18. The wrapper-fix oracle is a broad atomic helper/generator commit matching many atomic symbols, but no concrete generated-binding or wrapper diff ties this symbol to a Rust exposure path. Rust exposure is none and build breakage is absent.",,
W-000046,latest-p017-v6.17-to-v6.18,SignatureDrift,Low,-4.0,atomic64_fetch_inc_relaxed,TRUE_WRAPPER_FIX,"Wrapper-fix oracle cites fdd7c7e0d2ab touching Rust atomic helper/generator files and matching atomic64_fetch_inc_relaxed. Binding evidence is only old=absent/new=added, so this supports wrapper-fix classification, not a semantic-bug claim.",UNCLEAR,"Binding-only packet says atomic64_fetch_inc_relaxed was absent in v6.17 and added in v6.18, but no concrete C or generated binding diff is embedded. The only oracle hit is broad atomic helper generation commit fdd7c7e0d2ab; Rust exposure is listed as none. Insufficient for wrapper-fix or semantic-drift labeling.",UNCLEAR,"Packet shows only symbol-level binding evidence that atomic64_fetch_inc_relaxed was absent in v6.17 and added in v6.18. The wrapper-fix oracle is a broad atomic helper/generator commit matching many atomic symbols, but no concrete generated-binding or wrapper diff ties this symbol to a Rust exposure path. Rust exposure is none and build breakage is absent.",,
W-000047,latest-p017-v6.17-to-v6.18,SignatureDrift,Low,-4.0,atomic64_fetch_inc_release,TRUE_WRAPPER_FIX,"Wrapper-fix oracle cites fdd7c7e0d2ab touching Rust atomic helper/generator files and matching atomic64_fetch_inc_release. Binding evidence is only old=absent/new=added, so this supports wrapper-fix classification, not a semantic-bug claim.",UNCLEAR,"Binding-only packet says atomic64_fetch_inc_release was absent in v6.17 and added in v6.18, but no concrete C or generated binding diff is embedded. The only oracle hit is broad atomic helper generation commit fdd7c7e0d2ab; Rust exposure is listed as none. Insufficient for wrapper-fix or semantic-drift labeling.",UNCLEAR,"Packet shows only symbol-level binding evidence that atomic64_fetch_inc_release was absent in v6.17 and added in v6.18. The wrapper-fix oracle is a broad atomic helper/generator commit matching many atomic symbols, but no concrete generated-binding or wrapper diff ties this symbol to a Rust exposure path. Rust exposure is none and build breakage is absent.",,
W-000048,latest-p017-v6.17-to-v6.18,SignatureDrift,Low,-4.0,atomic64_fetch_or,TRUE_WRAPPER_FIX,"Wrapper-fix oracle cites fdd7c7e0d2ab touching Rust atomic helper/generator files and matching atomic64_fetch_or. Binding evidence is only old=absent/new=added, so this supports wrapper-fix classification, not a semantic-bug claim.",UNCLEAR,"Binding-only packet says atomic64_fetch_or was absent in v6.17 and added in v6.18, but no concrete C or generated binding diff is embedded. The only oracle hit is broad atomic helper generation commit fdd7c7e0d2ab; Rust exposure is listed as none. Insufficient for wrapper-fix or semantic-drift labeling.",UNCLEAR,"Packet shows only symbol-level binding evidence that atomic64_fetch_or was absent in v6.17 and added in v6.18. The wrapper-fix oracle is a broad atomic helper/generator commit matching many atomic symbols, but no concrete generated-binding or wrapper diff ties this symbol to a Rust exposure path. Rust exposure is none and build breakage is absent.",,
W-000049,latest-p017-v6.17-to-v6.18,SignatureDrift,Low,-4.0,atomic64_fetch_or_acquire,TRUE_WRAPPER_FIX,"Wrapper-fix oracle cites fdd7c7e0d2ab touching Rust atomic helper/generator files and matching atomic64_fetch_or_acquire. Binding evidence is only old=absent/new=added, so this supports wrapper-fix classification, not a semantic-bug claim.",UNCLEAR,"Binding-only packet says atomic64_fetch_or_acquire was absent in v6.17 and added in v6.18, but no concrete C or generated binding diff is embedded. The only oracle hit is broad atomic helper generation commit fdd7c7e0d2ab; Rust exposure is listed as none. Insufficient for wrapper-fix or semantic-drift labeling.",UNCLEAR,"Packet shows only symbol-level binding evidence that atomic64_fetch_or_acquire was absent in v6.17 and added in v6.18. The wrapper-fix oracle is a broad atomic helper/generator commit matching many atomic symbols, but no concrete generated-binding or wrapper diff ties this symbol to a Rust exposure path. Rust exposure is none and build breakage is absent.",,
W-000050,latest-p017-v6.17-to-v6.18,SignatureDrift,Low,-4.0,atomic64_fetch_or_relaxed,TRUE_WRAPPER_FIX,"Wrapper-fix oracle cites fdd7c7e0d2ab touching Rust atomic helper/generator files and matching atomic64_fetch_or_relaxed. Binding evidence is only old=absent/new=added, so this supports wrapper-fix classification, not a semantic-bug claim.",UNCLEAR,"Binding-only packet says atomic64_fetch_or_relaxed was absent in v6.17 and added in v6.18, but no concrete C or generated binding diff is embedded. The only oracle hit is broad atomic helper generation commit fdd7c7e0d2ab; Rust exposure is listed as none. Insufficient for wrapper-fix or semantic-drift labeling.",UNCLEAR,"Packet shows only symbol-level binding evidence that atomic64_fetch_or_relaxed was absent in v6.17 and added in v6.18. The wrapper-fix oracle is a broad atomic helper/generator commit matching many atomic symbols, but no concrete generated-binding or wrapper diff ties this symbol to a Rust exposure path. Rust exposure is none and build breakage is absent.",,
W-000051,latest-p017-v6.17-to-v6.18,SignatureDrift,Low,-4.0,atomic64_fetch_or_release,TRUE_WRAPPER_FIX,"Wrapper-fix oracle cites fdd7c7e0d2ab touching Rust atomic helper/generator files and matching atomic64_fetch_or_release. Binding evidence is only old=absent/new=added, so this supports wrapper-fix classification, not a semantic-bug claim.",UNCLEAR,"Binding-only packet says atomic64_fetch_or_release was absent in v6.17 and added in v6.18, but no concrete C or generated binding diff is embedded. The only oracle hit is broad atomic helper generation commit fdd7c7e0d2ab; Rust exposure is listed as none. Insufficient for wrapper-fix or semantic-drift labeling.",UNCLEAR,"Packet shows only symbol-level binding evidence that atomic64_fetch_or_release was absent in v6.17 and added in v6.18. The wrapper-fix oracle is a broad atomic helper/generator commit matching many atomic symbols, but no concrete generated-binding or wrapper diff ties this symbol to a Rust exposure path. Rust exposure is none and build breakage is absent.",,
W-000052,latest-p017-v6.17-to-v6.18,SignatureDrift,Low,-4.0,atomic64_fetch_sub,TRUE_WRAPPER_FIX,"Wrapper-fix oracle cites fdd7c7e0d2ab touching Rust atomic helper/generator files and matching atomic64_fetch_sub. Binding evidence is only old=absent/new=added, so this supports wrapper-fix classification, not a semantic-bug claim.",UNCLEAR,"Binding-only packet says atomic64_fetch_sub was absent in v6.17 and added in v6.18, but no concrete C or generated binding diff is embedded. The only oracle hit is broad atomic helper generation commit fdd7c7e0d2ab; Rust exposure is listed as none. Insufficient for wrapper-fix or semantic-drift labeling.",UNCLEAR,"Packet shows only symbol-level binding evidence that atomic64_fetch_sub was absent in v6.17 and added in v6.18. The wrapper-fix oracle is a broad atomic helper/generator commit matching many atomic symbols, but no concrete generated-binding or wrapper diff ties this symbol to a Rust exposure path. Rust exposure is none and build breakage is absent.",,
W-000053,latest-p017-v6.17-to-v6.18,SignatureDrift,Low,-4.0,atomic64_fetch_sub_acquire,TRUE_WRAPPER_FIX,"Wrapper-fix oracle cites fdd7c7e0d2ab touching Rust atomic helper/generator files and matching atomic64_fetch_sub_acquire. Binding evidence is only old=absent/new=added, so this supports wrapper-fix classification, not a semantic-bug claim.",UNCLEAR,"Binding-only packet says atomic64_fetch_sub_acquire was absent in v6.17 and added in v6.18, but no concrete C or generated binding diff is embedded. The only oracle hit is broad atomic helper generation commit fdd7c7e0d2ab; Rust exposure is listed as none. Insufficient for wrapper-fix or semantic-drift labeling.",UNCLEAR,"Packet shows only symbol-level binding evidence that atomic64_fetch_sub_acquire was absent in v6.17 and added in v6.18. The wrapper-fix oracle is a broad atomic helper/generator commit matching many atomic symbols, but no concrete generated-binding or wrapper diff ties this symbol to a Rust exposure path. Rust exposure is none and build breakage is absent.",,
W-000054,latest-p017-v6.17-to-v6.18,SignatureDrift,Low,-4.0,atomic64_fetch_sub_relaxed,TRUE_WRAPPER_FIX,"Wrapper-fix oracle cites fdd7c7e0d2ab touching Rust atomic helper/generator files and matching atomic64_fetch_sub_relaxed. Binding evidence is only old=absent/new=added, so this supports wrapper-fix classification, not a semantic-bug claim.",UNCLEAR,"Binding-only packet says atomic64_fetch_sub_relaxed was absent in v6.17 and added in v6.18, but no concrete C or generated binding diff is embedded. The only oracle hit is broad atomic helper generation commit fdd7c7e0d2ab; Rust exposure is listed as none. Insufficient for wrapper-fix or semantic-drift labeling.",UNCLEAR,"Packet shows only symbol-level binding evidence that atomic64_fetch_sub_relaxed was absent in v6.17 and added in v6.18. The wrapper-fix oracle is a broad atomic helper/generator commit matching many atomic symbols, but no concrete generated-binding or wrapper diff ties this symbol to a Rust exposure path. Rust exposure is none and build breakage is absent.",,
W-000055,latest-p017-v6.17-to-v6.18,SignatureDrift,Low,-4.0,atomic64_fetch_sub_release,TRUE_WRAPPER_FIX,"Wrapper-fix oracle cites fdd7c7e0d2ab touching Rust atomic helper/generator files and matching atomic64_fetch_sub_release. Binding evidence is only old=absent/new=added, so this supports wrapper-fix classification, not a semantic-bug claim.",UNCLEAR,"Binding-only packet says atomic64_fetch_sub_release was absent in v6.17 and added in v6.18, but no concrete C or generated binding diff is embedded. The only oracle hit is broad atomic helper generation commit fdd7c7e0d2ab; Rust exposure is listed as none. Insufficient for wrapper-fix or semantic-drift labeling.",UNCLEAR,"Packet shows only symbol-level binding evidence that atomic64_fetch_sub_release was absent in v6.17 and added in v6.18. The wrapper-fix oracle is a broad atomic helper/generator commit matching many atomic symbols, but no concrete generated-binding or wrapper diff ties this symbol to a Rust exposure path. Rust exposure is none and build breakage is absent.",,
W-000056,latest-p017-v6.17-to-v6.18,SignatureDrift,Low,-4.0,atomic64_fetch_xor,TRUE_WRAPPER_FIX,"Wrapper-fix oracle cites fdd7c7e0d2ab touching Rust atomic helper/generator files and matching atomic64_fetch_xor. Binding evidence is only old=absent/new=added, so this supports wrapper-fix classification, not a semantic-bug claim.",UNCLEAR,"Binding-only packet says atomic64_fetch_xor was absent in v6.17 and added in v6.18, but no concrete C or generated binding diff is embedded. The only oracle hit is broad atomic helper generation commit fdd7c7e0d2ab; Rust exposure is listed as none. Insufficient for wrapper-fix or semantic-drift labeling.",UNCLEAR,"Packet shows only symbol-level binding evidence that atomic64_fetch_xor was absent in v6.17 and added in v6.18. The wrapper-fix oracle is a broad atomic helper/generator commit matching many atomic symbols, but no concrete generated-binding or wrapper diff ties this symbol to a Rust exposure path. Rust exposure is none and build breakage is absent.",,
W-000057,latest-p017-v6.17-to-v6.18,SignatureDrift,Low,-4.0,atomic64_fetch_xor_acquire,TRUE_WRAPPER_FIX,"Wrapper-fix oracle cites fdd7c7e0d2ab touching Rust atomic helper/generator files and matching atomic64_fetch_xor_acquire. Binding evidence is only old=absent/new=added, so this supports wrapper-fix classification, not a semantic-bug claim.",UNCLEAR,"Binding-only packet says atomic64_fetch_xor_acquire was absent in v6.17 and added in v6.18, but no concrete C or generated binding diff is embedded. The only oracle hit is broad atomic helper generation commit fdd7c7e0d2ab; Rust exposure is listed as none. Insufficient for wrapper-fix or semantic-drift labeling.",UNCLEAR,"Packet shows only symbol-level binding evidence that atomic64_fetch_xor_acquire was absent in v6.17 and added in v6.18. The wrapper-fix oracle is a broad atomic helper/generator commit matching many atomic symbols, but no concrete generated-binding or wrapper diff ties this symbol to a Rust exposure path. Rust exposure is none and build breakage is absent.",,
W-000058,latest-p017-v6.17-to-v6.18,SignatureDrift,Low,-4.0,atomic64_fetch_xor_relaxed,TRUE_WRAPPER_FIX,"Wrapper-fix oracle cites fdd7c7e0d2ab touching Rust atomic helper/generator files and matching atomic64_fetch_xor_relaxed. Binding evidence is only old=absent/new=added, so this supports wrapper-fix classification, not a semantic-bug claim.",UNCLEAR,"Binding-only packet says atomic64_fetch_xor_relaxed was absent in v6.17 and added in v6.18, but no concrete C or generated binding diff is embedded. The only oracle hit is broad atomic helper generation commit fdd7c7e0d2ab; Rust exposure is listed as none. Insufficient for wrapper-fix or semantic-drift labeling.",UNCLEAR,"Packet shows only symbol-level binding evidence that atomic64_fetch_xor_relaxed was absent in v6.17 and added in v6.18. The wrapper-fix oracle is a broad atomic helper/generator commit matching many atomic symbols, but no concrete generated-binding or wrapper diff ties this symbol to a Rust exposure path. Rust exposure is none and build breakage is absent.",,
W-000059,latest-p017-v6.17-to-v6.18,SignatureDrift,Low,-4.0,atomic64_fetch_xor_release,TRUE_WRAPPER_FIX,"Wrapper-fix oracle cites fdd7c7e0d2ab touching Rust atomic helper/generator files and matching atomic64_fetch_xor_release. Binding evidence is only old=absent/new=added, so this supports wrapper-fix classification, not a semantic-bug claim.",UNCLEAR,"Binding-only packet says atomic64_fetch_xor_release was absent in v6.17 and added in v6.18, but no concrete C or generated binding diff is embedded. The only oracle hit is broad atomic helper generation commit fdd7c7e0d2ab; Rust exposure is listed as none. Insufficient for wrapper-fix or semantic-drift labeling.",UNCLEAR,"Packet shows only symbol-level binding evidence that atomic64_fetch_xor_release was absent in v6.17 and added in v6.18. The wrapper-fix oracle is a broad atomic helper/generator commit matching many atomic symbols, but no concrete generated-binding or wrapper diff ties this symbol to a Rust exposure path. Rust exposure is none and build breakage is absent.",,
W-000060,latest-p017-v6.17-to-v6.18,SignatureDrift,Low,-4.0,atomic64_inc,TRUE_WRAPPER_FIX,"Wrapper-fix oracle cites fdd7c7e0d2ab touching Rust atomic helper/generator files and matching atomic64_inc. Binding evidence is only old=absent/new=added, so this supports wrapper-fix classification, not a semantic-bug claim.",UNCLEAR,"Binding-only packet says atomic64_inc was absent in v6.17 and added in v6.18, but no concrete C or generated binding diff is embedded. The only oracle hit is broad atomic helper generation commit fdd7c7e0d2ab; Rust exposure is listed as none. Insufficient for wrapper-fix or semantic-drift labeling.",UNCLEAR,"Packet shows only symbol-level binding evidence that atomic64_inc was absent in v6.17 and added in v6.18. The wrapper-fix oracle is a broad atomic helper/generator commit matching many atomic symbols, but no concrete generated-binding or wrapper diff ties this symbol to a Rust exposure path. Rust exposure is none and build breakage is absent.",,
W-000061,latest-p017-v6.17-to-v6.18,SignatureDrift,Low,-4.0,atomic64_inc_and_test,TRUE_WRAPPER_FIX,"Wrapper-fix oracle cites fdd7c7e0d2ab touching Rust atomic helper/generator files and matching atomic64_inc_and_test. Binding evidence is only old=absent/new=added, so this supports wrapper-fix classification, not a semantic-bug claim.",UNCLEAR,"Binding-only packet says atomic64_inc_and_test was absent in v6.17 and added in v6.18, but no concrete C or generated binding diff is embedded. The only oracle hit is broad atomic helper generation commit fdd7c7e0d2ab; Rust exposure is listed as none. Insufficient for wrapper-fix or semantic-drift labeling.",UNCLEAR,"Packet shows only symbol-level binding evidence that atomic64_inc_and_test was absent in v6.17 and added in v6.18. The wrapper-fix oracle is a broad atomic helper/generator commit matching many atomic symbols, but no concrete generated-binding or wrapper diff ties this symbol to a Rust exposure path. Rust exposure is none and build breakage is absent.",,
W-000062,latest-p017-v6.17-to-v6.18,SignatureDrift,Low,-4.0,atomic64_inc_not_zero,TRUE_WRAPPER_FIX,"Wrapper-fix oracle cites fdd7c7e0d2ab touching Rust atomic helper/generator files and matching atomic64_inc_not_zero. Binding evidence is only old=absent/new=added, so this supports wrapper-fix classification, not a semantic-bug claim.",UNCLEAR,"Binding-only packet says atomic64_inc_not_zero was absent in v6.17 and added in v6.18, but no concrete C or generated binding diff is embedded. The only oracle hit is broad atomic helper generation commit fdd7c7e0d2ab; Rust exposure is listed as none. Insufficient for wrapper-fix or semantic-drift labeling.",UNCLEAR,"Packet shows only symbol-level binding evidence that atomic64_inc_not_zero was absent in v6.17 and added in v6.18. The wrapper-fix oracle is a broad atomic helper/generator commit matching many atomic symbols, but no concrete generated-binding or wrapper diff ties this symbol to a Rust exposure path. Rust exposure is none and build breakage is absent.",,
W-000063,latest-p017-v6.17-to-v6.18,SignatureDrift,Low,-4.0,atomic64_inc_return,TRUE_WRAPPER_FIX,"Wrapper-fix oracle cites fdd7c7e0d2ab touching Rust atomic helper/generator files and matching atomic64_inc_return. Binding evidence is only old=absent/new=added, so this supports wrapper-fix classification, not a semantic-bug claim.",UNCLEAR,"Binding-only packet says atomic64_inc_return was absent in v6.17 and added in v6.18, but no concrete C or generated binding diff is embedded. The only oracle hit is broad atomic helper generation commit fdd7c7e0d2ab; Rust exposure is listed as none. Insufficient for wrapper-fix or semantic-drift labeling.",UNCLEAR,"Packet shows only symbol-level binding evidence that atomic64_inc_return was absent in v6.17 and added in v6.18. The wrapper-fix oracle is a broad atomic helper/generator commit matching many atomic symbols, but no concrete generated-binding or wrapper diff ties this symbol to a Rust exposure path. Rust exposure is none and build breakage is absent.",,
W-000064,latest-p017-v6.17-to-v6.18,SignatureDrift,Low,-4.0,atomic64_inc_return_acquire,TRUE_WRAPPER_FIX,"Wrapper-fix oracle cites fdd7c7e0d2ab touching Rust atomic helper/generator files and matching atomic64_inc_return_acquire. Binding evidence is only old=absent/new=added, so this supports wrapper-fix classification, not a semantic-bug claim.",UNCLEAR,"Binding-only packet says atomic64_inc_return_acquire was absent in v6.17 and added in v6.18, but no concrete C or generated binding diff is embedded. The only oracle hit is broad atomic helper generation commit fdd7c7e0d2ab; Rust exposure is listed as none. Insufficient for wrapper-fix or semantic-drift labeling.",UNCLEAR,"Packet shows only symbol-level binding evidence that atomic64_inc_return_acquire was absent in v6.17 and added in v6.18. The wrapper-fix oracle is a broad atomic helper/generator commit matching many atomic symbols, but no concrete generated-binding or wrapper diff ties this symbol to a Rust exposure path. Rust exposure is none and build breakage is absent.",,
W-000065,latest-p017-v6.17-to-v6.18,SignatureDrift,Low,-4.0,atomic64_inc_return_relaxed,TRUE_WRAPPER_FIX,"Wrapper-fix oracle cites fdd7c7e0d2ab touching Rust atomic helper/generator files and matching atomic64_inc_return_relaxed. Binding evidence is only old=absent/new=added, so this supports wrapper-fix classification, not a semantic-bug claim.",UNCLEAR,"Binding-only packet says atomic64_inc_return_relaxed was absent in v6.17 and added in v6.18, but no concrete C or generated binding diff is embedded. The only oracle hit is broad atomic helper generation commit fdd7c7e0d2ab; Rust exposure is listed as none. Insufficient for wrapper-fix or semantic-drift labeling.",UNCLEAR,"Packet shows only symbol-level binding evidence that atomic64_inc_return_relaxed was absent in v6.17 and added in v6.18. The wrapper-fix oracle is a broad atomic helper/generator commit matching many atomic symbols, but no concrete generated-binding or wrapper diff ties this symbol to a Rust exposure path. Rust exposure is none and build breakage is absent.",,
W-000066,latest-p017-v6.17-to-v6.18,SignatureDrift,Low,-4.0,atomic64_inc_return_release,TRUE_WRAPPER_FIX,"Wrapper-fix oracle cites fdd7c7e0d2ab touching Rust atomic helper/generator files and matching atomic64_inc_return_release. Binding evidence is only old=absent/new=added, so this supports wrapper-fix classification, not a semantic-bug claim.",UNCLEAR,"Binding-only packet says atomic64_inc_return_release was absent in v6.17 and added in v6.18, but no concrete C or generated binding diff is embedded. The only oracle hit is broad atomic helper generation commit fdd7c7e0d2ab; Rust exposure is listed as none. Insufficient for wrapper-fix or semantic-drift labeling.",UNCLEAR,"Packet shows only symbol-level binding evidence that atomic64_inc_return_release was absent in v6.17 and added in v6.18. The wrapper-fix oracle is a broad atomic helper/generator commit matching many atomic symbols, but no concrete generated-binding or wrapper diff ties this symbol to a Rust exposure path. Rust exposure is none and build breakage is absent.",,
W-000067,latest-p017-v6.17-to-v6.18,SignatureDrift,Low,-4.0,atomic64_inc_unless_negative,TRUE_WRAPPER_FIX,"Wrapper-fix oracle cites fdd7c7e0d2ab touching Rust atomic helper/generator files and matching atomic64_inc_unless_negative. Binding evidence is only old=absent/new=added, so this supports wrapper-fix classification, not a semantic-bug claim.",UNCLEAR,"Binding-only packet says atomic64_inc_unless_negative was absent in v6.17 and added in v6.18, but no concrete C or generated binding diff is embedded. The only oracle hit is broad atomic helper generation commit fdd7c7e0d2ab; Rust exposure is listed as none. Insufficient for wrapper-fix or semantic-drift labeling.",UNCLEAR,"Packet shows only symbol-level binding evidence that atomic64_inc_unless_negative was absent in v6.17 and added in v6.18. The wrapper-fix oracle is a broad atomic helper/generator commit matching many atomic symbols, but no concrete generated-binding or wrapper diff ties this symbol to a Rust exposure path. Rust exposure is none and build breakage is absent.",,
W-000068,latest-p017-v6.17-to-v6.18,SignatureDrift,Low,-4.0,atomic64_or,TRUE_WRAPPER_FIX,"Wrapper-fix oracle cites fdd7c7e0d2ab touching Rust atomic helper/generator files and matching atomic64_or. Binding evidence is only old=absent/new=added, so this supports wrapper-fix classification, not a semantic-bug claim.",UNCLEAR,"Binding-only packet says atomic64_or was absent in v6.17 and added in v6.18, but no concrete C or generated binding diff is embedded. The only oracle hit is broad atomic helper generation commit fdd7c7e0d2ab; Rust exposure is listed as none. Insufficient for wrapper-fix or semantic-drift labeling.",UNCLEAR,"Packet shows only symbol-level binding evidence that atomic64_or was absent in v6.17 and added in v6.18. The wrapper-fix oracle is a broad atomic helper/generator commit matching many atomic symbols, but no concrete generated-binding or wrapper diff ties this symbol to a Rust exposure path. Rust exposure is none and build breakage is absent.",,
W-000069,latest-p017-v6.17-to-v6.18,SignatureDrift,Low,-4.0,atomic64_read,TRUE_WRAPPER_FIX,"Wrapper-fix oracle cites fdd7c7e0d2ab touching Rust atomic helper/generator files and matching atomic64_read. Binding evidence is only old=absent/new=added, so this supports wrapper-fix classification, not a semantic-bug claim.",UNCLEAR,"Binding-only packet says atomic64_read was absent in v6.17 and added in v6.18, but no concrete C or generated binding diff is embedded. The only oracle hit is broad atomic helper generation commit fdd7c7e0d2ab; Rust exposure is listed as none. Insufficient for wrapper-fix or semantic-drift labeling.",UNCLEAR,"Packet shows only symbol-level binding evidence that atomic64_read was absent in v6.17 and added in v6.18. The wrapper-fix oracle is a broad atomic helper/generator commit matching many atomic symbols, but no concrete generated-binding or wrapper diff ties this symbol to a Rust exposure path. Rust exposure is none and build breakage is absent.",,
W-000070,latest-p017-v6.17-to-v6.18,SignatureDrift,Low,-4.0,atomic64_read_acquire,TRUE_WRAPPER_FIX,"Wrapper-fix oracle cites fdd7c7e0d2ab touching Rust atomic helper/generator files and matching atomic64_read_acquire. Binding evidence is only old=absent/new=added, so this supports wrapper-fix classification, not a semantic-bug claim.",UNCLEAR,"Binding-only packet says atomic64_read_acquire was absent in v6.17 and added in v6.18, but no concrete C or generated binding diff is embedded. The only oracle hit is broad atomic helper generation commit fdd7c7e0d2ab; Rust exposure is listed as none. Insufficient for wrapper-fix or semantic-drift labeling.",UNCLEAR,"Packet shows only symbol-level binding evidence that atomic64_read_acquire was absent in v6.17 and added in v6.18. The wrapper-fix oracle is a broad atomic helper/generator commit matching many atomic symbols, but no concrete generated-binding or wrapper diff ties this symbol to a Rust exposure path. Rust exposure is none and build breakage is absent.",,
W-000071,latest-p017-v6.17-to-v6.18,SignatureDrift,Low,-4.0,atomic64_set,TRUE_WRAPPER_FIX,"Wrapper-fix oracle cites fdd7c7e0d2ab touching Rust atomic helper/generator files and matching atomic64_set. Binding evidence is only old=absent/new=added, so this supports wrapper-fix classification, not a semantic-bug claim.",UNCLEAR,"Binding-only packet says atomic64_set was absent in v6.17 and added in v6.18, but no concrete C or generated binding diff is embedded. The only oracle hit is broad atomic helper generation commit fdd7c7e0d2ab; Rust exposure is listed as none. Insufficient for wrapper-fix or semantic-drift labeling.",UNCLEAR,"Packet shows only symbol-level binding evidence that atomic64_set was absent in v6.17 and added in v6.18. The wrapper-fix oracle is a broad atomic helper/generator commit matching many atomic symbols, but no concrete generated-binding or wrapper diff ties this symbol to a Rust exposure path. Rust exposure is none and build breakage is absent.",,
W-000072,latest-p017-v6.17-to-v6.18,SignatureDrift,Low,-4.0,atomic64_set_release,TRUE_WRAPPER_FIX,"Wrapper-fix oracle cites fdd7c7e0d2ab touching Rust atomic helper/generator files and matching atomic64_set_release. Binding evidence is only old=absent/new=added, so this supports wrapper-fix classification, not a semantic-bug claim.",UNCLEAR,"Binding-only packet says atomic64_set_release was absent in v6.17 and added in v6.18, but no concrete C or generated binding diff is embedded. The only oracle hit is broad atomic helper generation commit fdd7c7e0d2ab; Rust exposure is listed as none. Insufficient for wrapper-fix or semantic-drift labeling.",UNCLEAR,"Packet shows only symbol-level binding evidence that atomic64_set_release was absent in v6.17 and added in v6.18. The wrapper-fix oracle is a broad atomic helper/generator commit matching many atomic symbols, but no concrete generated-binding or wrapper diff ties this symbol to a Rust exposure path. Rust exposure is none and build breakage is absent.",,
W-000073,latest-p017-v6.17-to-v6.18,SignatureDrift,Low,-4.0,atomic64_sub,TRUE_WRAPPER_FIX,"Wrapper-fix oracle cites fdd7c7e0d2ab touching Rust atomic helper/generator files and matching atomic64_sub. Binding evidence is only old=absent/new=added, so this supports wrapper-fix classification, not a semantic-bug claim.",UNCLEAR,"Binding-only packet says atomic64_sub was absent in v6.17 and added in v6.18, but no concrete C or generated binding diff is embedded. The only oracle hit is broad atomic helper generation commit fdd7c7e0d2ab; Rust exposure is listed as none. Insufficient for wrapper-fix or semantic-drift labeling.",UNCLEAR,"Packet shows only symbol-level binding evidence that atomic64_sub was absent in v6.17 and added in v6.18. The wrapper-fix oracle is a broad atomic helper/generator commit matching many atomic symbols, but no concrete generated-binding or wrapper diff ties this symbol to a Rust exposure path. Rust exposure is none and build breakage is absent.",,
W-000074,latest-p017-v6.17-to-v6.18,SignatureDrift,Low,-4.0,atomic64_sub_and_test,TRUE_WRAPPER_FIX,"Wrapper-fix oracle cites fdd7c7e0d2ab touching Rust atomic helper/generator files and matching atomic64_sub_and_test. Binding evidence is only old=absent/new=added, so this supports wrapper-fix classification, not a semantic-bug claim.",UNCLEAR,"Binding-only packet says atomic64_sub_and_test was absent in v6.17 and added in v6.18, but no concrete C or generated binding diff is embedded. The only oracle hit is broad atomic helper generation commit fdd7c7e0d2ab; Rust exposure is listed as none. Insufficient for wrapper-fix or semantic-drift labeling.",UNCLEAR,"Packet shows only symbol-level binding evidence that atomic64_sub_and_test was absent in v6.17 and added in v6.18. The wrapper-fix oracle is a broad atomic helper/generator commit matching many atomic symbols, but no concrete generated-binding or wrapper diff ties this symbol to a Rust exposure path. Rust exposure is none and build breakage is absent.",,
W-000075,latest-p017-v6.17-to-v6.18,SignatureDrift,Low,-4.0,atomic64_sub_return,TRUE_WRAPPER_FIX,"Wrapper-fix oracle cites fdd7c7e0d2ab touching Rust atomic helper/generator files and matching atomic64_sub_return. Binding evidence is only old=absent/new=added, so this supports wrapper-fix classification, not a semantic-bug claim.",UNCLEAR,"Binding-only packet says atomic64_sub_return was absent in v6.17 and added in v6.18, but no concrete C or generated binding diff is embedded. The only oracle hit is broad atomic helper generation commit fdd7c7e0d2ab; Rust exposure is listed as none. Insufficient for wrapper-fix or semantic-drift labeling.",UNCLEAR,"Packet shows only symbol-level binding evidence that atomic64_sub_return was absent in v6.17 and added in v6.18. The wrapper-fix oracle is a broad atomic helper/generator commit matching many atomic symbols, but no concrete generated-binding or wrapper diff ties this symbol to a Rust exposure path. Rust exposure is none and build breakage is absent.",,
W-000076,latest-p017-v6.17-to-v6.18,SignatureDrift,Low,-4.0,atomic64_sub_return_acquire,TRUE_WRAPPER_FIX,"Wrapper-fix oracle cites fdd7c7e0d2ab touching Rust atomic helper/generator files and matching atomic64_sub_return_acquire. Binding evidence is only old=absent/new=added, so this supports wrapper-fix classification, not a semantic-bug claim.",UNCLEAR,"Binding-only packet says atomic64_sub_return_acquire was absent in v6.17 and added in v6.18, but no concrete C or generated binding diff is embedded. The only oracle hit is broad atomic helper generation commit fdd7c7e0d2ab; Rust exposure is listed as none. Insufficient for wrapper-fix or semantic-drift labeling.",UNCLEAR,"Packet shows only symbol-level binding evidence that atomic64_sub_return_acquire was absent in v6.17 and added in v6.18. The wrapper-fix oracle is a broad atomic helper/generator commit matching many atomic symbols, but no concrete generated-binding or wrapper diff ties this symbol to a Rust exposure path. Rust exposure is none and build breakage is absent.",,
W-000077,latest-p017-v6.17-to-v6.18,SignatureDrift,Low,-4.0,atomic64_sub_return_relaxed,TRUE_WRAPPER_FIX,"Wrapper-fix oracle cites fdd7c7e0d2ab touching Rust atomic helper/generator files and matching atomic64_sub_return_relaxed. Binding evidence is only old=absent/new=added, so this supports wrapper-fix classification, not a semantic-bug claim.",UNCLEAR,"Binding-only packet says atomic64_sub_return_relaxed was absent in v6.17 and added in v6.18, but no concrete C or generated binding diff is embedded. The only oracle hit is broad atomic helper generation commit fdd7c7e0d2ab; Rust exposure is listed as none. Insufficient for wrapper-fix or semantic-drift labeling.",UNCLEAR,"Packet shows only symbol-level binding evidence that atomic64_sub_return_relaxed was absent in v6.17 and added in v6.18. The wrapper-fix oracle is a broad atomic helper/generator commit matching many atomic symbols, but no concrete generated-binding or wrapper diff ties this symbol to a Rust exposure path. Rust exposure is none and build breakage is absent.",,
W-000078,latest-p017-v6.17-to-v6.18,SignatureDrift,Low,-4.0,atomic64_sub_return_release,TRUE_WRAPPER_FIX,"Wrapper-fix oracle cites fdd7c7e0d2ab touching Rust atomic helper/generator files and matching atomic64_sub_return_release. Binding evidence is only old=absent/new=added, so this supports wrapper-fix classification, not a semantic-bug claim.",UNCLEAR,"Binding-only packet says atomic64_sub_return_release was absent in v6.17 and added in v6.18, but no concrete C or generated binding diff is embedded. The only oracle hit is broad atomic helper generation commit fdd7c7e0d2ab; Rust exposure is listed as none. Insufficient for wrapper-fix or semantic-drift labeling.",UNCLEAR,"Packet shows only symbol-level binding evidence that atomic64_sub_return_release was absent in v6.17 and added in v6.18. The wrapper-fix oracle is a broad atomic helper/generator commit matching many atomic symbols, but no concrete generated-binding or wrapper diff ties this symbol to a Rust exposure path. Rust exposure is none and build breakage is absent.",,
W-000079,latest-p017-v6.17-to-v6.18,SignatureDrift,Low,-4.0,atomic64_try_cmpxchg,TRUE_WRAPPER_FIX,"Wrapper-fix oracle cites fdd7c7e0d2ab touching Rust atomic helper/generator files and matching atomic64_try_cmpxchg. Binding evidence is only old=absent/new=added, so this supports wrapper-fix classification, not a semantic-bug claim.",UNCLEAR,"Binding-only packet says atomic64_try_cmpxchg was absent in v6.17 and added in v6.18, but no concrete C or generated binding diff is embedded. The only oracle hit is broad atomic helper generation commit fdd7c7e0d2ab; Rust exposure is listed as none. Insufficient for wrapper-fix or semantic-drift labeling.",UNCLEAR,"Packet shows only symbol-level binding evidence that atomic64_try_cmpxchg was absent in v6.17 and added in v6.18. The wrapper-fix oracle is a broad atomic helper/generator commit matching many atomic symbols, but no concrete generated-binding or wrapper diff ties this symbol to a Rust exposure path. Rust exposure is none and build breakage is absent.",,
W-000080,latest-p017-v6.17-to-v6.18,SignatureDrift,Low,-4.0,atomic64_try_cmpxchg_acquire,TRUE_WRAPPER_FIX,"Wrapper-fix oracle cites fdd7c7e0d2ab touching Rust atomic helper/generator files and matching atomic64_try_cmpxchg_acquire. Binding evidence is only old=absent/new=added, so this supports wrapper-fix classification, not a semantic-bug claim.",UNCLEAR,"Binding-only packet says atomic64_try_cmpxchg_acquire was absent in v6.17 and added in v6.18, but no concrete C or generated binding diff is embedded. The only oracle hit is broad atomic helper generation commit fdd7c7e0d2ab; Rust exposure is listed as none. Insufficient for wrapper-fix or semantic-drift labeling.",UNCLEAR,"Packet shows only symbol-level binding evidence that atomic64_try_cmpxchg_acquire was absent in v6.17 and added in v6.18. The wrapper-fix oracle is a broad atomic helper/generator commit matching many atomic symbols, but no concrete generated-binding or wrapper diff ties this symbol to a Rust exposure path. Rust exposure is none and build breakage is absent.",,
W-000081,latest-p017-v6.17-to-v6.18,SignatureDrift,Low,-4.0,atomic64_try_cmpxchg_relaxed,TRUE_WRAPPER_FIX,"Wrapper-fix oracle cites fdd7c7e0d2ab touching Rust atomic helper/generator files and matching atomic64_try_cmpxchg_relaxed. Binding evidence is only old=absent/new=added, so this supports wrapper-fix classification, not a semantic-bug claim.",UNCLEAR,"Binding-only packet says atomic64_try_cmpxchg_relaxed was absent in v6.17 and added in v6.18, but no concrete C or generated binding diff is embedded. The only oracle hit is broad atomic helper generation commit fdd7c7e0d2ab; Rust exposure is listed as none. Insufficient for wrapper-fix or semantic-drift labeling.",UNCLEAR,"Packet shows only symbol-level binding evidence that atomic64_try_cmpxchg_relaxed was absent in v6.17 and added in v6.18. The wrapper-fix oracle is a broad atomic helper/generator commit matching many atomic symbols, but no concrete generated-binding or wrapper diff ties this symbol to a Rust exposure path. Rust exposure is none and build breakage is absent.",,
W-000082,latest-p017-v6.17-to-v6.18,SignatureDrift,Low,-4.0,atomic64_try_cmpxchg_release,TRUE_WRAPPER_FIX,"Wrapper-fix oracle cites fdd7c7e0d2ab touching Rust atomic helper/generator files and matching atomic64_try_cmpxchg_release. Binding evidence is only old=absent/new=added, so this supports wrapper-fix classification, not a semantic-bug claim.",UNCLEAR,"Binding-only packet says atomic64_try_cmpxchg_release was absent in v6.17 and added in v6.18, but no concrete C or generated binding diff is embedded. The only oracle hit is broad atomic helper generation commit fdd7c7e0d2ab; Rust exposure is listed as none. Insufficient for wrapper-fix or semantic-drift labeling.",UNCLEAR,"Packet shows only symbol-level binding evidence that atomic64_try_cmpxchg_release was absent in v6.17 and added in v6.18. The wrapper-fix oracle is a broad atomic helper/generator commit matching many atomic symbols, but no concrete generated-binding or wrapper diff ties this symbol to a Rust exposure path. Rust exposure is none and build breakage is absent.",,
W-000083,latest-p017-v6.17-to-v6.18,SignatureDrift,Low,-4.0,atomic64_xchg,TRUE_WRAPPER_FIX,"Wrapper-fix oracle cites fdd7c7e0d2ab touching Rust atomic helper/generator files and matching atomic64_xchg. Binding evidence is only old=absent/new=added, so this supports wrapper-fix classification, not a semantic-bug claim.",UNCLEAR,"Binding-only packet says atomic64_xchg was absent in v6.17 and added in v6.18, but no concrete C or generated binding diff is embedded. The only oracle hit is broad atomic helper generation commit fdd7c7e0d2ab; Rust exposure is listed as none. Insufficient for wrapper-fix or semantic-drift labeling.",UNCLEAR,"Packet shows only symbol-level binding evidence that atomic64_xchg was absent in v6.17 and added in v6.18. The wrapper-fix oracle is a broad atomic helper/generator commit matching many atomic symbols, but no concrete generated-binding or wrapper diff ties this symbol to a Rust exposure path. Rust exposure is none and build breakage is absent.",,
W-000084,latest-p017-v6.17-to-v6.18,SignatureDrift,Low,-4.0,atomic64_xchg_acquire,TRUE_WRAPPER_FIX,"Wrapper-fix oracle cites fdd7c7e0d2ab touching Rust atomic helper/generator files and matching atomic64_xchg_acquire. Binding evidence is only old=absent/new=added, so this supports wrapper-fix classification, not a semantic-bug claim.",UNCLEAR,"Binding-only packet says atomic64_xchg_acquire was absent in v6.17 and added in v6.18, but no concrete C or generated binding diff is embedded. The only oracle hit is broad atomic helper generation commit fdd7c7e0d2ab; Rust exposure is listed as none. Insufficient for wrapper-fix or semantic-drift labeling.",UNCLEAR,"Packet shows only symbol-level binding evidence that atomic64_xchg_acquire was absent in v6.17 and added in v6.18. The wrapper-fix oracle is a broad atomic helper/generator commit matching many atomic symbols, but no concrete generated-binding or wrapper diff ties this symbol to a Rust exposure path. Rust exposure is none and build breakage is absent.",,
W-000085,latest-p017-v6.17-to-v6.18,SignatureDrift,Low,-4.0,atomic64_xchg_relaxed,TRUE_WRAPPER_FIX,"Binding-only old=absent/new=added evidence is partial, but wrapper-fix oracle commit fdd7c7e0d2ab directly matches atomic64_xchg_relaxed and changes Rust atomic helper/generator files. This supports TRUE_WRAPPER_FIX under the conservative binding-only rule. No build failure or Rust call-site exposure is shown.",UNCLEAR,"Symbol-level binding evidence says atomic64_xchg_relaxed was added, but no concrete old/new C or generated binding diff is embedded. The wrapper-fix candidate is broad generated atomic-helper work and no Rust use or safe API is shown.",TRUE_WRAPPER_FIX,"Reviewer 1's positive label is supported after re-checking fdd7c7e0d2ab: the commit adds Rust atomic helper generation and rust_helper_atomic64_xchg_relaxed, forwarding to atomic64_xchg_relaxed. There is no build-log evidence and no Rust call site, so this is a wrapper/helper fix label only, not build breakage or semantic drift.",,
W-000086,latest-p017-v6.17-to-v6.18,SignatureDrift,Low,-4.0,atomic64_xchg_release,TRUE_WRAPPER_FIX,"Binding-only old=absent/new=added evidence is partial, but wrapper-fix oracle commit fdd7c7e0d2ab directly matches atomic64_xchg_release and changes Rust atomic helper/generator files. This supports TRUE_WRAPPER_FIX under the conservative binding-only rule. No build failure or Rust call-site exposure is shown.",UNCLEAR,"Symbol-level binding evidence says atomic64_xchg_release was added, but no concrete old/new C or generated binding diff is embedded. The wrapper-fix candidate is broad generated atomic-helper work and no Rust use or safe API is shown.",TRUE_WRAPPER_FIX,"Reviewer 1's positive label is supported after re-checking fdd7c7e0d2ab: the commit adds Rust atomic helper generation and rust_helper_atomic64_xchg_release, forwarding to atomic64_xchg_release. There is no build-log evidence and no Rust call site, so this is a wrapper/helper fix label only, not build breakage or semantic drift.",,
W-000087,latest-p017-v6.17-to-v6.18,SignatureDrift,Low,-4.0,atomic64_xor,TRUE_WRAPPER_FIX,"Binding-only old=absent/new=added evidence is partial, but wrapper-fix oracle commit fdd7c7e0d2ab directly matches atomic64_xor and changes Rust atomic helper/generator files. This supports TRUE_WRAPPER_FIX under the conservative binding-only rule. No build failure or Rust call-site exposure is shown.",UNCLEAR,"Symbol-level binding evidence says atomic64_xor was added, but no concrete old/new C or generated binding diff is embedded. The wrapper-fix candidate is broad generated atomic-helper work and no Rust use or safe API is shown.",TRUE_WRAPPER_FIX,"Reviewer 1's positive label is supported after re-checking fdd7c7e0d2ab: the commit adds Rust atomic helper generation and rust_helper_atomic64_xor, forwarding to atomic64_xor. There is no build-log evidence and no Rust call site, so this is a wrapper/helper fix label only, not build breakage or semantic drift.",,
W-000088,latest-p017-v6.17-to-v6.18,SignatureDrift,Low,-4.0,atomic_add,TRUE_WRAPPER_FIX,"Binding-only old=absent/new=added evidence is partial, but wrapper-fix oracle commit fdd7c7e0d2ab directly matches atomic_add and changes Rust atomic helper/generator files. This supports TRUE_WRAPPER_FIX under the conservative binding-only rule. No build failure or Rust call-site exposure is shown.",UNCLEAR,"Symbol-level binding evidence says atomic_add was added, but no concrete old/new C or generated binding diff is embedded. The wrapper-fix candidate is broad generated atomic-helper work and no Rust use or safe API is shown.",TRUE_WRAPPER_FIX,"Reviewer 1's positive label is supported after re-checking fdd7c7e0d2ab: the commit adds Rust atomic helper generation and rust_helper_atomic_add, forwarding to atomic_add. There is no build-log evidence and no Rust call site, so this is a wrapper/helper fix label only, not build breakage or semantic drift.",,
W-000089,latest-p017-v6.17-to-v6.18,SignatureDrift,Low,-4.0,atomic_add_negative,TRUE_WRAPPER_FIX,"Binding-only old=absent/new=added evidence is partial, but wrapper-fix oracle commit fdd7c7e0d2ab directly matches atomic_add_negative and changes Rust atomic helper/generator files. This supports TRUE_WRAPPER_FIX under the conservative binding-only rule. No build failure or Rust call-site exposure is shown.",UNCLEAR,"Symbol-level binding evidence says atomic_add_negative was added, but no concrete old/new C or generated binding diff is embedded. The wrapper-fix candidate is broad generated atomic-helper work and no Rust use or safe API is shown.",TRUE_WRAPPER_FIX,"Reviewer 1's positive label is supported after re-checking fdd7c7e0d2ab: the commit adds Rust atomic helper generation and rust_helper_atomic_add_negative, forwarding to atomic_add_negative. There is no build-log evidence and no Rust call site, so this is a wrapper/helper fix label only, not build breakage or semantic drift.",,
W-000090,latest-p017-v6.17-to-v6.18,SignatureDrift,Low,-4.0,atomic_add_negative_acquire,TRUE_WRAPPER_FIX,"Binding-only old=absent/new=added evidence is partial, but wrapper-fix oracle commit fdd7c7e0d2ab directly matches atomic_add_negative_acquire and changes Rust atomic helper/generator files. This supports TRUE_WRAPPER_FIX under the conservative binding-only rule. No build failure or Rust call-site exposure is shown.",UNCLEAR,"Symbol-level binding evidence says atomic_add_negative_acquire was added, but no concrete old/new C or generated binding diff is embedded. The wrapper-fix candidate is broad generated atomic-helper work and no Rust use or safe API is shown.",TRUE_WRAPPER_FIX,"Reviewer 1's positive label is supported after re-checking fdd7c7e0d2ab: the commit adds Rust atomic helper generation and rust_helper_atomic_add_negative_acquire, forwarding to atomic_add_negative_acquire. There is no build-log evidence and no Rust call site, so this is a wrapper/helper fix label only, not build breakage or semantic drift.",,
W-000091,latest-p017-v6.17-to-v6.18,SignatureDrift,Low,-4.0,atomic_add_negative_relaxed,TRUE_WRAPPER_FIX,"Binding-only old=absent/new=added evidence is partial, but wrapper-fix oracle commit fdd7c7e0d2ab directly matches atomic_add_negative_relaxed and changes Rust atomic helper/generator files. This supports TRUE_WRAPPER_FIX under the conservative binding-only rule. No build failure or Rust call-site exposure is shown.",UNCLEAR,"Symbol-level binding evidence says atomic_add_negative_relaxed was added, but no concrete old/new C or generated binding diff is embedded. The wrapper-fix candidate is broad generated atomic-helper work and no Rust use or safe API is shown.",TRUE_WRAPPER_FIX,"Reviewer 1's positive label is supported after re-checking fdd7c7e0d2ab: the commit adds Rust atomic helper generation and rust_helper_atomic_add_negative_relaxed, forwarding to atomic_add_negative_relaxed. There is no build-log evidence and no Rust call site, so this is a wrapper/helper fix label only, not build breakage or semantic drift.",,
W-000092,latest-p017-v6.17-to-v6.18,SignatureDrift,Low,-4.0,atomic_add_negative_release,TRUE_WRAPPER_FIX,"Binding-only old=absent/new=added evidence is partial, but wrapper-fix oracle commit fdd7c7e0d2ab directly matches atomic_add_negative_release and changes Rust atomic helper/generator files. This supports TRUE_WRAPPER_FIX under the conservative binding-only rule. No build failure or Rust call-site exposure is shown.",UNCLEAR,"Symbol-level binding evidence says atomic_add_negative_release was added, but no concrete old/new C or generated binding diff is embedded. The wrapper-fix candidate is broad generated atomic-helper work and no Rust use or safe API is shown.",TRUE_WRAPPER_FIX,"Reviewer 1's positive label is supported after re-checking fdd7c7e0d2ab: the commit adds Rust atomic helper generation and rust_helper_atomic_add_negative_release, forwarding to atomic_add_negative_release. There is no build-log evidence and no Rust call site, so this is a wrapper/helper fix label only, not build breakage or semantic drift.",,
W-000093,latest-p017-v6.17-to-v6.18,SignatureDrift,Low,-4.0,atomic_add_return,TRUE_WRAPPER_FIX,"Binding-only old=absent/new=added evidence is partial, but wrapper-fix oracle commit fdd7c7e0d2ab directly matches atomic_add_return and changes Rust atomic helper/generator files. This supports TRUE_WRAPPER_FIX under the conservative binding-only rule. No build failure or Rust call-site exposure is shown.",UNCLEAR,"Symbol-level binding evidence says atomic_add_return was added, but no concrete old/new C or generated binding diff is embedded. The wrapper-fix candidate is broad generated atomic-helper work and no Rust use or safe API is shown.",TRUE_WRAPPER_FIX,"Reviewer 1's positive label is supported after re-checking fdd7c7e0d2ab: the commit adds Rust atomic helper generation and rust_helper_atomic_add_return, forwarding to atomic_add_return. There is no build-log evidence and no Rust call site, so this is a wrapper/helper fix label only, not build breakage or semantic drift.",,
W-000094,latest-p017-v6.17-to-v6.18,SignatureDrift,Low,-4.0,atomic_add_return_acquire,TRUE_WRAPPER_FIX,"Binding-only old=absent/new=added evidence is partial, but wrapper-fix oracle commit fdd7c7e0d2ab directly matches atomic_add_return_acquire and changes Rust atomic helper/generator files. This supports TRUE_WRAPPER_FIX under the conservative binding-only rule. No build failure or Rust call-site exposure is shown.",UNCLEAR,"Symbol-level binding evidence says atomic_add_return_acquire was added, but no concrete old/new C or generated binding diff is embedded. The wrapper-fix candidate is broad generated atomic-helper work and no Rust use or safe API is shown.",TRUE_WRAPPER_FIX,"Reviewer 1's positive label is supported after re-checking fdd7c7e0d2ab: the commit adds Rust atomic helper generation and rust_helper_atomic_add_return_acquire, forwarding to atomic_add_return_acquire. There is no build-log evidence and no Rust call site, so this is a wrapper/helper fix label only, not build breakage or semantic drift.",,
W-000095,latest-p017-v6.17-to-v6.18,SignatureDrift,Low,-4.0,atomic_add_return_relaxed,TRUE_WRAPPER_FIX,"Binding-only old=absent/new=added evidence is partial, but wrapper-fix oracle commit fdd7c7e0d2ab directly matches atomic_add_return_relaxed and changes Rust atomic helper/generator files. This supports TRUE_WRAPPER_FIX under the conservative binding-only rule. No build failure or Rust call-site exposure is shown.",UNCLEAR,"Symbol-level binding evidence says atomic_add_return_relaxed was added, but no concrete old/new C or generated binding diff is embedded. The wrapper-fix candidate is broad generated atomic-helper work and no Rust use or safe API is shown.",TRUE_WRAPPER_FIX,"Reviewer 1's positive label is supported after re-checking fdd7c7e0d2ab: the commit adds Rust atomic helper generation and rust_helper_atomic_add_return_relaxed, forwarding to atomic_add_return_relaxed. There is no build-log evidence and no Rust call site, so this is a wrapper/helper fix label only, not build breakage or semantic drift.",,
W-000096,latest-p017-v6.17-to-v6.18,SignatureDrift,Low,-4.0,atomic_add_return_release,TRUE_WRAPPER_FIX,"Binding-only old=absent/new=added evidence is partial, but wrapper-fix oracle commit fdd7c7e0d2ab directly matches atomic_add_return_release and changes Rust atomic helper/generator files. This supports TRUE_WRAPPER_FIX under the conservative binding-only rule. No build failure or Rust call-site exposure is shown.",UNCLEAR,"Symbol-level binding evidence says atomic_add_return_release was added, but no concrete old/new C or generated binding diff is embedded. The wrapper-fix candidate is broad generated atomic-helper work and no Rust use or safe API is shown.",TRUE_WRAPPER_FIX,"Reviewer 1's positive label is supported after re-checking fdd7c7e0d2ab: the commit adds Rust atomic helper generation and rust_helper_atomic_add_return_release, forwarding to atomic_add_return_release. There is no build-log evidence and no Rust call site, so this is a wrapper/helper fix label only, not build breakage or semantic drift.",,
W-000097,latest-p017-v6.17-to-v6.18,SignatureDrift,Low,-4.0,atomic_add_unless,TRUE_WRAPPER_FIX,"Binding-only old=absent/new=added evidence is partial, but wrapper-fix oracle commit fdd7c7e0d2ab directly matches atomic_add_unless and changes Rust atomic helper/generator files. This supports TRUE_WRAPPER_FIX under the conservative binding-only rule. No build failure or Rust call-site exposure is shown.",UNCLEAR,"Symbol-level binding evidence says atomic_add_unless was added, but no concrete old/new C or generated binding diff is embedded. The wrapper-fix candidate is broad generated atomic-helper work and no Rust use or safe API is shown.",TRUE_WRAPPER_FIX,"Reviewer 1's positive label is supported after re-checking fdd7c7e0d2ab: the commit adds Rust atomic helper generation and rust_helper_atomic_add_unless, forwarding to atomic_add_unless. There is no build-log evidence and no Rust call site, so this is a wrapper/helper fix label only, not build breakage or semantic drift.",,
W-000098,latest-p017-v6.17-to-v6.18,SignatureDrift,Low,-4.0,atomic_and,TRUE_WRAPPER_FIX,"Binding-only old=absent/new=added evidence is partial, but wrapper-fix oracle commit fdd7c7e0d2ab directly matches atomic_and and changes Rust atomic helper/generator files. This supports TRUE_WRAPPER_FIX under the conservative binding-only rule. No build failure or Rust call-site exposure is shown.",UNCLEAR,"Symbol-level binding evidence says atomic_and was added, but no concrete old/new C or generated binding diff is embedded. The wrapper-fix candidate is broad generated atomic-helper work and no Rust use or safe API is shown.",TRUE_WRAPPER_FIX,"Reviewer 1's positive label is supported after re-checking fdd7c7e0d2ab: the commit adds Rust atomic helper generation and rust_helper_atomic_and, forwarding to atomic_and. There is no build-log evidence and no Rust call site, so this is a wrapper/helper fix label only, not build breakage or semantic drift.",,
W-000099,latest-p017-v6.17-to-v6.18,SignatureDrift,Low,-4.0,atomic_andnot,TRUE_WRAPPER_FIX,"Binding-only old=absent/new=added evidence is partial, but wrapper-fix oracle commit fdd7c7e0d2ab directly matches atomic_andnot and changes Rust atomic helper/generator files. This supports TRUE_WRAPPER_FIX under the conservative binding-only rule. No build failure or Rust call-site exposure is shown.",UNCLEAR,"Symbol-level binding evidence says atomic_andnot was added, but no concrete old/new C or generated binding diff is embedded. The wrapper-fix candidate is broad generated atomic-helper work and no Rust use or safe API is shown.",TRUE_WRAPPER_FIX,"Reviewer 1's positive label is supported after re-checking fdd7c7e0d2ab: the commit adds Rust atomic helper generation and rust_helper_atomic_andnot, forwarding to atomic_andnot. There is no build-log evidence and no Rust call site, so this is a wrapper/helper fix label only, not build breakage or semantic drift.",,
W-000100,latest-p017-v6.17-to-v6.18,SignatureDrift,Low,-4.0,atomic_cmpxchg,TRUE_WRAPPER_FIX,"Binding-only old=absent/new=added evidence is partial, but wrapper-fix oracle commit fdd7c7e0d2ab directly matches atomic_cmpxchg and changes Rust atomic helper/generator files. This supports TRUE_WRAPPER_FIX under the conservative binding-only rule. No build failure or Rust call-site exposure is shown.",UNCLEAR,"Symbol-level binding evidence says atomic_cmpxchg was added, but no concrete old/new C or generated binding diff is embedded. The wrapper-fix candidate is broad generated atomic-helper work and no Rust use or safe API is shown.",TRUE_WRAPPER_FIX,"Reviewer 1's positive label is supported after re-checking fdd7c7e0d2ab: the commit adds Rust atomic helper generation and rust_helper_atomic_cmpxchg, forwarding to atomic_cmpxchg. There is no build-log evidence and no Rust call site, so this is a wrapper/helper fix label only, not build breakage or semantic drift.",,
W-000101,latest-p017-v6.17-to-v6.18,SignatureDrift,Low,-4.0,atomic_cmpxchg_acquire,TRUE_WRAPPER_FIX,"Binding-only old=absent/new=added evidence is partial, but wrapper-fix oracle commit fdd7c7e0d2ab directly matches atomic_cmpxchg_acquire and changes Rust atomic helper/generator files. This supports TRUE_WRAPPER_FIX under the conservative binding-only rule. No build failure or Rust call-site exposure is shown.",UNCLEAR,"Symbol-level binding evidence says atomic_cmpxchg_acquire was added, but no concrete old/new C or generated binding diff is embedded. The wrapper-fix candidate is broad generated atomic-helper work and no Rust use or safe API is shown.",TRUE_WRAPPER_FIX,"Reviewer 1's positive label is supported after re-checking fdd7c7e0d2ab: the commit adds Rust atomic helper generation and rust_helper_atomic_cmpxchg_acquire, forwarding to atomic_cmpxchg_acquire. There is no build-log evidence and no Rust call site, so this is a wrapper/helper fix label only, not build breakage or semantic drift.",,
W-000102,latest-p017-v6.17-to-v6.18,SignatureDrift,Low,-4.0,atomic_cmpxchg_relaxed,TRUE_WRAPPER_FIX,"Binding-only old=absent/new=added evidence is partial, but wrapper-fix oracle commit fdd7c7e0d2ab directly matches atomic_cmpxchg_relaxed and changes Rust atomic helper/generator files. This supports TRUE_WRAPPER_FIX under the conservative binding-only rule. No build failure or Rust call-site exposure is shown.",UNCLEAR,"Symbol-level binding evidence says atomic_cmpxchg_relaxed was added, but no concrete old/new C or generated binding diff is embedded. The wrapper-fix candidate is broad generated atomic-helper work and no Rust use or safe API is shown.",TRUE_WRAPPER_FIX,"Reviewer 1's positive label is supported after re-checking fdd7c7e0d2ab: the commit adds Rust atomic helper generation and rust_helper_atomic_cmpxchg_relaxed, forwarding to atomic_cmpxchg_relaxed. There is no build-log evidence and no Rust call site, so this is a wrapper/helper fix label only, not build breakage or semantic drift.",,
W-000103,latest-p017-v6.17-to-v6.18,SignatureDrift,Low,-4.0,atomic_cmpxchg_release,TRUE_WRAPPER_FIX,"Binding-only old=absent/new=added evidence is partial, but wrapper-fix oracle commit fdd7c7e0d2ab directly matches atomic_cmpxchg_release and changes Rust atomic helper/generator files. This supports TRUE_WRAPPER_FIX under the conservative binding-only rule. No build failure or Rust call-site exposure is shown.",UNCLEAR,"Symbol-level binding evidence says atomic_cmpxchg_release was added, but no concrete old/new C or generated binding diff is embedded. The wrapper-fix candidate is broad generated atomic-helper work and no Rust use or safe API is shown.",TRUE_WRAPPER_FIX,"Reviewer 1's positive label is supported after re-checking fdd7c7e0d2ab: the commit adds Rust atomic helper generation and rust_helper_atomic_cmpxchg_release, forwarding to atomic_cmpxchg_release. There is no build-log evidence and no Rust call site, so this is a wrapper/helper fix label only, not build breakage or semantic drift.",,
W-000104,latest-p017-v6.17-to-v6.18,SignatureDrift,Low,-4.0,atomic_dec,TRUE_WRAPPER_FIX,"Binding-only old=absent/new=added evidence is partial, but wrapper-fix oracle commit fdd7c7e0d2ab directly matches atomic_dec and changes Rust atomic helper/generator files. This supports TRUE_WRAPPER_FIX under the conservative binding-only rule. No build failure or Rust call-site exposure is shown.",UNCLEAR,"Symbol-level binding evidence says atomic_dec was added, but no concrete old/new C or generated binding diff is embedded. The wrapper-fix candidate is broad generated atomic-helper work and no Rust use or safe API is shown.",TRUE_WRAPPER_FIX,"Reviewer 1's positive label is supported after re-checking fdd7c7e0d2ab: the commit adds Rust atomic helper generation and rust_helper_atomic_dec, forwarding to atomic_dec. There is no build-log evidence and no Rust call site, so this is a wrapper/helper fix label only, not build breakage or semantic drift.",,
W-000105,latest-p017-v6.17-to-v6.18,SignatureDrift,Low,-4.0,atomic_dec_and_test,TRUE_WRAPPER_FIX,"Binding-only old=absent/new=added evidence is partial, but wrapper-fix oracle commit fdd7c7e0d2ab directly matches atomic_dec_and_test and changes Rust atomic helper/generator files. This supports TRUE_WRAPPER_FIX under the conservative binding-only rule. No build failure or Rust call-site exposure is shown.",UNCLEAR,"Symbol-level binding evidence says atomic_dec_and_test was added, but no concrete old/new C or generated binding diff is embedded. The wrapper-fix candidate is broad generated atomic-helper work and no Rust use or safe API is shown.",TRUE_WRAPPER_FIX,"Reviewer 1's positive label is supported after re-checking fdd7c7e0d2ab: the commit adds Rust atomic helper generation and rust_helper_atomic_dec_and_test, forwarding to atomic_dec_and_test. There is no build-log evidence and no Rust call site, so this is a wrapper/helper fix label only, not build breakage or semantic drift.",,
W-000106,latest-p017-v6.17-to-v6.18,SignatureDrift,Low,-4.0,atomic_dec_if_positive,TRUE_WRAPPER_FIX,"Binding-only old=absent/new=added evidence is partial, but wrapper-fix oracle commit fdd7c7e0d2ab directly matches atomic_dec_if_positive and changes Rust atomic helper/generator files. This supports TRUE_WRAPPER_FIX under the conservative binding-only rule. No build failure or Rust call-site exposure is shown.",UNCLEAR,"Symbol-level binding evidence says atomic_dec_if_positive was added, but no concrete old/new C or generated binding diff is embedded. The wrapper-fix candidate is broad generated atomic-helper work and no Rust use or safe API is shown.",TRUE_WRAPPER_FIX,"Reviewer 1's positive label is supported after re-checking fdd7c7e0d2ab: the commit adds Rust atomic helper generation and rust_helper_atomic_dec_if_positive, forwarding to atomic_dec_if_positive. There is no build-log evidence and no Rust call site, so this is a wrapper/helper fix label only, not build breakage or semantic drift.",,
W-000107,latest-p017-v6.17-to-v6.18,SignatureDrift,Low,-4.0,atomic_dec_return,TRUE_WRAPPER_FIX,"Binding-only old=absent/new=added evidence is partial, but wrapper-fix oracle commit fdd7c7e0d2ab directly matches atomic_dec_return and changes Rust atomic helper/generator files. This supports TRUE_WRAPPER_FIX under the conservative binding-only rule. No build failure or Rust call-site exposure is shown.",UNCLEAR,"Symbol-level binding evidence says atomic_dec_return was added, but no concrete old/new C or generated binding diff is embedded. The wrapper-fix candidate is broad generated atomic-helper work and no Rust use or safe API is shown.",TRUE_WRAPPER_FIX,"Reviewer 1's positive label is supported after re-checking fdd7c7e0d2ab: the commit adds Rust atomic helper generation and rust_helper_atomic_dec_return, forwarding to atomic_dec_return. There is no build-log evidence and no Rust call site, so this is a wrapper/helper fix label only, not build breakage or semantic drift.",,
W-000108,latest-p017-v6.17-to-v6.18,SignatureDrift,Low,-4.0,atomic_dec_return_acquire,TRUE_WRAPPER_FIX,"Binding-only old=absent/new=added evidence is partial, but wrapper-fix oracle commit fdd7c7e0d2ab directly matches atomic_dec_return_acquire and changes Rust atomic helper/generator files. This supports TRUE_WRAPPER_FIX under the conservative binding-only rule. No build failure or Rust call-site exposure is shown.",UNCLEAR,"Symbol-level binding evidence says atomic_dec_return_acquire was added, but no concrete old/new C or generated binding diff is embedded. The wrapper-fix candidate is broad generated atomic-helper work and no Rust use or safe API is shown.",TRUE_WRAPPER_FIX,"Reviewer 1's positive label is supported after re-checking fdd7c7e0d2ab: the commit adds Rust atomic helper generation and rust_helper_atomic_dec_return_acquire, forwarding to atomic_dec_return_acquire. There is no build-log evidence and no Rust call site, so this is a wrapper/helper fix label only, not build breakage or semantic drift.",,
W-000109,latest-p017-v6.17-to-v6.18,SignatureDrift,Low,-4.0,atomic_dec_return_relaxed,TRUE_WRAPPER_FIX,"Binding-only old=absent/new=added evidence is partial, but wrapper-fix oracle commit fdd7c7e0d2ab directly matches atomic_dec_return_relaxed and changes Rust atomic helper/generator files. This supports TRUE_WRAPPER_FIX under the conservative binding-only rule. No build failure or Rust call-site exposure is shown.",UNCLEAR,"Symbol-level binding evidence says atomic_dec_return_relaxed was added, but no concrete old/new C or generated binding diff is embedded. The wrapper-fix candidate is broad generated atomic-helper work and no Rust use or safe API is shown.",TRUE_WRAPPER_FIX,"Reviewer 1's positive label is supported after re-checking fdd7c7e0d2ab: the commit adds Rust atomic helper generation and rust_helper_atomic_dec_return_relaxed, forwarding to atomic_dec_return_relaxed. There is no build-log evidence and no Rust call site, so this is a wrapper/helper fix label only, not build breakage or semantic drift.",,
W-000110,latest-p017-v6.17-to-v6.18,SignatureDrift,Low,-4.0,atomic_dec_return_release,TRUE_WRAPPER_FIX,"Binding-only old=absent/new=added evidence is partial, but wrapper-fix oracle commit fdd7c7e0d2ab directly matches atomic_dec_return_release and changes Rust atomic helper/generator files. This supports TRUE_WRAPPER_FIX under the conservative binding-only rule. No build failure or Rust call-site exposure is shown.",UNCLEAR,"Symbol-level binding evidence says atomic_dec_return_release was added, but no concrete old/new C or generated binding diff is embedded. The wrapper-fix candidate is broad generated atomic-helper work and no Rust use or safe API is shown.",TRUE_WRAPPER_FIX,"Reviewer 1's positive label is supported after re-checking fdd7c7e0d2ab: the commit adds Rust atomic helper generation and rust_helper_atomic_dec_return_release, forwarding to atomic_dec_return_release. There is no build-log evidence and no Rust call site, so this is a wrapper/helper fix label only, not build breakage or semantic drift.",,
W-000111,latest-p017-v6.17-to-v6.18,SignatureDrift,Low,-4.0,atomic_dec_unless_positive,TRUE_WRAPPER_FIX,"Binding-only old=absent/new=added evidence is partial, but wrapper-fix oracle commit fdd7c7e0d2ab directly matches atomic_dec_unless_positive and changes Rust atomic helper/generator files. This supports TRUE_WRAPPER_FIX under the conservative binding-only rule. No build failure or Rust call-site exposure is shown.",UNCLEAR,"Symbol-level binding evidence says atomic_dec_unless_positive was added, but no concrete old/new C or generated binding diff is embedded. The wrapper-fix candidate is broad generated atomic-helper work and no Rust use or safe API is shown.",TRUE_WRAPPER_FIX,"Reviewer 1's positive label is supported after re-checking fdd7c7e0d2ab: the commit adds Rust atomic helper generation and rust_helper_atomic_dec_unless_positive, forwarding to atomic_dec_unless_positive. There is no build-log evidence and no Rust call site, so this is a wrapper/helper fix label only, not build breakage or semantic drift.",,
W-000112,latest-p017-v6.17-to-v6.18,SignatureDrift,Low,-4.0,atomic_fetch_add,TRUE_WRAPPER_FIX,"Binding-only old=absent/new=added evidence is partial, but wrapper-fix oracle commit fdd7c7e0d2ab directly matches atomic_fetch_add and changes Rust atomic helper/generator files. This supports TRUE_WRAPPER_FIX under the conservative binding-only rule. No build failure or Rust call-site exposure is shown.",UNCLEAR,"Symbol-level binding evidence says atomic_fetch_add was added, but no concrete old/new C or generated binding diff is embedded. The wrapper-fix candidate is broad generated atomic-helper work and no Rust use or safe API is shown.",TRUE_WRAPPER_FIX,"Reviewer 1's positive label is supported after re-checking fdd7c7e0d2ab: the commit adds Rust atomic helper generation and rust_helper_atomic_fetch_add, forwarding to atomic_fetch_add. There is no build-log evidence and no Rust call site, so this is a wrapper/helper fix label only, not build breakage or semantic drift.",,
W-000113,latest-p017-v6.17-to-v6.18,SignatureDrift,Low,-4.0,atomic_fetch_add_acquire,TRUE_WRAPPER_FIX,"Binding-only old=absent/new=added evidence is partial, but wrapper-fix oracle commit fdd7c7e0d2ab directly matches atomic_fetch_add_acquire and changes Rust atomic helper/generator files. This supports TRUE_WRAPPER_FIX under the conservative binding-only rule. No build failure or Rust call-site exposure is shown.",UNCLEAR,"Symbol-level binding evidence says atomic_fetch_add_acquire was added, but no concrete old/new C or generated binding diff is embedded. The wrapper-fix candidate is broad generated atomic-helper work and no Rust use or safe API is shown.",TRUE_WRAPPER_FIX,"Reviewer 1's positive label is supported after re-checking fdd7c7e0d2ab: the commit adds Rust atomic helper generation and rust_helper_atomic_fetch_add_acquire, forwarding to atomic_fetch_add_acquire. There is no build-log evidence and no Rust call site, so this is a wrapper/helper fix label only, not build breakage or semantic drift.",,
W-000114,latest-p017-v6.17-to-v6.18,SignatureDrift,Low,-4.0,atomic_fetch_add_relaxed,TRUE_WRAPPER_FIX,"Binding-only old=absent/new=added evidence is partial, but wrapper-fix oracle commit fdd7c7e0d2ab directly matches atomic_fetch_add_relaxed and changes Rust atomic helper/generator files. This supports TRUE_WRAPPER_FIX under the conservative binding-only rule. No build failure or Rust call-site exposure is shown.",UNCLEAR,"Symbol-level binding evidence says atomic_fetch_add_relaxed was added, but no concrete old/new C or generated binding diff is embedded. The wrapper-fix candidate is broad generated atomic-helper work and no Rust use or safe API is shown.",TRUE_WRAPPER_FIX,"Reviewer 1's positive label is supported after re-checking fdd7c7e0d2ab: the commit adds Rust atomic helper generation and rust_helper_atomic_fetch_add_relaxed, forwarding to atomic_fetch_add_relaxed. There is no build-log evidence and no Rust call site, so this is a wrapper/helper fix label only, not build breakage or semantic drift.",,
W-000115,latest-p017-v6.17-to-v6.18,SignatureDrift,Low,-4.0,atomic_fetch_add_release,TRUE_WRAPPER_FIX,"Binding-only old=absent/new=added evidence is partial, but wrapper-fix oracle commit fdd7c7e0d2ab directly matches atomic_fetch_add_release and changes Rust atomic helper/generator files. This supports TRUE_WRAPPER_FIX under the conservative binding-only rule. No build failure or Rust call-site exposure is shown.",UNCLEAR,"Symbol-level binding evidence says atomic_fetch_add_release was added, but no concrete old/new C or generated binding diff is embedded. The wrapper-fix candidate is broad generated atomic-helper work and no Rust use or safe API is shown.",TRUE_WRAPPER_FIX,"Reviewer 1's positive label is supported after re-checking fdd7c7e0d2ab: the commit adds Rust atomic helper generation and rust_helper_atomic_fetch_add_release, forwarding to atomic_fetch_add_release. There is no build-log evidence and no Rust call site, so this is a wrapper/helper fix label only, not build breakage or semantic drift.",,
W-000116,latest-p017-v6.17-to-v6.18,SignatureDrift,Low,-4.0,atomic_fetch_add_unless,TRUE_WRAPPER_FIX,"Binding-only old=absent/new=added evidence is partial, but wrapper-fix oracle commit fdd7c7e0d2ab directly matches atomic_fetch_add_unless and changes Rust atomic helper/generator files. This supports TRUE_WRAPPER_FIX under the conservative binding-only rule. No build failure or Rust call-site exposure is shown.",UNCLEAR,"Symbol-level binding evidence says atomic_fetch_add_unless was added, but no concrete old/new C or generated binding diff is embedded. The wrapper-fix candidate is broad generated atomic-helper work and no Rust use or safe API is shown.",TRUE_WRAPPER_FIX,"Reviewer 1's positive label is supported after re-checking fdd7c7e0d2ab: the commit adds Rust atomic helper generation and rust_helper_atomic_fetch_add_unless, forwarding to atomic_fetch_add_unless. There is no build-log evidence and no Rust call site, so this is a wrapper/helper fix label only, not build breakage or semantic drift.",,
W-000117,latest-p017-v6.17-to-v6.18,SignatureDrift,Low,-4.0,atomic_fetch_and,TRUE_WRAPPER_FIX,"Binding-only old=absent/new=added evidence is partial, but wrapper-fix oracle commit fdd7c7e0d2ab directly matches atomic_fetch_and and changes Rust atomic helper/generator files. This supports TRUE_WRAPPER_FIX under the conservative binding-only rule. No build failure or Rust call-site exposure is shown.",UNCLEAR,"Symbol-level binding evidence says atomic_fetch_and was added, but no concrete old/new C or generated binding diff is embedded. The wrapper-fix candidate is broad generated atomic-helper work and no Rust use or safe API is shown.",TRUE_WRAPPER_FIX,"Reviewer 1's positive label is supported after re-checking fdd7c7e0d2ab: the commit adds Rust atomic helper generation and rust_helper_atomic_fetch_and, forwarding to atomic_fetch_and. There is no build-log evidence and no Rust call site, so this is a wrapper/helper fix label only, not build breakage or semantic drift.",,
W-000118,latest-p017-v6.17-to-v6.18,SignatureDrift,Low,-4.0,atomic_fetch_and_acquire,TRUE_WRAPPER_FIX,"Binding-only old=absent/new=added evidence is partial, but wrapper-fix oracle commit fdd7c7e0d2ab directly matches atomic_fetch_and_acquire and changes Rust atomic helper/generator files. This supports TRUE_WRAPPER_FIX under the conservative binding-only rule. No build failure or Rust call-site exposure is shown.",UNCLEAR,"Symbol-level binding evidence says atomic_fetch_and_acquire was added, but no concrete old/new C or generated binding diff is embedded. The wrapper-fix candidate is broad generated atomic-helper work and no Rust use or safe API is shown.",TRUE_WRAPPER_FIX,"Reviewer 1's positive label is supported after re-checking fdd7c7e0d2ab: the commit adds Rust atomic helper generation and rust_helper_atomic_fetch_and_acquire, forwarding to atomic_fetch_and_acquire. There is no build-log evidence and no Rust call site, so this is a wrapper/helper fix label only, not build breakage or semantic drift.",,
W-000119,latest-p017-v6.17-to-v6.18,SignatureDrift,Low,-4.0,atomic_fetch_and_relaxed,TRUE_WRAPPER_FIX,"Binding-only old=absent/new=added evidence is partial, but wrapper-fix oracle commit fdd7c7e0d2ab directly matches atomic_fetch_and_relaxed and changes Rust atomic helper/generator files. This supports TRUE_WRAPPER_FIX under the conservative binding-only rule. No build failure or Rust call-site exposure is shown.",UNCLEAR,"Symbol-level binding evidence says atomic_fetch_and_relaxed was added, but no concrete old/new C or generated binding diff is embedded. The wrapper-fix candidate is broad generated atomic-helper work and no Rust use or safe API is shown.",TRUE_WRAPPER_FIX,"Reviewer 1's positive label is supported after re-checking fdd7c7e0d2ab: the commit adds Rust atomic helper generation and rust_helper_atomic_fetch_and_relaxed, forwarding to atomic_fetch_and_relaxed. There is no build-log evidence and no Rust call site, so this is a wrapper/helper fix label only, not build breakage or semantic drift.",,
W-000120,latest-p017-v6.17-to-v6.18,SignatureDrift,Low,-4.0,atomic_fetch_and_release,TRUE_WRAPPER_FIX,"Binding-only old=absent/new=added evidence is partial, but wrapper-fix oracle commit fdd7c7e0d2ab directly matches atomic_fetch_and_release and changes Rust atomic helper/generator files. This supports TRUE_WRAPPER_FIX under the conservative binding-only rule. No build failure or Rust call-site exposure is shown.",UNCLEAR,"Symbol-level binding evidence says atomic_fetch_and_release was added, but no concrete old/new C or generated binding diff is embedded. The wrapper-fix candidate is broad generated atomic-helper work and no Rust use or safe API is shown.",TRUE_WRAPPER_FIX,"Reviewer 1's positive label is supported after re-checking fdd7c7e0d2ab: the commit adds Rust atomic helper generation and rust_helper_atomic_fetch_and_release, forwarding to atomic_fetch_and_release. There is no build-log evidence and no Rust call site, so this is a wrapper/helper fix label only, not build breakage or semantic drift.",,
W-000121,latest-p017-v6.17-to-v6.18,SignatureDrift,Low,-4.0,atomic_fetch_andnot,TRUE_WRAPPER_FIX,"Binding-only old=absent/new=added evidence is partial, but wrapper-fix oracle commit fdd7c7e0d2ab directly matches atomic_fetch_andnot and changes Rust atomic helper/generator files. This supports TRUE_WRAPPER_FIX under the conservative binding-only rule. No build failure or Rust call-site exposure is shown.",UNCLEAR,"Symbol-level binding evidence says atomic_fetch_andnot was added, but no concrete old/new C or generated binding diff is embedded. The wrapper-fix candidate is broad generated atomic-helper work and no Rust use or safe API is shown.",TRUE_WRAPPER_FIX,"Reviewer 1's positive label is supported after re-checking fdd7c7e0d2ab: the commit adds Rust atomic helper generation and rust_helper_atomic_fetch_andnot, forwarding to atomic_fetch_andnot. There is no build-log evidence and no Rust call site, so this is a wrapper/helper fix label only, not build breakage or semantic drift.",,
W-000122,latest-p017-v6.17-to-v6.18,SignatureDrift,Low,-4.0,atomic_fetch_andnot_acquire,TRUE_WRAPPER_FIX,"Binding-only old=absent/new=added evidence is partial, but wrapper-fix oracle commit fdd7c7e0d2ab directly matches atomic_fetch_andnot_acquire and changes Rust atomic helper/generator files. This supports TRUE_WRAPPER_FIX under the conservative binding-only rule. No build failure or Rust call-site exposure is shown.",UNCLEAR,"Symbol-level binding evidence says atomic_fetch_andnot_acquire was added, but no concrete old/new C or generated binding diff is embedded. The wrapper-fix candidate is broad generated atomic-helper work and no Rust use or safe API is shown.",TRUE_WRAPPER_FIX,"Reviewer 1's positive label is supported after re-checking fdd7c7e0d2ab: the commit adds Rust atomic helper generation and rust_helper_atomic_fetch_andnot_acquire, forwarding to atomic_fetch_andnot_acquire. There is no build-log evidence and no Rust call site, so this is a wrapper/helper fix label only, not build breakage or semantic drift.",,
W-000123,latest-p017-v6.17-to-v6.18,SignatureDrift,Low,-4.0,atomic_fetch_andnot_relaxed,TRUE_WRAPPER_FIX,"Binding-only old=absent/new=added evidence is partial, but wrapper-fix oracle commit fdd7c7e0d2ab directly matches atomic_fetch_andnot_relaxed and changes Rust atomic helper/generator files. This supports TRUE_WRAPPER_FIX under the conservative binding-only rule. No build failure or Rust call-site exposure is shown.",UNCLEAR,"Symbol-level binding evidence says atomic_fetch_andnot_relaxed was added, but no concrete old/new C or generated binding diff is embedded. The wrapper-fix candidate is broad generated atomic-helper work and no Rust use or safe API is shown.",TRUE_WRAPPER_FIX,"Reviewer 1's positive label is supported after re-checking fdd7c7e0d2ab: the commit adds Rust atomic helper generation and rust_helper_atomic_fetch_andnot_relaxed, forwarding to atomic_fetch_andnot_relaxed. There is no build-log evidence and no Rust call site, so this is a wrapper/helper fix label only, not build breakage or semantic drift.",,
W-000124,latest-p017-v6.17-to-v6.18,SignatureDrift,Low,-4.0,atomic_fetch_andnot_release,TRUE_WRAPPER_FIX,"Binding-only old=absent/new=added evidence is partial, but wrapper-fix oracle commit fdd7c7e0d2ab directly matches atomic_fetch_andnot_release and changes Rust atomic helper/generator files. This supports TRUE_WRAPPER_FIX under the conservative binding-only rule. No build failure or Rust call-site exposure is shown.",UNCLEAR,"Symbol-level binding evidence says atomic_fetch_andnot_release was added, but no concrete old/new C or generated binding diff is embedded. The wrapper-fix candidate is broad generated atomic-helper work and no Rust use or safe API is shown.",TRUE_WRAPPER_FIX,"Reviewer 1's positive label is supported after re-checking fdd7c7e0d2ab: the commit adds Rust atomic helper generation and rust_helper_atomic_fetch_andnot_release, forwarding to atomic_fetch_andnot_release. There is no build-log evidence and no Rust call site, so this is a wrapper/helper fix label only, not build breakage or semantic drift.",,
W-000125,latest-p017-v6.17-to-v6.18,SignatureDrift,Low,-4.0,atomic_fetch_dec,TRUE_WRAPPER_FIX,"Binding-only old=absent/new=added evidence is partial, but wrapper-fix oracle commit fdd7c7e0d2ab directly matches atomic_fetch_dec and changes Rust atomic helper/generator files. This supports TRUE_WRAPPER_FIX under the conservative binding-only rule. No build failure or Rust call-site exposure is shown.",UNCLEAR,"Symbol-level binding evidence says atomic_fetch_dec was added, but no concrete old/new C or generated binding diff is embedded. The wrapper-fix candidate is broad generated atomic-helper work and no Rust use or safe API is shown.",TRUE_WRAPPER_FIX,"Reviewer 1's positive label is supported after re-checking fdd7c7e0d2ab: the commit adds Rust atomic helper generation and rust_helper_atomic_fetch_dec, forwarding to atomic_fetch_dec. There is no build-log evidence and no Rust call site, so this is a wrapper/helper fix label only, not build breakage or semantic drift.",,
W-000126,latest-p017-v6.17-to-v6.18,SignatureDrift,Low,-4.0,atomic_fetch_dec_acquire,TRUE_WRAPPER_FIX,"Binding-only old=absent/new=added evidence is partial, but wrapper-fix oracle commit fdd7c7e0d2ab directly matches atomic_fetch_dec_acquire and changes Rust atomic helper/generator files. This supports TRUE_WRAPPER_FIX under the conservative binding-only rule. No build failure or Rust call-site exposure is shown.",UNCLEAR,"Symbol-level binding evidence says atomic_fetch_dec_acquire was added, but no concrete old/new C or generated binding diff is embedded. The wrapper-fix candidate is broad generated atomic-helper work and no Rust use or safe API is shown.",TRUE_WRAPPER_FIX,"Reviewer 1's positive label is supported after re-checking fdd7c7e0d2ab: the commit adds Rust atomic helper generation and rust_helper_atomic_fetch_dec_acquire, forwarding to atomic_fetch_dec_acquire. There is no build-log evidence and no Rust call site, so this is a wrapper/helper fix label only, not build breakage or semantic drift.",,
W-000127,latest-p017-v6.17-to-v6.18,SignatureDrift,Low,-4.0,atomic_fetch_dec_relaxed,TRUE_WRAPPER_FIX,"Binding-only old=absent/new=added evidence is partial, but wrapper-fix oracle commit fdd7c7e0d2ab directly matches atomic_fetch_dec_relaxed and changes Rust atomic helper/generator files. This supports TRUE_WRAPPER_FIX under the conservative binding-only rule. No build failure or Rust call-site exposure is shown.",UNCLEAR,"Symbol-level binding evidence says atomic_fetch_dec_relaxed was added, but no concrete old/new C or generated binding diff is embedded. The wrapper-fix candidate is broad generated atomic-helper work and no Rust use or safe API is shown.",TRUE_WRAPPER_FIX,"Reviewer 1's positive label is supported after re-checking fdd7c7e0d2ab: the commit adds Rust atomic helper generation and rust_helper_atomic_fetch_dec_relaxed, forwarding to atomic_fetch_dec_relaxed. There is no build-log evidence and no Rust call site, so this is a wrapper/helper fix label only, not build breakage or semantic drift.",,
W-000128,latest-p017-v6.17-to-v6.18,SignatureDrift,Low,-4.0,atomic_fetch_dec_release,TRUE_WRAPPER_FIX,"Binding-only old=absent/new=added evidence is partial, but wrapper-fix oracle commit fdd7c7e0d2ab directly matches atomic_fetch_dec_release and changes Rust atomic helper/generator files. This supports TRUE_WRAPPER_FIX under the conservative binding-only rule. No build failure or Rust call-site exposure is shown.",UNCLEAR,"Symbol-level binding evidence says atomic_fetch_dec_release was added, but no concrete old/new C or generated binding diff is embedded. The wrapper-fix candidate is broad generated atomic-helper work and no Rust use or safe API is shown.",TRUE_WRAPPER_FIX,"Reviewer 1's positive label is supported after re-checking fdd7c7e0d2ab: the commit adds Rust atomic helper generation and rust_helper_atomic_fetch_dec_release, forwarding to atomic_fetch_dec_release. There is no build-log evidence and no Rust call site, so this is a wrapper/helper fix label only, not build breakage or semantic drift.",,
W-000129,latest-p017-v6.17-to-v6.18,SignatureDrift,Low,-4.0,atomic_fetch_inc,TRUE_WRAPPER_FIX,"Binding-only old=absent/new=added evidence is partial, but wrapper-fix oracle commit fdd7c7e0d2ab directly matches atomic_fetch_inc and changes Rust atomic helper/generator files. This supports TRUE_WRAPPER_FIX under the conservative binding-only rule. No build failure or Rust call-site exposure is shown.",UNCLEAR,"Symbol-level binding evidence says atomic_fetch_inc was added, but no concrete old/new C or generated binding diff is embedded. The wrapper-fix candidate is broad generated atomic-helper work and no Rust use or safe API is shown.",TRUE_WRAPPER_FIX,"Reviewer 1's positive label is supported after re-checking fdd7c7e0d2ab: the commit adds Rust atomic helper generation and rust_helper_atomic_fetch_inc, forwarding to atomic_fetch_inc. There is no build-log evidence and no Rust call site, so this is a wrapper/helper fix label only, not build breakage or semantic drift.",,
W-000130,latest-p017-v6.17-to-v6.18,SignatureDrift,Low,-4.0,atomic_fetch_inc_acquire,TRUE_WRAPPER_FIX,"Binding-only old=absent/new=added evidence is partial, but wrapper-fix oracle commit fdd7c7e0d2ab directly matches atomic_fetch_inc_acquire and changes Rust atomic helper/generator files. This supports TRUE_WRAPPER_FIX under the conservative binding-only rule. No build failure or Rust call-site exposure is shown.",UNCLEAR,"Symbol-level binding evidence says atomic_fetch_inc_acquire was added, but no concrete old/new C or generated binding diff is embedded. The wrapper-fix candidate is broad generated atomic-helper work and no Rust use or safe API is shown.",TRUE_WRAPPER_FIX,"Reviewer 1's positive label is supported after re-checking fdd7c7e0d2ab: the commit adds Rust atomic helper generation and rust_helper_atomic_fetch_inc_acquire, forwarding to atomic_fetch_inc_acquire. There is no build-log evidence and no Rust call site, so this is a wrapper/helper fix label only, not build breakage or semantic drift.",,
W-000131,latest-p017-v6.17-to-v6.18,SignatureDrift,Low,-4.0,atomic_fetch_inc_relaxed,TRUE_WRAPPER_FIX,"Binding-only old=absent/new=added evidence is partial, but wrapper-fix oracle commit fdd7c7e0d2ab directly matches atomic_fetch_inc_relaxed and changes Rust atomic helper/generator files. This supports TRUE_WRAPPER_FIX under the conservative binding-only rule. No build failure or Rust call-site exposure is shown.",UNCLEAR,"Symbol-level binding evidence says atomic_fetch_inc_relaxed was added, but no concrete old/new C or generated binding diff is embedded. The wrapper-fix candidate is broad generated atomic-helper work and no Rust use or safe API is shown.",TRUE_WRAPPER_FIX,"Reviewer 1's positive label is supported after re-checking fdd7c7e0d2ab: the commit adds Rust atomic helper generation and rust_helper_atomic_fetch_inc_relaxed, forwarding to atomic_fetch_inc_relaxed. There is no build-log evidence and no Rust call site, so this is a wrapper/helper fix label only, not build breakage or semantic drift.",,
W-000132,latest-p017-v6.17-to-v6.18,SignatureDrift,Low,-4.0,atomic_fetch_inc_release,TRUE_WRAPPER_FIX,"Binding-only old=absent/new=added evidence is partial, but wrapper-fix oracle commit fdd7c7e0d2ab directly matches atomic_fetch_inc_release and changes Rust atomic helper/generator files. This supports TRUE_WRAPPER_FIX under the conservative binding-only rule. No build failure or Rust call-site exposure is shown.",UNCLEAR,"Symbol-level binding evidence says atomic_fetch_inc_release was added, but no concrete old/new C or generated binding diff is embedded. The wrapper-fix candidate is broad generated atomic-helper work and no Rust use or safe API is shown.",TRUE_WRAPPER_FIX,"Reviewer 1's positive label is supported after re-checking fdd7c7e0d2ab: the commit adds Rust atomic helper generation and rust_helper_atomic_fetch_inc_release, forwarding to atomic_fetch_inc_release. There is no build-log evidence and no Rust call site, so this is a wrapper/helper fix label only, not build breakage or semantic drift.",,
W-000133,latest-p017-v6.17-to-v6.18,SignatureDrift,Low,-4.0,atomic_fetch_or,TRUE_WRAPPER_FIX,"Binding-only old=absent/new=added evidence is partial, but wrapper-fix oracle commit fdd7c7e0d2ab directly matches atomic_fetch_or and changes Rust atomic helper/generator files. This supports TRUE_WRAPPER_FIX under the conservative binding-only rule. No build failure or Rust call-site exposure is shown.",UNCLEAR,"Symbol-level binding evidence says atomic_fetch_or was added, but no concrete old/new C or generated binding diff is embedded. The wrapper-fix candidate is broad generated atomic-helper work and no Rust use or safe API is shown.",TRUE_WRAPPER_FIX,"Reviewer 1's positive label is supported after re-checking fdd7c7e0d2ab: the commit adds Rust atomic helper generation and rust_helper_atomic_fetch_or, forwarding to atomic_fetch_or. There is no build-log evidence and no Rust call site, so this is a wrapper/helper fix label only, not build breakage or semantic drift.",,
W-000134,latest-p017-v6.17-to-v6.18,SignatureDrift,Low,-4.0,atomic_fetch_or_acquire,TRUE_WRAPPER_FIX,"Binding-only old=absent/new=added evidence is partial, but wrapper-fix oracle commit fdd7c7e0d2ab directly matches atomic_fetch_or_acquire and changes Rust atomic helper/generator files. This supports TRUE_WRAPPER_FIX under the conservative binding-only rule. No build failure or Rust call-site exposure is shown.",UNCLEAR,"Symbol-level binding evidence says atomic_fetch_or_acquire was added, but no concrete old/new C or generated binding diff is embedded. The wrapper-fix candidate is broad generated atomic-helper work and no Rust use or safe API is shown.",TRUE_WRAPPER_FIX,"Reviewer 1's positive label is supported after re-checking fdd7c7e0d2ab: the commit adds Rust atomic helper generation and rust_helper_atomic_fetch_or_acquire, forwarding to atomic_fetch_or_acquire. There is no build-log evidence and no Rust call site, so this is a wrapper/helper fix label only, not build breakage or semantic drift.",,
W-000135,latest-p017-v6.17-to-v6.18,SignatureDrift,Low,-4.0,atomic_fetch_or_relaxed,TRUE_WRAPPER_FIX,"Binding-only old=absent/new=added evidence is partial, but wrapper-fix oracle commit fdd7c7e0d2ab directly matches atomic_fetch_or_relaxed and changes Rust atomic helper/generator files. This supports TRUE_WRAPPER_FIX under the conservative binding-only rule. No build failure or Rust call-site exposure is shown.",UNCLEAR,"Only symbol-level absent-to-added evidence is present. The atomic helper commit is broad/generated and no Rust call site or safe API is listed, so I would not call this a wrapper fix.",TRUE_WRAPPER_FIX,"The packet lacks a Rust call site and concrete C diff, but the wrapper-fix oracle is not just a keyword hit: fdd7c7e0d2ab changes Rust atomic helper/generator files and matches atomic_fetch_or_relaxed exactly. That directly addresses the helper/binding exposure path.",,
W-000136,latest-p017-v6.17-to-v6.18,SignatureDrift,Low,-4.0,atomic_fetch_or_release,TRUE_WRAPPER_FIX,"Binding-only old=absent/new=added evidence is partial, but wrapper-fix oracle commit fdd7c7e0d2ab directly matches atomic_fetch_or_release and changes Rust atomic helper/generator files. This supports TRUE_WRAPPER_FIX under the conservative binding-only rule. No build failure or Rust call-site exposure is shown.",UNCLEAR,"Only symbol-level absent-to-added evidence is present. The atomic helper commit is broad/generated and no Rust call site or safe API is listed, so I would not call this a wrapper fix.",TRUE_WRAPPER_FIX,"The packet lacks a Rust call site and concrete C diff, but fdd7c7e0d2ab changes Rust atomic helper/generator files and matches atomic_fetch_or_release exactly. That is credible helper/binding fix evidence for the same symbol path, not merely a subject keyword hit.",,
W-000137,latest-p017-v6.17-to-v6.18,SignatureDrift,Low,-4.0,atomic_fetch_sub,TRUE_WRAPPER_FIX,"Binding-only old=absent/new=added evidence is partial, but wrapper-fix oracle commit fdd7c7e0d2ab directly matches atomic_fetch_sub and changes Rust atomic helper/generator files. This supports TRUE_WRAPPER_FIX under the conservative binding-only rule. No build failure or Rust call-site exposure is shown.",UNCLEAR,"Only symbol-level absent-to-added evidence is present. The atomic helper commit is broad/generated and no Rust call site or safe API is listed, so I would not call this a wrapper fix.",TRUE_WRAPPER_FIX,"The old/new fact is binding-level only, but fdd7c7e0d2ab changes Rust atomic helper/generator files and matches atomic_fetch_sub exactly. That directly addresses the same helper/binding exposure path. No build failure or semantic Rust dependency is shown.",,
W-000138,latest-p017-v6.17-to-v6.18,SignatureDrift,Low,-4.0,atomic_fetch_sub_acquire,TRUE_WRAPPER_FIX,"Binding-only old=absent/new=added evidence is partial, but wrapper-fix oracle commit fdd7c7e0d2ab directly matches atomic_fetch_sub_acquire and changes Rust atomic helper/generator files. This supports TRUE_WRAPPER_FIX under the conservative binding-only rule. No build failure or Rust call-site exposure is shown.",UNCLEAR,"Only symbol-level absent-to-added evidence is present. The atomic helper commit is broad/generated and no Rust call site or safe API is listed, so I would not call this a wrapper fix.",TRUE_WRAPPER_FIX,"The evidence is binding-level absent-to-added, but the wrapper-fix oracle directly matches atomic_fetch_sub_acquire and changes Rust atomic helper/generator files. That supports TRUE_WRAPPER_FIX for the helper/binding path. There is no build-breakage evidence.",,
W-000139,latest-p017-v6.17-to-v6.18,SignatureDrift,Low,-4.0,atomic_fetch_sub_relaxed,TRUE_WRAPPER_FIX,"Binding-only old=absent/new=added evidence is partial, but wrapper-fix oracle commit fdd7c7e0d2ab directly matches atomic_fetch_sub_relaxed and changes Rust atomic helper/generator files. This supports TRUE_WRAPPER_FIX under the conservative binding-only rule. No build failure or Rust call-site exposure is shown.",UNCLEAR,"Only symbol-level absent-to-added evidence is present. The atomic helper commit is broad/generated and no Rust call site or safe API is listed, so I would not call this a wrapper fix.",TRUE_WRAPPER_FIX,"Although old/new C source and Rust call sites are missing, fdd7c7e0d2ab changes Rust atomic helper/generator files and matches atomic_fetch_sub_relaxed exactly. This is direct helper/binding fix evidence for the warned symbol path, not only keyword similarity.",,
W-000140,latest-p017-v6.17-to-v6.18,SignatureDrift,Low,-4.0,atomic_fetch_sub_release,TRUE_WRAPPER_FIX,"Binding-only old=absent/new=added evidence is partial, but wrapper-fix oracle commit fdd7c7e0d2ab directly matches atomic_fetch_sub_release and changes Rust atomic helper/generator files. This supports TRUE_WRAPPER_FIX under the conservative binding-only rule. No build failure or Rust call-site exposure is shown.",UNCLEAR,"Only symbol-level absent-to-added evidence is present. The atomic helper commit is broad/generated and no Rust call site or safe API is listed, so I would not call this a wrapper fix.",TRUE_WRAPPER_FIX,"The warning has only binding-level absent-to-added evidence, but fdd7c7e0d2ab changes Rust atomic helper/generator files and matches atomic_fetch_sub_release exactly. That directly addresses the helper/binding path. No build failure or semantic stale-contract evidence is present.",,
W-000141,latest-p017-v6.17-to-v6.18,SignatureDrift,Low,-4.0,atomic_fetch_xor,TRUE_WRAPPER_FIX,"Binding-only old=absent/new=added evidence is partial, but wrapper-fix oracle commit fdd7c7e0d2ab directly matches atomic_fetch_xor and changes Rust atomic helper/generator files. This supports TRUE_WRAPPER_FIX under the conservative binding-only rule. No build failure or Rust call-site exposure is shown.",UNCLEAR,"Only symbol-level absent-to-added evidence is present. The atomic helper commit is broad/generated and no Rust call site or safe API is listed, so I would not call this a wrapper fix.",TRUE_WRAPPER_FIX,"The packet lacks concrete C source and Rust call-site evidence, but fdd7c7e0d2ab changes Rust atomic helper/generator files and matches atomic_fetch_xor exactly. That is credible helper/binding fix evidence for the same symbol path.",,
