warning_uid,warning_id,pair_id,ranker_source,type,symbol,reviewer1_label,reviewer1_notes,reviewer2_label,reviewer2_notes,adjudicated_label,adjudication_notes,label_source
00258ffaecfaa8b6bd0e79eaf9194b5a5e78ddccccf059576da8d479e05ae525,W-000046,latest-p017-v6.17-to-v6.18,no_graph,SignatureDrift,atomic64_fetch_inc_relaxed,BENIGN_DRIFT,"Generated bindings show the symbol appearing, but Rust exposure is only a generated binding edge and build breakage is absent. The wrapper oracle is not enough by itself to show a same-contract fix.",FALSE_POSITIVE,The packet supports only an added generated binding with no old C evidence and no Rust exposure beyond the binding edge. The wrapper oracle is undiffed and not enough for a TRUE label.,FALSE_POSITIVE,"The packet supports only generated binding/layout evidence for `atomic64_fetch_inc_relaxed` with binding-only Rust exposure. There is no direct old/new C source diff, no build evidence, and the wrapper oracle is weak or broad.",binddrift_review_pooled_pending
00404198a8b2b49e9c3be90632370e1ac1221634d6c4805d46f7001dc54e4ccf,W-000126,latest-p017-v6.17-to-v6.18,,SignatureDrift,atomic_fetch_dec_acquire,BENIGN_DRIFT,"Generated bindings show the symbol appearing, but Rust exposure is only a generated binding edge and build breakage is absent. The wrapper oracle is not enough by itself to show a same-contract fix.",FALSE_POSITIVE,The packet supports only an added generated binding with no old C evidence and no Rust exposure beyond the binding edge. The wrapper oracle is undiffed and not enough for a TRUE label.,FALSE_POSITIVE,"The packet supports only generated binding/layout evidence for `atomic_fetch_dec_acquire` with binding-only Rust exposure. There is no direct old/new C source diff, no build evidence, and the wrapper oracle is weak or broad.",binddrift_review_pooled_pending
008d4bc1dd6309371bfe398912473c623667c2161a158acd2ca12ffac9fa5b24,W-000007,latest-p007-v6.7-to-v6.8,"binding_diff,no_impact_gate",FieldDrift,device,BENIGN_DRIFT,"Generated binding/layout evidence shows drift, but Rust exposure is only generated bindings and build breakage is absent. Without direct Rust use or a specific fix diff, the observed impact looks harmless.",FALSE_POSITIVE,"The old/new evidence is generated-binding-only and appears to be ffi namespace or type-rendering churn, not a concrete C API drift. Wrapper oracle text is not enough to rescue the warning without a matching diff.",FALSE_POSITIVE,"The packet supports only generated binding/layout evidence for `device` with binding-only Rust exposure. There is no direct old/new C source diff, no build evidence, and the wrapper oracle is weak or broad.",binddrift_review_pooled_pending
00dc9ef3990901e59d86c3891296e0ab1cb029de84f16d1e7c8275304b67cc5e,W-000153,latest-p017-v6.17-to-v6.18,random,SignatureDrift,atomic_or,BENIGN_DRIFT,"Generated bindings show the symbol appearing, but Rust exposure is only a generated binding edge and build breakage is absent. The wrapper oracle is not enough by itself to show a same-contract fix.",FALSE_POSITIVE,The packet supports only an added generated binding with no old C evidence and no Rust exposure beyond the binding edge. The wrapper oracle is undiffed and not enough for a TRUE label.,FALSE_POSITIVE,"The packet supports only generated binding/layout evidence for `atomic_or` with binding-only Rust exposure. There is no direct old/new C source diff, no build evidence, and the wrapper oracle is weak or broad.",binddrift_review_pooled_pending
01436956bde3fab5501d8bf4c75911c70a32bf794ced9e7c9353effb2de91ce8,W-000005,latest-p007-v6.7-to-v6.8,,SignatureDrift,phy_write_mmd,BENIGN_DRIFT,"Generated bindings show the symbol appearing, but Rust exposure is only a generated binding edge and build breakage is absent. The wrapper oracle is not enough by itself to show a same-contract fix.",FALSE_POSITIVE,The packet supports only an added generated binding with no old C evidence and no Rust exposure beyond the binding edge. The wrapper oracle is undiffed and not enough for a TRUE label.,FALSE_POSITIVE,"The packet supports only generated binding/layout evidence for `phy_write_mmd` with binding-only Rust exposure. There is no direct old/new C source diff, no build evidence, and the wrapper oracle is weak or broad.",binddrift_review_pooled_pending
015e23b15a6c361653779e716afecb8c6f5040caa7dc1922459f0405ce0c4e84,W-000040,latest-p017-v6.17-to-v6.18,no_graph,SignatureDrift,atomic64_fetch_dec,BENIGN_DRIFT,"Generated bindings show the symbol appearing, but Rust exposure is only a generated binding edge and build breakage is absent. The wrapper oracle is not enough by itself to show a same-contract fix.",FALSE_POSITIVE,The packet supports only an added generated binding with no old C evidence and no Rust exposure beyond the binding edge. The wrapper oracle is undiffed and not enough for a TRUE label.,FALSE_POSITIVE,"The packet supports only generated binding/layout evidence for `atomic64_fetch_dec` with binding-only Rust exposure. There is no direct old/new C source diff, no build evidence, and the wrapper oracle is weak or broad.",binddrift_review_pooled_pending
015e28f63fcd1525dedaa392e73278a8de6d06699b9ef77911ed729a53b54f2c,W-000036,latest-p012-v6.12-to-v6.13,"binddrift_current,binding_diff,no_impact_gate,no_ranking,random,rust_use",FieldDrift,queue_limits,TRUE_WRAPPER_FIX,"queue_limits layout changed and Rust GenDiskBuilder reaches queue limit related bindings. The oracle hit explicitly says Rust block code does not use a removed queue limit API in gen_disk.rs, matching the same contract area.",TRUE_WRAPPER_FIX,"Later Rust wrapper/helper/binding evidence is in the same exposed API area and plausibly addresses the warned symbol or contract. C source evidence may be binding-only and no build log is present, so this is a wrapper-fix label, not build breakage.",TRUE_WRAPPER_FIX,"No build oracle. Rust GenDisk code reaches queue-limit bindings, and the oracle explicitly fixes Rust block code to avoid a removed queue-limit API in gen_disk.rs.",manual_review.csv
01dd11450aa99f882f988059f9eb79b773dc7d0bc7326804d01ad5b92b812545,W-000008,latest-p016-v6.16-to-v6.17,"binddrift_current,binding_diff,no_ranking,random,rust_use",SignatureDrift,regulator_is_enabled,TRUE_WRAPPER_FIX,"regulator_is_enabled is added and reached by Regulator<T>::is_enabled. The oracle hit fixes the Regulator wrapper invariant around regulator_get returning non-null, plausibly affecting this method via the stored regulator pointer.",UNCLEAR,"The packet has only binding-level or absent-to-added evidence plus Rust exposure. There is no direct C source diff, build log, generated binding diff with semantics, or same-contract wrapper fix, so a conservative review cannot choose a stronger label.",UNCLEAR,"Rust reaches regulator_is_enabled, but evidence is binding-level absent-to-added only. The regulator_get non-null fix is same module but not a direct fix for this warned symbol or contract.",manual_review.csv
0217c5aca3beed930cd6cd613e9717d4a78ab28013cffd3881c7d5c7ab7db42a,W-000018,latest-p012-v6.12-to-v6.13,"binddrift_current,binding_diff,c_signature,no_impact_gate,no_ranking",SignatureDrift,errno_to_blk_status,BENIGN_DRIFT,"errno_to_blk_status evidence shows only core::ffi to ffi type spelling changes. Rust Error::to_blk_status exposure is real, but the oracle summary does not specifically address this symbol or a changed contract.",FALSE_POSITIVE,"The packet shows generated binding churn or a namespace/type-alias-only change rather than supported C contract drift. Wrapper evidence is absent or not tied to the claimed drift, so the warning is not supported.",FALSE_POSITIVE,"The old/new evidence for errno_to_blk_status is only type-path or namespace churn such as core::ffi to ffi, with no supported C contract drift or direct same-drift wrapper fix.",manual_review.csv
02996138974f9ce5769e2249b279724d50ee85d311c50284a932aa5bf9e302b4,W-000032,latest-p012-v6.12-to-v6.13,,SignatureDrift,uid_eq,TRUE_WRAPPER_FIX,"The generated binding change reaches a Rust safe API or unsafe wrapper, and the wrapper oracle names a later Rust helper/wrapper change in the same symbol family or exposure path. No build breakage is shown.",TRUE_WRAPPER_FIX,The packet cites Rust wrapper/helper code for this symbol and a later same-module Rust commit that plausibly changes the matching wrapper path. I do not infer build breakage or semantic drift beyond that wrapper-fix evidence.,TRUE_WRAPPER_FIX,"Wrapper-fix evidence is direct enough: Rust use in eq at worktrees/v6.13/rust/kernel/task.rs:376 reaches `uid_eq`, and the oracle names a same-path Rust helper/wrapper change (8ad1a41f7e... rust: file: add `Kuid` wrapper files=[""rust/bindings/bindings_helper.h"", ""rust/helpers/task.c"", ""rust/kernel/cred.rs"", ""...(+1 more)""]). Build breakage is absent, so this is not a build label.",binddrift_review_pooled_pending
02c26309c1f80248feeb3e7cbc990a809a103a62661b24c1797a3e44bc1f8ad6,W-000020,latest-p012-v6.12-to-v6.13,"binding_diff,c_signature,no_impact_gate",SignatureDrift,firmware_request_platform,FALSE_POSITIVE,"Old/new evidence is generated Rust binding spelling churn, effectively core::ffi to ffi, not a supported C signature or layout drift. The oracle does not tie a fix to that alias-only change.",FALSE_POSITIVE,"The old/new evidence is generated-binding-only and appears to be ffi namespace or type-rendering churn, not a concrete C API drift. Wrapper oracle text is not enough to rescue the warning without a matching diff.",FALSE_POSITIVE,"Old/new evidence for `firmware_request_platform` is generated Rust type spelling churn, mainly `core::ffi` to `ffi`, not a supported C contract drift. Wrapper oracle text and absent build evidence do not rescue the warning.",binddrift_review_pooled_pending
0443397d215b5e839127e76a792315341e5b51fe317ff5741f60914e1a4e762a,W-000169,latest-p017-v6.17-to-v6.18,,SignatureDrift,atomic_xchg_acquire,BENIGN_DRIFT,"Generated bindings show the symbol appearing, but Rust exposure is only a generated binding edge and build breakage is absent. The wrapper oracle is not enough by itself to show a same-contract fix.",FALSE_POSITIVE,The packet supports only an added generated binding with no old C evidence and no Rust exposure beyond the binding edge. The wrapper oracle is undiffed and not enough for a TRUE label.,FALSE_POSITIVE,"The packet supports only generated binding/layout evidence for `atomic_xchg_acquire` with binding-only Rust exposure. There is no direct old/new C source diff, no build evidence, and the wrapper oracle is weak or broad.",binddrift_review_pooled_pending
0756ac9dae53be71a7e9c5df63d3247962023c1ec2dc51b0d8c41429a9759c8c,W-000159,latest-p017-v6.17-to-v6.18,,SignatureDrift,atomic_sub_and_test,BENIGN_DRIFT,"Generated bindings show the symbol appearing, but Rust exposure is only a generated binding edge and build breakage is absent. The wrapper oracle is not enough by itself to show a same-contract fix.",FALSE_POSITIVE,The packet supports only an added generated binding with no old C evidence and no Rust exposure beyond the binding edge. The wrapper oracle is undiffed and not enough for a TRUE label.,FALSE_POSITIVE,"The packet supports only generated binding/layout evidence for `atomic_sub_and_test` with binding-only Rust exposure. There is no direct old/new C source diff, no build evidence, and the wrapper oracle is weak or broad.",binddrift_review_pooled_pending
07b7a3d5f541926e6405f3e70696f8936f37b7d738cd5f40976864364b453882,W-000013,latest-p017-v6.17-to-v6.18,"no_graph,random",SignatureDrift,atomic64_and,BENIGN_DRIFT,"Generated bindings show the symbol appearing, but Rust exposure is only a generated binding edge and build breakage is absent. The wrapper oracle is not enough by itself to show a same-contract fix.",FALSE_POSITIVE,The packet supports only an added generated binding with no old C evidence and no Rust exposure beyond the binding edge. The wrapper oracle is undiffed and not enough for a TRUE label.,FALSE_POSITIVE,"The packet supports only generated binding/layout evidence for `atomic64_and` with binding-only Rust exposure. There is no direct old/new C source diff, no build evidence, and the wrapper oracle is weak or broad.",binddrift_review_pooled_pending
07ce7e5d2d825d3f1ef3ffda6148eb56b9c5fd282d2ae2e8046a5592be75a11b,W-000009,latest-p013-v6.13-to-v6.14,,SignatureDrift,pci_free_irq_vectors,BENIGN_DRIFT,"Generated bindings show the symbol appearing, but Rust exposure is only a generated binding edge and build breakage is absent. The wrapper oracle is not enough by itself to show a same-contract fix.",FALSE_POSITIVE,The packet supports only an added generated binding with no old C evidence and no Rust exposure beyond the binding edge. The wrapper oracle is undiffed and not enough for a TRUE label.,FALSE_POSITIVE,"The packet supports only generated binding/layout evidence for `pci_free_irq_vectors` with binding-only Rust exposure. There is no direct old/new C source diff, no build evidence, and the wrapper oracle is weak or broad.",binddrift_review_pooled_pending
08f69ebff8fc107e15e0ce082da443dc3a76210789829907d2ba8dc6ab416c97,W-000006,latest-p020-v7.0-to-HEAD_9207d47f966b,"binding_diff,random,rust_use",SignatureDrift,gpu_buddy_fini,TRUE_WRAPPER_FIX,"The generated binding change reaches a Rust safe API or unsafe wrapper, and the wrapper oracle names a later Rust helper/wrapper change in the same symbol family or exposure path. No build breakage is shown.",UNCLEAR,"There is Rust-side use and a related commit family, but the C evidence is only generated absent-to-added data and the packet lacks the full wrapper diff needed to confirm the same contract.",UNCLEAR,"The packet has Rust use in drop at worktrees/HEAD_9207d47f966b/rust/kernel/gpu/buddy.rs:369 for `gpu_buddy_fini`, but C evidence is generated absent-to-added data and the full same-contract wrapper diff is missing. The oracle is related but not enough for TRUE_WRAPPER_FIX.",binddrift_review_pooled_pending
090dbc02e5a6d2502726518b3130cc21a6eea25a3cce8f8ea0f51fce4ed295e5,W-000021,latest-p018-v6.18-to-v6.19,"binddrift_current,binddrift_oracle_blind,no_graph,no_impact_gate,no_ranking",MacroConstDrift,VM_PFNMAP,UNCLEAR,"The VM_* macro source expression changed and Rust has an unsafe-wrapper exposure, but the packet lacks old/new generated binding evidence and any oracle. The evidence does not show whether INIT_VM_FLAG changes the Rust-visible value or contract.",BENIGN_DRIFT,"C macro spelling changed and Rust references the generated VM flag area, but the packet lacks generated binding value evidence or a Rust stale numeric assumption. The exposure appears robust to regenerated constants; no build or wrapper oracle.",BENIGN_DRIFT,"C macro spelling for VM_PFNMAP changed, but Rust virt flags mirror bindings::VM_PFNMAP rather than hardcoding numeric values. No build or wrapper oracle and no stale Rust assumption is shown.",manual_review.csv
09fa197ba12caadb48fb6742d5bd6a0dca13c1b9db7283b393b80d56ae0f13c9,W-000015,latest-p013-v6.13-to-v6.14,"binddrift_current,binding_diff,no_impact_gate,no_ranking,rust_use",FieldDrift,platform_device,TRUE_WRAPPER_FIX,"platform_device changed from opaque/zero-field binding to full layout, and Rust platform::Device has unsafe-wrapper invariant evidence. Oracle hits fix unrestricted &mut platform::Device and invariant comments in platform.rs.",FALSE_POSITIVE,"The old binding has zero struct fields and the new binding exposes the whole struct, which looks like generated binding/opacity churn rather than supported C-side field drift. The wrapper hit is not field-specific.",FALSE_POSITIVE,"The old binding for platform_device has zero fields while the new one exposes the struct, which looks like bindgen opacity/config churn rather than supported C field drift.",manual_review.csv
0ab9228e3ef35b55ae9a2268af50fc368849288b3c9de600fc9a16009514f866,W-000099,latest-p017-v6.17-to-v6.18,random,SignatureDrift,atomic_andnot,BENIGN_DRIFT,"Generated bindings show the symbol appearing, but Rust exposure is only a generated binding edge and build breakage is absent. The wrapper oracle is not enough by itself to show a same-contract fix.",FALSE_POSITIVE,The packet supports only an added generated binding with no old C evidence and no Rust exposure beyond the binding edge. The wrapper oracle is undiffed and not enough for a TRUE label.,FALSE_POSITIVE,"The packet supports only generated binding/layout evidence for `atomic_andnot` with binding-only Rust exposure. There is no direct old/new C source diff, no build evidence, and the wrapper oracle is weak or broad.",binddrift_review_pooled_pending
0b79a533431401b13b8a18181133ccb5269b84566392fcf704f0a6d5498bc479,W-000128,latest-p017-v6.17-to-v6.18,,SignatureDrift,atomic_fetch_dec_release,BENIGN_DRIFT,"Generated bindings show the symbol appearing, but Rust exposure is only a generated binding edge and build breakage is absent. The wrapper oracle is not enough by itself to show a same-contract fix.",FALSE_POSITIVE,The packet supports only an added generated binding with no old C evidence and no Rust exposure beyond the binding edge. The wrapper oracle is undiffed and not enough for a TRUE label.,FALSE_POSITIVE,"The packet supports only generated binding/layout evidence for `atomic_fetch_dec_release` with binding-only Rust exposure. There is no direct old/new C source diff, no build evidence, and the wrapper oracle is weak or broad.",binddrift_review_pooled_pending
0b7c46a3bc31f1720376140070d55b003a882353730c610cae2c4dcbcc14b410,W-000075,latest-p017-v6.17-to-v6.18,,SignatureDrift,atomic64_sub_return,BENIGN_DRIFT,"Generated bindings show the symbol appearing, but Rust exposure is only a generated binding edge and build breakage is absent. The wrapper oracle is not enough by itself to show a same-contract fix.",FALSE_POSITIVE,The packet supports only an added generated binding with no old C evidence and no Rust exposure beyond the binding edge. The wrapper oracle is undiffed and not enough for a TRUE label.,FALSE_POSITIVE,"The packet supports only generated binding/layout evidence for `atomic64_sub_return` with binding-only Rust exposure. There is no direct old/new C source diff, no build evidence, and the wrapper oracle is weak or broad.",binddrift_review_pooled_pending
0d975da6254a47070c810c6eef355dea3d485e35bec4fc13a4cc5133295d34f6,W-000144,latest-p017-v6.17-to-v6.18,random,SignatureDrift,atomic_fetch_xor_release,BENIGN_DRIFT,"Generated bindings show the symbol appearing, but Rust exposure is only a generated binding edge and build breakage is absent. The wrapper oracle is not enough by itself to show a same-contract fix.",FALSE_POSITIVE,The packet supports only an added generated binding with no old C evidence and no Rust exposure beyond the binding edge. The wrapper oracle is undiffed and not enough for a TRUE label.,FALSE_POSITIVE,"The packet supports only generated binding/layout evidence for `atomic_fetch_xor_release` with binding-only Rust exposure. There is no direct old/new C source diff, no build evidence, and the wrapper oracle is weak or broad.",binddrift_review_pooled_pending
0f3863e8c85adef8dc98edc5dd08165a3d96a63ca8283b404c24f7c18790fa2e,W-000152,latest-p017-v6.17-to-v6.18,,SignatureDrift,atomic_inc_unless_negative,BENIGN_DRIFT,"Generated bindings show the symbol appearing, but Rust exposure is only a generated binding edge and build breakage is absent. The wrapper oracle is not enough by itself to show a same-contract fix.",FALSE_POSITIVE,The packet supports only an added generated binding with no old C evidence and no Rust exposure beyond the binding edge. The wrapper oracle is undiffed and not enough for a TRUE label.,FALSE_POSITIVE,"The packet supports only generated binding/layout evidence for `atomic_inc_unless_negative` with binding-only Rust exposure. There is no direct old/new C source diff, no build evidence, and the wrapper oracle is weak or broad.",binddrift_review_pooled_pending
0f54a0db2fd32109861a2972eda1954a92432bcdf3f790d3edd824342d76074f,W-000072,latest-p017-v6.17-to-v6.18,,SignatureDrift,atomic64_set_release,BENIGN_DRIFT,"Generated bindings show the symbol appearing, but Rust exposure is only a generated binding edge and build breakage is absent. The wrapper oracle is not enough by itself to show a same-contract fix.",FALSE_POSITIVE,The packet supports only an added generated binding with no old C evidence and no Rust exposure beyond the binding edge. The wrapper oracle is undiffed and not enough for a TRUE label.,FALSE_POSITIVE,"The packet supports only generated binding/layout evidence for `atomic64_set_release` with binding-only Rust exposure. There is no direct old/new C source diff, no build evidence, and the wrapper oracle is weak or broad.",binddrift_review_pooled_pending
0fc81c351aa66bd36715941dbe581b13aa8c66f6f104aa360301d27241f5cacf,W-000020,latest-p018-v6.18-to-v6.19,"binddrift_current,binddrift_oracle_blind,no_graph,no_impact_gate,no_ranking",MacroConstDrift,VM_NORESERVE,UNCLEAR,"The VM_* macro source expression changed and Rust has an unsafe-wrapper exposure, but the packet lacks old/new generated binding evidence and any oracle. The evidence does not show whether INIT_VM_FLAG changes the Rust-visible value or contract.",BENIGN_DRIFT,"C macro spelling changed and Rust references the generated VM flag area, but the packet lacks generated binding value evidence or a Rust stale numeric assumption. The exposure appears robust to regenerated constants; no build or wrapper oracle.",BENIGN_DRIFT,"C macro spelling for VM_NORESERVE changed, but Rust virt flags mirror bindings::VM_NORESERVE rather than hardcoding numeric values. No build or wrapper oracle and no stale Rust assumption is shown.",manual_review.csv
0fca2aca2fb553dc719151d78a274e9385639799a7c4ec24a989f0cd2f6cb07e,W-000170,latest-p017-v6.17-to-v6.18,,SignatureDrift,atomic_xchg_relaxed,BENIGN_DRIFT,"Generated bindings show the symbol appearing, but Rust exposure is only a generated binding edge and build breakage is absent. The wrapper oracle is not enough by itself to show a same-contract fix.",FALSE_POSITIVE,The packet supports only an added generated binding with no old C evidence and no Rust exposure beyond the binding edge. The wrapper oracle is undiffed and not enough for a TRUE label.,FALSE_POSITIVE,"The packet supports only generated binding/layout evidence for `atomic_xchg_relaxed` with binding-only Rust exposure. There is no direct old/new C source diff, no build evidence, and the wrapper oracle is weak or broad.",binddrift_review_pooled_pending
10f8e2eb920e4fbdb536d60e39165835ee687d1afecb0af5524fc14c9f2e83f0,W-000105,latest-p017-v6.17-to-v6.18,random,SignatureDrift,atomic_dec_and_test,BENIGN_DRIFT,"Generated bindings show the symbol appearing, but Rust exposure is only a generated binding edge and build breakage is absent. The wrapper oracle is not enough by itself to show a same-contract fix.",FALSE_POSITIVE,The packet supports only an added generated binding with no old C evidence and no Rust exposure beyond the binding edge. The wrapper oracle is undiffed and not enough for a TRUE label.,FALSE_POSITIVE,"The packet supports only generated binding/layout evidence for `atomic_dec_and_test` with binding-only Rust exposure. There is no direct old/new C source diff, no build evidence, and the wrapper oracle is weak or broad.",binddrift_review_pooled_pending
1190c9638dea56a12fbdb7567bc9c13a8c2b8992c7bde0c5c51cf40c58317471,W-000129,latest-p017-v6.17-to-v6.18,,SignatureDrift,atomic_fetch_inc,BENIGN_DRIFT,"Generated bindings show the symbol appearing, but Rust exposure is only a generated binding edge and build breakage is absent. The wrapper oracle is not enough by itself to show a same-contract fix.",FALSE_POSITIVE,The packet supports only an added generated binding with no old C evidence and no Rust exposure beyond the binding edge. The wrapper oracle is undiffed and not enough for a TRUE label.,FALSE_POSITIVE,"The packet supports only generated binding/layout evidence for `atomic_fetch_inc` with binding-only Rust exposure. There is no direct old/new C source diff, no build evidence, and the wrapper oracle is weak or broad.",binddrift_review_pooled_pending
119a349c47af70cdf947384b3f4192ff68cc5ff01eabe524b0a66fbbcaf2a70a,W-000029,latest-p012-v6.12-to-v6.13,"binddrift_current,binding_diff,no_ranking,rust_use",SignatureDrift,task_euid,TRUE_WRAPPER_FIX,"task_euid is added and reached by Task::euid. The oracle hit adds the Kuid wrapper with task/cred helper files, matching the same task credential wrapper surface.",TRUE_WRAPPER_FIX,"Later Rust wrapper/helper/binding evidence is in the same exposed API area and plausibly addresses the warned symbol or contract. C source evidence may be binding-only and no build log is present, so this is a wrapper-fix label, not build breakage.",TRUE_WRAPPER_FIX,"No build oracle. Rust task/Kuid APIs reach task_euid, and the Kuid/task credential wrapper fix touches task/cred helpers for the same identity/namespace contract.",manual_review.csv
123ef188d45289c4c30a5f87427e1cd39adfc99b15af11e87b4bd1fd309b5d73,W-000038,latest-p012-v6.12-to-v6.13,"binddrift_current,binding_diff,no_impact_gate,no_ranking,rust_use",FieldDrift,request,BENIGN_DRIFT,"Generated request layout changed, but Rust evidence shows Opaque<bindings::request>, ARef/from_raw, and helper access rather than reliance on the removed fields. The wrapper-fix summaries do not target those fields.",BENIGN_DRIFT,"Binding/layout drift is shown, but the packet does not show Rust depending on the changed field/layout member or contract. Rust exposure appears pointer/wrapper-level or otherwise robust; wrapper hits are absent or not the same drift.",BENIGN_DRIFT,"Binding/layout drift is shown for request, but Rust exposure is pointer/opaque/wrapper-level through Request<T>::aref_from_raw, Request<T>::wrapper_ptr; the packet shows no access to the changed field or direct same-contract fix.",manual_review.csv
13af3ad6938797b97e5c868027ab67fc12bed7faeb4042f6b72f61870353571c,W-000095,latest-p017-v6.17-to-v6.18,,SignatureDrift,atomic_add_return_relaxed,BENIGN_DRIFT,"Generated bindings show the symbol appearing, but Rust exposure is only a generated binding edge and build breakage is absent. The wrapper oracle is not enough by itself to show a same-contract fix.",FALSE_POSITIVE,The packet supports only an added generated binding with no old C evidence and no Rust exposure beyond the binding edge. The wrapper oracle is undiffed and not enough for a TRUE label.,FALSE_POSITIVE,"The packet supports only generated binding/layout evidence for `atomic_add_return_relaxed` with binding-only Rust exposure. There is no direct old/new C source diff, no build evidence, and the wrapper oracle is weak or broad.",binddrift_review_pooled_pending
13b89c36d23f9a50ec5173d30d90d736e3f828d7bf9695eb0d5262d384624fc0,W-000012,latest-p018-v6.18-to-v6.19,"binddrift_current,binddrift_oracle_blind,no_graph,no_impact_gate,no_ranking",MacroConstDrift,VM_LOCKONFAULT,UNCLEAR,"The VM_* macro source expression changed and Rust has an unsafe-wrapper exposure, but the packet lacks old/new generated binding evidence and any oracle. The evidence does not show whether INIT_VM_FLAG changes the Rust-visible value or contract.",BENIGN_DRIFT,"C macro spelling changed and Rust references the generated VM flag area, but the packet lacks generated binding value evidence or a Rust stale numeric assumption. The exposure appears robust to regenerated constants; no build or wrapper oracle.",BENIGN_DRIFT,"C macro spelling for VM_LOCKONFAULT changed, but Rust virt flags mirror bindings::VM_LOCKONFAULT rather than hardcoding numeric values. No build or wrapper oracle and no stale Rust assumption is shown.",manual_review.csv
146b834d38a0ccd8443d43e2f7bdef1036c90edb04125b82bc87ce61c896801c,W-000173,latest-p017-v6.17-to-v6.18,"binddrift_current,binding_diff,no_ranking,rust_use",SignatureDrift,bitmap_copy_and_extend,TRUE_WRAPPER_FIX,"bitmap_copy_and_extend is added and reached by Bitmap::copy_and_extend. Oracle hits add bitmap.h bindings and the Rust bitmap API, matching the same bitmap wrapper surface.",TRUE_WRAPPER_FIX,"Later Rust wrapper/helper/binding evidence is in the same exposed API area and plausibly addresses the warned symbol or contract. C source evidence may be binding-only and no build log is present, so this is a wrapper-fix label, not build breakage.",TRUE_WRAPPER_FIX,"No build oracle. Rust bitmap APIs reach bitmap_copy_and_extend, and bitops/bitmap binding/API fixes cover the same bitmap wrapper contract.",manual_review.csv
14795305ab54992954e5f1a0bb62bfbbaafe5327723db02115e509a1c374c2c8,W-000045,latest-p017-v6.17-to-v6.18,no_graph,SignatureDrift,atomic64_fetch_inc_acquire,BENIGN_DRIFT,"Generated bindings show the symbol appearing, but Rust exposure is only a generated binding edge and build breakage is absent. The wrapper oracle is not enough by itself to show a same-contract fix.",FALSE_POSITIVE,The packet supports only an added generated binding with no old C evidence and no Rust exposure beyond the binding edge. The wrapper oracle is undiffed and not enough for a TRUE label.,FALSE_POSITIVE,"The packet supports only generated binding/layout evidence for `atomic64_fetch_inc_acquire` with binding-only Rust exposure. There is no direct old/new C source diff, no build evidence, and the wrapper oracle is weak or broad.",binddrift_review_pooled_pending
1546bc7403b2d695ee82149b961ba63c1426a5e3dd284a0d9077bc52adf36e72,W-000006,latest-p012-v6.12-to-v6.13,"binding_diff,c_signature,no_graph,no_impact_gate",SignatureDrift,_find_last_bit,FALSE_POSITIVE,"Old/new evidence is generated Rust binding spelling churn, effectively core::ffi to ffi, not a supported C signature or layout drift. The oracle does not tie a fix to that alias-only change.",FALSE_POSITIVE,"The old/new evidence is generated-binding-only and appears to be ffi namespace or type-rendering churn, not a concrete C API drift. Wrapper oracle text is not enough to rescue the warning without a matching diff.",FALSE_POSITIVE,"Old/new evidence for `_find_last_bit` is generated Rust type spelling churn, mainly `core::ffi` to `ffi`, not a supported C contract drift. Wrapper oracle text and absent build evidence do not rescue the warning.",binddrift_review_pooled_pending
1684ee80e43bb27af70ea76aea4ea2364eac187a511a765f6da1b35a5df990d4,W-000010,latest-p020-v7.0-to-HEAD_9207d47f966b,"binddrift_current,binding_diff,no_impact_gate,no_ranking,rust_use",FieldDrift,pci_dev,TRUE_WRAPPER_FIX,"pci_dev layout removed driver_override and Rust pci::Device wrapper invariants are exposed. The oracle hit fixes unrestricted &mut pci::Device in pci.rs, plausibly addressing that wrapper contract.",BENIGN_DRIFT,"Binding/layout drift is shown, but the packet does not show Rust depending on the changed field/layout member or contract. Rust exposure appears pointer/wrapper-level or otherwise robust; wrapper hits are absent or not the same drift.",BENIGN_DRIFT,"Binding/layout drift is shown for pci_dev, but Rust exposure is pointer/opaque/wrapper-level through remove_callback, as_raw, try_from; the packet shows no access to the changed field or direct same-contract fix.",manual_review.csv
16e2ef63c74788f4e1dc65f3698eb29b5fa97a45385eb73b0ee8d2c70b99882e,W-000003,latest-p015-v6.15-to-v6.16,"binding_diff,rust_use",SignatureDrift,drm_gem_object_put,TRUE_WRAPPER_FIX,"The generated binding change reaches a Rust safe API or unsafe wrapper, and the wrapper oracle names a later Rust helper/wrapper change in the same symbol family or exposure path. No build breakage is shown.",TRUE_WRAPPER_FIX,The packet cites Rust wrapper/helper code for this symbol and a later same-module Rust commit that plausibly changes the matching wrapper path. I do not infer build breakage or semantic drift beyond that wrapper-fix evidence.,TRUE_WRAPPER_FIX,"Wrapper-fix evidence is direct enough: Rust use in dec_ref at worktrees/v6.16/rust/kernel/drm/gem/mod.rs:73 reaches `drm_gem_object_put`, and the oracle names a same-path Rust helper/wrapper change (38cb08c3fc... rust: drm: gem: Implement AlwaysRefCounted for all gem objects automatically files=[""rust/kernel/drm/gem/mod.rs""] | 5ae65bdcb8... Partially revert ""rust: drm: gem:...). Build breakage is absent, so this is not a build label.",binddrift_review_pooled_pending
18e8ac3295791512e605f73e9d87d76f16a7f10f67990dd70e3ed5a11331dadd,W-000068,latest-p017-v6.17-to-v6.18,,SignatureDrift,atomic64_or,BENIGN_DRIFT,"Generated bindings show the symbol appearing, but Rust exposure is only a generated binding edge and build breakage is absent. The wrapper oracle is not enough by itself to show a same-contract fix.",FALSE_POSITIVE,The packet supports only an added generated binding with no old C evidence and no Rust exposure beyond the binding edge. The wrapper oracle is undiffed and not enough for a TRUE label.,FALSE_POSITIVE,"The packet supports only generated binding/layout evidence for `atomic64_or` with binding-only Rust exposure. There is no direct old/new C source diff, no build evidence, and the wrapper oracle is weak or broad.",binddrift_review_pooled_pending
19239db3c99854021a2a79d26ee4ae282a92ec65e7be8029c7354c05cec6de91,W-000134,latest-p017-v6.17-to-v6.18,random,SignatureDrift,atomic_fetch_or_acquire,BENIGN_DRIFT,"Generated bindings show the symbol appearing, but Rust exposure is only a generated binding edge and build breakage is absent. The wrapper oracle is not enough by itself to show a same-contract fix.",FALSE_POSITIVE,The packet supports only an added generated binding with no old C evidence and no Rust exposure beyond the binding edge. The wrapper oracle is undiffed and not enough for a TRUE label.,FALSE_POSITIVE,"The packet supports only generated binding/layout evidence for `atomic_fetch_or_acquire` with binding-only Rust exposure. There is no direct old/new C source diff, no build evidence, and the wrapper oracle is weak or broad.",binddrift_review_pooled_pending
19275f62f1736b25c45ec7825f5cf4d368d79fe9d74f65e525c2e87edec19fde,W-000138,latest-p017-v6.17-to-v6.18,,SignatureDrift,atomic_fetch_sub_acquire,BENIGN_DRIFT,"Generated bindings show the symbol appearing, but Rust exposure is only a generated binding edge and build breakage is absent. The wrapper oracle is not enough by itself to show a same-contract fix.",FALSE_POSITIVE,The packet supports only an added generated binding with no old C evidence and no Rust exposure beyond the binding edge. The wrapper oracle is undiffed and not enough for a TRUE label.,FALSE_POSITIVE,"The packet supports only generated binding/layout evidence for `atomic_fetch_sub_acquire` with binding-only Rust exposure. There is no direct old/new C source diff, no build evidence, and the wrapper oracle is weak or broad.",binddrift_review_pooled_pending
1ac05ab129e01bebfb732cd85cb6f07410b0264da27607261fbee75d19124cbc,W-000035,latest-p017-v6.17-to-v6.18,"no_graph,random",SignatureDrift,atomic64_fetch_and_release,BENIGN_DRIFT,"Generated bindings show the symbol appearing, but Rust exposure is only a generated binding edge and build breakage is absent. The wrapper oracle is not enough by itself to show a same-contract fix.",FALSE_POSITIVE,The packet supports only an added generated binding with no old C evidence and no Rust exposure beyond the binding edge. The wrapper oracle is undiffed and not enough for a TRUE label.,FALSE_POSITIVE,"The packet supports only generated binding/layout evidence for `atomic64_fetch_and_release` with binding-only Rust exposure. There is no direct old/new C source diff, no build evidence, and the wrapper oracle is weak or broad.",binddrift_review_pooled_pending
1b92c3dcbb993527e32be78558268bf4b4aadf57940b7d4e6e1605c1be80ab42,W-000003,latest-p016-v6.16-to-v6.17,"binding_diff,c_signature,no_impact_gate,random,rust_use",SignatureDrift,platform_set_drvdata,BENIGN_DRIFT,"Generated binding/layout evidence shows drift, but Rust exposure is only generated bindings and build breakage is absent. Without direct Rust use or a specific fix diff, the observed impact looks harmless.",UNCLEAR,"The packet shows a generated binding removal but no direct C source diff, no Rust exposure beyond generated bindings, and no matching wrapper diff. I cannot tell whether this is real drift or harmless generator churn.",UNCLEAR,"Generated bindings show `platform_set_drvdata` removed, but the packet lacks a direct C source diff, direct Rust use, build evidence, or a same-contract wrapper diff. It is insufficient to distinguish real harmless drift from generator churn.",binddrift_review_pooled_pending
1d1971c725b241bd7fd7c6df469c385b0aef4b6bb37532133301ec239e020b31,W-000006,latest-p018-v6.18-to-v6.19,"binddrift_current,binddrift_oracle_blind,no_graph,no_impact_gate,no_ranking",MacroConstDrift,VM_DONTDUMP,UNCLEAR,"The VM_* macro source expression changed and Rust has an unsafe-wrapper exposure, but the packet lacks old/new generated binding evidence and any oracle. The evidence does not show whether INIT_VM_FLAG changes the Rust-visible value or contract.",BENIGN_DRIFT,"C macro spelling changed and Rust references the generated VM flag area, but the packet lacks generated binding value evidence or a Rust stale numeric assumption. The exposure appears robust to regenerated constants; no build or wrapper oracle.",BENIGN_DRIFT,"C macro spelling for VM_DONTDUMP changed, but Rust virt flags mirror bindings::VM_DONTDUMP rather than hardcoding numeric values. No build or wrapper oracle and no stale Rust assumption is shown.",manual_review.csv
1dc45476b9c4a7578c9ed4c516369bc2c2a2f75e441056a99ccec0af8c5bfe41,W-000093,latest-p017-v6.17-to-v6.18,,SignatureDrift,atomic_add_return,BENIGN_DRIFT,"Generated bindings show the symbol appearing, but Rust exposure is only a generated binding edge and build breakage is absent. The wrapper oracle is not enough by itself to show a same-contract fix.",FALSE_POSITIVE,The packet supports only an added generated binding with no old C evidence and no Rust exposure beyond the binding edge. The wrapper oracle is undiffed and not enough for a TRUE label.,FALSE_POSITIVE,"The packet supports only generated binding/layout evidence for `atomic_add_return` with binding-only Rust exposure. There is no direct old/new C source diff, no build evidence, and the wrapper oracle is weak or broad.",binddrift_review_pooled_pending
1dced9c51e38ff5795f80feaab82916ab7a38a26ec1e7b33517d57206cd4e1a4,W-000057,latest-p017-v6.17-to-v6.18,no_graph,SignatureDrift,atomic64_fetch_xor_acquire,BENIGN_DRIFT,"Generated bindings show the symbol appearing, but Rust exposure is only a generated binding edge and build breakage is absent. The wrapper oracle is not enough by itself to show a same-contract fix.",FALSE_POSITIVE,The packet supports only an added generated binding with no old C evidence and no Rust exposure beyond the binding edge. The wrapper oracle is undiffed and not enough for a TRUE label.,FALSE_POSITIVE,"The packet supports only generated binding/layout evidence for `atomic64_fetch_xor_acquire` with binding-only Rust exposure. There is no direct old/new C source diff, no build evidence, and the wrapper oracle is weak or broad.",binddrift_review_pooled_pending
1efbcc5087286137b88290b4f3ec373594dd38274d64dc734b5022aaae3cd14a,W-000018,latest-p017-v6.17-to-v6.18,"no_graph,random",SignatureDrift,atomic64_cmpxchg_release,BENIGN_DRIFT,"Generated bindings show the symbol appearing, but Rust exposure is only a generated binding edge and build breakage is absent. The wrapper oracle is not enough by itself to show a same-contract fix.",FALSE_POSITIVE,The packet supports only an added generated binding with no old C evidence and no Rust exposure beyond the binding edge. The wrapper oracle is undiffed and not enough for a TRUE label.,FALSE_POSITIVE,"The packet supports only generated binding/layout evidence for `atomic64_cmpxchg_release` with binding-only Rust exposure. There is no direct old/new C source diff, no build evidence, and the wrapper oracle is weak or broad.",binddrift_review_pooled_pending
1f29ba94291925b1e7db45b558205f9007d44a5f1d078d7d7fb55d242dd2aa60,W-000032,latest-p017-v6.17-to-v6.18,no_graph,SignatureDrift,atomic64_fetch_and,BENIGN_DRIFT,"Generated bindings show the symbol appearing, but Rust exposure is only a generated binding edge and build breakage is absent. The wrapper oracle is not enough by itself to show a same-contract fix.",FALSE_POSITIVE,The packet supports only an added generated binding with no old C evidence and no Rust exposure beyond the binding edge. The wrapper oracle is undiffed and not enough for a TRUE label.,FALSE_POSITIVE,"The packet supports only generated binding/layout evidence for `atomic64_fetch_and` with binding-only Rust exposure. There is no direct old/new C source diff, no build evidence, and the wrapper oracle is weak or broad.",binddrift_review_pooled_pending
1f29e0eb07d730b7a8a474308b515a77b67d71b2b349725a15ea515be7e8ef02,W-000007,latest-p018-v6.18-to-v6.19,"binddrift_current,binddrift_oracle_blind,no_graph,no_impact_gate,no_ranking",MacroConstDrift,VM_DONTEXPAND,UNCLEAR,"The VM_* macro source expression changed and Rust has an unsafe-wrapper exposure, but the packet lacks old/new generated binding evidence and any oracle. The evidence does not show whether INIT_VM_FLAG changes the Rust-visible value or contract.",BENIGN_DRIFT,"C macro spelling changed and Rust references the generated VM flag area, but the packet lacks generated binding value evidence or a Rust stale numeric assumption. The exposure appears robust to regenerated constants; no build or wrapper oracle.",BENIGN_DRIFT,"C macro spelling for VM_DONTEXPAND changed, but Rust virt flags mirror bindings::VM_DONTEXPAND rather than hardcoding numeric values. No build or wrapper oracle and no stale Rust assumption is shown.",manual_review.csv
1f3f565cf0ad13c5cab206bcf63625af90aa75af8259d532c5780b54ff36c72e,W-000039,latest-p017-v6.17-to-v6.18,no_graph,SignatureDrift,atomic64_fetch_andnot_release,BENIGN_DRIFT,"Generated bindings show the symbol appearing, but Rust exposure is only a generated binding edge and build breakage is absent. The wrapper oracle is not enough by itself to show a same-contract fix.",FALSE_POSITIVE,The packet supports only an added generated binding with no old C evidence and no Rust exposure beyond the binding edge. The wrapper oracle is undiffed and not enough for a TRUE label.,FALSE_POSITIVE,"The packet supports only generated binding/layout evidence for `atomic64_fetch_andnot_release` with binding-only Rust exposure. There is no direct old/new C source diff, no build evidence, and the wrapper oracle is weak or broad.",binddrift_review_pooled_pending
237d06dece37b75ca4424dba30dfd98c33eca7b680109f960c3a14cff2e4e2c4,W-000080,latest-p017-v6.17-to-v6.18,,SignatureDrift,atomic64_try_cmpxchg_acquire,BENIGN_DRIFT,"Generated bindings show the symbol appearing, but Rust exposure is only a generated binding edge and build breakage is absent. The wrapper oracle is not enough by itself to show a same-contract fix.",FALSE_POSITIVE,The packet supports only an added generated binding with no old C evidence and no Rust exposure beyond the binding edge. The wrapper oracle is undiffed and not enough for a TRUE label.,FALSE_POSITIVE,"The packet supports only generated binding/layout evidence for `atomic64_try_cmpxchg_acquire` with binding-only Rust exposure. There is no direct old/new C source diff, no build evidence, and the wrapper oracle is weak or broad.",binddrift_review_pooled_pending
23f6dbee840004be5f26f0c7d32b36e66e53dd4d16fed876686523eeee4b6e51,W-000014,latest-p018-v6.18-to-v6.19,"binddrift_current,binddrift_oracle_blind,no_graph,no_impact_gate,no_ranking,random",MacroConstDrift,VM_MAYREAD,UNCLEAR,"The VM_* macro source expression changed and Rust has an unsafe-wrapper exposure, but the packet lacks old/new generated binding evidence and any oracle. The evidence does not show whether INIT_VM_FLAG changes the Rust-visible value or contract.",BENIGN_DRIFT,"C macro spelling changed and Rust references the generated VM flag area, but the packet lacks generated binding value evidence or a Rust stale numeric assumption. The exposure appears robust to regenerated constants; no build or wrapper oracle.",BENIGN_DRIFT,"C macro spelling for VM_MAYREAD changed, but Rust virt flags mirror bindings::VM_MAYREAD rather than hardcoding numeric values. No build or wrapper oracle and no stale Rust assumption is shown.",manual_review.csv
243b1d99a06d77af10b06654340c84b9aac8c8dfff2f9623ee2ebdf7c7fe7a35,W-000174,latest-p017-v6.17-to-v6.18,"binddrift_current,binding_diff,no_ranking,random,rust_use",SignatureDrift,clear_bit,TRUE_WRAPPER_FIX,"clear_bit is added and reached by Bitmap::clear_bit_atomic. Oracle hits add bitops bindings and the bitmap API in Rust, matching the same bit operation wrapper surface.",TRUE_WRAPPER_FIX,"Later Rust wrapper/helper/binding evidence is in the same exposed API area and plausibly addresses the warned symbol or contract. C source evidence may be binding-only and no build log is present, so this is a wrapper-fix label, not build breakage.",TRUE_WRAPPER_FIX,"No build oracle. Rust bitmap APIs reach clear_bit, and bitops/bitmap binding/API fixes cover the same bitmap wrapper contract.",manual_review.csv
245a9fa4c37d85bac85d5ac5375b3cc0ed4b091e9611d29dbf08beec8f3258d2,W-000003,latest-p002-v6.2-to-v6.3,"binding_diff,no_ranking,random,rust_use",SignatureDrift,refcount_inc,TRUE_WRAPPER_FIX,"refcount_inc is added and reached by Rust refcount/Arc code. Oracle hits implement kernel::sync::Refcount, convert Arc to Refcount, and add refcount helpers, matching the same contract.",TRUE_WRAPPER_FIX,"Later Rust wrapper/helper/binding evidence is in the same exposed API area and plausibly addresses the warned symbol or contract. C source evidence may be binding-only and no build log is present, so this is a wrapper-fix label, not build breakage.",TRUE_WRAPPER_FIX,"No build oracle. Rust reaches refcount_inc through clone, and refcount helper/Refcount or Arc conversion fixes directly cover the same refcount wrapper contract.",manual_review.csv
25643bdc317201099f3996929534e461a5e3b66bab025ea361e57a28b7349365,W-000005,latest-p010-v6.10-to-v6.11,"binding_diff,rust_use",SignatureDrift,firmware_request_nowarn,TRUE_WRAPPER_FIX,"The generated binding change reaches a Rust safe API or unsafe wrapper, and the wrapper oracle names a later Rust helper/wrapper change in the same symbol family or exposure path. No build breakage is shown.",TRUE_WRAPPER_FIX,The packet cites Rust wrapper/helper code for this symbol and a later same-module Rust commit that plausibly changes the matching wrapper path. I do not infer build breakage or semantic drift beyond that wrapper-fix evidence.,TRUE_WRAPPER_FIX,"Wrapper-fix evidence is direct enough: Rust use in request_nowarn at worktrees/v6.11/rust/kernel/firmware.rs:24 reaches `firmware_request_nowarn`, and the oracle names a same-path Rust helper/wrapper change (a23b018c3b... firmware_loader: fix soundness issue in `request_internal` files=[""rust/kernel/firmware.rs""]). Build breakage is absent, so this is not a build label.",binddrift_review_pooled_pending
2570299b655838a322feaa16b54e3321c64fdd5bef3c10262aa14254cfc9bf00,W-000013,latest-p012-v6.12-to-v6.13,"binddrift_current,binding_diff,c_signature,no_impact_gate,no_ranking",SignatureDrift,compat_ptr_ioctl,TRUE_WRAPPER_FIX,"compat_ptr_ioctl is reached from unsafe-wrapper code, and the oracle hit explicitly redefines bindings::compat_ptr_ioctl in Rust across bindings/lib.rs and misc code. That directly matches the same symbol.",TRUE_WRAPPER_FIX,"Later Rust wrapper/helper/binding evidence is in the same exposed API area and plausibly addresses the warned symbol or contract. C source evidence may be binding-only and no build log is present, so this is a wrapper-fix label, not build breakage.",TRUE_WRAPPER_FIX,"No build oracle. Rust miscdevice code reaches compat_ptr_ioctl, and the oracle explicitly redefines bindings::compat_ptr_ioctl in Rust, matching the same symbol.",manual_review.csv
26333c5586d5530ab52b32658db31c3a847c5b4f998dcee87a40c0a3fa11c48f,W-000010,latest-p013-v6.13-to-v6.14,,SignatureDrift,pci_irq_vector,BENIGN_DRIFT,"Generated bindings show the symbol appearing, but Rust exposure is only a generated binding edge and build breakage is absent. The wrapper oracle is not enough by itself to show a same-contract fix.",FALSE_POSITIVE,The packet supports only an added generated binding with no old C evidence and no Rust exposure beyond the binding edge. The wrapper oracle is undiffed and not enough for a TRUE label.,FALSE_POSITIVE,"The packet supports only generated binding/layout evidence for `pci_irq_vector` with binding-only Rust exposure. There is no direct old/new C source diff, no build evidence, and the wrapper oracle is weak or broad.",binddrift_review_pooled_pending
28428b414f5639c65a2851dcc94217854c526796cf4cbdaba61bbf2197a9c6ee,W-000004,latest-p013-v6.13-to-v6.14,"binddrift_current,binding_diff,no_ranking,rust_use",SignatureDrift,faux_device_destroy,TRUE_WRAPPER_FIX,"faux_device_destroy is added and reached by the Rust faux-device wrapper. The oracle hit adds faux device bindings and rust/kernel/faux.rs, matching the same wrapper surface.",TRUE_WRAPPER_FIX,"Later Rust wrapper/helper/binding evidence is in the same exposed API area and plausibly addresses the warned symbol or contract. C source evidence may be binding-only and no build log is present, so this is a wrapper-fix label, not build breakage.",TRUE_WRAPPER_FIX,"No build oracle. The Rust faux-device wrapper reaches faux_device_destroy, and the oracle adds faux device bindings in rust/kernel/faux.rs, directly matching that wrapper surface.",manual_review.csv
294099e6983e2b23170870a24c569e1b11781c73105816716babe3dd7be19618,W-000001,latest-p004-v6.4-to-v6.5,"binddrift_current,binding_diff,no_ranking,random,rust_use",SignatureDrift,errname,TRUE_WRAPPER_FIX,"errname is added and reached by Error::name. The oracle hit explicitly integrates errname into Error Debug in rust/helpers.c and rust/kernel/error.rs, matching the same symbol/wrapper contract.",TRUE_WRAPPER_FIX,"Later Rust wrapper/helper/binding evidence is in the same exposed API area and plausibly addresses the warned symbol or contract. C source evidence may be binding-only and no build log is present, so this is a wrapper-fix label, not build breakage.",TRUE_WRAPPER_FIX,"No build oracle. Error::name reaches errname, and the oracle explicitly integrates errname into the Rust Error formatting/helper path, matching the same wrapper contract.",manual_review.csv
29eab9e65c684e7a1cd5032c4f7d5bd8357de1a747e56262f96d1abf66ba74ed,W-000022,latest-p012-v6.12-to-v6.13,"binddrift_current,binding_diff,c_signature,no_impact_gate,no_ranking,random,rust_use",SignatureDrift,mdiobus_read,TRUE_WRAPPER_FIX,mdiobus_read is reached by Rust net PHY code and oracle hits a unified read/write API for C22/C45 registers in rust/kernel/net/phy.rs. This matches the same MDIO wrapper contract.,TRUE_WRAPPER_FIX,"Later Rust wrapper/helper/binding evidence is in the same exposed API area and plausibly addresses the warned symbol or contract. C source evidence may be binding-only and no build log is present, so this is a wrapper-fix label, not build breakage.",TRUE_WRAPPER_FIX,"No build oracle. Rust net PHY code reaches mdiobus_read, and the unified C22/C45 read/write API fix in rust/kernel/net/phy.rs matches the same MDIO/PHY wrapper contract.",manual_review.csv
2ad0ff7b5b2f7fb9f115285c251e6c2d5b33a9ab614a109cc249ca3e619ff6fe,W-000004,latest-p018-v6.18-to-v6.19,"binddrift_current,binddrift_oracle_blind,no_graph,no_impact_gate,no_ranking",MacroConstDrift,VM_ARCH_1,UNCLEAR,"The VM_* macro source expression changed and Rust has an unsafe-wrapper exposure, but the packet lacks old/new generated binding evidence and any oracle. The evidence does not show whether INIT_VM_FLAG changes the Rust-visible value or contract.",BENIGN_DRIFT,"C macro spelling changed and Rust references the generated VM flag area, but the packet lacks generated binding value evidence or a Rust stale numeric assumption. The exposure appears robust to regenerated constants; no build or wrapper oracle.",BENIGN_DRIFT,"C macro spelling for VM_ARCH_1 changed, but Rust virt flags mirror bindings::VM_ARCH_1 rather than hardcoding numeric values. No build or wrapper oracle and no stale Rust assumption is shown.",manual_review.csv
2b2107d69dd4ff02888d63210978d5464e2c73cafee7c04ccaf57851b6a987f2,W-000044,latest-p017-v6.17-to-v6.18,no_graph,SignatureDrift,atomic64_fetch_inc,BENIGN_DRIFT,"Generated bindings show the symbol appearing, but Rust exposure is only a generated binding edge and build breakage is absent. The wrapper oracle is not enough by itself to show a same-contract fix.",FALSE_POSITIVE,The packet supports only an added generated binding with no old C evidence and no Rust exposure beyond the binding edge. The wrapper oracle is undiffed and not enough for a TRUE label.,FALSE_POSITIVE,"The packet supports only generated binding/layout evidence for `atomic64_fetch_inc` with binding-only Rust exposure. There is no direct old/new C source diff, no build evidence, and the wrapper oracle is weak or broad.",binddrift_review_pooled_pending
2b27861e0c32d2af1f6211b14fd9d89efc3feef208e0511d0c19f81ccc378290,W-000025,latest-p017-v6.17-to-v6.18,"no_graph,random",SignatureDrift,atomic64_dec_return_release,BENIGN_DRIFT,"Generated bindings show the symbol appearing, but Rust exposure is only a generated binding edge and build breakage is absent. The wrapper oracle is not enough by itself to show a same-contract fix.",FALSE_POSITIVE,The packet supports only an added generated binding with no old C evidence and no Rust exposure beyond the binding edge. The wrapper oracle is undiffed and not enough for a TRUE label.,FALSE_POSITIVE,"The packet supports only generated binding/layout evidence for `atomic64_dec_return_release` with binding-only Rust exposure. There is no direct old/new C source diff, no build evidence, and the wrapper oracle is weak or broad.",binddrift_review_pooled_pending
2dd50cceca77839b1fda7267a718f8509f49ca2b98f9224bbc70319286a69299,W-000017,latest-p017-v6.17-to-v6.18,no_graph,SignatureDrift,atomic64_cmpxchg_relaxed,BENIGN_DRIFT,"Generated bindings show the symbol appearing, but Rust exposure is only a generated binding edge and build breakage is absent. The wrapper oracle is not enough by itself to show a same-contract fix.",FALSE_POSITIVE,The packet supports only an added generated binding with no old C evidence and no Rust exposure beyond the binding edge. The wrapper oracle is undiffed and not enough for a TRUE label.,FALSE_POSITIVE,"The packet supports only generated binding/layout evidence for `atomic64_cmpxchg_relaxed` with binding-only Rust exposure. There is no direct old/new C source diff, no build evidence, and the wrapper oracle is weak or broad.",binddrift_review_pooled_pending
2e15a63557a56e9c72676ee06fa1f76149dcd00f7e55b59d61fd2a4a2d813ac4,W-000034,latest-p012-v6.12-to-v6.13,"binddrift_current,binding_diff,no_impact_gate,no_ranking,rust_use",FieldDrift,firmware,BENIGN_DRIFT,"firmware layout evidence shows only core::ffi to ffi type spelling for priv_. Rust Firmware exposure and a soundness-fix oracle exist, but the packet does not connect that fix to this field spelling drift.",FALSE_POSITIVE,"The packet shows generated binding churn or a namespace/type-alias-only change rather than supported C contract drift. Wrapper evidence is absent or not tied to the claimed drift, so the warning is not supported.",FALSE_POSITIVE,"The old/new evidence for firmware is only type-path or namespace churn such as core::ffi to ffi, with no supported C contract drift or direct same-drift wrapper fix.",manual_review.csv
2e44ad18795b20aab776483acb94bd38bb01a878989948f1dadb2b5c287599c4,W-000158,latest-p017-v6.17-to-v6.18,random,SignatureDrift,atomic_sub,BENIGN_DRIFT,"Generated bindings show the symbol appearing, but Rust exposure is only a generated binding edge and build breakage is absent. The wrapper oracle is not enough by itself to show a same-contract fix.",FALSE_POSITIVE,The packet supports only an added generated binding with no old C evidence and no Rust exposure beyond the binding edge. The wrapper oracle is undiffed and not enough for a TRUE label.,FALSE_POSITIVE,"The packet supports only generated binding/layout evidence for `atomic_sub` with binding-only Rust exposure. There is no direct old/new C source diff, no build evidence, and the wrapper oracle is weak or broad.",binddrift_review_pooled_pending
2edf861adaa353a061316f9b63667ad5cd6067f0a52b396046d0604890ee6b88,W-000012,latest-p012-v6.12-to-v6.13,"binding_diff,c_signature,no_impact_gate",SignatureDrift,blk_queue_flag_set,FALSE_POSITIVE,"Old/new evidence is generated Rust binding spelling churn, effectively core::ffi to ffi, not a supported C signature or layout drift. The oracle does not tie a fix to that alias-only change.",FALSE_POSITIVE,"The old/new evidence is generated-binding-only and appears to be ffi namespace or type-rendering churn, not a concrete C API drift. Wrapper oracle text is not enough to rescue the warning without a matching diff.",FALSE_POSITIVE,"Old/new evidence for `blk_queue_flag_set` is generated Rust type spelling churn, mainly `core::ffi` to `ffi`, not a supported C contract drift. Wrapper oracle text and absent build evidence do not rescue the warning.",binddrift_review_pooled_pending
30e44b9dd8ba17e0a2152139307340078e8c73235ad9798be42a79a1cf587471,W-000001,latest-p019-v6.19-to-v7.0,"binddrift_current,binding_diff,no_impact_gate,no_ranking,rust_use",FieldDrift,device,BENIGN_DRIFT,"device gained driver_override in generated layout, while Rust Device APIs use opaque pointers, references, parent, and config helpers rather than that field. Oracle hits are broad Device fixes, not this field drift.",BENIGN_DRIFT,"Binding/layout drift is shown, but the packet does not show Rust depending on the changed field/layout member or contract. Rust exposure appears pointer/wrapper-level or otherwise robust; wrapper hits are absent or not the same drift.",BENIGN_DRIFT,"Binding/layout drift is shown for device, but Rust exposure is pointer/opaque/wrapper-level through Device::get_device, Device<Ctx>::as_raw, Device<Ctx>::parent; the packet shows no access to the changed field or direct same-contract fix.",manual_review.csv
3138a3da8567dd4603de043dc591c9ddcdb6aa5d68ca2bd35a8fb1b8a6e6fff8,W-000031,latest-p012-v6.12-to-v6.13,"binddrift_current,binding_diff,no_ranking,rust_use",SignatureDrift,task_uid,TRUE_WRAPPER_FIX,"task_uid is added and reached by Task::uid. The oracle hit adds the Kuid wrapper with task/cred helper files, matching the same task credential wrapper surface.",TRUE_WRAPPER_FIX,"Later Rust wrapper/helper/binding evidence is in the same exposed API area and plausibly addresses the warned symbol or contract. C source evidence may be binding-only and no build log is present, so this is a wrapper-fix label, not build breakage.",TRUE_WRAPPER_FIX,"No build oracle. Rust task/Kuid APIs reach task_uid, and the Kuid/task credential wrapper fix touches task/cred helpers for the same identity/namespace contract.",manual_review.csv
339034d13e5b54b7835e94c98504f8cbc6b3061ac81732d89bc79791620c64bc,W-000030,latest-p012-v6.12-to-v6.13,"binddrift_current,binding_diff,no_ranking,rust_use",SignatureDrift,task_tgid_nr_ns,TRUE_WRAPPER_FIX,"task_tgid_nr_ns is added and reached by Task::tgid_nr_ns. The oracle hit adds task/cred helper files for the Kuid/task wrapper area, plausibly addressing the same task identity contract.",TRUE_WRAPPER_FIX,"Later Rust wrapper/helper/binding evidence is in the same exposed API area and plausibly addresses the warned symbol or contract. C source evidence may be binding-only and no build log is present, so this is a wrapper-fix label, not build breakage.",TRUE_WRAPPER_FIX,"No build oracle. Rust task/Kuid APIs reach task_tgid_nr_ns, and the Kuid/task credential wrapper fix touches task/cred helpers for the same identity/namespace contract.",manual_review.csv
34cd2b28230e324c1c97d1fcd8b3c22618051a1f95de08599e8061defcb23084,W-000002,latest-p019-v6.19-to-v7.0,"binddrift_current,binding_diff,no_impact_gate,no_ranking,rust_use",FieldDrift,pci_dev,TRUE_WRAPPER_FIX,"pci_dev layout gained acs_capabilities/msi_addr_mask and Rust pci::Device wrapper invariants are exposed. The oracle hit fixes unrestricted &mut pci::Device in pci.rs, plausibly addressing that wrapper contract.",BENIGN_DRIFT,"Binding/layout drift is shown, but the packet does not show Rust depending on the changed field/layout member or contract. Rust exposure appears pointer/wrapper-level or otherwise robust; wrapper hits are absent or not the same drift.",BENIGN_DRIFT,"Binding/layout drift is shown for pci_dev, but Rust exposure is pointer/opaque/wrapper-level through remove_callback, as_raw, try_from; the packet shows no access to the changed field or direct same-contract fix.",manual_review.csv
35971b47476f2c78726ab3d3b1b1dbfd45a92c2623c39daf5c35e494080bfcd1,W-000006,latest-p017-v6.17-to-v6.18,no_graph,SignatureDrift,atomic64_add_negative_relaxed,BENIGN_DRIFT,"Generated bindings show the symbol appearing, but Rust exposure is only a generated binding edge and build breakage is absent. The wrapper oracle is not enough by itself to show a same-contract fix.",FALSE_POSITIVE,The packet supports only an added generated binding with no old C evidence and no Rust exposure beyond the binding edge. The wrapper oracle is undiffed and not enough for a TRUE label.,FALSE_POSITIVE,"The packet supports only generated binding/layout evidence for `atomic64_add_negative_relaxed` with binding-only Rust exposure. There is no direct old/new C source diff, no build evidence, and the wrapper oracle is weak or broad.",binddrift_review_pooled_pending
36f02d1dbe57d59735051d5d28622d2b0fc3300572fceab2b35927b74b857fc3,W-000002,latest-p015-v6.15-to-v6.16,"binding_diff,rust_use",SignatureDrift,drm_gem_object_get,TRUE_WRAPPER_FIX,"The generated binding change reaches a Rust safe API or unsafe wrapper, and the wrapper oracle names a later Rust helper/wrapper change in the same symbol family or exposure path. No build breakage is shown.",TRUE_WRAPPER_FIX,The packet cites Rust wrapper/helper code for this symbol and a later same-module Rust commit that plausibly changes the matching wrapper path. I do not infer build breakage or semantic drift beyond that wrapper-fix evidence.,TRUE_WRAPPER_FIX,"Wrapper-fix evidence is direct enough: Rust use in inc_ref at worktrees/v6.16/rust/kernel/drm/gem/mod.rs:61 reaches `drm_gem_object_get`, and the oracle names a same-path Rust helper/wrapper change (38cb08c3fc... rust: drm: gem: Implement AlwaysRefCounted for all gem objects automatically files=[""rust/kernel/drm/gem/mod.rs""] | 5ae65bdcb8... Partially revert ""rust: drm: gem:...). Build breakage is absent, so this is not a build label.",binddrift_review_pooled_pending
37096cdd902ee959420cf366a16ec6e46fbd87629662e936ef80ceeaf96d62f7,W-000026,latest-p017-v6.17-to-v6.18,no_graph,SignatureDrift,atomic64_dec_unless_positive,BENIGN_DRIFT,"Generated bindings show the symbol appearing, but Rust exposure is only a generated binding edge and build breakage is absent. The wrapper oracle is not enough by itself to show a same-contract fix.",FALSE_POSITIVE,The packet supports only an added generated binding with no old C evidence and no Rust exposure beyond the binding edge. The wrapper oracle is undiffed and not enough for a TRUE label.,FALSE_POSITIVE,"The packet supports only generated binding/layout evidence for `atomic64_dec_unless_positive` with binding-only Rust exposure. There is no direct old/new C source diff, no build evidence, and the wrapper oracle is weak or broad.",binddrift_review_pooled_pending
376adfca17bb2ea620151ea8f41b5c3553bc9b243b14e60644687552faa1c2f2,W-000010,latest-p017-v6.17-to-v6.18,"no_graph,random",SignatureDrift,atomic64_add_return_relaxed,BENIGN_DRIFT,"Generated bindings show the symbol appearing, but Rust exposure is only a generated binding edge and build breakage is absent. The wrapper oracle is not enough by itself to show a same-contract fix.",FALSE_POSITIVE,The packet supports only an added generated binding with no old C evidence and no Rust exposure beyond the binding edge. The wrapper oracle is undiffed and not enough for a TRUE label.,FALSE_POSITIVE,"The packet supports only generated binding/layout evidence for `atomic64_add_return_relaxed` with binding-only Rust exposure. There is no direct old/new C source diff, no build evidence, and the wrapper oracle is weak or broad.",binddrift_review_pooled_pending
37c7124990ee6fd8c1242195441fe424faa29a05db00b457a097f5b011da3c4a,W-000018,latest-p018-v6.18-to-v6.19,"binddrift_current,binddrift_oracle_blind,no_graph,no_impact_gate,no_ranking,random",MacroConstDrift,VM_MIXEDMAP,UNCLEAR,"The VM_* macro source expression changed and Rust has an unsafe-wrapper exposure, but the packet lacks old/new generated binding evidence and any oracle. The evidence does not show whether INIT_VM_FLAG changes the Rust-visible value or contract.",BENIGN_DRIFT,"C macro spelling changed and Rust references the generated VM flag area, but the packet lacks generated binding value evidence or a Rust stale numeric assumption. The exposure appears robust to regenerated constants; no build or wrapper oracle.",BENIGN_DRIFT,"C macro spelling for VM_MIXEDMAP changed, but Rust virt flags mirror bindings::VM_MIXEDMAP rather than hardcoding numeric values. No build or wrapper oracle and no stale Rust assumption is shown.",manual_review.csv
38c5a2e67ae4c8507669d2c21e02466f9f6a4aafa35b960ef176cd3a9c7cca73,W-000143,latest-p017-v6.17-to-v6.18,random,SignatureDrift,atomic_fetch_xor_relaxed,BENIGN_DRIFT,"Generated bindings show the symbol appearing, but Rust exposure is only a generated binding edge and build breakage is absent. The wrapper oracle is not enough by itself to show a same-contract fix.",FALSE_POSITIVE,The packet supports only an added generated binding with no old C evidence and no Rust exposure beyond the binding edge. The wrapper oracle is undiffed and not enough for a TRUE label.,FALSE_POSITIVE,"The packet supports only generated binding/layout evidence for `atomic_fetch_xor_relaxed` with binding-only Rust exposure. There is no direct old/new C source diff, no build evidence, and the wrapper oracle is weak or broad.",binddrift_review_pooled_pending
39859c860002f454586acf39f3d0df45a3189f1edc7868bad4cb189a795d4b8e,W-000003,latest-p012-v6.12-to-v6.13,"binddrift_current,binding_diff,c_signature,no_graph,no_impact_gate,no_ranking,rust_use",SignatureDrift,PTR_ERR,TRUE_WRAPPER_FIX,"PTR_ERR is reached by to_result, and the oracle hit adds a helper to convert C ERR_PTR to Result in rust/helpers.c and rust/kernel/error.rs. That directly matches the error-pointer wrapper contract.",TRUE_WRAPPER_FIX,"Later Rust wrapper/helper/binding evidence is in the same exposed API area and plausibly addresses the warned symbol or contract. C source evidence may be binding-only and no build log is present, so this is a wrapper-fix label, not build breakage.",TRUE_WRAPPER_FIX,"No build oracle. Rust reaches PTR_ERR through to_result, and the Error/ERR_PTR helper fixes in rust helpers and error.rs directly cover the same error-pointer conversion contract.",manual_review.csv
399880825c439eb15d3e73aa711d383a87e7dbba9e9a3173f6a97bdef4e841b7,W-000004,latest-p012-v6.12-to-v6.13,"binddrift_current,binding_diff,c_signature,no_graph,no_impact_gate,no_ranking,rust_use",SignatureDrift,REFCOUNT_INIT,BENIGN_DRIFT,"The reported REFCOUNT_INIT drift is only core::ffi to ffi type spelling in generated binding evidence. Rust Arc/Refcount exposure is real, but the packet does not show a C contract change beyond equivalent type paths.",TRUE_WRAPPER_FIX,"Later Rust wrapper/helper/binding evidence is in the same exposed API area and plausibly addresses the warned symbol or contract. C source evidence may be binding-only and no build log is present, so this is a wrapper-fix label, not build breakage.",TRUE_WRAPPER_FIX,"No build oracle. Rust reaches REFCOUNT_INIT through Arc<T>::new, Arc<T>::into_unique_or_drop, UniqueArc<T>::new_uninit, and refcount helper/Refcount or Arc conversion fixes directly cover the same refcount wrapper contract.",manual_review.csv
3b58ab73d3533d9625b4a6b06363bd8f3bb42f5817f79e468b16e97f8cc2a56d,W-000004,latest-p017-v6.17-to-v6.18,"no_graph,random",SignatureDrift,atomic64_add_negative,BENIGN_DRIFT,"Generated bindings show the symbol appearing, but Rust exposure is only a generated binding edge and build breakage is absent. The wrapper oracle is not enough by itself to show a same-contract fix.",FALSE_POSITIVE,The packet supports only an added generated binding with no old C evidence and no Rust exposure beyond the binding edge. The wrapper oracle is undiffed and not enough for a TRUE label.,FALSE_POSITIVE,"The packet supports only generated binding/layout evidence for `atomic64_add_negative` with binding-only Rust exposure. There is no direct old/new C source diff, no build evidence, and the wrapper oracle is weak or broad.",binddrift_review_pooled_pending
3bfb0002767e846684c7065fe79540f1293ccbe6902689339e67724ab2400155,W-000028,latest-p017-v6.17-to-v6.18,"no_graph,random",SignatureDrift,atomic64_fetch_add_acquire,BENIGN_DRIFT,"Generated bindings show the symbol appearing, but Rust exposure is only a generated binding edge and build breakage is absent. The wrapper oracle is not enough by itself to show a same-contract fix.",FALSE_POSITIVE,The packet supports only an added generated binding with no old C evidence and no Rust exposure beyond the binding edge. The wrapper oracle is undiffed and not enough for a TRUE label.,FALSE_POSITIVE,"The packet supports only generated binding/layout evidence for `atomic64_fetch_add_acquire` with binding-only Rust exposure. There is no direct old/new C source diff, no build evidence, and the wrapper oracle is weak or broad.",binddrift_review_pooled_pending
3f27e8f48b8dd8d76936f56178c5b914d172f7e1d54b58531f827d1847b62833,W-000067,latest-p017-v6.17-to-v6.18,random,SignatureDrift,atomic64_inc_unless_negative,BENIGN_DRIFT,"Generated bindings show the symbol appearing, but Rust exposure is only a generated binding edge and build breakage is absent. The wrapper oracle is not enough by itself to show a same-contract fix.",FALSE_POSITIVE,The packet supports only an added generated binding with no old C evidence and no Rust exposure beyond the binding edge. The wrapper oracle is undiffed and not enough for a TRUE label.,FALSE_POSITIVE,"The packet supports only generated binding/layout evidence for `atomic64_inc_unless_negative` with binding-only Rust exposure. There is no direct old/new C source diff, no build evidence, and the wrapper oracle is weak or broad.",binddrift_review_pooled_pending
3f2e5afc6d2df530a26c3761c1a970fc8d00e3bb2613e99dcfa098fb3df3048c,W-000004,latest-p007-v6.7-to-v6.8,,SignatureDrift,phy_read_mmd,BENIGN_DRIFT,"Generated bindings show the symbol appearing, but Rust exposure is only a generated binding edge and build breakage is absent. The wrapper oracle is not enough by itself to show a same-contract fix.",FALSE_POSITIVE,The packet supports only an added generated binding with no old C evidence and no Rust exposure beyond the binding edge. The wrapper oracle is undiffed and not enough for a TRUE label.,FALSE_POSITIVE,"The packet supports only generated binding/layout evidence for `phy_read_mmd` with binding-only Rust exposure. There is no direct old/new C source diff, no build evidence, and the wrapper oracle is weak or broad.",binddrift_review_pooled_pending
411576516f51e9797cd08d33a02b0a0b911329a1bb0954dceb41d578aaf82903,W-000005,latest-p018-v6.18-to-v6.19,"binddrift_current,binddrift_oracle_blind,no_graph,no_impact_gate,no_ranking",MacroConstDrift,VM_DONTCOPY,UNCLEAR,"The VM_* macro source expression changed and Rust has an unsafe-wrapper exposure, but the packet lacks old/new generated binding evidence and any oracle. The evidence does not show whether INIT_VM_FLAG changes the Rust-visible value or contract.",BENIGN_DRIFT,"C macro spelling changed and Rust references the generated VM flag area, but the packet lacks generated binding value evidence or a Rust stale numeric assumption. The exposure appears robust to regenerated constants; no build or wrapper oracle.",BENIGN_DRIFT,"C macro spelling for VM_DONTCOPY changed, but Rust virt flags mirror bindings::VM_DONTCOPY rather than hardcoding numeric values. No build or wrapper oracle and no stale Rust assumption is shown.",manual_review.csv
43b77c22d4fd1ea10c3faa3915a857ca541834113b700012b324f1b679a5126c,W-000012,latest-p017-v6.17-to-v6.18,no_graph,SignatureDrift,atomic64_add_unless,BENIGN_DRIFT,"Generated bindings show the symbol appearing, but Rust exposure is only a generated binding edge and build breakage is absent. The wrapper oracle is not enough by itself to show a same-contract fix.",FALSE_POSITIVE,The packet supports only an added generated binding with no old C evidence and no Rust exposure beyond the binding edge. The wrapper oracle is undiffed and not enough for a TRUE label.,FALSE_POSITIVE,"The packet supports only generated binding/layout evidence for `atomic64_add_unless` with binding-only Rust exposure. There is no direct old/new C source diff, no build evidence, and the wrapper oracle is weak or broad.",binddrift_review_pooled_pending
43e407af2ae1b4af1b56c3a7a9f1b85e12972993ff631d0f6bb914ca998ee6bd,W-000037,latest-p017-v6.17-to-v6.18,no_graph,SignatureDrift,atomic64_fetch_andnot_acquire,BENIGN_DRIFT,"Generated bindings show the symbol appearing, but Rust exposure is only a generated binding edge and build breakage is absent. The wrapper oracle is not enough by itself to show a same-contract fix.",FALSE_POSITIVE,The packet supports only an added generated binding with no old C evidence and no Rust exposure beyond the binding edge. The wrapper oracle is undiffed and not enough for a TRUE label.,FALSE_POSITIVE,"The packet supports only generated binding/layout evidence for `atomic64_fetch_andnot_acquire` with binding-only Rust exposure. There is no direct old/new C source diff, no build evidence, and the wrapper oracle is weak or broad.",binddrift_review_pooled_pending
4429b9f68320443b4083f3e7613aac8d9bd743aa50e186cb92751c5237f575ae,W-000007,latest-p020-v7.0-to-HEAD_9207d47f966b,"binding_diff,rust_use",SignatureDrift,gpu_buddy_free_list,TRUE_WRAPPER_FIX,"The generated binding change reaches a Rust safe API or unsafe wrapper, and the wrapper oracle names a later Rust helper/wrapper change in the same symbol family or exposure path. No build breakage is shown.",UNCLEAR,"There is Rust-side use and a related commit family, but the C evidence is only generated absent-to-added data and the packet lacks the full wrapper diff needed to confirm the same contract.",UNCLEAR,"The packet has Rust use in drop at worktrees/HEAD_9207d47f966b/rust/kernel/gpu/buddy.rs:541 for `gpu_buddy_free_list`, but C evidence is generated absent-to-added data and the full same-contract wrapper diff is missing. The oracle is related but not enough for TRUE_WRAPPER_FIX.",binddrift_review_pooled_pending
451e7ac534eb390d717fa04e8a71a81086d7723be10d82a1dfcb448a1199586c,W-000020,latest-p017-v6.17-to-v6.18,no_graph,SignatureDrift,atomic64_dec_and_test,BENIGN_DRIFT,"Generated bindings show the symbol appearing, but Rust exposure is only a generated binding edge and build breakage is absent. The wrapper oracle is not enough by itself to show a same-contract fix.",FALSE_POSITIVE,The packet supports only an added generated binding with no old C evidence and no Rust exposure beyond the binding edge. The wrapper oracle is undiffed and not enough for a TRUE label.,FALSE_POSITIVE,"The packet supports only generated binding/layout evidence for `atomic64_dec_and_test` with binding-only Rust exposure. There is no direct old/new C source diff, no build evidence, and the wrapper oracle is weak or broad.",binddrift_review_pooled_pending
4540ee0cc3781e823c2c2180b20e8dd6355474f76a46f628e6a1adfaad0a8c77,W-000131,latest-p017-v6.17-to-v6.18,random,SignatureDrift,atomic_fetch_inc_relaxed,BENIGN_DRIFT,"Generated bindings show the symbol appearing, but Rust exposure is only a generated binding edge and build breakage is absent. The wrapper oracle is not enough by itself to show a same-contract fix.",FALSE_POSITIVE,The packet supports only an added generated binding with no old C evidence and no Rust exposure beyond the binding edge. The wrapper oracle is undiffed and not enough for a TRUE label.,FALSE_POSITIVE,"The packet supports only generated binding/layout evidence for `atomic_fetch_inc_relaxed` with binding-only Rust exposure. There is no direct old/new C source diff, no build evidence, and the wrapper oracle is weak or broad.",binddrift_review_pooled_pending
46b1fb124f9b8010a0bbad8532aec2f2ce82c1cb9537c8e6d0662155e5c3b565,W-000003,latest-p007-v6.7-to-v6.8,"binddrift_current,binding_diff,no_ranking,random,rust_use",SignatureDrift,mdiobus_write,TRUE_WRAPPER_FIX,"mdiobus_write is added and reached by Device::write. The oracle hit is a Rust net::phy unified read/write API touching rust/kernel/net/phy.rs, plausibly addressing the same MDIO wrapper contract.",TRUE_WRAPPER_FIX,"Later Rust wrapper/helper/binding evidence is in the same exposed API area and plausibly addresses the warned symbol or contract. C source evidence may be binding-only and no build log is present, so this is a wrapper-fix label, not build breakage.",TRUE_WRAPPER_FIX,"No build oracle. Rust net PHY code reaches mdiobus_write, and the unified C22/C45 read/write API fix in rust/kernel/net/phy.rs matches the same MDIO/PHY wrapper contract.",manual_review.csv
46f886253d9cc94c071c77cc7d5a5dbe4b7d873acdc40bdaf6d531cd08d6adf0,W-000055,latest-p017-v6.17-to-v6.18,no_graph,SignatureDrift,atomic64_fetch_sub_release,BENIGN_DRIFT,"Generated bindings show the symbol appearing, but Rust exposure is only a generated binding edge and build breakage is absent. The wrapper oracle is not enough by itself to show a same-contract fix.",FALSE_POSITIVE,The packet supports only an added generated binding with no old C evidence and no Rust exposure beyond the binding edge. The wrapper oracle is undiffed and not enough for a TRUE label.,FALSE_POSITIVE,"The packet supports only generated binding/layout evidence for `atomic64_fetch_sub_release` with binding-only Rust exposure. There is no direct old/new C source diff, no build evidence, and the wrapper oracle is weak or broad.",binddrift_review_pooled_pending
48ff9d5a6c00c24ccd3b3c0de70b81a0d680405d021a3c1dfb0d2c1b3c6870b6,W-000101,latest-p017-v6.17-to-v6.18,random,SignatureDrift,atomic_cmpxchg_acquire,BENIGN_DRIFT,"Generated bindings show the symbol appearing, but Rust exposure is only a generated binding edge and build breakage is absent. The wrapper oracle is not enough by itself to show a same-contract fix.",FALSE_POSITIVE,The packet supports only an added generated binding with no old C evidence and no Rust exposure beyond the binding edge. The wrapper oracle is undiffed and not enough for a TRUE label.,FALSE_POSITIVE,"The packet supports only generated binding/layout evidence for `atomic_cmpxchg_acquire` with binding-only Rust exposure. There is no direct old/new C source diff, no build evidence, and the wrapper oracle is weak or broad.",binddrift_review_pooled_pending
493f70becca5973ab1075fb10497c3955f5b0ae40ae4672ab23c68e6077d61a3,W-000019,latest-p018-v6.18-to-v6.19,"binddrift_current,binddrift_oracle_blind,no_graph,no_impact_gate,no_ranking",MacroConstDrift,VM_NOHUGEPAGE,UNCLEAR,"The VM_* macro source expression changed and Rust has an unsafe-wrapper exposure, but the packet lacks old/new generated binding evidence and any oracle. The evidence does not show whether INIT_VM_FLAG changes the Rust-visible value or contract.",BENIGN_DRIFT,"C macro spelling changed and Rust references the generated VM flag area, but the packet lacks generated binding value evidence or a Rust stale numeric assumption. The exposure appears robust to regenerated constants; no build or wrapper oracle.",BENIGN_DRIFT,"C macro spelling for VM_NOHUGEPAGE changed, but Rust virt flags mirror bindings::VM_NOHUGEPAGE rather than hardcoding numeric values. No build or wrapper oracle and no stale Rust assumption is shown.",manual_review.csv
495c58f26e95b87ab71b74af35e5fead17276c5c03bb32deeea1fe040d9446c6,W-000172,latest-p017-v6.17-to-v6.18,random,SignatureDrift,atomic_xor,BENIGN_DRIFT,"Generated bindings show the symbol appearing, but Rust exposure is only a generated binding edge and build breakage is absent. The wrapper oracle is not enough by itself to show a same-contract fix.",FALSE_POSITIVE,The packet supports only an added generated binding with no old C evidence and no Rust exposure beyond the binding edge. The wrapper oracle is undiffed and not enough for a TRUE label.,FALSE_POSITIVE,"The packet supports only generated binding/layout evidence for `atomic_xor` with binding-only Rust exposure. There is no direct old/new C source diff, no build evidence, and the wrapper oracle is weak or broad.",binddrift_review_pooled_pending
49f273c00dd435f6c4bbbd3a5dd6d4d3ae7d9fbcc0bd77209b2993f403fee1cd,W-000077,latest-p017-v6.17-to-v6.18,random,SignatureDrift,atomic64_sub_return_relaxed,BENIGN_DRIFT,"Generated bindings show the symbol appearing, but Rust exposure is only a generated binding edge and build breakage is absent. The wrapper oracle is not enough by itself to show a same-contract fix.",FALSE_POSITIVE,The packet supports only an added generated binding with no old C evidence and no Rust exposure beyond the binding edge. The wrapper oracle is undiffed and not enough for a TRUE label.,FALSE_POSITIVE,"The packet supports only generated binding/layout evidence for `atomic64_sub_return_relaxed` with binding-only Rust exposure. There is no direct old/new C source diff, no build evidence, and the wrapper oracle is weak or broad.",binddrift_review_pooled_pending
4a687423f6942a1f923ca47534f404f4b2a91d6cea4bb503baba951b6d15b660,W-000003,latest-p011-v6.11-to-v6.12,"binddrift_current,binding_diff,no_impact_gate,no_ranking,rust_use",FieldDrift,request,BENIGN_DRIFT,"Binding layout shows request gained nr_integrity_segments, while Rust wraps bindings::request opaquely and uses pointer/refcount helpers. The oracle summaries mention formatting/refcount work, not this field or layout contract.",BENIGN_DRIFT,"Binding/layout drift is shown, but the packet does not show Rust depending on the changed field/layout member or contract. Rust exposure appears pointer/wrapper-level or otherwise robust; wrapper hits are absent or not the same drift.",BENIGN_DRIFT,"Binding/layout drift is shown for request, but Rust exposure is pointer/opaque/wrapper-level through Request<T>::aref_from_raw, Request<T>::wrapper_ptr; the packet shows no access to the changed field or direct same-contract fix.",manual_review.csv
4b538a23e5b7e22f2cc86f95ffea064b2634aa0ab97449ad304889083dc27efd,W-000002,latest-p012-v6.12-to-v6.13,"binddrift_current,binding_diff,c_signature,no_graph,no_impact_gate,no_ranking,rust_use",SignatureDrift,IS_ERR,TRUE_WRAPPER_FIX,"IS_ERR is reached by to_result, and the oracle hit adds a helper to convert C ERR_PTR to Result in rust/helpers.c and rust/kernel/error.rs. That directly matches the error-pointer wrapper contract.",TRUE_WRAPPER_FIX,"Later Rust wrapper/helper/binding evidence is in the same exposed API area and plausibly addresses the warned symbol or contract. C source evidence may be binding-only and no build log is present, so this is a wrapper-fix label, not build breakage.",TRUE_WRAPPER_FIX,"No build oracle. Rust reaches IS_ERR through to_result, and the Error/ERR_PTR helper fixes in rust helpers and error.rs directly cover the same error-pointer conversion contract.",manual_review.csv
4b79bb037abb05bd52d718fe0a9e525377fceac2035ab952d0a225a4577ccaef,W-000060,latest-p017-v6.17-to-v6.18,no_graph,SignatureDrift,atomic64_inc,BENIGN_DRIFT,"Generated bindings show the symbol appearing, but Rust exposure is only a generated binding edge and build breakage is absent. The wrapper oracle is not enough by itself to show a same-contract fix.",FALSE_POSITIVE,The packet supports only an added generated binding with no old C evidence and no Rust exposure beyond the binding edge. The wrapper oracle is undiffed and not enough for a TRUE label.,FALSE_POSITIVE,"The packet supports only generated binding/layout evidence for `atomic64_inc` with binding-only Rust exposure. There is no direct old/new C source diff, no build evidence, and the wrapper oracle is weak or broad.",binddrift_review_pooled_pending
4be0f10410a82b17143a9815c512f6f6670896ddbda91713c0011fce8dcb611d,W-000002,latest-p003-v6.3-to-v6.4,"binddrift_current,binding_diff,no_graph,no_ranking,rust_use",SignatureDrift,IS_ERR,TRUE_WRAPPER_FIX,"IS_ERR is added and reached by to_result. The oracle hit adds a helper to convert C ERR_PTR to Result in rust/helpers.c and rust/kernel/error.rs, matching the same error-pointer contract.",TRUE_WRAPPER_FIX,"Later Rust wrapper/helper/binding evidence is in the same exposed API area and plausibly addresses the warned symbol or contract. C source evidence may be binding-only and no build log is present, so this is a wrapper-fix label, not build breakage.",TRUE_WRAPPER_FIX,"No build oracle. Rust reaches IS_ERR through to_result, and the Error/ERR_PTR helper fixes in rust helpers and error.rs directly cover the same error-pointer conversion contract.",manual_review.csv
4c6359658f744db15ab92c1c5f3dcb019146ebaab5a490db603b73eb80b2096e,W-000038,latest-p017-v6.17-to-v6.18,"no_graph,random",SignatureDrift,atomic64_fetch_andnot_relaxed,BENIGN_DRIFT,"Generated bindings show the symbol appearing, but Rust exposure is only a generated binding edge and build breakage is absent. The wrapper oracle is not enough by itself to show a same-contract fix.",FALSE_POSITIVE,The packet supports only an added generated binding with no old C evidence and no Rust exposure beyond the binding edge. The wrapper oracle is undiffed and not enough for a TRUE label.,FALSE_POSITIVE,"The packet supports only generated binding/layout evidence for `atomic64_fetch_andnot_relaxed` with binding-only Rust exposure. There is no direct old/new C source diff, no build evidence, and the wrapper oracle is weak or broad.",binddrift_review_pooled_pending
4d882d1f6a1138d581132f19f57ffc916e719f96314cc4a6c2379342e17d22cc,W-000001,latest-p006-v6.6-to-v6.7,random,SignatureDrift,compat_ptr_ioctl,BENIGN_DRIFT,"Generated bindings show the symbol appearing, but Rust exposure is only a generated binding edge and build breakage is absent. The wrapper oracle is not enough by itself to show a same-contract fix.",FALSE_POSITIVE,The packet supports only an added generated binding with no old C evidence and no Rust exposure beyond the binding edge. The wrapper oracle is undiffed and not enough for a TRUE label.,FALSE_POSITIVE,"The packet supports only generated binding/layout evidence for `compat_ptr_ioctl` with binding-only Rust exposure. There is no direct old/new C source diff, no build evidence, and the wrapper oracle is weak or broad.",binddrift_review_pooled_pending
4df655946289cda7279bf792c4c0da550a7604d250bb1608ea0922f77bf9cd34,W-000116,latest-p017-v6.17-to-v6.18,random,SignatureDrift,atomic_fetch_add_unless,BENIGN_DRIFT,"Generated bindings show the symbol appearing, but Rust exposure is only a generated binding edge and build breakage is absent. The wrapper oracle is not enough by itself to show a same-contract fix.",FALSE_POSITIVE,The packet supports only an added generated binding with no old C evidence and no Rust exposure beyond the binding edge. The wrapper oracle is undiffed and not enough for a TRUE label.,FALSE_POSITIVE,"The packet supports only generated binding/layout evidence for `atomic_fetch_add_unless` with binding-only Rust exposure. There is no direct old/new C source diff, no build evidence, and the wrapper oracle is weak or broad.",binddrift_review_pooled_pending
4e6d10e0f6c83e2464d9dda1e3f822d084cef1f840817a3c9a70a68601fcf2d7,W-000079,latest-p017-v6.17-to-v6.18,random,SignatureDrift,atomic64_try_cmpxchg,BENIGN_DRIFT,"Generated bindings show the symbol appearing, but Rust exposure is only a generated binding edge and build breakage is absent. The wrapper oracle is not enough by itself to show a same-contract fix.",FALSE_POSITIVE,The packet supports only an added generated binding with no old C evidence and no Rust exposure beyond the binding edge. The wrapper oracle is undiffed and not enough for a TRUE label.,FALSE_POSITIVE,"The packet supports only generated binding/layout evidence for `atomic64_try_cmpxchg` with binding-only Rust exposure. There is no direct old/new C source diff, no build evidence, and the wrapper oracle is weak or broad.",binddrift_review_pooled_pending
4f8d7984d775d0a75c91555b34cf3f2add984643c775065310cfda4569e05a38,W-000002,latest-p017-v6.17-to-v6.18,"binding_diff,no_graph,rust_use",SignatureDrift,__set_bit,TRUE_WRAPPER_FIX,"The generated binding change reaches a Rust safe API or unsafe wrapper, and the wrapper oracle names a later Rust helper/wrapper change in the same symbol family or exposure path. No build breakage is shown.",TRUE_WRAPPER_FIX,The packet cites Rust wrapper/helper code for this symbol and a later same-module Rust commit that plausibly changes the matching wrapper path. I do not infer build breakage or semantic drift beyond that wrapper-fix evidence.,TRUE_WRAPPER_FIX,"Wrapper-fix evidence is direct enough: safe Rust API Bitmap::set_bit reaches `__set_bit`, and the oracle names a same-path Rust helper/wrapper change (6cf93a9ed3... rust: add bindings for bitops.h files=[""MAINTAINERS"", ""rust/helpers/bitops.c"", ""rust/helpers/helpers.c""] | 11eca92a2c... rust: add bitmap API. files=[""MAINTAINERS""...). Build breakage is absent, so this is not a build label.",binddrift_review_pooled_pending
50396f37b53c3bf5b94fc7f6ddede1813d021c61342187f5398fc695eba0441f,W-000008,latest-p010-v6.10-to-v6.11,,SignatureDrift,request_firmware_direct,BENIGN_DRIFT,"Generated bindings show the symbol appearing, but Rust exposure is only a generated binding edge and build breakage is absent. The wrapper oracle is not enough by itself to show a same-contract fix.",FALSE_POSITIVE,The packet supports only an added generated binding with no old C evidence and no Rust exposure beyond the binding edge. The wrapper oracle is undiffed and not enough for a TRUE label.,FALSE_POSITIVE,"The packet supports only generated binding/layout evidence for `request_firmware_direct` with binding-only Rust exposure. There is no direct old/new C source diff, no build evidence, and the wrapper oracle is weak or broad.",binddrift_review_pooled_pending
50fe78febd1863a0a3cea0a34596a43ae5a7829c56e34555fdd9029c1d1b8126,W-000002,latest-p010-v6.10-to-v6.11,random,SignatureDrift,blk_queue_flag_set,BENIGN_DRIFT,"Generated bindings show the symbol appearing, but Rust exposure is only a generated binding edge and build breakage is absent. The wrapper oracle is not enough by itself to show a same-contract fix.",FALSE_POSITIVE,The packet supports only an added generated binding with no old C evidence and no Rust exposure beyond the binding edge. The wrapper oracle is undiffed and not enough for a TRUE label.,FALSE_POSITIVE,"The packet supports only generated binding/layout evidence for `blk_queue_flag_set` with binding-only Rust exposure. There is no direct old/new C source diff, no build evidence, and the wrapper oracle is weak or broad.",binddrift_review_pooled_pending
54225f142a952eea67a81b5b332ef77b7114b75ce97453c238d1110be97165d5,W-000001,latest-p003-v6.3-to-v6.4,"binddrift_current,binding_diff,no_graph,no_ranking,rust_use",SignatureDrift,ERR_PTR,TRUE_WRAPPER_FIX,"ERR_PTR is added and Rust Error exposes pointer conversion. Oracle hits add Error::to_ptr and related Error wrapper changes, matching the same error-pointer contract.",TRUE_WRAPPER_FIX,"Later Rust wrapper/helper/binding evidence is in the same exposed API area and plausibly addresses the warned symbol or contract. C source evidence may be binding-only and no build log is present, so this is a wrapper-fix label, not build breakage.",TRUE_WRAPPER_FIX,"No build oracle. Rust reaches ERR_PTR through Error::to_errno, and the Error/ERR_PTR helper fixes in rust helpers and error.rs directly cover the same error-pointer conversion contract.",manual_review.csv
55d4d72e4902aef06509086cb04434e09b3f6303157d47ededa03eb1279e2651,W-000030,latest-p017-v6.17-to-v6.18,no_graph,SignatureDrift,atomic64_fetch_add_release,BENIGN_DRIFT,"Generated bindings show the symbol appearing, but Rust exposure is only a generated binding edge and build breakage is absent. The wrapper oracle is not enough by itself to show a same-contract fix.",FALSE_POSITIVE,The packet supports only an added generated binding with no old C evidence and no Rust exposure beyond the binding edge. The wrapper oracle is undiffed and not enough for a TRUE label.,FALSE_POSITIVE,"The packet supports only generated binding/layout evidence for `atomic64_fetch_add_release` with binding-only Rust exposure. There is no direct old/new C source diff, no build evidence, and the wrapper oracle is weak or broad.",binddrift_review_pooled_pending
566f88e8dcb1dfb0c2b643fb382f1bce18fd53578c1be90d11dd0e8400b65eaa,W-000028,latest-p012-v6.12-to-v6.13,"binding_diff,c_signature,no_impact_gate,random",SignatureDrift,request_firmware_direct,FALSE_POSITIVE,"Old/new evidence is generated Rust binding spelling churn, effectively core::ffi to ffi, not a supported C signature or layout drift. The oracle does not tie a fix to that alias-only change.",FALSE_POSITIVE,"The old/new evidence is generated-binding-only and appears to be ffi namespace or type-rendering churn, not a concrete C API drift. Wrapper oracle text is not enough to rescue the warning without a matching diff.",FALSE_POSITIVE,"Old/new evidence for `request_firmware_direct` is generated Rust type spelling churn, mainly `core::ffi` to `ffi`, not a supported C contract drift. Wrapper oracle text and absent build evidence do not rescue the warning.",binddrift_review_pooled_pending
58210dc814875f913fa841577c3e8ea6c39ef2448c7a52fd32b63a2e19151881,W-000007,latest-p012-v6.12-to-v6.13,"binding_diff,c_signature,no_graph,no_impact_gate",SignatureDrift,_find_next_bit,FALSE_POSITIVE,"Old/new evidence is generated Rust binding spelling churn, effectively core::ffi to ffi, not a supported C signature or layout drift. The oracle does not tie a fix to that alias-only change.",FALSE_POSITIVE,"The old/new evidence is generated-binding-only and appears to be ffi namespace or type-rendering churn, not a concrete C API drift. Wrapper oracle text is not enough to rescue the warning without a matching diff.",FALSE_POSITIVE,"Old/new evidence for `_find_next_bit` is generated Rust type spelling churn, mainly `core::ffi` to `ffi`, not a supported C contract drift. Wrapper oracle text and absent build evidence do not rescue the warning.",binddrift_review_pooled_pending
58a01dd294eb2ff57be67b6378972edf712bcfbdeac81adb6aafe51503486784,W-000014,latest-p013-v6.13-to-v6.14,"binddrift_current,binding_diff,no_impact_gate,no_ranking,random,rust_use",FieldDrift,pci_dev,TRUE_WRAPPER_FIX,"pci_dev changed from opaque/zero-field binding to full layout, and Rust has pci::Device unsafe-wrapper/invariant evidence. The oracle hit fixes unrestricted &mut pci::Device in rust/kernel/pci.rs, plausibly addressing that wrapper contract.",FALSE_POSITIVE,"The old binding has zero struct fields and the new binding exposes the whole struct, which looks like generated binding/opacity churn rather than supported C-side field drift. The wrapper hit is not field-specific.",FALSE_POSITIVE,"The old binding for pci_dev has zero fields while the new one exposes the struct, which looks like bindgen opacity/config churn rather than supported C field drift.",manual_review.csv
58a2f879ba2a9a9395136355912047aabcb863f788d23b123a1c05069310ec9b,W-000047,latest-p017-v6.17-to-v6.18,no_graph,SignatureDrift,atomic64_fetch_inc_release,BENIGN_DRIFT,"Generated bindings show the symbol appearing, but Rust exposure is only a generated binding edge and build breakage is absent. The wrapper oracle is not enough by itself to show a same-contract fix.",FALSE_POSITIVE,The packet supports only an added generated binding with no old C evidence and no Rust exposure beyond the binding edge. The wrapper oracle is undiffed and not enough for a TRUE label.,FALSE_POSITIVE,"The packet supports only generated binding/layout evidence for `atomic64_fetch_inc_release` with binding-only Rust exposure. There is no direct old/new C source diff, no build evidence, and the wrapper oracle is weak or broad.",binddrift_review_pooled_pending
58bf7f2f2d74c5ec6be9fcd8a9b33e90df0d6227323e4b82048987d533465397,W-000003,latest-p020-v7.0-to-HEAD_9207d47f966b,"binddrift_current,binding_diff,no_ranking,rust_use",SignatureDrift,gpu_buddy_alloc_blocks,TRUE_WRAPPER_FIX,"gpu_buddy_alloc_blocks is added and reached by GpuBuddy::avail. The oracle hit adds GPU buddy allocator bindings and helpers, matching the same wrapper surface.",TRUE_WRAPPER_FIX,"Later Rust wrapper/helper/binding evidence is in the same exposed API area and plausibly addresses the warned symbol or contract. C source evidence may be binding-only and no build log is present, so this is a wrapper-fix label, not build breakage.",TRUE_WRAPPER_FIX,"No build oracle. GpuBuddy reaches gpu_buddy_alloc_blocks, and the oracle adds GPU buddy allocator bindings/helpers, matching the same wrapper surface.",manual_review.csv
5ac68e9ad0b4a29e7e2536df6225b09e1f89d9a6e700e4d11a2e49cd5744453e,W-000052,latest-p017-v6.17-to-v6.18,"no_graph,random",SignatureDrift,atomic64_fetch_sub,BENIGN_DRIFT,"Generated bindings show the symbol appearing, but Rust exposure is only a generated binding edge and build breakage is absent. The wrapper oracle is not enough by itself to show a same-contract fix.",FALSE_POSITIVE,The packet supports only an added generated binding with no old C evidence and no Rust exposure beyond the binding edge. The wrapper oracle is undiffed and not enough for a TRUE label.,FALSE_POSITIVE,"The packet supports only generated binding/layout evidence for `atomic64_fetch_sub` with binding-only Rust exposure. There is no direct old/new C source diff, no build evidence, and the wrapper oracle is weak or broad.",binddrift_review_pooled_pending
5b3825cbcc56af2cacdade49d70e792e963935d8864aa570f3e77dfa96ce9e1b,W-000137,latest-p017-v6.17-to-v6.18,random,SignatureDrift,atomic_fetch_sub,BENIGN_DRIFT,"Generated bindings show the symbol appearing, but Rust exposure is only a generated binding edge and build breakage is absent. The wrapper oracle is not enough by itself to show a same-contract fix.",FALSE_POSITIVE,The packet supports only an added generated binding with no old C evidence and no Rust exposure beyond the binding edge. The wrapper oracle is undiffed and not enough for a TRUE label.,FALSE_POSITIVE,"The packet supports only generated binding/layout evidence for `atomic_fetch_sub` with binding-only Rust exposure. There is no direct old/new C source diff, no build evidence, and the wrapper oracle is weak or broad.",binddrift_review_pooled_pending
5bdc46821e9ba95cda0154dcb8f39973f1121cf83b337b0c1249880a16419fe4,W-000001,latest-p011-v6.11-to-v6.12,"binddrift_current,binding_diff,c_signature,no_graph,no_impact_gate,no_ranking",SignatureDrift,__mutex_init,TRUE_WRAPPER_FIX,"__mutex_init is reached from the Rust mutex helper, and the oracle hit explicitly fixes __mutex_init usage for PREEMPT_RT in rust/helpers/mutex.c. This directly addresses the same helper contract.",TRUE_WRAPPER_FIX,"Later Rust wrapper/helper/binding evidence is in the same exposed API area and plausibly addresses the warned symbol or contract. C source evidence may be binding-only and no build log is present, so this is a wrapper-fix label, not build breakage.",TRUE_WRAPPER_FIX,"No build oracle. Rust mutex helper code reaches __mutex_init, and the oracle explicitly fixes __mutex_init usage for PREEMPT_RT in rust/helpers/mutex.c.",manual_review.csv
5edcf649339eec5f04328df00b7f658ed0b11c322d44340dd7b2b56888d504db,W-000015,latest-p012-v6.12-to-v6.13,"binding_diff,no_ranking,rust_use",SignatureDrift,current_user_ns,TRUE_WRAPPER_FIX,"current_user_ns is added and reached by Kuid::into_uid_in_current_ns with from_kuid/uid_t. The oracle hit adds the Kuid wrapper with task/cred helper files, matching the credential namespace wrapper surface.",TRUE_WRAPPER_FIX,"Later Rust wrapper/helper/binding evidence is in the same exposed API area and plausibly addresses the warned symbol or contract. C source evidence may be binding-only and no build log is present, so this is a wrapper-fix label, not build breakage.",TRUE_WRAPPER_FIX,"No build oracle. Rust task/Kuid APIs reach current_user_ns, and the Kuid/task credential wrapper fix touches task/cred helpers for the same identity/namespace contract.",manual_review.csv
5f36808b3fd93ccd3233e83aa0a5658afb4c5738b49340115aea4eee101847a5,W-000011,latest-p018-v6.18-to-v6.19,"binddrift_current,binddrift_oracle_blind,no_graph,no_impact_gate,no_ranking",MacroConstDrift,VM_IO,UNCLEAR,"The VM_* macro source expression changed and Rust has an unsafe-wrapper exposure, but the packet lacks old/new generated binding evidence and any oracle. The evidence does not show whether INIT_VM_FLAG changes the Rust-visible value or contract.",BENIGN_DRIFT,"C macro spelling changed and Rust references the generated VM flag area, but the packet lacks generated binding value evidence or a Rust stale numeric assumption. The exposure appears robust to regenerated constants; no build or wrapper oracle.",BENIGN_DRIFT,"C macro spelling for VM_IO changed, but Rust virt flags mirror bindings::VM_IO rather than hardcoding numeric values. No build or wrapper oracle and no stale Rust assumption is shown.",manual_review.csv
5fb86ab05279e99657c3896aed39fa6ebf523145363bcb285edf744d28085856,W-000001,latest-p018-v6.18-to-v6.19,"binddrift_current,binding_diff,no_impact_gate,no_ranking,rust_use",FieldDrift,queue_limits,TRUE_WRAPPER_FIX,queue_limits replaced min_segment_size with max_fast_segment_size and Rust GenDiskBuilder reaches queue limit related bindings. The oracle hit explicitly fixes use of a removed queue limit API in gen_disk.rs.,TRUE_WRAPPER_FIX,"Later Rust wrapper/helper/binding evidence is in the same exposed API area and plausibly addresses the warned symbol or contract. C source evidence may be binding-only and no build log is present, so this is a wrapper-fix label, not build breakage.",TRUE_WRAPPER_FIX,"No build oracle. Rust GenDisk code reaches queue-limit bindings, and the oracle explicitly fixes Rust block code to avoid a removed queue-limit API in gen_disk.rs.",manual_review.csv
5fbf88f164697a65d2adead9ee323034574fe5d7fdaf01e15209abc02984e810,W-000081,latest-p017-v6.17-to-v6.18,random,SignatureDrift,atomic64_try_cmpxchg_relaxed,BENIGN_DRIFT,"Generated bindings show the symbol appearing, but Rust exposure is only a generated binding edge and build breakage is absent. The wrapper oracle is not enough by itself to show a same-contract fix.",FALSE_POSITIVE,The packet supports only an added generated binding with no old C evidence and no Rust exposure beyond the binding edge. The wrapper oracle is undiffed and not enough for a TRUE label.,FALSE_POSITIVE,"The packet supports only generated binding/layout evidence for `atomic64_try_cmpxchg_relaxed` with binding-only Rust exposure. There is no direct old/new C source diff, no build evidence, and the wrapper oracle is weak or broad.",binddrift_review_pooled_pending
619fc183747ad8095d328a64ad4dffb10c831cc475a5cc5f33de74ad0b4558ee,W-000001,latest-p012-v6.12-to-v6.13,"binddrift_current,binding_diff,c_signature,no_graph,no_impact_gate,no_ranking,rust_use",SignatureDrift,ERR_PTR,TRUE_WRAPPER_FIX,ERR_PTR is reached by Error conversion and oracle hits add Error::to_ptr / Error wrapper changes. That plausibly addresses the same C error-pointer wrapper contract.,TRUE_WRAPPER_FIX,"Later Rust wrapper/helper/binding evidence is in the same exposed API area and plausibly addresses the warned symbol or contract. C source evidence may be binding-only and no build log is present, so this is a wrapper-fix label, not build breakage.",TRUE_WRAPPER_FIX,"No build oracle. Rust reaches ERR_PTR through Error::to_blk_status, and the Error/ERR_PTR helper fixes in rust helpers and error.rs directly cover the same error-pointer conversion contract.",manual_review.csv
62b0c8d3f4200a34a01997d72d09f2ef14124af8139cf0f9ac0df1b3d585e12f,W-000004,latest-p016-v6.16-to-v6.17,"binddrift_current,binding_diff,no_ranking,rust_use",SignatureDrift,poll_wait,TRUE_WRAPPER_FIX,"poll_wait is added and reached by PollTable::register_wait. The oracle hit explicitly allows poll_table pointers to be null in poll helpers and sync/poll.rs, matching the same poll_wait contract.",TRUE_WRAPPER_FIX,"Later Rust wrapper/helper/binding evidence is in the same exposed API area and plausibly addresses the warned symbol or contract. C source evidence may be binding-only and no build log is present, so this is a wrapper-fix label, not build breakage.",TRUE_WRAPPER_FIX,"No build oracle. PollTable::register_wait reaches poll_wait, and the oracle allows null poll_table pointers in poll helpers and sync/poll.rs, matching the same contract.",manual_review.csv
6349706efa7389e805a7c8f7ddcfdac58408b60d584bf6965eb1a679431a152d,W-000002,latest-p018-v6.18-to-v6.19,"binddrift_current,binding_diff,no_impact_gate,no_ranking,rust_use",FieldDrift,request,BENIGN_DRIFT,"Generated request layout gained phys_gap_bit, but Rust wraps bindings::request opaquely and uses pointer/refcount helpers. No packet evidence shows Rust relying on that field; wrapper-fix summaries are not field-specific.",BENIGN_DRIFT,"Binding/layout drift is shown, but the packet does not show Rust depending on the changed field/layout member or contract. Rust exposure appears pointer/wrapper-level or otherwise robust; wrapper hits are absent or not the same drift.",BENIGN_DRIFT,"Binding/layout drift is shown for request, but Rust exposure is pointer/opaque/wrapper-level through Request<T>::aref_from_raw, Request<T>::complete, Request<T>::wrapper_ptr; the packet shows no access to the changed field or direct same-contract fix.",manual_review.csv
645685a5c968de23773c34ab2cd333aa890e9e4e353eb5a2e3e8a0fc653fdaef,W-000004,latest-p003-v6.3-to-v6.4,"binddrift_current,binding_diff,no_ranking,random,rust_use",SignatureDrift,put_task_struct,UNCLEAR,"put_task_struct is added and reached by an unsafe dec_ref path, but the oracle hit is a truncated Kuid wrapper summary. The packet does not show a fix for put_task_struct or enough C-side source evidence.",UNCLEAR,"The packet has only binding-level or absent-to-added evidence plus Rust exposure. There is no direct C source diff, build log, generated binding diff with semantics, or same-contract wrapper fix, so a conservative review cannot choose a stronger label.",UNCLEAR,"Rust reaches put_task_struct through an unsafe refcount path, but the oracle hit is a broader Kuid/task wrapper change. Direct source or same-symbol fix evidence is missing.",manual_review.csv
6695218daed6f259f861495f44f968f4d5c7761243751582cba3ffb781645e88,W-000001,latest-p017-v6.17-to-v6.18,"binding_diff,no_graph,rust_use",SignatureDrift,__clear_bit,TRUE_WRAPPER_FIX,"The generated binding change reaches a Rust safe API or unsafe wrapper, and the wrapper oracle names a later Rust helper/wrapper change in the same symbol family or exposure path. No build breakage is shown.",TRUE_WRAPPER_FIX,The packet cites Rust wrapper/helper code for this symbol and a later same-module Rust commit that plausibly changes the matching wrapper path. I do not infer build breakage or semantic drift beyond that wrapper-fix evidence.,TRUE_WRAPPER_FIX,"Wrapper-fix evidence is direct enough: safe Rust API Bitmap::clear_bit reaches `__clear_bit`, and the oracle names a same-path Rust helper/wrapper change (6cf93a9ed3... rust: add bindings for bitops.h files=[""MAINTAINERS"", ""rust/helpers/bitops.c"", ""rust/helpers/helpers.c""] | 11eca92a2c... rust: add bitmap API. files=[""MAINTAINERS""...). Build breakage is absent, so this is not a build label.",binddrift_review_pooled_pending
6803125ff872e3227a67019fc0446a5276e1b50887f3faeb4dc615d4a17e9104,W-000027,latest-p012-v6.12-to-v6.13,"binding_diff,c_signature,no_impact_gate,rust_use",SignatureDrift,request_firmware,FALSE_POSITIVE,"Old/new evidence is generated Rust binding spelling churn, effectively core::ffi to ffi, not a supported C signature or layout drift. The oracle does not tie a fix to that alias-only change.",FALSE_POSITIVE,"The old/new evidence is generated-binding-only and appears to be ffi namespace or type-rendering churn, not a concrete C API drift. Wrapper oracle text is not enough to rescue the warning without a matching diff.",FALSE_POSITIVE,"Old/new evidence for `request_firmware` is generated Rust type spelling churn, mainly `core::ffi` to `ffi`, not a supported C contract drift. Wrapper oracle text and absent build evidence do not rescue the warning.",binddrift_review_pooled_pending
683350c91fb7805343c55be6fbeb3259a85979cd888cdd62c8277b44173d5881,W-000084,latest-p017-v6.17-to-v6.18,random,SignatureDrift,atomic64_xchg_acquire,BENIGN_DRIFT,"Generated bindings show the symbol appearing, but Rust exposure is only a generated binding edge and build breakage is absent. The wrapper oracle is not enough by itself to show a same-contract fix.",FALSE_POSITIVE,The packet supports only an added generated binding with no old C evidence and no Rust exposure beyond the binding edge. The wrapper oracle is undiffed and not enough for a TRUE label.,FALSE_POSITIVE,"The packet supports only generated binding/layout evidence for `atomic64_xchg_acquire` with binding-only Rust exposure. There is no direct old/new C source diff, no build evidence, and the wrapper oracle is weak or broad.",binddrift_review_pooled_pending
696023709981cb7406e2993594ba84066d6adbdc69c1f9faf59add312f941934,W-000107,latest-p017-v6.17-to-v6.18,random,SignatureDrift,atomic_dec_return,BENIGN_DRIFT,"Generated bindings show the symbol appearing, but Rust exposure is only a generated binding edge and build breakage is absent. The wrapper oracle is not enough by itself to show a same-contract fix.",FALSE_POSITIVE,The packet supports only an added generated binding with no old C evidence and no Rust exposure beyond the binding edge. The wrapper oracle is undiffed and not enough for a TRUE label.,FALSE_POSITIVE,"The packet supports only generated binding/layout evidence for `atomic_dec_return` with binding-only Rust exposure. There is no direct old/new C source diff, no build evidence, and the wrapper oracle is weak or broad.",binddrift_review_pooled_pending
69ded9832070040f4cb3a6db0cd6514c1753326f81f64ba1b0873497da7cc623,W-000043,latest-p017-v6.17-to-v6.18,no_graph,SignatureDrift,atomic64_fetch_dec_release,BENIGN_DRIFT,"Generated bindings show the symbol appearing, but Rust exposure is only a generated binding edge and build breakage is absent. The wrapper oracle is not enough by itself to show a same-contract fix.",FALSE_POSITIVE,The packet supports only an added generated binding with no old C evidence and no Rust exposure beyond the binding edge. The wrapper oracle is undiffed and not enough for a TRUE label.,FALSE_POSITIVE,"The packet supports only generated binding/layout evidence for `atomic64_fetch_dec_release` with binding-only Rust exposure. There is no direct old/new C source diff, no build evidence, and the wrapper oracle is weak or broad.",binddrift_review_pooled_pending
6be7751ebee2ead0339cce12dc3e0d16ae76e9882d27d55fcdb22c51ac739072,W-000027,latest-p017-v6.17-to-v6.18,no_graph,SignatureDrift,atomic64_fetch_add,BENIGN_DRIFT,"Generated bindings show the symbol appearing, but Rust exposure is only a generated binding edge and build breakage is absent. The wrapper oracle is not enough by itself to show a same-contract fix.",FALSE_POSITIVE,The packet supports only an added generated binding with no old C evidence and no Rust exposure beyond the binding edge. The wrapper oracle is undiffed and not enough for a TRUE label.,FALSE_POSITIVE,"The packet supports only generated binding/layout evidence for `atomic64_fetch_add` with binding-only Rust exposure. There is no direct old/new C source diff, no build evidence, and the wrapper oracle is weak or broad.",binddrift_review_pooled_pending
6c7661b4fecdfa9bf10e106d3f2d054221b9e917a9b9aabdd93652383e8710be,W-000056,latest-p017-v6.17-to-v6.18,no_graph,SignatureDrift,atomic64_fetch_xor,BENIGN_DRIFT,"Generated bindings show the symbol appearing, but Rust exposure is only a generated binding edge and build breakage is absent. The wrapper oracle is not enough by itself to show a same-contract fix.",FALSE_POSITIVE,The packet supports only an added generated binding with no old C evidence and no Rust exposure beyond the binding edge. The wrapper oracle is undiffed and not enough for a TRUE label.,FALSE_POSITIVE,"The packet supports only generated binding/layout evidence for `atomic64_fetch_xor` with binding-only Rust exposure. There is no direct old/new C source diff, no build evidence, and the wrapper oracle is weak or broad.",binddrift_review_pooled_pending
6c81911bd7f34f5f8dbe99f4ebfc2abc21565486bb9115dc31ac4a9cc0cee234,W-000010,latest-p016-v6.16-to-v6.17,"binddrift_current,binding_diff,no_impact_gate,no_ranking,rust_use",FieldDrift,queue_limits,TRUE_WRAPPER_FIX,queue_limits gained write-zeroes fields and Rust GenDiskBuilder reaches queue limit related bindings. The oracle hit explicitly fixes Rust block code using a removed queue limit API in gen_disk.rs.,TRUE_WRAPPER_FIX,"Later Rust wrapper/helper/binding evidence is in the same exposed API area and plausibly addresses the warned symbol or contract. C source evidence may be binding-only and no build log is present, so this is a wrapper-fix label, not build breakage.",TRUE_WRAPPER_FIX,"No build oracle. Rust GenDisk code reaches queue-limit bindings, and the oracle explicitly fixes Rust block code to avoid a removed queue-limit API in gen_disk.rs.",manual_review.csv
6c82bcb0b46c8cba0adab817603c78f63f176481d46aa0a556a5a5abace8ef79,W-000029,latest-p017-v6.17-to-v6.18,"no_graph,random",SignatureDrift,atomic64_fetch_add_relaxed,BENIGN_DRIFT,"Generated bindings show the symbol appearing, but Rust exposure is only a generated binding edge and build breakage is absent. The wrapper oracle is not enough by itself to show a same-contract fix.",FALSE_POSITIVE,The packet supports only an added generated binding with no old C evidence and no Rust exposure beyond the binding edge. The wrapper oracle is undiffed and not enough for a TRUE label.,FALSE_POSITIVE,"The packet supports only generated binding/layout evidence for `atomic64_fetch_add_relaxed` with binding-only Rust exposure. There is no direct old/new C source diff, no build evidence, and the wrapper oracle is weak or broad.",binddrift_review_pooled_pending
6f343849efc7e34b3800ce1b64b2de12eed139f23a9af2df211b2362dac2fa63,W-000002,latest-p016-v6.16-to-v6.17,random,SignatureDrift,fsleep,TRUE_WRAPPER_FIX,"The generated binding change reaches a Rust safe API or unsafe wrapper, and the wrapper oracle names a later Rust helper/wrapper change in the same symbol family or exposure path. No build breakage is shown.",TRUE_WRAPPER_FIX,The packet cites Rust wrapper/helper code for this symbol and a later same-module Rust commit that plausibly changes the matching wrapper path. I do not infer build breakage or semantic drift beyond that wrapper-fix evidence.,TRUE_WRAPPER_FIX,"Wrapper-fix evidence is direct enough: safe Rust API fsleep reaches `fsleep`, and the oracle names a same-path Rust helper/wrapper change (d4b29ddf82... rust: time: Add wrapper for fsleep() function files=[""rust/helpers/time.c"", ""rust/kernel/time.rs"", ""rust/kernel/time/delay.rs""]). Build breakage is absent, so this is not a build label.",binddrift_review_pooled_pending
706e0cc54a15231ec665bcb8073f2634f1378b8de31f979cfd29bce0d895bae7,W-000024,latest-p012-v6.12-to-v6.13,"binddrift_current,binding_diff,c_signature,no_impact_gate,no_ranking,rust_use",SignatureDrift,phy_read_mmd,TRUE_WRAPPER_FIX,phy_read_mmd is reached by Rust net PHY code and oracle hits a unified C22/C45 read/write API in rust/kernel/net/phy.rs. That plausibly addresses the same PHY register wrapper contract.,TRUE_WRAPPER_FIX,"Later Rust wrapper/helper/binding evidence is in the same exposed API area and plausibly addresses the warned symbol or contract. C source evidence may be binding-only and no build log is present, so this is a wrapper-fix label, not build breakage.",TRUE_WRAPPER_FIX,"No build oracle. Rust net PHY code reaches phy_read_mmd, and the unified C22/C45 read/write API fix in rust/kernel/net/phy.rs matches the same MDIO/PHY wrapper contract.",manual_review.csv
728a2ae319df640996980ba3e131fd5b75d295b4f713dc527124b52d30f12de8,W-000069,latest-p017-v6.17-to-v6.18,random,SignatureDrift,atomic64_read,BENIGN_DRIFT,"Generated bindings show the symbol appearing, but Rust exposure is only a generated binding edge and build breakage is absent. The wrapper oracle is not enough by itself to show a same-contract fix.",FALSE_POSITIVE,The packet supports only an added generated binding with no old C evidence and no Rust exposure beyond the binding edge. The wrapper oracle is undiffed and not enough for a TRUE label.,FALSE_POSITIVE,"The packet supports only generated binding/layout evidence for `atomic64_read` with binding-only Rust exposure. There is no direct old/new C source diff, no build evidence, and the wrapper oracle is weak or broad.",binddrift_review_pooled_pending
72bfa00ed3356c687405398762d43b83f7a33877053f3f4e45d432d986312157,W-000082,latest-p017-v6.17-to-v6.18,random,SignatureDrift,atomic64_try_cmpxchg_release,BENIGN_DRIFT,"Generated bindings show the symbol appearing, but Rust exposure is only a generated binding edge and build breakage is absent. The wrapper oracle is not enough by itself to show a same-contract fix.",FALSE_POSITIVE,The packet supports only an added generated binding with no old C evidence and no Rust exposure beyond the binding edge. The wrapper oracle is undiffed and not enough for a TRUE label.,FALSE_POSITIVE,"The packet supports only generated binding/layout evidence for `atomic64_try_cmpxchg_release` with binding-only Rust exposure. There is no direct old/new C source diff, no build evidence, and the wrapper oracle is weak or broad.",binddrift_review_pooled_pending
72d45586384391741569440d9bb104ae62ca9b5c5288d38d162f17e513f5c3f7,W-000005,latest-p020-v7.0-to-HEAD_9207d47f966b,"binding_diff,random,rust_use",SignatureDrift,gpu_buddy_block_order,TRUE_WRAPPER_FIX,"The generated binding change reaches a Rust safe API or unsafe wrapper, and the wrapper oracle names a later Rust helper/wrapper change in the same symbol family or exposure path. No build breakage is shown.",UNCLEAR,"There is Rust-side use and a related commit family, but the C evidence is only generated absent-to-added data and the packet lacks the full wrapper diff needed to confirm the same contract.",UNCLEAR,"The packet has Rust use in order at worktrees/HEAD_9207d47f966b/rust/kernel/gpu/buddy.rs:572 for `gpu_buddy_block_order`, but C evidence is generated absent-to-added data and the full same-contract wrapper diff is missing. The oracle is related but not enough for TRUE_WRAPPER_FIX.",binddrift_review_pooled_pending
732a9c08e8d64e2cc8ff9115d6355825c9726347113f39ea8ed03f5837035ea6,W-000034,latest-p017-v6.17-to-v6.18,"no_graph,random",SignatureDrift,atomic64_fetch_and_relaxed,BENIGN_DRIFT,"Generated bindings show the symbol appearing, but Rust exposure is only a generated binding edge and build breakage is absent. The wrapper oracle is not enough by itself to show a same-contract fix.",FALSE_POSITIVE,The packet supports only an added generated binding with no old C evidence and no Rust exposure beyond the binding edge. The wrapper oracle is undiffed and not enough for a TRUE label.,FALSE_POSITIVE,"The packet supports only generated binding/layout evidence for `atomic64_fetch_and_relaxed` with binding-only Rust exposure. There is no direct old/new C source diff, no build evidence, and the wrapper oracle is weak or broad.",binddrift_review_pooled_pending
74823d232e4b36b5915186d378f9dac98c6f190a3a4c70fa2b263f07e1a833fb,W-000003,latest-p017-v6.17-to-v6.18,no_graph,SignatureDrift,atomic64_add,BENIGN_DRIFT,"Generated bindings show the symbol appearing, but Rust exposure is only a generated binding edge and build breakage is absent. The wrapper oracle is not enough by itself to show a same-contract fix.",FALSE_POSITIVE,The packet supports only an added generated binding with no old C evidence and no Rust exposure beyond the binding edge. The wrapper oracle is undiffed and not enough for a TRUE label.,FALSE_POSITIVE,"The packet supports only generated binding/layout evidence for `atomic64_add` with binding-only Rust exposure. There is no direct old/new C source diff, no build evidence, and the wrapper oracle is weak or broad.",binddrift_review_pooled_pending
762ae9d89108b8018f94f2c47247c4de6e59c6d10b5187fca6d2d1b9bc69c0b7,W-000003,latest-p010-v6.10-to-v6.11,"binddrift_current,binding_diff,no_ranking,random,rust_use",SignatureDrift,device_add_disk,UNCLEAR,"device_add_disk is binding-only absent-to-added evidence and Rust reaches it through GenDiskBuilder, but the only wrapper-fix hit is GenDisk documentation formatting. That is not enough to prove a wrapper fix or semantic stale contract.",UNCLEAR,"The packet has only binding-level or absent-to-added evidence plus Rust exposure. There is no direct C source diff, build log, generated binding diff with semantics, or same-contract wrapper fix, so a conservative review cannot choose a stronger label.",UNCLEAR,"Rust reaches device_add_disk through GenDisk code, but the only wrapper hit is documentation formatting. Direct C diff, build evidence, or same-contract fix is missing.",manual_review.csv
766106ed6eaed336d0656735e443dc9de1b0bf707559141278aabb3dd4ff9f64,W-000002,latest-p007-v6.7-to-v6.8,"binddrift_current,no_ranking",SignatureDrift,mdiobus_read,TRUE_WRAPPER_FIX,"mdiobus_read is added and reached by Device::read. The oracle hit is a Rust net::phy unified read/write API touching rust/kernel/net/phy.rs, matching the MDIO wrapper contract.",TRUE_WRAPPER_FIX,"Later Rust wrapper/helper/binding evidence is in the same exposed API area and plausibly addresses the warned symbol or contract. C source evidence may be binding-only and no build log is present, so this is a wrapper-fix label, not build breakage.",TRUE_WRAPPER_FIX,"No build oracle. Rust net PHY code reaches mdiobus_read, and the unified C22/C45 read/write API fix in rust/kernel/net/phy.rs matches the same MDIO/PHY wrapper contract.",manual_review.csv
78ebbb0a7c8cd37438d60c8d66cfb63ab4f786c960ee6d85fbd383a7caec4647,W-000033,latest-p017-v6.17-to-v6.18,no_graph,SignatureDrift,atomic64_fetch_and_acquire,BENIGN_DRIFT,"Generated bindings show the symbol appearing, but Rust exposure is only a generated binding edge and build breakage is absent. The wrapper oracle is not enough by itself to show a same-contract fix.",FALSE_POSITIVE,The packet supports only an added generated binding with no old C evidence and no Rust exposure beyond the binding edge. The wrapper oracle is undiffed and not enough for a TRUE label.,FALSE_POSITIVE,"The packet supports only generated binding/layout evidence for `atomic64_fetch_and_acquire` with binding-only Rust exposure. There is no direct old/new C source diff, no build evidence, and the wrapper oracle is weak or broad.",binddrift_review_pooled_pending
79188ee962e8be54ab23b75802d984d0bdcdb0e342e317409217ed6a8d61b5fc,W-000115,latest-p017-v6.17-to-v6.18,random,SignatureDrift,atomic_fetch_add_release,BENIGN_DRIFT,"Generated bindings show the symbol appearing, but Rust exposure is only a generated binding edge and build breakage is absent. The wrapper oracle is not enough by itself to show a same-contract fix.",FALSE_POSITIVE,The packet supports only an added generated binding with no old C evidence and no Rust exposure beyond the binding edge. The wrapper oracle is undiffed and not enough for a TRUE label.,FALSE_POSITIVE,"The packet supports only generated binding/layout evidence for `atomic_fetch_add_release` with binding-only Rust exposure. There is no direct old/new C source diff, no build evidence, and the wrapper oracle is weak or broad.",binddrift_review_pooled_pending
795b5fd95b9abd7c9fe83a1fdc0a3d900839218e10bd32720976666110a4fdd4,W-000014,latest-p017-v6.17-to-v6.18,no_graph,SignatureDrift,atomic64_andnot,BENIGN_DRIFT,"Generated bindings show the symbol appearing, but Rust exposure is only a generated binding edge and build breakage is absent. The wrapper oracle is not enough by itself to show a same-contract fix.",FALSE_POSITIVE,The packet supports only an added generated binding with no old C evidence and no Rust exposure beyond the binding edge. The wrapper oracle is undiffed and not enough for a TRUE label.,FALSE_POSITIVE,"The packet supports only generated binding/layout evidence for `atomic64_andnot` with binding-only Rust exposure. There is no direct old/new C source diff, no build evidence, and the wrapper oracle is weak or broad.",binddrift_review_pooled_pending
7b622777128724e9183fa37106812fce0809806260543c99914aa2e909ec1749,W-000004,latest-p015-v6.15-to-v6.16,"binddrift_current,binding_diff,no_impact_gate,no_ranking,rust_use",FieldDrift,pci_dev,TRUE_WRAPPER_FIX,"pci_dev layout removed match_driver and Rust pci::Device has transparent/opaque wrapper invariants. The oracle hit fixes unrestricted &mut pci::Device in pci.rs, plausibly addressing the same wrapper contract.",BENIGN_DRIFT,"Binding/layout drift is shown, but the packet does not show Rust depending on the changed field/layout member or contract. Rust exposure appears pointer/wrapper-level or otherwise robust; wrapper hits are absent or not the same drift.",BENIGN_DRIFT,"Binding/layout drift is shown for pci_dev, but Rust exposure is pointer/opaque/wrapper-level through remove_callback, as_raw, try_from; the packet shows no access to the changed field or direct same-contract fix.",manual_review.csv
8081fc10fb6ea3fe9c8c847dc3a87813225f0441b15bed9aba8531251a81485d,W-000008,latest-p018-v6.18-to-v6.19,"binddrift_current,binddrift_oracle_blind,no_graph,no_impact_gate,no_ranking,random",MacroConstDrift,VM_EXEC,UNCLEAR,"The VM_* macro source expression changed and Rust has an unsafe-wrapper exposure, but the packet lacks old/new generated binding evidence and any oracle. The evidence does not show whether INIT_VM_FLAG changes the Rust-visible value or contract.",BENIGN_DRIFT,"C macro spelling changed and Rust references the generated VM flag area, but the packet lacks generated binding value evidence or a Rust stale numeric assumption. The exposure appears robust to regenerated constants; no build or wrapper oracle.",BENIGN_DRIFT,"C macro spelling for VM_EXEC changed, but Rust virt flags mirror bindings::VM_EXEC rather than hardcoding numeric values. No build or wrapper oracle and no stale Rust assumption is shown.",manual_review.csv
8104d081b5e93d2129f9b965001492ab0bdbf3648689d5583b4e6d0db58eae7d,W-000019,latest-p017-v6.17-to-v6.18,no_graph,SignatureDrift,atomic64_dec,BENIGN_DRIFT,"Generated bindings show the symbol appearing, but Rust exposure is only a generated binding edge and build breakage is absent. The wrapper oracle is not enough by itself to show a same-contract fix.",FALSE_POSITIVE,The packet supports only an added generated binding with no old C evidence and no Rust exposure beyond the binding edge. The wrapper oracle is undiffed and not enough for a TRUE label.,FALSE_POSITIVE,"The packet supports only generated binding/layout evidence for `atomic64_dec` with binding-only Rust exposure. There is no direct old/new C source diff, no build evidence, and the wrapper oracle is weak or broad.",binddrift_review_pooled_pending
82bcba59d19abd8e23cd3b6ec0229240ff745d020333407effbf8f6b5029d75c,W-000061,latest-p017-v6.17-to-v6.18,no_graph,SignatureDrift,atomic64_inc_and_test,BENIGN_DRIFT,"Generated bindings show the symbol appearing, but Rust exposure is only a generated binding edge and build breakage is absent. The wrapper oracle is not enough by itself to show a same-contract fix.",FALSE_POSITIVE,The packet supports only an added generated binding with no old C evidence and no Rust exposure beyond the binding edge. The wrapper oracle is undiffed and not enough for a TRUE label.,FALSE_POSITIVE,"The packet supports only generated binding/layout evidence for `atomic64_inc_and_test` with binding-only Rust exposure. There is no direct old/new C source diff, no build evidence, and the wrapper oracle is weak or broad.",binddrift_review_pooled_pending
837395783f66817a906b595cca5cb289bfb1a0624e585a8c976a0a018e49ed32,W-000096,latest-p017-v6.17-to-v6.18,random,SignatureDrift,atomic_add_return_release,BENIGN_DRIFT,"Generated bindings show the symbol appearing, but Rust exposure is only a generated binding edge and build breakage is absent. The wrapper oracle is not enough by itself to show a same-contract fix.",FALSE_POSITIVE,The packet supports only an added generated binding with no old C evidence and no Rust exposure beyond the binding edge. The wrapper oracle is undiffed and not enough for a TRUE label.,FALSE_POSITIVE,"The packet supports only generated binding/layout evidence for `atomic_add_return_release` with binding-only Rust exposure. There is no direct old/new C source diff, no build evidence, and the wrapper oracle is weak or broad.",binddrift_review_pooled_pending
83d2a00a70509a59f69b3d3eee1ceadc52dfdf0b8d2121d70bd3e8467c587a5d,W-000005,latest-p015-v6.15-to-v6.16,"binddrift_current,binding_diff,no_impact_gate,no_ranking,rust_use",FieldDrift,queue_limits,TRUE_WRAPPER_FIX,queue_limits gained write-stream fields and Rust GenDiskBuilder reaches queue limit related bindings. The oracle hit explicitly fixes Rust block code using a removed queue limit API in gen_disk.rs.,TRUE_WRAPPER_FIX,"Later Rust wrapper/helper/binding evidence is in the same exposed API area and plausibly addresses the warned symbol or contract. C source evidence may be binding-only and no build log is present, so this is a wrapper-fix label, not build breakage.",TRUE_WRAPPER_FIX,"No build oracle. Rust GenDisk code reaches queue-limit bindings, and the oracle explicitly fixes Rust block code to avoid a removed queue-limit API in gen_disk.rs.",manual_review.csv
88d7c9fa477cf260b0017e4eb2c00100869a366d14364632a238723df55ee3fb,W-000008,latest-p012-v6.12-to-v6.13,"binding_diff,c_signature,no_graph,no_impact_gate",SignatureDrift,_find_next_zero_bit,FALSE_POSITIVE,"Old/new evidence is generated Rust binding spelling churn, effectively core::ffi to ffi, not a supported C signature or layout drift. The oracle does not tie a fix to that alias-only change.",FALSE_POSITIVE,"The old/new evidence is generated-binding-only and appears to be ffi namespace or type-rendering churn, not a concrete C API drift. Wrapper oracle text is not enough to rescue the warning without a matching diff.",FALSE_POSITIVE,"Old/new evidence for `_find_next_zero_bit` is generated Rust type spelling churn, mainly `core::ffi` to `ffi`, not a supported C contract drift. Wrapper oracle text and absent build evidence do not rescue the warning.",binddrift_review_pooled_pending
8c2f25a2f43cae63159baca641b091a3d1d0ef9a7c196e16ee21ec6db94a9e42,W-000014,latest-p012-v6.12-to-v6.13,"binddrift_current,binding_diff,no_ranking,rust_use",SignatureDrift,current_euid,TRUE_WRAPPER_FIX,"current_euid is added and reached by Kuid::current_euid. The oracle hit adds the Kuid wrapper with task/cred helper files, matching the same credential wrapper surface.",TRUE_WRAPPER_FIX,"Later Rust wrapper/helper/binding evidence is in the same exposed API area and plausibly addresses the warned symbol or contract. C source evidence may be binding-only and no build log is present, so this is a wrapper-fix label, not build breakage.",TRUE_WRAPPER_FIX,"No build oracle. Rust task/Kuid APIs reach current_euid, and the Kuid/task credential wrapper fix touches task/cred helpers for the same identity/namespace contract.",manual_review.csv
8cb338b4e53ee4c1819885eef759ed2bbd759c1d0e7ff27b73628604a0eea56b,W-000002,latest-p014-v6.14-to-v6.15,"binddrift_current,binddrift_oracle_blind,no_impact_gate,no_ranking,random",MacroConstDrift,init_wait,UNCLEAR,"The init_wait old evidence is only a line-continuation backslash, while new evidence is a macro call. Rust CondVar::new reaches init_wait, but the packet lacks a complete old macro body, binding diff, or oracle.",FALSE_POSITIVE,"The old macro evidence is only a line-continuation backslash, which is not a meaningful old contract. With no generated binding diff or wrapper/build oracle, this looks like parser-created macro noise.",FALSE_POSITIVE,"The old macro evidence is only a line-continuation backslash, not a meaningful old contract. With no binding/build/wrapper oracle, this is parser-created macro noise.",manual_review.csv
8cb41542dc8aeb7669fc587becf200bdc3ba883d09a3ece47a575f059dcfe7d6,W-000022,latest-p018-v6.18-to-v6.19,"binddrift_current,binddrift_oracle_blind,no_graph,no_impact_gate,no_ranking",MacroConstDrift,VM_READ,UNCLEAR,"The VM_* macro source expression changed and Rust has an unsafe-wrapper exposure, but the packet lacks old/new generated binding evidence and any oracle. The evidence does not show whether INIT_VM_FLAG changes the Rust-visible value or contract.",BENIGN_DRIFT,"C macro spelling changed and Rust references the generated VM flag area, but the packet lacks generated binding value evidence or a Rust stale numeric assumption. The exposure appears robust to regenerated constants; no build or wrapper oracle.",BENIGN_DRIFT,"C macro spelling for VM_READ changed, but Rust virt flags mirror bindings::VM_READ rather than hardcoding numeric values. No build or wrapper oracle and no stale Rust assumption is shown.",manual_review.csv
902a8dc15556e6d38e997b8c66acf49788a304d45cd7d68d93df5eea88e72b17,W-000006,latest-p010-v6.10-to-v6.11,,SignatureDrift,firmware_request_platform,BENIGN_DRIFT,"Generated bindings show the symbol appearing, but Rust exposure is only a generated binding edge and build breakage is absent. The wrapper oracle is not enough by itself to show a same-contract fix.",FALSE_POSITIVE,The packet supports only an added generated binding with no old C evidence and no Rust exposure beyond the binding edge. The wrapper oracle is undiffed and not enough for a TRUE label.,FALSE_POSITIVE,"The packet supports only generated binding/layout evidence for `firmware_request_platform` with binding-only Rust exposure. There is no direct old/new C source diff, no build evidence, and the wrapper oracle is weak or broad.",binddrift_review_pooled_pending
90adc65a5fb284c3b6197d13520665646d37891b94691afe8d17ebf2f376f62e,W-000065,latest-p017-v6.17-to-v6.18,random,SignatureDrift,atomic64_inc_return_relaxed,BENIGN_DRIFT,"Generated bindings show the symbol appearing, but Rust exposure is only a generated binding edge and build breakage is absent. The wrapper oracle is not enough by itself to show a same-contract fix.",FALSE_POSITIVE,The packet supports only an added generated binding with no old C evidence and no Rust exposure beyond the binding edge. The wrapper oracle is undiffed and not enough for a TRUE label.,FALSE_POSITIVE,"The packet supports only generated binding/layout evidence for `atomic64_inc_return_relaxed` with binding-only Rust exposure. There is no direct old/new C source diff, no build evidence, and the wrapper oracle is weak or broad.",binddrift_review_pooled_pending
919c41ad0dd8eb3301fe7b09460fcbcd91bfcdf8f1ef0078dde6fa6a123b82ca,W-000002,latest-p006-v6.6-to-v6.7,"binding_diff,no_impact_gate,random",FieldDrift,kunit_case,BENIGN_DRIFT,"Generated binding/layout evidence shows drift, but Rust exposure is only generated bindings and build breakage is absent. Without direct Rust use or a specific fix diff, the observed impact looks harmless.",FALSE_POSITIVE,"The old/new evidence is generated-binding-only and appears to be ffi namespace or type-rendering churn, not a concrete C API drift. Wrapper oracle text is not enough to rescue the warning without a matching diff.",FALSE_POSITIVE,"Old/new evidence for `kunit_case` is generated Rust type spelling churn, mainly `core::ffi` to `ffi`, not a supported C contract drift. Wrapper oracle text and absent build evidence do not rescue the warning.",binddrift_review_pooled_pending
92d796a7c8c10d15a506a317280a47dc6513f1446582aa3b3cd2b11f30fe12cc,W-000011,latest-p017-v6.17-to-v6.18,"no_graph,random",SignatureDrift,atomic64_add_return_release,BENIGN_DRIFT,"Generated bindings show the symbol appearing, but Rust exposure is only a generated binding edge and build breakage is absent. The wrapper oracle is not enough by itself to show a same-contract fix.",FALSE_POSITIVE,The packet supports only an added generated binding with no old C evidence and no Rust exposure beyond the binding edge. The wrapper oracle is undiffed and not enough for a TRUE label.,FALSE_POSITIVE,"The packet supports only generated binding/layout evidence for `atomic64_add_return_release` with binding-only Rust exposure. There is no direct old/new C source diff, no build evidence, and the wrapper oracle is weak or broad.",binddrift_review_pooled_pending
93a2818c9a14e5bb424b772005f1822e1fce7b836e963c933792654ce6df6e13,W-000001,latest-p015-v6.15-to-v6.16,"binddrift_current,binding_diff,rust_use",SignatureDrift,dev_is_pci,UNCLEAR,"The packet shows an unsafe Rust exposure, but the C-side evidence is generated binding only and the wrapper oracle summary does not clearly address this exact symbol or contract. This is insufficient for TRUE_*.",UNCLEAR,"There is Rust-side use and a related commit family, but the C evidence is only generated absent-to-added data and the packet lacks the full wrapper diff needed to confirm the same contract.",UNCLEAR,"The packet has Rust use in try_from at worktrees/v6.16/rust/kernel/pci.rs:467 for `dev_is_pci`, but C evidence is generated absent-to-added data and the full same-contract wrapper diff is missing. The oracle is related but not enough for TRUE_WRAPPER_FIX.",binddrift_review_pooled_pending
95a18bc9631e7177b659a42979f30a4b836e0229b0ed1755e809643f3fb205d5,W-000008,latest-p017-v6.17-to-v6.18,no_graph,SignatureDrift,atomic64_add_return,BENIGN_DRIFT,"Generated bindings show the symbol appearing, but Rust exposure is only a generated binding edge and build breakage is absent. The wrapper oracle is not enough by itself to show a same-contract fix.",FALSE_POSITIVE,The packet supports only an added generated binding with no old C evidence and no Rust exposure beyond the binding edge. The wrapper oracle is undiffed and not enough for a TRUE label.,FALSE_POSITIVE,"The packet supports only generated binding/layout evidence for `atomic64_add_return` with binding-only Rust exposure. There is no direct old/new C source diff, no build evidence, and the wrapper oracle is weak or broad.",binddrift_review_pooled_pending
963e9c3f245df7dbddfb6510d5bdce385baa52647a535cc89dea31e01644d642,W-000010,latest-p018-v6.18-to-v6.19,"binddrift_current,binddrift_oracle_blind,no_graph,no_impact_gate,no_ranking,random,rust_use",MacroConstDrift,VM_HUGETLB,UNCLEAR,"The VM_* macro source expression changed and Rust has an unsafe-wrapper exposure, but the packet lacks old/new generated binding evidence and any oracle. The evidence does not show whether INIT_VM_FLAG changes the Rust-visible value or contract.",BENIGN_DRIFT,"C macro spelling changed and Rust references the generated VM flag area, but the packet lacks generated binding value evidence or a Rust stale numeric assumption. The exposure appears robust to regenerated constants; no build or wrapper oracle.",BENIGN_DRIFT,"C macro spelling for VM_HUGETLB changed, but Rust virt flags mirror bindings::VM_HUGETLB rather than hardcoding numeric values. No build or wrapper oracle and no stale Rust assumption is shown.",manual_review.csv
97f542affa2f32b1507e582757b9e7a0191b13f9ba66bdbc5f70802080228876,W-000015,latest-p018-v6.18-to-v6.19,"binddrift_current,binddrift_oracle_blind,no_graph,no_impact_gate,no_ranking,random,rust_use",MacroConstDrift,VM_MAYSHARE,UNCLEAR,"The VM_* macro source expression changed and Rust has an unsafe-wrapper exposure, but the packet lacks old/new generated binding evidence and any oracle. The evidence does not show whether INIT_VM_FLAG changes the Rust-visible value or contract.",BENIGN_DRIFT,"C macro spelling changed and Rust references the generated VM flag area, but the packet lacks generated binding value evidence or a Rust stale numeric assumption. The exposure appears robust to regenerated constants; no build or wrapper oracle.",BENIGN_DRIFT,"C macro spelling for VM_MAYSHARE changed, but Rust virt flags mirror bindings::VM_MAYSHARE rather than hardcoding numeric values. No build or wrapper oracle and no stale Rust assumption is shown.",manual_review.csv
984a872f8c81593987d5aa9ba76840517a9e011525a91b179d950d73533bcb90,W-000050,latest-p017-v6.17-to-v6.18,no_graph,SignatureDrift,atomic64_fetch_or_relaxed,BENIGN_DRIFT,"Generated bindings show the symbol appearing, but Rust exposure is only a generated binding edge and build breakage is absent. The wrapper oracle is not enough by itself to show a same-contract fix.",FALSE_POSITIVE,The packet supports only an added generated binding with no old C evidence and no Rust exposure beyond the binding edge. The wrapper oracle is undiffed and not enough for a TRUE label.,FALSE_POSITIVE,"The packet supports only generated binding/layout evidence for `atomic64_fetch_or_relaxed` with binding-only Rust exposure. There is no direct old/new C source diff, no build evidence, and the wrapper oracle is weak or broad.",binddrift_review_pooled_pending
9924168028e279dbf96ef92d8d40cf72ed928d8ca19d423e3aa3bea4a2de4c6d,W-000024,latest-p018-v6.18-to-v6.19,"binddrift_current,binddrift_oracle_blind,no_graph,no_impact_gate,no_ranking,random,rust_use",MacroConstDrift,VM_SOFTDIRTY,UNCLEAR,"The VM_* macro source expression changed and Rust has an unsafe-wrapper exposure, but the packet lacks old/new generated binding evidence and any oracle. The evidence does not show whether INIT_VM_FLAG changes the Rust-visible value or contract.",BENIGN_DRIFT,"C macro spelling changed and Rust references the generated VM flag area, but the packet lacks generated binding value evidence or a Rust stale numeric assumption. The exposure appears robust to regenerated constants; no build or wrapper oracle.",BENIGN_DRIFT,"C macro spelling for VM_SOFTDIRTY changed, but Rust virt flags mirror bindings::VM_SOFTDIRTY rather than hardcoding numeric values. No build or wrapper oracle and no stale Rust assumption is shown.",manual_review.csv
999c0a339e4ea1bb34b856ca89ae132278777e95a8a04203007ed49e46f33f02,W-000011,latest-p013-v6.13-to-v6.14,"binddrift_current,binding_diff,no_ranking,random,rust_use",SignatureDrift,pci_set_master,TRUE_WRAPPER_FIX,"pci_set_master is added and reached by pci::Device::set_master. The oracle hit fixes unrestricted &mut pci::Device in rust/kernel/pci.rs, plausibly addressing the same PCI Device wrapper contract.",UNCLEAR,"The packet has only binding-level or absent-to-added evidence plus Rust exposure. There is no direct C source diff, build log, generated binding diff with semantics, or same-contract wrapper fix, so a conservative review cannot choose a stronger label.",UNCLEAR,"Rust reaches pci_set_master, but evidence is binding-level absent-to-added only. The pci::Device mutability fix is broad and not direct to this function contract.",manual_review.csv
9a189415fef6cfd84e197ec8d5ad6407bbd2bb3d26c0a7ac4f737da933d30076,W-000127,latest-p017-v6.17-to-v6.18,random,SignatureDrift,atomic_fetch_dec_relaxed,BENIGN_DRIFT,"Generated bindings show the symbol appearing, but Rust exposure is only a generated binding edge and build breakage is absent. The wrapper oracle is not enough by itself to show a same-contract fix.",FALSE_POSITIVE,The packet supports only an added generated binding with no old C evidence and no Rust exposure beyond the binding edge. The wrapper oracle is undiffed and not enough for a TRUE label.,FALSE_POSITIVE,"The packet supports only generated binding/layout evidence for `atomic_fetch_dec_relaxed` with binding-only Rust exposure. There is no direct old/new C source diff, no build evidence, and the wrapper oracle is weak or broad.",binddrift_review_pooled_pending
9b0fab9032f10591b94c1553e93299be447812eb458702d58e7081b01787ba14,W-000002,latest-p011-v6.11-to-v6.12,"binddrift_current,binding_diff,no_impact_gate,no_ranking,rust_use",FieldDrift,device,BENIGN_DRIFT,"Generated layout evidence shows device.dma_ops was removed, but Rust evidence is an opaque Device pointer/reference abstraction with get_device/as_raw, not field access. Wrapper-fix hits are broad Device-adjacent summaries, not a demonstrated fix for dma_ops.",BENIGN_DRIFT,"Binding/layout drift is shown, but the packet does not show Rust depending on the changed field/layout member or contract. Rust exposure appears pointer/wrapper-level or otherwise robust; wrapper hits are absent or not the same drift.",BENIGN_DRIFT,"Binding/layout drift is shown for device, but Rust exposure is pointer/opaque/wrapper-level through Device::get_device, Device::as_raw; the packet shows no access to the changed field or direct same-contract fix.",manual_review.csv
9b85a80903051f937feb20f75aa41dcf43776b5937e2b13e4ee4b3a249821675,W-000003,latest-p013-v6.13-to-v6.14,"binddrift_current,binding_diff,no_ranking,random,rust_use",SignatureDrift,faux_device_create,TRUE_WRAPPER_FIX,"faux_device_create is added and reached by Registration::new. The oracle hit adds faux device bindings and rust/kernel/faux.rs, matching the same wrapper surface.",TRUE_WRAPPER_FIX,"Later Rust wrapper/helper/binding evidence is in the same exposed API area and plausibly addresses the warned symbol or contract. C source evidence may be binding-only and no build log is present, so this is a wrapper-fix label, not build breakage.",TRUE_WRAPPER_FIX,"No build oracle. The Rust faux-device wrapper reaches faux_device_create, and the oracle adds faux device bindings in rust/kernel/faux.rs, directly matching that wrapper surface.",manual_review.csv
9cf646a78b61463324dbd8e852d47439e6ae62924dc654f56f59340b97cba282,W-000021,latest-p017-v6.17-to-v6.18,"no_graph,random",SignatureDrift,atomic64_dec_if_positive,BENIGN_DRIFT,"Generated bindings show the symbol appearing, but Rust exposure is only a generated binding edge and build breakage is absent. The wrapper oracle is not enough by itself to show a same-contract fix.",FALSE_POSITIVE,The packet supports only an added generated binding with no old C evidence and no Rust exposure beyond the binding edge. The wrapper oracle is undiffed and not enough for a TRUE label.,FALSE_POSITIVE,"The packet supports only generated binding/layout evidence for `atomic64_dec_if_positive` with binding-only Rust exposure. There is no direct old/new C source diff, no build evidence, and the wrapper oracle is weak or broad.",binddrift_review_pooled_pending
9e42dfe76ab4bc62ba774cced22a276722d202c6605487432eaa3c791c0266b5,W-000009,latest-p017-v6.17-to-v6.18,"no_graph,random",SignatureDrift,atomic64_add_return_acquire,BENIGN_DRIFT,"Generated bindings show the symbol appearing, but Rust exposure is only a generated binding edge and build breakage is absent. The wrapper oracle is not enough by itself to show a same-contract fix.",FALSE_POSITIVE,The packet supports only an added generated binding with no old C evidence and no Rust exposure beyond the binding edge. The wrapper oracle is undiffed and not enough for a TRUE label.,FALSE_POSITIVE,"The packet supports only generated binding/layout evidence for `atomic64_add_return_acquire` with binding-only Rust exposure. There is no direct old/new C source diff, no build evidence, and the wrapper oracle is weak or broad.",binddrift_review_pooled_pending
9f4f97fae7c3c55d8a0d1befe0e7d23df4fdeeb5a5d0977fd9d4c9bed66addcd,W-000007,latest-p010-v6.10-to-v6.11,"binding_diff,rust_use",SignatureDrift,request_firmware,TRUE_WRAPPER_FIX,"The generated binding change reaches a Rust safe API or unsafe wrapper, and the wrapper oracle names a later Rust helper/wrapper change in the same symbol family or exposure path. No build breakage is shown.",TRUE_WRAPPER_FIX,The packet cites Rust wrapper/helper code for this symbol and a later same-module Rust commit that plausibly changes the matching wrapper path. I do not infer build breakage or semantic drift beyond that wrapper-fix evidence.,TRUE_WRAPPER_FIX,"Wrapper-fix evidence is direct enough: Rust use in request at worktrees/v6.11/rust/kernel/firmware.rs:20 reaches `request_firmware`, and the oracle names a same-path Rust helper/wrapper change (a23b018c3b... firmware_loader: fix soundness issue in `request_internal` files=[""rust/kernel/firmware.rs""]). Build breakage is absent, so this is not a build label.",binddrift_review_pooled_pending
a0fe0e1a6ffe2ebdbd03cb0152ffdbd5d1b9588ee76f6cb5250dfa35986f2dd7,W-000033,latest-p012-v6.12-to-v6.13,"binddrift_current,binding_diff,no_impact_gate,no_ranking,rust_use",FieldDrift,device,BENIGN_DRIFT,The device field changes are core::ffi to ffi type spelling only. Rust uses an opaque Device abstraction and pointer/reference helpers; no stale field or layout contract is shown.,FALSE_POSITIVE,"The packet shows generated binding churn or a namespace/type-alias-only change rather than supported C contract drift. Wrapper evidence is absent or not tied to the claimed drift, so the warning is not supported.",FALSE_POSITIVE,"The old/new evidence for device is only type-path or namespace churn such as core::ffi to ffi, with no supported C contract drift or direct same-drift wrapper fix.",manual_review.csv
a3d89044e191c0409751d7986088db2623ef9ff2bb3853007fe5cd574b88a786,W-000001,latest-p002-v6.2-to-v6.3,"binddrift_current,binding_diff,no_graph,no_ranking,rust_use",SignatureDrift,REFCOUNT_INIT,TRUE_WRAPPER_FIX,"REFCOUNT_INIT appears as an added binding reached by Arc::try_new, and oracle hits include implementing kernel::sync::Refcount, converting Arc to Refcount, and adding a refcount helper. That plausibly addresses the same refcount wrapper contract.",TRUE_WRAPPER_FIX,"Later Rust wrapper/helper/binding evidence is in the same exposed API area and plausibly addresses the warned symbol or contract. C source evidence may be binding-only and no build log is present, so this is a wrapper-fix label, not build breakage.",TRUE_WRAPPER_FIX,"No build oracle. Rust reaches REFCOUNT_INIT through Arc<T>::try_new, and refcount helper/Refcount or Arc conversion fixes directly cover the same refcount wrapper contract.",manual_review.csv
a6713d3d134905ab540d2b174c43339020dfe1bfa8be1b66a070f2017532f88b,W-000016,latest-p018-v6.18-to-v6.19,"binddrift_current,binddrift_oracle_blind,no_graph,no_impact_gate,no_ranking,rust_use",MacroConstDrift,VM_MAYWRITE,UNCLEAR,"The VM_* macro source expression changed and Rust has an unsafe-wrapper exposure, but the packet lacks old/new generated binding evidence and any oracle. The evidence does not show whether INIT_VM_FLAG changes the Rust-visible value or contract.",BENIGN_DRIFT,"C macro spelling changed and Rust references the generated VM flag area, but the packet lacks generated binding value evidence or a Rust stale numeric assumption. The exposure appears robust to regenerated constants; no build or wrapper oracle.",BENIGN_DRIFT,"C macro spelling for VM_MAYWRITE changed, but Rust virt flags mirror bindings::VM_MAYWRITE rather than hardcoding numeric values. No build or wrapper oracle and no stale Rust assumption is shown.",manual_review.csv
a7b50f9e01fa519b3ca5429567469093b01a1a6e6aac05980f9c6eb72628692a,W-000019,latest-p012-v6.12-to-v6.13,"binddrift_current,binding_diff,c_signature,no_impact_gate,no_ranking,rust_use",SignatureDrift,firmware_request_nowarn,TRUE_WRAPPER_FIX,"firmware_request_nowarn is reached from the Firmware request wrapper. The oracle hit fixes a soundness issue in request_internal in rust/kernel/firmware.rs, plausibly addressing the same firmware request contract.",FALSE_POSITIVE,"The packet shows generated binding churn or a namespace/type-alias-only change rather than supported C contract drift. Wrapper evidence is absent or not tied to the claimed drift, so the warning is not supported.",TRUE_WRAPPER_FIX,"No build oracle. request_nowarn reaches the firmware request path, and the oracle fixes request_internal soundness in rust/kernel/firmware.rs, the same Rust exposure path.",manual_review.csv
a86174671991035fdb0fa8c7c8ed70a477aceabe75ed091cc9c6b1a6696c5270,W-000009,latest-p012-v6.12-to-v6.13,"binding_diff,c_signature,no_impact_gate",SignatureDrift,bitmap_free,FALSE_POSITIVE,"Old/new evidence is generated Rust binding spelling churn, effectively core::ffi to ffi, not a supported C signature or layout drift. The oracle does not tie a fix to that alias-only change.",FALSE_POSITIVE,"The old/new evidence is generated-binding-only and appears to be ffi namespace or type-rendering churn, not a concrete C API drift. Wrapper oracle text is not enough to rescue the warning without a matching diff.",FALSE_POSITIVE,"Old/new evidence for `bitmap_free` is generated Rust type spelling churn, mainly `core::ffi` to `ffi`, not a supported C contract drift. Wrapper oracle text and absent build evidence do not rescue the warning.",binddrift_review_pooled_pending
aa35fce53781768e8ef93d54832e97532ce360549e8fe86b4528a86bb4de5012,W-000111,latest-p017-v6.17-to-v6.18,random,SignatureDrift,atomic_dec_unless_positive,BENIGN_DRIFT,"Generated bindings show the symbol appearing, but Rust exposure is only a generated binding edge and build breakage is absent. The wrapper oracle is not enough by itself to show a same-contract fix.",FALSE_POSITIVE,The packet supports only an added generated binding with no old C evidence and no Rust exposure beyond the binding edge. The wrapper oracle is undiffed and not enough for a TRUE label.,FALSE_POSITIVE,"The packet supports only generated binding/layout evidence for `atomic_dec_unless_positive` with binding-only Rust exposure. There is no direct old/new C source diff, no build evidence, and the wrapper oracle is weak or broad.",binddrift_review_pooled_pending
aa448c37dbb9cff693d49d79483bf4044365ae1fa3f92ca03135bd1a790a1f27,W-000010,latest-p012-v6.12-to-v6.13,"binding_diff,c_signature,no_impact_gate",SignatureDrift,bitmap_zalloc,FALSE_POSITIVE,"Old/new evidence is generated Rust binding spelling churn, effectively core::ffi to ffi, not a supported C signature or layout drift. The oracle does not tie a fix to that alias-only change.",FALSE_POSITIVE,"The old/new evidence is generated-binding-only and appears to be ffi namespace or type-rendering churn, not a concrete C API drift. Wrapper oracle text is not enough to rescue the warning without a matching diff.",FALSE_POSITIVE,"Old/new evidence for `bitmap_zalloc` is generated Rust type spelling churn, mainly `core::ffi` to `ffi`, not a supported C contract drift. Wrapper oracle text and absent build evidence do not rescue the warning.",binddrift_review_pooled_pending
aafa9fbe1168d4071fbb6468d2c21c4b7d345cdda43eeb2a2cca99796f875bec,W-000004,latest-p020-v7.0-to-HEAD_9207d47f966b,"binding_diff,rust_use",SignatureDrift,gpu_buddy_block_offset,TRUE_WRAPPER_FIX,"The generated binding change reaches a Rust safe API or unsafe wrapper, and the wrapper oracle names a later Rust helper/wrapper change in the same symbol family or exposure path. No build breakage is shown.",UNCLEAR,"There is Rust-side use and a related commit family, but the C evidence is only generated absent-to-added data and the packet lacks the full wrapper diff needed to confirm the same contract.",UNCLEAR,"The packet has Rust use in offset at worktrees/HEAD_9207d47f966b/rust/kernel/gpu/buddy.rs:566 for `gpu_buddy_block_offset`, but C evidence is generated absent-to-added data and the full same-contract wrapper diff is missing. The oracle is related but not enough for TRUE_WRAPPER_FIX.",binddrift_review_pooled_pending
abbbce556560f9aed8da240863d93a929e939c74ae8b84fe0156a18903c8dab1,W-000015,latest-p017-v6.17-to-v6.18,no_graph,SignatureDrift,atomic64_cmpxchg,BENIGN_DRIFT,"Generated bindings show the symbol appearing, but Rust exposure is only a generated binding edge and build breakage is absent. The wrapper oracle is not enough by itself to show a same-contract fix.",FALSE_POSITIVE,The packet supports only an added generated binding with no old C evidence and no Rust exposure beyond the binding edge. The wrapper oracle is undiffed and not enough for a TRUE label.,FALSE_POSITIVE,"The packet supports only generated binding/layout evidence for `atomic64_cmpxchg` with binding-only Rust exposure. There is no direct old/new C source diff, no build evidence, and the wrapper oracle is weak or broad.",binddrift_review_pooled_pending
abc37eecc21f742d1f58aeea5d77d03f00c9b7e6cb52a18ef2e3f9772bb422fd,W-000026,latest-p018-v6.18-to-v6.19,"binddrift_current,binddrift_oracle_blind,no_graph,no_impact_gate,no_ranking,rust_use",MacroConstDrift,VM_WIPEONFORK,UNCLEAR,"The VM_* macro source expression changed and Rust has an unsafe-wrapper exposure, but the packet lacks old/new generated binding evidence and any oracle. The evidence does not show whether INIT_VM_FLAG changes the Rust-visible value or contract.",BENIGN_DRIFT,"C macro spelling changed and Rust references the generated VM flag area, but the packet lacks generated binding value evidence or a Rust stale numeric assumption. The exposure appears robust to regenerated constants; no build or wrapper oracle.",BENIGN_DRIFT,"C macro spelling for VM_WIPEONFORK changed, but Rust virt flags mirror bindings::VM_WIPEONFORK rather than hardcoding numeric values. No build or wrapper oracle and no stale Rust assumption is shown.",manual_review.csv
ac5d371b11d67214c67783e97168e759f038adacfaaae72ad6a7fbbbf4dedac7,W-000058,latest-p017-v6.17-to-v6.18,no_graph,SignatureDrift,atomic64_fetch_xor_relaxed,BENIGN_DRIFT,"Generated bindings show the symbol appearing, but Rust exposure is only a generated binding edge and build breakage is absent. The wrapper oracle is not enough by itself to show a same-contract fix.",FALSE_POSITIVE,The packet supports only an added generated binding with no old C evidence and no Rust exposure beyond the binding edge. The wrapper oracle is undiffed and not enough for a TRUE label.,FALSE_POSITIVE,"The packet supports only generated binding/layout evidence for `atomic64_fetch_xor_relaxed` with binding-only Rust exposure. There is no direct old/new C source diff, no build evidence, and the wrapper oracle is weak or broad.",binddrift_review_pooled_pending
acd145bde14c758bdb646bce571f8f8d091f38097399514ac7ae81b59eb8af65,W-000062,latest-p017-v6.17-to-v6.18,"c_signature,no_graph,random",SignatureDrift,atomic64_inc_not_zero,BENIGN_DRIFT,"Generated bindings show the symbol appearing, but Rust exposure is only a generated binding edge and build breakage is absent. The wrapper oracle is not enough by itself to show a same-contract fix.",FALSE_POSITIVE,The packet supports only an added generated binding with no old C evidence and no Rust exposure beyond the binding edge. The wrapper oracle is undiffed and not enough for a TRUE label.,FALSE_POSITIVE,"The packet supports only generated binding/layout evidence for `atomic64_inc_not_zero` with binding-only Rust exposure. There is no direct old/new C source diff, no build evidence, and the wrapper oracle is weak or broad.",binddrift_review_pooled_pending
ad908c1d2df73ca695ab4d6abac4f76baf4bb83d06cbe482ce3121d0bb20f74b,W-000002,latest-p002-v6.2-to-v6.3,"binddrift_current,binding_diff,c_signature,no_ranking,random,rust_use",SignatureDrift,refcount_dec_and_test,TRUE_WRAPPER_FIX,"refcount_dec_and_test is added and reached by Rust refcount/Arc code. Oracle hits implement kernel::sync::Refcount, convert Arc to Refcount, and add refcount helpers, matching the same contract.",TRUE_WRAPPER_FIX,"Later Rust wrapper/helper/binding evidence is in the same exposed API area and plausibly addresses the warned symbol or contract. C source evidence may be binding-only and no build log is present, so this is a wrapper-fix label, not build breakage.",TRUE_WRAPPER_FIX,"No build oracle. Rust reaches refcount_dec_and_test through drop, and refcount helper/Refcount or Arc conversion fixes directly cover the same refcount wrapper contract.",manual_review.csv
ae348361d574223a3384ab601ee8015a17248220b7e8ea67d54be20cfd450290,W-000001,latest-p014-v6.14-to-v6.15,"binddrift_current,binding_diff,no_impact_gate,no_ranking,rust_use",FieldDrift,pci_dev,TRUE_WRAPPER_FIX,"pci_dev layout gained rebar_cap and Rust pci::Device has transparent/opaque wrapper invariants. The oracle hit fixes unrestricted &mut pci::Device in pci.rs, plausibly addressing the same wrapper contract.",BENIGN_DRIFT,"Binding/layout drift is shown, but the packet does not show Rust depending on the changed field/layout member or contract. Rust exposure appears pointer/wrapper-level or otherwise robust; wrapper hits are absent or not the same drift.",BENIGN_DRIFT,"Binding/layout drift is shown for pci_dev, but Rust exposure is pointer/opaque/wrapper-level through remove_callback, as_raw; the packet shows no access to the changed field or direct same-contract fix.",manual_review.csv
ae78ec6bcae112d4ab37b1ee376a04b5b5b78a640acffcc7e00797e779bd437e,W-000094,latest-p017-v6.17-to-v6.18,c_signature,SignatureDrift,atomic_add_return_acquire,BENIGN_DRIFT,"Generated bindings show the symbol appearing, but Rust exposure is only a generated binding edge and build breakage is absent. The wrapper oracle is not enough by itself to show a same-contract fix.",FALSE_POSITIVE,The packet supports only an added generated binding with no old C evidence and no Rust exposure beyond the binding edge. The wrapper oracle is undiffed and not enough for a TRUE label.,FALSE_POSITIVE,"The packet supports only generated binding/layout evidence for `atomic_add_return_acquire` with binding-only Rust exposure. There is no direct old/new C source diff, no build evidence, and the wrapper oracle is weak or broad.",binddrift_review_pooled_pending
af1adb7ecfb80fb43f76d59459a30e4d7bba745d335cfbd8467063efc7dad50c,W-000106,latest-p017-v6.17-to-v6.18,c_signature,SignatureDrift,atomic_dec_if_positive,BENIGN_DRIFT,"Generated bindings show the symbol appearing, but Rust exposure is only a generated binding edge and build breakage is absent. The wrapper oracle is not enough by itself to show a same-contract fix.",FALSE_POSITIVE,The packet supports only an added generated binding with no old C evidence and no Rust exposure beyond the binding edge. The wrapper oracle is undiffed and not enough for a TRUE label.,FALSE_POSITIVE,"The packet supports only generated binding/layout evidence for `atomic_dec_if_positive` with binding-only Rust exposure. There is no direct old/new C source diff, no build evidence, and the wrapper oracle is weak or broad.",binddrift_review_pooled_pending
aff65d5c9834a72da029f4e1fdb2e6efb8225bee339723d1a165c6970d84d97d,W-000031,latest-p017-v6.17-to-v6.18,"c_signature,no_graph",SignatureDrift,atomic64_fetch_add_unless,BENIGN_DRIFT,"Generated bindings show the symbol appearing, but Rust exposure is only a generated binding edge and build breakage is absent. The wrapper oracle is not enough by itself to show a same-contract fix.",FALSE_POSITIVE,The packet supports only an added generated binding with no old C evidence and no Rust exposure beyond the binding edge. The wrapper oracle is undiffed and not enough for a TRUE label.,FALSE_POSITIVE,"The packet supports only generated binding/layout evidence for `atomic64_fetch_add_unless` with binding-only Rust exposure. There is no direct old/new C source diff, no build evidence, and the wrapper oracle is weak or broad.",binddrift_review_pooled_pending
b03caf4c4e60ae7466c3e95939ee5ddff4d3763661ed708cb3cefdcc47db65c9,W-000100,latest-p017-v6.17-to-v6.18,c_signature,SignatureDrift,atomic_cmpxchg,BENIGN_DRIFT,"Generated bindings show the symbol appearing, but Rust exposure is only a generated binding edge and build breakage is absent. The wrapper oracle is not enough by itself to show a same-contract fix.",FALSE_POSITIVE,The packet supports only an added generated binding with no old C evidence and no Rust exposure beyond the binding edge. The wrapper oracle is undiffed and not enough for a TRUE label.,FALSE_POSITIVE,"The packet supports only generated binding/layout evidence for `atomic_cmpxchg` with binding-only Rust exposure. There is no direct old/new C source diff, no build evidence, and the wrapper oracle is weak or broad.",binddrift_review_pooled_pending
b0d1fb6b6f2efc82a7834853525b8eae24308bc410ce6edbef44640dcc87dfbe,W-000008,latest-p020-v7.0-to-HEAD_9207d47f966b,"binding_diff,c_signature,rust_use",SignatureDrift,gpu_buddy_init,TRUE_WRAPPER_FIX,"The generated binding change reaches a Rust safe API or unsafe wrapper, and the wrapper oracle names a later Rust helper/wrapper change in the same symbol family or exposure path. No build breakage is shown.",UNCLEAR,"There is Rust-side use and a related commit family, but the C evidence is only generated absent-to-added data and the packet lacks the full wrapper diff needed to confirm the same contract.",UNCLEAR,"The packet has Rust use in new at worktrees/HEAD_9207d47f966b/rust/kernel/gpu/buddy.rs:345 for `gpu_buddy_init`, but C evidence is generated absent-to-added data and the full same-contract wrapper diff is missing. The oracle is related but not enough for TRUE_WRAPPER_FIX.",binddrift_review_pooled_pending
b2fb8fd891b173a953654a06e74ed6ff27a83f9dde7e1c5110e779f02c7c8c33,W-000085,latest-p017-v6.17-to-v6.18,c_signature,SignatureDrift,atomic64_xchg_relaxed,BENIGN_DRIFT,"Generated bindings show the symbol appearing, but Rust exposure is only a generated binding edge and build breakage is absent. The wrapper oracle is not enough by itself to show a same-contract fix.",FALSE_POSITIVE,The packet supports only an added generated binding with no old C evidence and no Rust exposure beyond the binding edge. The wrapper oracle is undiffed and not enough for a TRUE label.,FALSE_POSITIVE,"The packet supports only generated binding/layout evidence for `atomic64_xchg_relaxed` with binding-only Rust exposure. There is no direct old/new C source diff, no build evidence, and the wrapper oracle is weak or broad.",binddrift_review_pooled_pending
b353ef72839ddcf8745cbc1719eada1d04be15160cf517f8abad9a7e2f4e45eb,W-000145,latest-p017-v6.17-to-v6.18,c_signature,SignatureDrift,atomic_inc,BENIGN_DRIFT,"Generated bindings show the symbol appearing, but Rust exposure is only a generated binding edge and build breakage is absent. The wrapper oracle is not enough by itself to show a same-contract fix.",FALSE_POSITIVE,The packet supports only an added generated binding with no old C evidence and no Rust exposure beyond the binding edge. The wrapper oracle is undiffed and not enough for a TRUE label.,FALSE_POSITIVE,"The packet supports only generated binding/layout evidence for `atomic_inc` with binding-only Rust exposure. There is no direct old/new C source diff, no build evidence, and the wrapper oracle is weak or broad.",binddrift_review_pooled_pending
b562c8d2751dda820886aa3b550c3bad529d7b80c4686580aefea0f0524a3215,W-000009,latest-p020-v7.0-to-HEAD_9207d47f966b,"binddrift_current,binding_diff,no_impact_gate,no_ranking,rust_use",FieldDrift,device,BENIGN_DRIFT,"Generated device layout swaps padding for flags, but Rust Device exposure remains opaque pointer/reference APIs. The packet does not show Rust reading the changed field or a fix addressing flags.",BENIGN_DRIFT,"Binding/layout drift is shown, but the packet does not show Rust depending on the changed field/layout member or contract. Rust exposure appears pointer/wrapper-level or otherwise robust; wrapper hits are absent or not the same drift.",BENIGN_DRIFT,"Binding/layout drift is shown for device, but Rust exposure is pointer/opaque/wrapper-level through Device::get_device, Device<Ctx>::as_raw, Device<Ctx>::parent; the packet shows no access to the changed field or direct same-contract fix.",manual_review.csv
b5835c6b08c55413b5c63532d211cd8884333767970663aa8cb6bea52f8d263d,W-000003,latest-p018-v6.18-to-v6.19,"binddrift_current,binddrift_oracle_blind,no_graph,no_impact_gate,no_ranking,rust_use",MacroConstDrift,VM_ACCOUNT,UNCLEAR,"The VM_* macro source expression changed and Rust has an unsafe-wrapper exposure, but the packet lacks old/new generated binding evidence and any oracle. The evidence does not show whether INIT_VM_FLAG changes the Rust-visible value or contract.",BENIGN_DRIFT,"C macro spelling changed and Rust references the generated VM flag area, but the packet lacks generated binding value evidence or a Rust stale numeric assumption. The exposure appears robust to regenerated constants; no build or wrapper oracle.",BENIGN_DRIFT,"C macro spelling for VM_ACCOUNT changed, but Rust virt flags mirror bindings::VM_ACCOUNT rather than hardcoding numeric values. No build or wrapper oracle and no stale Rust assumption is shown.",manual_review.csv
b5eb5e6ae24231dd6c7eaeb353b46aab4e0fc23b0d2e688046fb155ae0c43b27,W-000149,latest-p017-v6.17-to-v6.18,c_signature,SignatureDrift,atomic_inc_return_acquire,BENIGN_DRIFT,"Generated bindings show the symbol appearing, but Rust exposure is only a generated binding edge and build breakage is absent. The wrapper oracle is not enough by itself to show a same-contract fix.",FALSE_POSITIVE,The packet supports only an added generated binding with no old C evidence and no Rust exposure beyond the binding edge. The wrapper oracle is undiffed and not enough for a TRUE label.,FALSE_POSITIVE,"The packet supports only generated binding/layout evidence for `atomic_inc_return_acquire` with binding-only Rust exposure. There is no direct old/new C source diff, no build evidence, and the wrapper oracle is weak or broad.",binddrift_review_pooled_pending
b755597c2c87bf9ee4c7a27c5aea301ab7b88240d4005e5cb97a7e7d17a1e412,W-000001,latest-p007-v6.7-to-v6.8,c_signature,SignatureDrift,get_device,BENIGN_DRIFT,"Generated bindings show the symbol appearing, but Rust exposure is only a generated binding edge and build breakage is absent. The wrapper oracle is not enough by itself to show a same-contract fix.",FALSE_POSITIVE,The packet supports only an added generated binding with no old C evidence and no Rust exposure beyond the binding edge. The wrapper oracle is undiffed and not enough for a TRUE label.,FALSE_POSITIVE,"The packet supports only generated binding/layout evidence for `get_device` with binding-only Rust exposure. There is no direct old/new C source diff, no build evidence, and the wrapper oracle is weak or broad.",binddrift_review_pooled_pending
b89f88bdf55082272dea6523f15128d491086ffe51f6e508731844462aa2de79,W-000017,latest-p013-v6.13-to-v6.14,"binddrift_current,binddrift_oracle_blind,c_signature,no_impact_gate,no_ranking,rust_use",SignatureDrift,security_release_secctx,TRUE_SEMANTIC_DRIFT,"Direct C signature changed from char pointer/length to lsm_context pointer, and Rust SecurityCtx Drop calls security_release_secctx inside an unsafe block with an invariant comment. The release/lifetime contract plausibly depends on the changed C API.",TRUE_SEMANTIC_DRIFT,"Direct C signature changed from secdata/seclen release to struct lsm_context release, and SecurityCtx::drop calls it inside an unsafe wrapper with ownership/lifetime evidence. No build oracle, but the stale release contract is maintainer-reviewable.",TRUE_SEMANTIC_DRIFT,"Direct C signature changed from secdata/seclen release to lsm_context, and SecurityCtx drop reaches it through an unsafe ownership path. No build or wrapper oracle, but the release contract reaches Rust.",manual_review.csv
b8b19b54ec9862d401523751d415d75a030126a78867895a7aa4aa224d4ee9e9,W-000005,latest-p012-v6.12-to-v6.13,"binddrift_current,binding_diff,c_signature,no_graph,no_impact_gate,no_ranking,rust_use",SignatureDrift,__mutex_init,TRUE_WRAPPER_FIX,"__mutex_init is reached from the Rust mutex helper, and the oracle hit explicitly fixes __mutex_init usage for PREEMPT_RT in rust/helpers/mutex.c. This directly addresses the same helper contract.",TRUE_WRAPPER_FIX,"Later Rust wrapper/helper/binding evidence is in the same exposed API area and plausibly addresses the warned symbol or contract. C source evidence may be binding-only and no build log is present, so this is a wrapper-fix label, not build breakage.",TRUE_WRAPPER_FIX,"No build oracle. Rust mutex helper code reaches __mutex_init, and the oracle explicitly fixes __mutex_init usage for PREEMPT_RT in rust/helpers/mutex.c.",manual_review.csv
ba3c8dfd0dcd9585ca08db8baeb53d2685cf71c6c5b7fd164306909d830b3c5d,W-000011,latest-p012-v6.12-to-v6.13,"binding_diff,c_signature,no_impact_gate",SignatureDrift,blk_queue_flag_clear,FALSE_POSITIVE,"Old/new evidence is generated Rust binding spelling churn, effectively core::ffi to ffi, not a supported C signature or layout drift. The oracle does not tie a fix to that alias-only change.",FALSE_POSITIVE,"The old/new evidence is generated-binding-only and appears to be ffi namespace or type-rendering churn, not a concrete C API drift. Wrapper oracle text is not enough to rescue the warning without a matching diff.",FALSE_POSITIVE,"Old/new evidence for `blk_queue_flag_clear` is generated Rust type spelling churn, mainly `core::ffi` to `ffi`, not a supported C contract drift. Wrapper oracle text and absent build evidence do not rescue the warning.",binddrift_review_pooled_pending
bc60663cdd81a3ca571bbea9838957a15d6fa14c55b0512664eb0b43c49f18ae,W-000063,latest-p017-v6.17-to-v6.18,c_signature,SignatureDrift,atomic64_inc_return,BENIGN_DRIFT,"Generated bindings show the symbol appearing, but Rust exposure is only a generated binding edge and build breakage is absent. The wrapper oracle is not enough by itself to show a same-contract fix.",FALSE_POSITIVE,The packet supports only an added generated binding with no old C evidence and no Rust exposure beyond the binding edge. The wrapper oracle is undiffed and not enough for a TRUE label.,FALSE_POSITIVE,"The packet supports only generated binding/layout evidence for `atomic64_inc_return` with binding-only Rust exposure. There is no direct old/new C source diff, no build evidence, and the wrapper oracle is weak or broad.",binddrift_review_pooled_pending
bcd657970aca954d2021a3455250c0a363092d85662b6d9155876975a06d83da,W-000005,latest-p017-v6.17-to-v6.18,"c_signature,no_graph",SignatureDrift,atomic64_add_negative_acquire,BENIGN_DRIFT,"Generated bindings show the symbol appearing, but Rust exposure is only a generated binding edge and build breakage is absent. The wrapper oracle is not enough by itself to show a same-contract fix.",FALSE_POSITIVE,The packet supports only an added generated binding with no old C evidence and no Rust exposure beyond the binding edge. The wrapper oracle is undiffed and not enough for a TRUE label.,FALSE_POSITIVE,"The packet supports only generated binding/layout evidence for `atomic64_add_negative_acquire` with binding-only Rust exposure. There is no direct old/new C source diff, no build evidence, and the wrapper oracle is weak or broad.",binddrift_review_pooled_pending
bd5d7f0dfed875089d291e8d422ec9c5f53efb14de2c9575fd2a03878a60784b,W-000089,latest-p017-v6.17-to-v6.18,c_signature,SignatureDrift,atomic_add_negative,BENIGN_DRIFT,"Generated bindings show the symbol appearing, but Rust exposure is only a generated binding edge and build breakage is absent. The wrapper oracle is not enough by itself to show a same-contract fix.",FALSE_POSITIVE,The packet supports only an added generated binding with no old C evidence and no Rust exposure beyond the binding edge. The wrapper oracle is undiffed and not enough for a TRUE label.,FALSE_POSITIVE,"The packet supports only generated binding/layout evidence for `atomic_add_negative` with binding-only Rust exposure. There is no direct old/new C source diff, no build evidence, and the wrapper oracle is weak or broad.",binddrift_review_pooled_pending
be460a2ae4e0e83d2836a1bd392258b56bc216b7af2d282d5850932c6e5eb93a,W-000161,latest-p017-v6.17-to-v6.18,"c_signature,random",SignatureDrift,atomic_sub_return_acquire,BENIGN_DRIFT,"Generated bindings show the symbol appearing, but Rust exposure is only a generated binding edge and build breakage is absent. The wrapper oracle is not enough by itself to show a same-contract fix.",FALSE_POSITIVE,The packet supports only an added generated binding with no old C evidence and no Rust exposure beyond the binding edge. The wrapper oracle is undiffed and not enough for a TRUE label.,FALSE_POSITIVE,"The packet supports only generated binding/layout evidence for `atomic_sub_return_acquire` with binding-only Rust exposure. There is no direct old/new C source diff, no build evidence, and the wrapper oracle is weak or broad.",binddrift_review_pooled_pending
bf0239ecb4a8636d1f5d293b49540036874cdf6d0b0e0eb01432cc8aa046c516,W-000177,latest-p017-v6.17-to-v6.18,"binddrift_current,binding_diff,c_signature,no_impact_gate,no_ranking,rust_use",SignatureDrift,set_bit,FALSE_POSITIVE,"The old evidence for set_bit is a Rust method-like signature, while the new evidence is a C binding signature. That looks mismapped rather than a supported C-side drift, despite bitmap wrapper oracle hits.",FALSE_POSITIVE,"The old evidence is a Rust Bitmap method signature while the new evidence is the C set_bit signature, so the old/new comparison is mismapped. Even though bitmap commits are mentioned, the claimed drift itself is unsupported.",FALSE_POSITIVE,The old evidence is a Rust Bitmap method-like signature while the new evidence is the C set_bit signature. That old/new comparison is mismapped despite bitmap oracle hits.,manual_review.csv
bf35c5c408d37f62fd0a1e73d11b664b4af89d5481afc55cb5a6f9cc7b566b47,W-000025,latest-p012-v6.12-to-v6.13,"binddrift_current,binding_diff,c_signature,no_impact_gate,no_ranking,random,rust_use",SignatureDrift,phy_write_mmd,TRUE_WRAPPER_FIX,phy_write_mmd is reached by Rust net PHY code and oracle hits a unified C22/C45 read/write API in rust/kernel/net/phy.rs. That plausibly addresses the same PHY register wrapper contract.,TRUE_WRAPPER_FIX,"Later Rust wrapper/helper/binding evidence is in the same exposed API area and plausibly addresses the warned symbol or contract. C source evidence may be binding-only and no build log is present, so this is a wrapper-fix label, not build breakage.",TRUE_WRAPPER_FIX,"No build oracle. Rust net PHY code reaches phy_write_mmd, and the unified C22/C45 read/write API fix in rust/kernel/net/phy.rs matches the same MDIO/PHY wrapper contract.",manual_review.csv
c023e480745618d443988fb46be7cf5416b81268c08ea5935e02245a35fbfa8e,W-000009,latest-p018-v6.18-to-v6.19,"binddrift_current,binddrift_oracle_blind,no_graph,no_impact_gate,no_ranking,random,rust_use",MacroConstDrift,VM_HUGEPAGE,UNCLEAR,"The VM_* macro source expression changed and Rust has an unsafe-wrapper exposure, but the packet lacks old/new generated binding evidence and any oracle. The evidence does not show whether INIT_VM_FLAG changes the Rust-visible value or contract.",BENIGN_DRIFT,"C macro spelling changed and Rust references the generated VM flag area, but the packet lacks generated binding value evidence or a Rust stale numeric assumption. The exposure appears robust to regenerated constants; no build or wrapper oracle.",BENIGN_DRIFT,"C macro spelling for VM_HUGEPAGE changed, but Rust virt flags mirror bindings::VM_HUGEPAGE rather than hardcoding numeric values. No build or wrapper oracle and no stale Rust assumption is shown.",manual_review.csv
c19cb71e527982293eb6cd548ace442bf00f6dfe460d7dd1b8d6137f2f753c96,W-000007,latest-p016-v6.16-to-v6.17,"binddrift_current,binding_diff,c_signature,no_ranking,rust_use",SignatureDrift,regulator_get_voltage,TRUE_WRAPPER_FIX,"regulator_get_voltage is added and reached by Regulator<T>::get_voltage. The oracle hit fixes the Regulator wrapper invariant around regulator_get returning non-null, which plausibly affects methods using the stored regulator pointer.",UNCLEAR,"The packet has only binding-level or absent-to-added evidence plus Rust exposure. There is no direct C source diff, build log, generated binding diff with semantics, or same-contract wrapper fix, so a conservative review cannot choose a stronger label.",UNCLEAR,"Rust reaches regulator_get_voltage, but evidence is binding-level absent-to-added only. The regulator_get non-null fix is same module but not a direct fix for this warned symbol or contract.",manual_review.csv
c40128b9939f5e95ebcb98b2094c56a55e4a222dabb057e4bc9a96244dc42664,W-000162,latest-p017-v6.17-to-v6.18,c_signature,SignatureDrift,atomic_sub_return_relaxed,BENIGN_DRIFT,"Generated bindings show the symbol appearing, but Rust exposure is only a generated binding edge and build breakage is absent. The wrapper oracle is not enough by itself to show a same-contract fix.",FALSE_POSITIVE,The packet supports only an added generated binding with no old C evidence and no Rust exposure beyond the binding edge. The wrapper oracle is undiffed and not enough for a TRUE label.,FALSE_POSITIVE,"The packet supports only generated binding/layout evidence for `atomic_sub_return_relaxed` with binding-only Rust exposure. There is no direct old/new C source diff, no build evidence, and the wrapper oracle is weak or broad.",binddrift_review_pooled_pending
c4db15ef412f4f82fb1709ab6fc668ce3ecdeb046df1d7f3cde9429b65f60b7c,W-000037,latest-p012-v6.12-to-v6.13,"binddrift_current,binding_diff,no_impact_gate,no_ranking,random,rust_use",FieldDrift,rb_node,BENIGN_DRIFT,"rb_node evidence shows only core::ffi to ffi type spelling for __rb_parent_color. Rust RBTree exposure is real, but the oracle hit only fixes documentation section wording, not a layout or contract issue.",FALSE_POSITIVE,"The packet shows generated binding churn or a namespace/type-alias-only change rather than supported C contract drift. Wrapper evidence is absent or not tied to the claimed drift, so the warning is not supported.",FALSE_POSITIVE,"The old/new evidence for rb_node is only type-path or namespace churn such as core::ffi to ffi, with no supported C contract drift or direct same-drift wrapper fix.",manual_review.csv
c4edd1024dd2d95c013e77ab1f56971125358b9c202731c97e2b15c3855c5e09,W-000004,latest-p019-v6.19-to-v7.0,"binddrift_current,binddrift_oracle_blind,c_signature,no_impact_gate,no_ranking,random,rust_use",SignatureDrift,dma_free_attrs,BENIGN_DRIFT,"dma_free_attrs changed from static to static inline with the same return type and parameters. Rust Drop reaches it, but the packet shows no changed calling, lifetime, or ownership contract.",BENIGN_DRIFT,"C evidence only changes static vs static inline with identical parameters. Rust calls it from an unsafe drop path, but no changed ownership, lifetime, error, or layout contract is shown, and there is no build or wrapper oracle.",BENIGN_DRIFT,"C changed dma_free_attrs from static to static inline with identical parameters. Rust Drop reaches it, but no changed calling, lifetime, ownership, or layout contract is shown.",manual_review.csv
c6f4e0921d208bf432d7039e6e1454d57e7647087ef3f85f83f766d5949f155e,W-000109,latest-p017-v6.17-to-v6.18,c_signature,SignatureDrift,atomic_dec_return_relaxed,BENIGN_DRIFT,"Generated bindings show the symbol appearing, but Rust exposure is only a generated binding edge and build breakage is absent. The wrapper oracle is not enough by itself to show a same-contract fix.",FALSE_POSITIVE,The packet supports only an added generated binding with no old C evidence and no Rust exposure beyond the binding edge. The wrapper oracle is undiffed and not enough for a TRUE label.,FALSE_POSITIVE,"The packet supports only generated binding/layout evidence for `atomic_dec_return_relaxed` with binding-only Rust exposure. There is no direct old/new C source diff, no build evidence, and the wrapper oracle is weak or broad.",binddrift_review_pooled_pending
c6fedd40f4293a2cf97cd21b46968e2da0844c4ef8fcd202fe3a2c9a3cc04e23,W-000178,latest-p017-v6.17-to-v6.18,"binddrift_current,binding_diff,no_impact_gate,no_ranking,rust_use",FieldDrift,kunit_case,TRUE_WRAPPER_FIX,"kunit_case gained param_init/param_exit fields and Rust kunit code reaches kunit_case setup. The oracle hit uses pin_init::zeroed instead of a custom null value in kunit.rs/macros, plausibly addressing struct initialization.",BENIGN_DRIFT,"Binding/layout drift is shown, but the packet does not show Rust depending on the changed field/layout member or contract. Rust exposure appears pointer/wrapper-level or otherwise robust; wrapper hits are absent or not the same drift.",TRUE_WRAPPER_FIX,"No build oracle. kunit_case layout gained init/exit fields, and the oracle changes Rust KUnit setup to zeroed initialization, directly addressing the struct-initialization contract.",manual_review.csv
c8d6fc56309976a615d6001c50ff0e03df7ee22ec6491a0ba41b20a543e6be3e,W-000006,latest-p016-v6.16-to-v6.17,"binddrift_current,binding_diff,c_signature,no_ranking,rust_use",SignatureDrift,regulator_enable,TRUE_WRAPPER_FIX,"regulator_enable is reached from Regulator<T>::enable_internal. The oracle hit fixes the Regulator wrapper invariant around regulator_get returning non-null, plausibly affecting stored-pointer methods including enable.",UNCLEAR,"The packet has only binding-level or absent-to-added evidence plus Rust exposure. There is no direct C source diff, build log, generated binding diff with semantics, or same-contract wrapper fix, so a conservative review cannot choose a stronger label.",UNCLEAR,"Rust reaches regulator_enable, but evidence is binding-level absent-to-added only. The regulator_get non-null fix is same module but not a direct fix for this warned symbol or contract.",manual_review.csv
ca30f05ff7f8c2548f9b3af10aeded514461ffc834514065aaddea7e49a2bb00,W-000036,latest-p017-v6.17-to-v6.18,"c_signature,no_graph,random",SignatureDrift,atomic64_fetch_andnot,BENIGN_DRIFT,"Generated bindings show the symbol appearing, but Rust exposure is only a generated binding edge and build breakage is absent. The wrapper oracle is not enough by itself to show a same-contract fix.",FALSE_POSITIVE,The packet supports only an added generated binding with no old C evidence and no Rust exposure beyond the binding edge. The wrapper oracle is undiffed and not enough for a TRUE label.,FALSE_POSITIVE,"The packet supports only generated binding/layout evidence for `atomic64_fetch_andnot` with binding-only Rust exposure. There is no direct old/new C source diff, no build evidence, and the wrapper oracle is weak or broad.",binddrift_review_pooled_pending
ccac1e8f0c9d64f6f8cc6aeb7fad9733ea8731a1ceb3e1afcb4ce2d554f0003e,W-000103,latest-p017-v6.17-to-v6.18,"c_signature,random",SignatureDrift,atomic_cmpxchg_release,BENIGN_DRIFT,"Generated bindings show the symbol appearing, but Rust exposure is only a generated binding edge and build breakage is absent. The wrapper oracle is not enough by itself to show a same-contract fix.",FALSE_POSITIVE,The packet supports only an added generated binding with no old C evidence and no Rust exposure beyond the binding edge. The wrapper oracle is undiffed and not enough for a TRUE label.,FALSE_POSITIVE,"The packet supports only generated binding/layout evidence for `atomic_cmpxchg_release` with binding-only Rust exposure. There is no direct old/new C source diff, no build evidence, and the wrapper oracle is weak or broad.",binddrift_review_pooled_pending
ccb54d5babe41a79892e29c05dd142a6ad8254bc83da96c2081446fe2f921a66,W-000041,latest-p017-v6.17-to-v6.18,"c_signature,no_graph",SignatureDrift,atomic64_fetch_dec_acquire,BENIGN_DRIFT,"Generated bindings show the symbol appearing, but Rust exposure is only a generated binding edge and build breakage is absent. The wrapper oracle is not enough by itself to show a same-contract fix.",FALSE_POSITIVE,The packet supports only an added generated binding with no old C evidence and no Rust exposure beyond the binding edge. The wrapper oracle is undiffed and not enough for a TRUE label.,FALSE_POSITIVE,"The packet supports only generated binding/layout evidence for `atomic64_fetch_dec_acquire` with binding-only Rust exposure. There is no direct old/new C source diff, no build evidence, and the wrapper oracle is weak or broad.",binddrift_review_pooled_pending
ccf6ca0711b3a3fb07496b72daf90fe34a85e1a14e33485ddbfd4e0f281baa75,W-000018,latest-p013-v6.13-to-v6.14,"binddrift_current,binddrift_oracle_blind,c_signature,no_impact_gate,no_ranking,random,rust_use",SignatureDrift,security_secid_to_secctx,TRUE_SEMANTIC_DRIFT,"Direct C signature changed from char buffer outputs to lsm_context pointer, and Rust SecurityCtx::from_secid calls the changed binding inside a safe Result-returning API with safety comments. No oracle, but the Rust abstraction depends on the FFI contract.",TRUE_SEMANTIC_DRIFT,"Direct C signature changed from secdata/seclen outputs to struct lsm_context, and SecurityCtx::from_secid calls it through a safe API with safety and error-mapping evidence. No build oracle, but the Rust abstraction depends on the changed context contract.",TRUE_SEMANTIC_DRIFT,"Direct C signature changed from secdata/seclen outputs to lsm_context, and SecurityCtx::from_secid calls it through a safe Result API with safety/error evidence. No build or wrapper oracle, but the Rust abstraction depends on that FFI contract.",manual_review.csv
ccfb6889463ae8e3682ce9273c49fbd7964152552ecca273d212d710972e5d06,W-000087,latest-p017-v6.17-to-v6.18,c_signature,SignatureDrift,atomic64_xor,BENIGN_DRIFT,"Generated bindings show the symbol appearing, but Rust exposure is only a generated binding edge and build breakage is absent. The wrapper oracle is not enough by itself to show a same-contract fix.",FALSE_POSITIVE,The packet supports only an added generated binding with no old C evidence and no Rust exposure beyond the binding edge. The wrapper oracle is undiffed and not enough for a TRUE label.,FALSE_POSITIVE,"The packet supports only generated binding/layout evidence for `atomic64_xor` with binding-only Rust exposure. There is no direct old/new C source diff, no build evidence, and the wrapper oracle is weak or broad.",binddrift_review_pooled_pending
cd28b411bb7f9c171c19271fb83eabf01ea95f77baae8a3089d22cfe267458af,W-000051,latest-p017-v6.17-to-v6.18,"c_signature,no_graph",SignatureDrift,atomic64_fetch_or_release,BENIGN_DRIFT,"Generated bindings show the symbol appearing, but Rust exposure is only a generated binding edge and build breakage is absent. The wrapper oracle is not enough by itself to show a same-contract fix.",FALSE_POSITIVE,The packet supports only an added generated binding with no old C evidence and no Rust exposure beyond the binding edge. The wrapper oracle is undiffed and not enough for a TRUE label.,FALSE_POSITIVE,"The packet supports only generated binding/layout evidence for `atomic64_fetch_or_release` with binding-only Rust exposure. There is no direct old/new C source diff, no build evidence, and the wrapper oracle is weak or broad.",binddrift_review_pooled_pending
cd64f401dcec2cda20e45778c7649b5034c7cf3f6b504534bb0781c8c3ee2c7c,W-000146,latest-p017-v6.17-to-v6.18,c_signature,SignatureDrift,atomic_inc_and_test,BENIGN_DRIFT,"Generated bindings show the symbol appearing, but Rust exposure is only a generated binding edge and build breakage is absent. The wrapper oracle is not enough by itself to show a same-contract fix.",FALSE_POSITIVE,The packet supports only an added generated binding with no old C evidence and no Rust exposure beyond the binding edge. The wrapper oracle is undiffed and not enough for a TRUE label.,FALSE_POSITIVE,"The packet supports only generated binding/layout evidence for `atomic_inc_and_test` with binding-only Rust exposure. There is no direct old/new C source diff, no build evidence, and the wrapper oracle is weak or broad.",binddrift_review_pooled_pending
ceec60364681244ca5b696b5e694638302c96fdf2b65b32ac43ecff8c29ae0ab,W-000008,latest-p013-v6.13-to-v6.14,"binddrift_current,binding_diff,c_signature,no_ranking,rust_use",SignatureDrift,pci_enable_device_mem,TRUE_WRAPPER_FIX,"pci_enable_device_mem is added and reached by pci::Device::enable_device_mem. The oracle hit fixes pci::Device mutability in rust/kernel/pci.rs, plausibly addressing the same PCI Device wrapper contract, though not naming this function.",UNCLEAR,"The packet has only binding-level or absent-to-added evidence plus Rust exposure. There is no direct C source diff, build log, generated binding diff with semantics, or same-contract wrapper fix, so a conservative review cannot choose a stronger label.",UNCLEAR,"Rust reaches pci_enable_device_mem, but evidence is binding-level absent-to-added only. The pci::Device mutability fix is broad and not direct to this function contract.",manual_review.csv
cf5cdf789fe1652aa879caa9631a946ab8ca6230c05c642a1c2fc5942e01c4f6,W-000013,latest-p013-v6.13-to-v6.14,"binding_diff,c_signature,random,rust_use",SignatureDrift,platform_set_drvdata,UNCLEAR,"The packet shows an unsafe Rust exposure, but the C-side evidence is generated binding only and the wrapper oracle summary does not clearly address this exact symbol or contract. This is insufficient for TRUE_*.",FALSE_POSITIVE,"Even though Rust use is mentioned, the claimed drift is only absent-to-added generated binding data with no old C evidence. The cited wrapper hit is not shown to address the same contract.",FALSE_POSITIVE,"The warning for `platform_set_drvdata` has generated-only drift evidence and no direct same-contract wrapper fix. Rust exposure alone is insufficient, and build evidence is absent.",binddrift_review_pooled_pending
d13252e78abf38e29c0f29c98d6b26a8e36b6aac25eb528ab826e38e111fd223,W-000007,latest-p017-v6.17-to-v6.18,"c_signature,no_graph,random",SignatureDrift,atomic64_add_negative_release,BENIGN_DRIFT,"Generated bindings show the symbol appearing, but Rust exposure is only a generated binding edge and build breakage is absent. The wrapper oracle is not enough by itself to show a same-contract fix.",FALSE_POSITIVE,The packet supports only an added generated binding with no old C evidence and no Rust exposure beyond the binding edge. The wrapper oracle is undiffed and not enough for a TRUE label.,FALSE_POSITIVE,"The packet supports only generated binding/layout evidence for `atomic64_add_negative_release` with binding-only Rust exposure. There is no direct old/new C source diff, no build evidence, and the wrapper oracle is weak or broad.",binddrift_review_pooled_pending
d17b4b785cc4f5c69ab603a4ae7c45cc11eca7e2e37457a72298a48876dfb92c,W-000001,latest-p013-v6.13-to-v6.14,"binddrift_current,binding_diff,c_signature,random,rust_use",SignatureDrift,devm_add_action,TRUE_WRAPPER_FIX,"The generated binding change reaches a Rust safe API or unsafe wrapper, and the wrapper oracle names a later Rust helper/wrapper change in the same symbol family or exposure path. No build breakage is shown.",TRUE_WRAPPER_FIX,The packet cites Rust wrapper/helper code for this symbol and a later same-module Rust commit that plausibly changes the matching wrapper path. I do not infer build breakage or semantic drift beyond that wrapper-fix evidence.,TRUE_WRAPPER_FIX,"Wrapper-fix evidence is direct enough: Rust use in new at worktrees/v6.14/rust/kernel/devres.rs:119 reaches `devm_add_action`, and the oracle names a same-path Rust helper/wrapper change (ba268514ea... rust: devres: fix race condition due to nesting files=[""rust/kernel/devres.rs""]). Build breakage is absent, so this is not a build label.",binddrift_review_pooled_pending
d2dff6c8f8ba6f2daafb1de7549eeb2d8775e561bbe383c3e86f6173e29f7ca3,W-000166,latest-p017-v6.17-to-v6.18,"c_signature,random",SignatureDrift,atomic_try_cmpxchg_relaxed,BENIGN_DRIFT,"Generated bindings show the symbol appearing, but Rust exposure is only a generated binding edge and build breakage is absent. The wrapper oracle is not enough by itself to show a same-contract fix.",FALSE_POSITIVE,The packet supports only an added generated binding with no old C evidence and no Rust exposure beyond the binding edge. The wrapper oracle is undiffed and not enough for a TRUE label.,FALSE_POSITIVE,"The packet supports only generated binding/layout evidence for `atomic_try_cmpxchg_relaxed` with binding-only Rust exposure. There is no direct old/new C source diff, no build evidence, and the wrapper oracle is weak or broad.",binddrift_review_pooled_pending
d4902dbd9b0c27bf29ba0c0114d2687b39e33c93b8dcc2b4053ef6956e3bd945,W-000027,latest-p018-v6.18-to-v6.19,"binddrift_current,binddrift_oracle_blind,no_graph,no_impact_gate,no_ranking,random,rust_use",MacroConstDrift,VM_WRITE,UNCLEAR,"The VM_* macro source expression changed and Rust has an unsafe-wrapper exposure, but the packet lacks old/new generated binding evidence and any oracle. The evidence does not show whether INIT_VM_FLAG changes the Rust-visible value or contract.",BENIGN_DRIFT,"C macro spelling changed and Rust references the generated VM flag area, but the packet lacks generated binding value evidence or a Rust stale numeric assumption. The exposure appears robust to regenerated constants; no build or wrapper oracle.",BENIGN_DRIFT,"C macro spelling for VM_WRITE changed, but Rust virt flags mirror bindings::VM_WRITE rather than hardcoding numeric values. No build or wrapper oracle and no stale Rust assumption is shown.",manual_review.csv
d4fd2d81c8ea1bd71aa9c8e51e75613ad2801a95df3ed67cf348c5f8fa04fe4c,W-000003,latest-p019-v6.19-to-v7.0,"binddrift_current,binding_diff,no_impact_gate,no_ranking,rust_use",FieldDrift,platform_device,TRUE_WRAPPER_FIX,platform_device layout removed driver_override and Rust platform::Device wrapper invariants are exposed. Oracle hits fix unrestricted &mut platform::Device and invariant comments in platform.rs.,BENIGN_DRIFT,"Binding/layout drift is shown, but the packet does not show Rust depending on the changed field/layout member or contract. Rust exposure appears pointer/wrapper-level or otherwise robust; wrapper hits are absent or not the same drift.",BENIGN_DRIFT,"Binding/layout drift is shown for platform_device, but Rust exposure is pointer/opaque/wrapper-level through probe_callback, remove_callback, as_raw; the packet shows no access to the changed field or direct same-contract fix.",manual_review.csv
d665d3d9d1aad5634392965e1445eec54edbbf29632e7af818b2822985db89b7,W-000024,latest-p017-v6.17-to-v6.18,"c_signature,no_graph,random",SignatureDrift,atomic64_dec_return_relaxed,BENIGN_DRIFT,"Generated bindings show the symbol appearing, but Rust exposure is only a generated binding edge and build breakage is absent. The wrapper oracle is not enough by itself to show a same-contract fix.",FALSE_POSITIVE,The packet supports only an added generated binding with no old C evidence and no Rust exposure beyond the binding edge. The wrapper oracle is undiffed and not enough for a TRUE label.,FALSE_POSITIVE,"The packet supports only generated binding/layout evidence for `atomic64_dec_return_relaxed` with binding-only Rust exposure. There is no direct old/new C source diff, no build evidence, and the wrapper oracle is weak or broad.",binddrift_review_pooled_pending
d668e025ab0727df4a19529d3eaa4e08a0e8e04c23fa27b5dd2701fb50ba80c6,W-000004,latest-p010-v6.10-to-v6.11,"binddrift_current,binding_diff,c_signature,no_ranking,rust_use",SignatureDrift,errno_to_blk_status,TRUE_WRAPPER_FIX,"errno_to_blk_status is added and reached by Error::to_blk_status. The oracle hit changes rust/kernel/error.rs Error representation, plausibly addressing the same Error conversion surface, though it does not name blk_status.",UNCLEAR,"The packet has only binding-level or absent-to-added evidence plus Rust exposure. There is no direct C source diff, build log, generated binding diff with semantics, or same-contract wrapper fix, so a conservative review cannot choose a stronger label.",UNCLEAR,"Rust reaches errno_to_blk_status, but the only oracle hit is a broad Error representation change. Direct C diff, build evidence, or same-symbol blk_status fix is missing.",manual_review.csv
d71b38d3c2bc68d6ed030d9285e4cf8d85aee90431a424dc16d164d4a89e74dc,W-000156,latest-p017-v6.17-to-v6.18,c_signature,SignatureDrift,atomic_set,BENIGN_DRIFT,"Generated bindings show the symbol appearing, but Rust exposure is only a generated binding edge and build breakage is absent. The wrapper oracle is not enough by itself to show a same-contract fix.",FALSE_POSITIVE,The packet supports only an added generated binding with no old C evidence and no Rust exposure beyond the binding edge. The wrapper oracle is undiffed and not enough for a TRUE label.,FALSE_POSITIVE,"The packet supports only generated binding/layout evidence for `atomic_set` with binding-only Rust exposure. There is no direct old/new C source diff, no build evidence, and the wrapper oracle is weak or broad.",binddrift_review_pooled_pending
d8a8b6a3a16e833d8d47b8d4164dff971b6c69bc11ddb2d48d8385c6a002dac0,W-000016,latest-p013-v6.13-to-v6.14,"binddrift_current,binding_diff,no_impact_gate,no_ranking,rust_use",FieldDrift,queue_limits,TRUE_WRAPPER_FIX,queue_limits gained min_segment_size and Rust GenDiskBuilder reaches queue limit related bindings. The oracle hit explicitly fixes Rust block code using a removed queue limit API in gen_disk.rs.,TRUE_WRAPPER_FIX,"Later Rust wrapper/helper/binding evidence is in the same exposed API area and plausibly addresses the warned symbol or contract. C source evidence may be binding-only and no build log is present, so this is a wrapper-fix label, not build breakage.",TRUE_WRAPPER_FIX,"No build oracle. Rust GenDisk code reaches queue-limit bindings, and the oracle explicitly fixes Rust block code to avoid a removed queue-limit API in gen_disk.rs.",manual_review.csv
d8f79e467f86c84e1f291c195f6e4cb94569fce965006cb105f6518d6dab57b3,W-000003,latest-p003-v6.3-to-v6.4,"binddrift_current,binding_diff,c_signature,no_graph,no_ranking,rust_use",SignatureDrift,PTR_ERR,TRUE_WRAPPER_FIX,"PTR_ERR is added and reached by to_result. The oracle hit adds a helper to convert C ERR_PTR to Result in rust/helpers.c and rust/kernel/error.rs, matching the same error-pointer contract.",TRUE_WRAPPER_FIX,"Later Rust wrapper/helper/binding evidence is in the same exposed API area and plausibly addresses the warned symbol or contract. C source evidence may be binding-only and no build log is present, so this is a wrapper-fix label, not build breakage.",TRUE_WRAPPER_FIX,"No build oracle. Rust reaches PTR_ERR through to_result, and the Error/ERR_PTR helper fixes in rust helpers and error.rs directly cover the same error-pointer conversion contract.",manual_review.csv
d9180837b61b46a377f48aa56872844e1ddeae3bc634a0912491b2655f104b2e,W-000092,latest-p017-v6.17-to-v6.18,c_signature,SignatureDrift,atomic_add_negative_release,BENIGN_DRIFT,"Generated bindings show the symbol appearing, but Rust exposure is only a generated binding edge and build breakage is absent. The wrapper oracle is not enough by itself to show a same-contract fix.",FALSE_POSITIVE,The packet supports only an added generated binding with no old C evidence and no Rust exposure beyond the binding edge. The wrapper oracle is undiffed and not enough for a TRUE label.,FALSE_POSITIVE,"The packet supports only generated binding/layout evidence for `atomic_add_negative_release` with binding-only Rust exposure. There is no direct old/new C source diff, no build evidence, and the wrapper oracle is weak or broad.",binddrift_review_pooled_pending
d9b6c12bbe1e27d0dc5360269ce85890ff73a169bba60952b5da69ce4c0c53d0,W-000090,latest-p017-v6.17-to-v6.18,c_signature,SignatureDrift,atomic_add_negative_acquire,BENIGN_DRIFT,"Generated bindings show the symbol appearing, but Rust exposure is only a generated binding edge and build breakage is absent. The wrapper oracle is not enough by itself to show a same-contract fix.",FALSE_POSITIVE,The packet supports only an added generated binding with no old C evidence and no Rust exposure beyond the binding edge. The wrapper oracle is undiffed and not enough for a TRUE label.,FALSE_POSITIVE,"The packet supports only generated binding/layout evidence for `atomic_add_negative_acquire` with binding-only Rust exposure. There is no direct old/new C source diff, no build evidence, and the wrapper oracle is weak or broad.",binddrift_review_pooled_pending
da2d5a6acb377eaf60f201d465b354b295224793bb5330a7da380cdce2a39ca9,W-000133,latest-p017-v6.17-to-v6.18,c_signature,SignatureDrift,atomic_fetch_or,BENIGN_DRIFT,"Generated bindings show the symbol appearing, but Rust exposure is only a generated binding edge and build breakage is absent. The wrapper oracle is not enough by itself to show a same-contract fix.",FALSE_POSITIVE,The packet supports only an added generated binding with no old C evidence and no Rust exposure beyond the binding edge. The wrapper oracle is undiffed and not enough for a TRUE label.,FALSE_POSITIVE,"The packet supports only generated binding/layout evidence for `atomic_fetch_or` with binding-only Rust exposure. There is no direct old/new C source diff, no build evidence, and the wrapper oracle is weak or broad.",binddrift_review_pooled_pending
da8840f14175c162dda2e19e9454658a2053269096c0bfd34173a2e1ad9f90dd,W-000001,latest-p020-v7.0-to-HEAD_9207d47f966b,"c_signature,random",SignatureDrift,dma_resv_lock,BENIGN_DRIFT,"Generated bindings show the symbol appearing, but Rust exposure is only a generated binding edge and build breakage is absent. The wrapper oracle is not enough by itself to show a same-contract fix.",FALSE_POSITIVE,The packet supports only an added generated binding with no old C evidence and no Rust exposure beyond the binding edge. The wrapper oracle is undiffed and not enough for a TRUE label.,FALSE_POSITIVE,"The packet supports only generated binding/layout evidence for `dma_resv_lock` with binding-only Rust exposure. There is no direct old/new C source diff, no build evidence, and the wrapper oracle is weak or broad.",binddrift_review_pooled_pending
db039d7bd1db69c6b27018afa64f3fd45b30c28172822cf784b3512237975392,W-000049,latest-p017-v6.17-to-v6.18,"c_signature,no_graph",SignatureDrift,atomic64_fetch_or_acquire,BENIGN_DRIFT,"Generated bindings show the symbol appearing, but Rust exposure is only a generated binding edge and build breakage is absent. The wrapper oracle is not enough by itself to show a same-contract fix.",FALSE_POSITIVE,The packet supports only an added generated binding with no old C evidence and no Rust exposure beyond the binding edge. The wrapper oracle is undiffed and not enough for a TRUE label.,FALSE_POSITIVE,"The packet supports only generated binding/layout evidence for `atomic64_fetch_or_acquire` with binding-only Rust exposure. There is no direct old/new C source diff, no build evidence, and the wrapper oracle is weak or broad.",binddrift_review_pooled_pending
db8547052b8db42716a3bed97de1637a8f98e97d423bcec28fd9d5fa59881fee,W-000139,latest-p017-v6.17-to-v6.18,c_signature,SignatureDrift,atomic_fetch_sub_relaxed,BENIGN_DRIFT,"Generated bindings show the symbol appearing, but Rust exposure is only a generated binding edge and build breakage is absent. The wrapper oracle is not enough by itself to show a same-contract fix.",FALSE_POSITIVE,The packet supports only an added generated binding with no old C evidence and no Rust exposure beyond the binding edge. The wrapper oracle is undiffed and not enough for a TRUE label.,FALSE_POSITIVE,"The packet supports only generated binding/layout evidence for `atomic_fetch_sub_relaxed` with binding-only Rust exposure. There is no direct old/new C source diff, no build evidence, and the wrapper oracle is weak or broad.",binddrift_review_pooled_pending
dbc9772b257a61285e984a97df66485c13854c92c8183741f3b270e3c39b4c1e,W-000070,latest-p017-v6.17-to-v6.18,"c_signature,random",SignatureDrift,atomic64_read_acquire,BENIGN_DRIFT,"Generated bindings show the symbol appearing, but Rust exposure is only a generated binding edge and build breakage is absent. The wrapper oracle is not enough by itself to show a same-contract fix.",FALSE_POSITIVE,The packet supports only an added generated binding with no old C evidence and no Rust exposure beyond the binding edge. The wrapper oracle is undiffed and not enough for a TRUE label.,FALSE_POSITIVE,"The packet supports only generated binding/layout evidence for `atomic64_read_acquire` with binding-only Rust exposure. There is no direct old/new C source diff, no build evidence, and the wrapper oracle is weak or broad.",binddrift_review_pooled_pending
de604289856a664361b986bb15b217083d2dd20884b19a6f571457569cf9367a,W-000048,latest-p017-v6.17-to-v6.18,"c_signature,no_graph,random",SignatureDrift,atomic64_fetch_or,BENIGN_DRIFT,"Generated bindings show the symbol appearing, but Rust exposure is only a generated binding edge and build breakage is absent. The wrapper oracle is not enough by itself to show a same-contract fix.",FALSE_POSITIVE,The packet supports only an added generated binding with no old C evidence and no Rust exposure beyond the binding edge. The wrapper oracle is undiffed and not enough for a TRUE label.,FALSE_POSITIVE,"The packet supports only generated binding/layout evidence for `atomic64_fetch_or` with binding-only Rust exposure. There is no direct old/new C source diff, no build evidence, and the wrapper oracle is weak or broad.",binddrift_review_pooled_pending
dee765bcd2302ae60a2b8879f2ad930b8bdb343af3df1fd16c994112640d77c5,W-000175,latest-p017-v6.17-to-v6.18,"binddrift_current,binding_diff,c_signature,no_ranking,rust_use",SignatureDrift,refcount_dec,TRUE_WRAPPER_FIX,"refcount_dec is added and reached by Refcount::dec. Oracle hits implement kernel::sync::Refcount and add refcount helpers, matching the same refcount wrapper contract.",TRUE_WRAPPER_FIX,"Later Rust wrapper/helper/binding evidence is in the same exposed API area and plausibly addresses the warned symbol or contract. C source evidence may be binding-only and no build log is present, so this is a wrapper-fix label, not build breakage.",TRUE_WRAPPER_FIX,"No build oracle. Rust reaches refcount_dec through Refcount::dec, and refcount helper/Refcount or Arc conversion fixes directly cover the same refcount wrapper contract.",manual_review.csv
dfdc55818054bf16b7c570ac751154f3402cdc817b7c3cebba0736c96df16a6f,W-000017,latest-p018-v6.18-to-v6.19,"binddrift_current,binddrift_oracle_blind,no_graph,no_impact_gate,no_ranking,rust_use",MacroConstDrift,VM_MERGEABLE,UNCLEAR,"The VM_* macro source expression changed and Rust has an unsafe-wrapper exposure, but the packet lacks old/new generated binding evidence and any oracle. The evidence does not show whether INIT_VM_FLAG changes the Rust-visible value or contract.",BENIGN_DRIFT,"C macro spelling changed and Rust references the generated VM flag area, but the packet lacks generated binding value evidence or a Rust stale numeric assumption. The exposure appears robust to regenerated constants; no build or wrapper oracle.",BENIGN_DRIFT,"C macro spelling for VM_MERGEABLE changed, but Rust virt flags mirror bindings::VM_MERGEABLE rather than hardcoding numeric values. No build or wrapper oracle and no stale Rust assumption is shown.",manual_review.csv
e31379c6267f1a98b51cc3bc6296181629d872ea7e138ce16cd144d23adbad3f,W-000016,latest-p017-v6.17-to-v6.18,"c_signature,no_graph,random",SignatureDrift,atomic64_cmpxchg_acquire,BENIGN_DRIFT,"Generated bindings show the symbol appearing, but Rust exposure is only a generated binding edge and build breakage is absent. The wrapper oracle is not enough by itself to show a same-contract fix.",FALSE_POSITIVE,The packet supports only an added generated binding with no old C evidence and no Rust exposure beyond the binding edge. The wrapper oracle is undiffed and not enough for a TRUE label.,FALSE_POSITIVE,"The packet supports only generated binding/layout evidence for `atomic64_cmpxchg_acquire` with binding-only Rust exposure. There is no direct old/new C source diff, no build evidence, and the wrapper oracle is weak or broad.",binddrift_review_pooled_pending
e3c492622e30d907f9926eefd35ca642797a5cd916586f226a5df0766fc6ccdd,W-000023,latest-p017-v6.17-to-v6.18,"c_signature,no_graph,random",SignatureDrift,atomic64_dec_return_acquire,BENIGN_DRIFT,"Generated bindings show the symbol appearing, but Rust exposure is only a generated binding edge and build breakage is absent. The wrapper oracle is not enough by itself to show a same-contract fix.",FALSE_POSITIVE,The packet supports only an added generated binding with no old C evidence and no Rust exposure beyond the binding edge. The wrapper oracle is undiffed and not enough for a TRUE label.,FALSE_POSITIVE,"The packet supports only generated binding/layout evidence for `atomic64_dec_return_acquire` with binding-only Rust exposure. There is no direct old/new C source diff, no build evidence, and the wrapper oracle is weak or broad.",binddrift_review_pooled_pending
e4bc9f810a37f8311c86fab5578948cf41a5456c1091ea5c334dba5c4ac82f53,W-000073,latest-p017-v6.17-to-v6.18,c_signature,SignatureDrift,atomic64_sub,BENIGN_DRIFT,"Generated bindings show the symbol appearing, but Rust exposure is only a generated binding edge and build breakage is absent. The wrapper oracle is not enough by itself to show a same-contract fix.",FALSE_POSITIVE,The packet supports only an added generated binding with no old C evidence and no Rust exposure beyond the binding edge. The wrapper oracle is undiffed and not enough for a TRUE label.,FALSE_POSITIVE,"The packet supports only generated binding/layout evidence for `atomic64_sub` with binding-only Rust exposure. There is no direct old/new C source diff, no build evidence, and the wrapper oracle is weak or broad.",binddrift_review_pooled_pending
e51f428dfdc64b9b37d47e53eaa5a8f2c689753cfe2e244b05edc251d61d0287,W-000025,latest-p018-v6.18-to-v6.19,"binddrift_current,binddrift_oracle_blind,no_graph,no_impact_gate,no_ranking,random,rust_use",MacroConstDrift,VM_SYNC,UNCLEAR,"The VM_* macro source expression changed and Rust has an unsafe-wrapper exposure, but the packet lacks old/new generated binding evidence and any oracle. The evidence does not show whether INIT_VM_FLAG changes the Rust-visible value or contract.",BENIGN_DRIFT,"C macro spelling changed and Rust references the generated VM flag area, but the packet lacks generated binding value evidence or a Rust stale numeric assumption. The exposure appears robust to regenerated constants; no build or wrapper oracle.",BENIGN_DRIFT,"C macro spelling for VM_SYNC changed, but Rust virt flags mirror bindings::VM_SYNC rather than hardcoding numeric values. No build or wrapper oracle and no stale Rust assumption is shown.",manual_review.csv
e5410ab77aae0a61a9a6130e6c1c13372c985faf27fe7e6ea624848591f313e0,W-000113,latest-p017-v6.17-to-v6.18,"c_signature,random",SignatureDrift,atomic_fetch_add_acquire,BENIGN_DRIFT,"Generated bindings show the symbol appearing, but Rust exposure is only a generated binding edge and build breakage is absent. The wrapper oracle is not enough by itself to show a same-contract fix.",FALSE_POSITIVE,The packet supports only an added generated binding with no old C evidence and no Rust exposure beyond the binding edge. The wrapper oracle is undiffed and not enough for a TRUE label.,FALSE_POSITIVE,"The packet supports only generated binding/layout evidence for `atomic_fetch_add_acquire` with binding-only Rust exposure. There is no direct old/new C source diff, no build evidence, and the wrapper oracle is weak or broad.",binddrift_review_pooled_pending
e5c4b622a5af4b8315a8278ff2fbcf918f8e5dd572d503e39a6249625363d609,W-000083,latest-p017-v6.17-to-v6.18,c_signature,SignatureDrift,atomic64_xchg,BENIGN_DRIFT,"Generated bindings show the symbol appearing, but Rust exposure is only a generated binding edge and build breakage is absent. The wrapper oracle is not enough by itself to show a same-contract fix.",FALSE_POSITIVE,The packet supports only an added generated binding with no old C evidence and no Rust exposure beyond the binding edge. The wrapper oracle is undiffed and not enough for a TRUE label.,FALSE_POSITIVE,"The packet supports only generated binding/layout evidence for `atomic64_xchg` with binding-only Rust exposure. There is no direct old/new C source diff, no build evidence, and the wrapper oracle is weak or broad.",binddrift_review_pooled_pending
e67764afc1e101a69a45315ffb7e8e0275373b4cb87cfd78851b20b5116fcb8f,W-000141,latest-p017-v6.17-to-v6.18,"c_signature,random",SignatureDrift,atomic_fetch_xor,BENIGN_DRIFT,"Generated bindings show the symbol appearing, but Rust exposure is only a generated binding edge and build breakage is absent. The wrapper oracle is not enough by itself to show a same-contract fix.",FALSE_POSITIVE,The packet supports only an added generated binding with no old C evidence and no Rust exposure beyond the binding edge. The wrapper oracle is undiffed and not enough for a TRUE label.,FALSE_POSITIVE,"The packet supports only generated binding/layout evidence for `atomic_fetch_xor` with binding-only Rust exposure. There is no direct old/new C source diff, no build evidence, and the wrapper oracle is weak or broad.",binddrift_review_pooled_pending
e67cc1cf596bb268225067d1f4520765ffcca33cdf8673e5409ecf24d01f9b00,W-000078,latest-p017-v6.17-to-v6.18,c_signature,SignatureDrift,atomic64_sub_return_release,BENIGN_DRIFT,"Generated bindings show the symbol appearing, but Rust exposure is only a generated binding edge and build breakage is absent. The wrapper oracle is not enough by itself to show a same-contract fix.",FALSE_POSITIVE,The packet supports only an added generated binding with no old C evidence and no Rust exposure beyond the binding edge. The wrapper oracle is undiffed and not enough for a TRUE label.,FALSE_POSITIVE,"The packet supports only generated binding/layout evidence for `atomic64_sub_return_release` with binding-only Rust exposure. There is no direct old/new C source diff, no build evidence, and the wrapper oracle is weak or broad.",binddrift_review_pooled_pending
e793026577d43e7e91089410cfeb41928bb2a268e6368fd3ce1a5f7c5e324aa5,W-000154,latest-p017-v6.17-to-v6.18,c_signature,SignatureDrift,atomic_read,BENIGN_DRIFT,"Generated bindings show the symbol appearing, but Rust exposure is only a generated binding edge and build breakage is absent. The wrapper oracle is not enough by itself to show a same-contract fix.",FALSE_POSITIVE,The packet supports only an added generated binding with no old C evidence and no Rust exposure beyond the binding edge. The wrapper oracle is undiffed and not enough for a TRUE label.,FALSE_POSITIVE,"The packet supports only generated binding/layout evidence for `atomic_read` with binding-only Rust exposure. There is no direct old/new C source diff, no build evidence, and the wrapper oracle is weak or broad.",binddrift_review_pooled_pending
e84376739087219bcc38994e1c5a706e89c793f10d457b8fe7e447738ffabae9,W-000001,latest-p016-v6.16-to-v6.17,"binddrift_current,binding_diff,c_signature,no_impact_gate,no_ranking,random,rust_use",SignatureDrift,dev_set_drvdata,TRUE_WRAPPER_FIX,"dev_set_drvdata is added and reached by Device<CoreInternal>::set_drvdata with ForeignOwnable ownership evidence. The oracle hit changes Rust driver probe initialization, plausibly tied to driver private-data setup, but the packet lacks a direct diff.",UNCLEAR,"The packet has only binding-level or absent-to-added evidence plus Rust exposure. There is no direct C source diff, build log, generated binding diff with semantics, or same-contract wrapper fix, so a conservative review cannot choose a stronger label.",UNCLEAR,"Rust reaches dev_set_drvdata, but the only oracle hit is a broad driver probe initialization change. Direct C diff, build evidence, or same-symbol wrapper fix is missing.",manual_review.csv
e8c877d2334e8837ef7e945e8861b806c29cf1e7a3268bf463c75d2cb90206ad,W-000088,latest-p017-v6.17-to-v6.18,"c_signature,no_impact_gate",SignatureDrift,atomic_add,BENIGN_DRIFT,"Generated bindings show the symbol appearing, but Rust exposure is only a generated binding edge and build breakage is absent. The wrapper oracle is not enough by itself to show a same-contract fix.",FALSE_POSITIVE,The packet supports only an added generated binding with no old C evidence and no Rust exposure beyond the binding edge. The wrapper oracle is undiffed and not enough for a TRUE label.,FALSE_POSITIVE,"The packet supports only generated binding/layout evidence for `atomic_add` with binding-only Rust exposure. There is no direct old/new C source diff, no build evidence, and the wrapper oracle is weak or broad.",binddrift_review_pooled_pending
e9bce770466a6c362a3c3ca083792a088fbe8adb14d6559a53caae5b41374aa4,W-000135,latest-p017-v6.17-to-v6.18,"c_signature,no_impact_gate,random",SignatureDrift,atomic_fetch_or_relaxed,BENIGN_DRIFT,"Generated bindings show the symbol appearing, but Rust exposure is only a generated binding edge and build breakage is absent. The wrapper oracle is not enough by itself to show a same-contract fix.",FALSE_POSITIVE,The packet supports only an added generated binding with no old C evidence and no Rust exposure beyond the binding edge. The wrapper oracle is undiffed and not enough for a TRUE label.,FALSE_POSITIVE,"The packet supports only generated binding/layout evidence for `atomic_fetch_or_relaxed` with binding-only Rust exposure. There is no direct old/new C source diff, no build evidence, and the wrapper oracle is weak or broad.",binddrift_review_pooled_pending
ead0c820c9cef70503d65f4b047bd4117c1a2e9d12b7cdea28c78d511f17a644,W-000026,latest-p012-v6.12-to-v6.13,"binding_diff,c_signature,no_impact_gate,random,rust_use",SignatureDrift,queue_work_on,FALSE_POSITIVE,"Old/new evidence is generated Rust binding spelling churn, effectively core::ffi to ffi, not a supported C signature or layout drift. The oracle does not tie a fix to that alias-only change.",FALSE_POSITIVE,"The old/new evidence is generated-binding-only and appears to be ffi namespace or type-rendering churn, not a concrete C API drift. Wrapper oracle text is not enough to rescue the warning without a matching diff.",FALSE_POSITIVE,"Old/new evidence for `queue_work_on` is generated Rust type spelling churn, mainly `core::ffi` to `ffi`, not a supported C contract drift. Wrapper oracle text and absent build evidence do not rescue the warning.",binddrift_review_pooled_pending
f22d6580a681102637a9fbfe2f5860f086e5b6f89f2a8ff9025e5e50b2019aa9,W-000002,latest-p013-v6.13-to-v6.14,"binding_diff,c_signature,no_impact_gate,random,rust_use",SignatureDrift,devm_platform_ioremap_resource,BENIGN_DRIFT,"Generated bindings show the symbol appearing, but Rust exposure is only a generated binding edge and build breakage is absent. The wrapper oracle is not enough by itself to show a same-contract fix.",FALSE_POSITIVE,The packet supports only an added generated binding with no old C evidence and no Rust exposure beyond the binding edge. The wrapper oracle is undiffed and not enough for a TRUE label.,FALSE_POSITIVE,"The packet supports only generated binding/layout evidence for `devm_platform_ioremap_resource` with binding-only Rust exposure. There is no direct old/new C source diff, no build evidence, and the wrapper oracle is weak or broad.",binddrift_review_pooled_pending
f24d684890fa6de99a5bee42d7eaa0c8467ce5f8ca70a1696b2da578ef3cfb8d,W-000009,latest-p016-v6.16-to-v6.17,"binddrift_current,binding_diff,c_signature,no_impact_gate,no_ranking,rust_use",SignatureDrift,regulator_put,TRUE_WRAPPER_FIX,"regulator_put is reached from Regulator<T> Drop. The oracle hit fixes the Regulator wrapper invariant around regulator_get returning non-null, plausibly affecting ownership/drop of the stored regulator pointer.",UNCLEAR,"The packet has only binding-level or absent-to-added evidence plus Rust exposure. There is no direct C source diff, build log, generated binding diff with semantics, or same-contract wrapper fix, so a conservative review cannot choose a stronger label.",UNCLEAR,"Rust reaches regulator_put, but evidence is binding-level absent-to-added only. The regulator_get non-null fix is same module but not a direct fix for this warned symbol or contract.",manual_review.csv
f424888bb7aa5146dbd0912fbd9c62a3d1fe12383eb132a0f568710ed8425f4a,W-000005,latest-p016-v6.16-to-v6.17,"binddrift_current,binding_diff,c_signature,no_impact_gate,no_ranking,rust_use",SignatureDrift,regulator_disable,TRUE_WRAPPER_FIX,"regulator_disable is reached from Regulator<T> enable/disable/drop paths. The oracle hit fixes the Regulator wrapper invariant around regulator_get returning non-null, plausibly affecting stored-pointer methods including disable.",UNCLEAR,"The packet has only binding-level or absent-to-added evidence plus Rust exposure. There is no direct C source diff, build log, generated binding diff with semantics, or same-contract wrapper fix, so a conservative review cannot choose a stronger label.",UNCLEAR,"Rust reaches regulator_disable, but evidence is binding-level absent-to-added only. The regulator_get non-null fix is same module but not a direct fix for this warned symbol or contract.",manual_review.csv
f4f2abebbe59c3a1d203d982655ce5ec59993ef7be7f8c22bea905bda0662d94,W-000007,latest-p013-v6.13-to-v6.14,"c_signature,no_impact_gate,random",SignatureDrift,pci_dev_put,BENIGN_DRIFT,"Generated bindings show the symbol appearing, but Rust exposure is only a generated binding edge and build breakage is absent. The wrapper oracle is not enough by itself to show a same-contract fix.",FALSE_POSITIVE,The packet supports only an added generated binding with no old C evidence and no Rust exposure beyond the binding edge. The wrapper oracle is undiffed and not enough for a TRUE label.,FALSE_POSITIVE,"The packet supports only generated binding/layout evidence for `pci_dev_put` with binding-only Rust exposure. There is no direct old/new C source diff, no build evidence, and the wrapper oracle is weak or broad.",binddrift_review_pooled_pending
f6741da33cd41c225aef023b1b2a71f2e315f0610d131c539603cbe7aedb8ec6,W-000176,latest-p017-v6.17-to-v6.18,"binddrift_current,binding_diff,c_signature,no_impact_gate,no_ranking,rust_use",SignatureDrift,refcount_set,TRUE_WRAPPER_FIX,"refcount_set is added and reached by Refcount::set. Oracle hits implement kernel::sync::Refcount and add refcount helpers, matching the same refcount wrapper contract.",TRUE_WRAPPER_FIX,"Later Rust wrapper/helper/binding evidence is in the same exposed API area and plausibly addresses the warned symbol or contract. C source evidence may be binding-only and no build log is present, so this is a wrapper-fix label, not build breakage.",TRUE_WRAPPER_FIX,"No build oracle. Rust reaches refcount_set through Refcount::set, and refcount helper/Refcount or Arc conversion fixes directly cover the same refcount wrapper contract.",manual_review.csv
f6ef46f55cf4414178e84694e7ab702fab4875c495fbdff6256a9fda65aef97e,W-000042,latest-p017-v6.17-to-v6.18,"c_signature,no_graph,no_impact_gate",SignatureDrift,atomic64_fetch_dec_relaxed,BENIGN_DRIFT,"Generated bindings show the symbol appearing, but Rust exposure is only a generated binding edge and build breakage is absent. The wrapper oracle is not enough by itself to show a same-contract fix.",FALSE_POSITIVE,The packet supports only an added generated binding with no old C evidence and no Rust exposure beyond the binding edge. The wrapper oracle is undiffed and not enough for a TRUE label.,FALSE_POSITIVE,"The packet supports only generated binding/layout evidence for `atomic64_fetch_dec_relaxed` with binding-only Rust exposure. There is no direct old/new C source diff, no build evidence, and the wrapper oracle is weak or broad.",binddrift_review_pooled_pending
f7a1714f8432fb5cd018ebe4ac14ab66000ab0b971687138fc147c1d5e386f17,W-000035,latest-p012-v6.12-to-v6.13,"binding_diff,no_impact_gate,random",FieldDrift,kunit_case,FALSE_POSITIVE,"Old/new evidence is generated Rust binding spelling churn, effectively core::ffi to ffi, not a supported C signature or layout drift. The oracle does not tie a fix to that alias-only change.",FALSE_POSITIVE,"The old/new evidence is generated-binding-only and appears to be ffi namespace or type-rendering churn, not a concrete C API drift. Wrapper oracle text is not enough to rescue the warning without a matching diff.",FALSE_POSITIVE,"Old/new evidence for `kunit_case` is generated Rust type spelling churn, mainly `core::ffi` to `ffi`, not a supported C contract drift. Wrapper oracle text and absent build evidence do not rescue the warning.",binddrift_review_pooled_pending
f7d10a31a56e5415b533ac2ac8018979b48e70405e1b413eab0e00755437a65f,W-000059,latest-p017-v6.17-to-v6.18,"c_signature,no_graph,no_impact_gate,random",SignatureDrift,atomic64_fetch_xor_release,BENIGN_DRIFT,"Generated bindings show the symbol appearing, but Rust exposure is only a generated binding edge and build breakage is absent. The wrapper oracle is not enough by itself to show a same-contract fix.",FALSE_POSITIVE,The packet supports only an added generated binding with no old C evidence and no Rust exposure beyond the binding edge. The wrapper oracle is undiffed and not enough for a TRUE label.,FALSE_POSITIVE,"The packet supports only generated binding/layout evidence for `atomic64_fetch_xor_release` with binding-only Rust exposure. There is no direct old/new C source diff, no build evidence, and the wrapper oracle is weak or broad.",binddrift_review_pooled_pending
f88a81c160de94d71b79d1c22444d3c0dac388f87bcba511bb21ddc9449a3a69,W-000001,latest-p010-v6.10-to-v6.11,"c_signature,no_impact_gate",SignatureDrift,blk_queue_flag_clear,BENIGN_DRIFT,"Generated bindings show the symbol appearing, but Rust exposure is only a generated binding edge and build breakage is absent. The wrapper oracle is not enough by itself to show a same-contract fix.",FALSE_POSITIVE,The packet supports only an added generated binding with no old C evidence and no Rust exposure beyond the binding edge. The wrapper oracle is undiffed and not enough for a TRUE label.,FALSE_POSITIVE,"The packet supports only generated binding/layout evidence for `blk_queue_flag_clear` with binding-only Rust exposure. There is no direct old/new C source diff, no build evidence, and the wrapper oracle is weak or broad.",binddrift_review_pooled_pending
f89b22e87fc12421e8f26dcd6582875ba9916345c7426306a09ca17d972e70ab,W-000013,latest-p018-v6.18-to-v6.19,"binddrift_current,binddrift_oracle_blind,no_graph,no_impact_gate,no_ranking,rust_use",MacroConstDrift,VM_MAYEXEC,UNCLEAR,"The VM_* macro source expression changed and Rust has an unsafe-wrapper exposure, but the packet lacks old/new generated binding evidence and any oracle. The evidence does not show whether INIT_VM_FLAG changes the Rust-visible value or contract.",BENIGN_DRIFT,"C macro spelling changed and Rust references the generated VM flag area, but the packet lacks generated binding value evidence or a Rust stale numeric assumption. The exposure appears robust to regenerated constants; no build or wrapper oracle.",BENIGN_DRIFT,"C macro spelling for VM_MAYEXEC changed, but Rust virt flags mirror bindings::VM_MAYEXEC rather than hardcoding numeric values. No build or wrapper oracle and no stale Rust assumption is shown.",manual_review.csv
f8dcd9f2cd00551e7fcbf283302d8a99ffb5521ed87acb06c679f5224daad64e,W-000017,latest-p012-v6.12-to-v6.13,"binddrift_current,binding_diff,c_signature,no_impact_gate,no_ranking,rust_use",SignatureDrift,errname,TRUE_WRAPPER_FIX,errname is reached by Error::name and the oracle hit explicitly integrates errname into Error Debug in rust/helpers.c and rust/kernel/error.rs. This matches the same Error wrapper surface.,TRUE_WRAPPER_FIX,"Later Rust wrapper/helper/binding evidence is in the same exposed API area and plausibly addresses the warned symbol or contract. C source evidence may be binding-only and no build log is present, so this is a wrapper-fix label, not build breakage.",TRUE_WRAPPER_FIX,"No build oracle. Error::name reaches errname, and the oracle explicitly integrates errname into the Rust Error formatting/helper path, matching the same wrapper contract.",manual_review.csv
fa81a32987fd295b364d30c797263e06f7aa2bd4d8c339f9832f5fd822d9d5c2,W-000120,latest-p017-v6.17-to-v6.18,"c_signature,no_impact_gate",SignatureDrift,atomic_fetch_and_release,BENIGN_DRIFT,"Generated bindings show the symbol appearing, but Rust exposure is only a generated binding edge and build breakage is absent. The wrapper oracle is not enough by itself to show a same-contract fix.",FALSE_POSITIVE,The packet supports only an added generated binding with no old C evidence and no Rust exposure beyond the binding edge. The wrapper oracle is undiffed and not enough for a TRUE label.,FALSE_POSITIVE,"The packet supports only generated binding/layout evidence for `atomic_fetch_and_release` with binding-only Rust exposure. There is no direct old/new C source diff, no build evidence, and the wrapper oracle is weak or broad.",binddrift_review_pooled_pending
fa884a540642a49387974276d6cb6784c1125cad71c979d5ef335e1177f90c73,W-000114,latest-p017-v6.17-to-v6.18,"c_signature,no_impact_gate",SignatureDrift,atomic_fetch_add_relaxed,BENIGN_DRIFT,"Generated bindings show the symbol appearing, but Rust exposure is only a generated binding edge and build breakage is absent. The wrapper oracle is not enough by itself to show a same-contract fix.",FALSE_POSITIVE,The packet supports only an added generated binding with no old C evidence and no Rust exposure beyond the binding edge. The wrapper oracle is undiffed and not enough for a TRUE label.,FALSE_POSITIVE,"The packet supports only generated binding/layout evidence for `atomic_fetch_add_relaxed` with binding-only Rust exposure. There is no direct old/new C source diff, no build evidence, and the wrapper oracle is weak or broad.",binddrift_review_pooled_pending
faa9658fa81ce32c32088c814a76f9f395e38e9703ed634251125933ad168efb,W-000023,latest-p012-v6.12-to-v6.13,"binddrift_current,binding_diff,c_signature,no_impact_gate,no_ranking,random,rust_use",SignatureDrift,mdiobus_write,TRUE_WRAPPER_FIX,mdiobus_write is reached by Rust net PHY code and oracle hits a unified read/write API for C22/C45 registers in rust/kernel/net/phy.rs. This matches the same MDIO wrapper contract.,TRUE_WRAPPER_FIX,"Later Rust wrapper/helper/binding evidence is in the same exposed API area and plausibly addresses the warned symbol or contract. C source evidence may be binding-only and no build log is present, so this is a wrapper-fix label, not build breakage.",TRUE_WRAPPER_FIX,"No build oracle. Rust net PHY code reaches mdiobus_write, and the unified C22/C45 read/write API fix in rust/kernel/net/phy.rs matches the same MDIO/PHY wrapper contract.",manual_review.csv
fae84bd46b99633f34b574b4bf3ed897a82e64cffd54ca14153f7d7ffb9ef960,W-000054,latest-p017-v6.17-to-v6.18,"c_signature,no_graph,no_impact_gate",SignatureDrift,atomic64_fetch_sub_relaxed,BENIGN_DRIFT,"Generated bindings show the symbol appearing, but Rust exposure is only a generated binding edge and build breakage is absent. The wrapper oracle is not enough by itself to show a same-contract fix.",FALSE_POSITIVE,The packet supports only an added generated binding with no old C evidence and no Rust exposure beyond the binding edge. The wrapper oracle is undiffed and not enough for a TRUE label.,FALSE_POSITIVE,"The packet supports only generated binding/layout evidence for `atomic64_fetch_sub_relaxed` with binding-only Rust exposure. There is no direct old/new C source diff, no build evidence, and the wrapper oracle is weak or broad.",binddrift_review_pooled_pending
fb45290d55a2a71bdaab2f17e23685ec9c9e2a2ce020407caf05a9bec173d996,W-000022,latest-p017-v6.17-to-v6.18,"c_signature,no_graph,no_impact_gate",SignatureDrift,atomic64_dec_return,BENIGN_DRIFT,"Generated bindings show the symbol appearing, but Rust exposure is only a generated binding edge and build breakage is absent. The wrapper oracle is not enough by itself to show a same-contract fix.",FALSE_POSITIVE,The packet supports only an added generated binding with no old C evidence and no Rust exposure beyond the binding edge. The wrapper oracle is undiffed and not enough for a TRUE label.,FALSE_POSITIVE,"The packet supports only generated binding/layout evidence for `atomic64_dec_return` with binding-only Rust exposure. There is no direct old/new C source diff, no build evidence, and the wrapper oracle is weak or broad.",binddrift_review_pooled_pending
fb7e2736a90940dafdeab11f01efd3edc3514755cc23c325dd9f6e3d98a35106,W-000023,latest-p018-v6.18-to-v6.19,"binddrift_current,binddrift_oracle_blind,no_graph,no_impact_gate,no_ranking,random,rust_use",MacroConstDrift,VM_SHARED,UNCLEAR,"The VM_* macro source expression changed and Rust has an unsafe-wrapper exposure, but the packet lacks old/new generated binding evidence and any oracle. The evidence does not show whether INIT_VM_FLAG changes the Rust-visible value or contract.",BENIGN_DRIFT,"C macro spelling changed and Rust references the generated VM flag area, but the packet lacks generated binding value evidence or a Rust stale numeric assumption. The exposure appears robust to regenerated constants; no build or wrapper oracle.",BENIGN_DRIFT,"C macro spelling for VM_SHARED changed, but Rust virt flags mirror bindings::VM_SHARED rather than hardcoding numeric values. No build or wrapper oracle and no stale Rust assumption is shown.",manual_review.csv
fd7adb7aa151991c0fadce9167e16b157fdd69559e3aaba40a8ec27f668cded0,W-000016,latest-p012-v6.12-to-v6.13,"binddrift_current,binding_diff,c_signature,no_impact_gate,no_ranking,rust_use",SignatureDrift,device_add_disk,BENIGN_DRIFT,"device_add_disk evidence shows only core::ffi to ffi type spelling changes. Rust GenDiskBuilder exposure is real, but the oracle hit is documentation formatting and no changed API contract is shown.",FALSE_POSITIVE,"The packet shows generated binding churn or a namespace/type-alias-only change rather than supported C contract drift. Wrapper evidence is absent or not tied to the claimed drift, so the warning is not supported.",FALSE_POSITIVE,"The old/new evidence for device_add_disk is only type-path or namespace churn such as core::ffi to ffi, with no supported C contract drift or direct same-drift wrapper fix.",manual_review.csv
fd8413f9220fe84bac2a97609d08dcf875f3f7c922f085aa51b7ff3d1265e584,W-000053,latest-p017-v6.17-to-v6.18,"c_signature,no_graph,no_impact_gate",SignatureDrift,atomic64_fetch_sub_acquire,BENIGN_DRIFT,"Generated bindings show the symbol appearing, but Rust exposure is only a generated binding edge and build breakage is absent. The wrapper oracle is not enough by itself to show a same-contract fix.",FALSE_POSITIVE,The packet supports only an added generated binding with no old C evidence and no Rust exposure beyond the binding edge. The wrapper oracle is undiffed and not enough for a TRUE label.,FALSE_POSITIVE,"The packet supports only generated binding/layout evidence for `atomic64_fetch_sub_acquire` with binding-only Rust exposure. There is no direct old/new C source diff, no build evidence, and the wrapper oracle is weak or broad.",binddrift_review_pooled_pending
fdcea87036bed01e6fcea2ade67eedef8d8d6b3df9355f2b6ff45c6d85ace7ac,W-000102,latest-p017-v6.17-to-v6.18,"c_signature,no_impact_gate",SignatureDrift,atomic_cmpxchg_relaxed,BENIGN_DRIFT,"Generated bindings show the symbol appearing, but Rust exposure is only a generated binding edge and build breakage is absent. The wrapper oracle is not enough by itself to show a same-contract fix.",FALSE_POSITIVE,The packet supports only an added generated binding with no old C evidence and no Rust exposure beyond the binding edge. The wrapper oracle is undiffed and not enough for a TRUE label.,FALSE_POSITIVE,"The packet supports only generated binding/layout evidence for `atomic_cmpxchg_relaxed` with binding-only Rust exposure. There is no direct old/new C source diff, no build evidence, and the wrapper oracle is weak or broad.",binddrift_review_pooled_pending
ff533a4ff6c94504944f67ded0e0d0cbefc4c2cfa19229f312c0c726730b2578,W-000121,latest-p017-v6.17-to-v6.18,"c_signature,no_impact_gate,random",SignatureDrift,atomic_fetch_andnot,BENIGN_DRIFT,"Generated bindings show the symbol appearing, but Rust exposure is only a generated binding edge and build breakage is absent. The wrapper oracle is not enough by itself to show a same-contract fix.",FALSE_POSITIVE,The packet supports only an added generated binding with no old C evidence and no Rust exposure beyond the binding edge. The wrapper oracle is undiffed and not enough for a TRUE label.,FALSE_POSITIVE,"The packet supports only generated binding/layout evidence for `atomic_fetch_andnot` with binding-only Rust exposure. There is no direct old/new C source diff, no build evidence, and the wrapper oracle is weak or broad.",binddrift_review_pooled_pending
