warning_id,type,risk,score,symbol,reviewer1_label,reviewer1_notes,reviewer2_label,reviewer2_notes,adjudicated_label,adjudication_notes,label,reviewer_notes
W-000283,SignatureDrift,High,14.6,cs,FALSE_POSITIVE,"Only absent->added signature evidence plus generated binding edges; no old/new C signature, source diff, Rust wrapper use, build log, or wrapper fix supports drift.",FALSE_POSITIVE,"Strict review: the packet shows a new generated binding exposure, not concrete signature drift or stale Rust contract evidence. No oracle evidence is present.",FALSE_POSITIVE,Adjudicated FALSE_POSITIVE: absent/added signature evidence without concrete source diff or Rust contract dependence is insufficient under the conservative standard.,,
W-000624,SignatureDrift,High,14.2,ss,FALSE_POSITIVE,"Only absent->added signature evidence plus generated binding edges; no old/new C signature, source diff, Rust wrapper use, build log, or wrapper fix supports drift.",FALSE_POSITIVE,"Strict review: the packet shows a new generated binding exposure, not concrete signature drift or stale Rust contract evidence. No oracle evidence is present.",FALSE_POSITIVE,Adjudicated FALSE_POSITIVE: absent/added signature evidence without concrete source diff or Rust contract dependence is insufficient under the conservative standard.,,
W-000612,SignatureDrift,High,13.2,sl,FALSE_POSITIVE,"Only absent->added signature evidence plus generated binding edges; no old/new C signature, source diff, Rust wrapper use, build log, or wrapper fix supports drift.",FALSE_POSITIVE,"Strict review: the packet shows a new generated binding exposure, not concrete signature drift or stale Rust contract evidence. No oracle evidence is present.",FALSE_POSITIVE,Adjudicated FALSE_POSITIVE: absent/added signature evidence without concrete source diff or Rust contract dependence is insufficient under the conservative standard.,,
W-000648,SignatureDrift,High,12.8,text_poke,FALSE_POSITIVE,"Only absent->added signature evidence plus generated binding edges; no old/new C signature, source diff, Rust wrapper use, build log, or wrapper fix supports drift.",FALSE_POSITIVE,"Strict review: the packet shows a new generated binding exposure, not concrete signature drift or stale Rust contract evidence. No oracle evidence is present.",FALSE_POSITIVE,Adjudicated FALSE_POSITIVE: absent/added signature evidence without concrete source diff or Rust contract dependence is insufficient under the conservative standard.,,
W-000704,FieldDrift,High,12.6,bio,FALSE_POSITIVE,"Field evidence is absent/opaque on one side (0 old fields, 22 new fields); Rust exposure is generated-only and lacks source diff/oracle support.",FALSE_POSITIVE,"Strict review: opaque/absent field extraction for bio is not concrete C drift evidence, and no Rust wrapper or build failure is shown.",FALSE_POSITIVE,Adjudicated FALSE_POSITIVE: absent/opaque field evidence without concrete source/diff support is insufficient for a true or benign drift label.,,
W-000708,FieldDrift,High,12.6,bpf_prog,FALSE_POSITIVE,"Field evidence is absent/opaque on one side (0 old fields, 14 new fields); Rust exposure is generated-only and lacks source diff/oracle support.",FALSE_POSITIVE,"Strict review: opaque/absent field extraction for bpf_prog is not concrete C drift evidence, and no Rust wrapper or build failure is shown.",FALSE_POSITIVE,Adjudicated FALSE_POSITIVE: absent/opaque field evidence without concrete source/diff support is insufficient for a true or benign drift label.,,
W-000709,FieldDrift,High,12.6,cgroup,FALSE_POSITIVE,"Field evidence is absent/opaque on one side (1 old fields, 42 new fields); Rust exposure is generated-only and lacks source diff/oracle support.",FALSE_POSITIVE,"Strict review: opaque/absent field extraction for cgroup is not concrete C drift evidence, and no Rust wrapper or build failure is shown.",FALSE_POSITIVE,Adjudicated FALSE_POSITIVE: absent/opaque field evidence without concrete source/diff support is insufficient for a true or benign drift label.,,
W-000716,FieldDrift,High,12.6,inode,BENIGN_DRIFT,"C field diff is supported (i_write_hint u8_->rw_hint), but Rust evidence is generated bindings only; no safe/unsafe wrapper contract, build break, or wrapper fix depends on it.",BENIGN_DRIFT,"Real field drift for inode, but the packet shows no Rust use of the changed fields beyond bindings and no oracle evidence. Treat as harmless.",BENIGN_DRIFT,"Adjudicated BENIGN_DRIFT: concrete C field drift exists, but Rust impact is not supported beyond generated binding exposure.",,
W-000719,FieldDrift,High,12.6,module,BENIGN_DRIFT,"C field diff is supported (ctors removed; num_ctors removed), but Rust evidence is generated bindings only; no safe/unsafe wrapper contract, build break, or wrapper fix depends on it.",BENIGN_DRIFT,"Real field drift for module, but the packet shows no Rust use of the changed fields beyond bindings and no oracle evidence. Treat as harmless.",BENIGN_DRIFT,"Adjudicated BENIGN_DRIFT: concrete C field drift exists, but Rust impact is not supported beyond generated binding exposure.",,
W-000724,FieldDrift,High,12.6,phy_device,BENIGN_DRIFT,"C fields changed (drv const plus EEE fields), but Rust Device uses opaque/from_raw invariants and other accessors; no build log, wrapper fix, or dependency on changed fields.",BENIGN_DRIFT,"Real phy_device field drift, yet the Rust facts show only opaque lifetime/safety context; changed fields are not tied to a stale safe/unsafe contract.",BENIGN_DRIFT,"Adjudicated BENIGN_DRIFT: concrete C field drift exists, but Rust exposure is robust/opaque and no changed-field contract dependence or oracle evidence is shown.",,
W-000725,FieldDrift,High,12.6,phy_driver,BENIGN_DRIFT,"C phy_driver gained led_polarity_set, while Rust create_phy_driver initializes known callbacks and zeroes the rest; no build break or wrapper-fix evidence.",BENIGN_DRIFT,"Real field addition reaches the generated struct, but Rust uses a vtable wrapper with zeroed trailing fields; no stale contract dependence is shown.",BENIGN_DRIFT,"Adjudicated BENIGN_DRIFT: real C field addition, but Rust wrapper initialization is robust and there is no build/wrapper-fix or semantic-drift oracle.",,
W-000738,FieldDrift,High,12.4,taskstats,FALSE_POSITIVE,"Field evidence is absent/opaque on one side (1 old fields, 57 new fields); Rust exposure is generated-only and lacks source diff/oracle support.",FALSE_POSITIVE,"Strict review: opaque/absent field extraction for taskstats is not concrete C drift evidence, and no Rust wrapper or build failure is shown.",FALSE_POSITIVE,Adjudicated FALSE_POSITIVE: absent/opaque field evidence without concrete source/diff support is insufficient for a true or benign drift label.,,
W-000727,FieldDrift,High,12.2,pid,BENIGN_DRIFT,"C field diff is supported (ino added; stashed added), but Rust evidence is generated bindings only; no safe/unsafe wrapper contract, build break, or wrapper fix depends on it.",BENIGN_DRIFT,"Real field drift for pid, but the packet shows no Rust use of the changed fields beyond bindings and no oracle evidence. Treat as harmless.",BENIGN_DRIFT,"Adjudicated BENIGN_DRIFT: concrete C field drift exists, but Rust impact is not supported beyond generated binding exposure.",,
W-000485,SignatureDrift,High,12.0,nmi,FALSE_POSITIVE,"Only absent->added signature evidence plus generated binding edges; no old/new C signature, source diff, Rust wrapper use, build log, or wrapper fix supports drift.",FALSE_POSITIVE,"Strict review: the packet shows a new generated binding exposure, not concrete signature drift or stale Rust contract evidence. No oracle evidence is present.",FALSE_POSITIVE,Adjudicated FALSE_POSITIVE: absent/added signature evidence without concrete source diff or Rust contract dependence is insufficient under the conservative standard.,,
W-000718,FieldDrift,High,12.0,kernfs_node,BENIGN_DRIFT,"C field diff is supported (rcu added), but Rust evidence is generated bindings only; no safe/unsafe wrapper contract, build break, or wrapper fix depends on it.",BENIGN_DRIFT,"Real field drift for kernfs_node, but the packet shows no Rust use of the changed fields beyond bindings and no oracle evidence. Treat as harmless.",BENIGN_DRIFT,"Adjudicated BENIGN_DRIFT: concrete C field drift exists, but Rust impact is not supported beyond generated binding exposure.",,
W-000059,SignatureDrift,High,11.6,arch_cpu_idle,FALSE_POSITIVE,"Only absent->added signature evidence plus generated binding edges; no old/new C signature, source diff, Rust wrapper use, build log, or wrapper fix supports drift.",FALSE_POSITIVE,"Strict review: the packet shows a new generated binding exposure, not concrete signature drift or stale Rust contract evidence. No oracle evidence is present.",FALSE_POSITIVE,Adjudicated FALSE_POSITIVE: absent/added signature evidence without concrete source diff or Rust contract dependence is insufficient under the conservative standard.,,
W-000160,SignatureDrift,High,11.6,btf_get,FALSE_POSITIVE,"Only absent->added signature evidence plus generated binding edges; no old/new C signature, source diff, Rust wrapper use, build log, or wrapper fix supports drift.",FALSE_POSITIVE,"Strict review: the packet shows a new generated binding exposure, not concrete signature drift or stale Rust contract evidence. No oracle evidence is present.",FALSE_POSITIVE,Adjudicated FALSE_POSITIVE: absent/added signature evidence without concrete source diff or Rust contract dependence is insufficient under the conservative standard.,,
W-000566,SignatureDrift,High,11.6,seq_hlist_start,FALSE_POSITIVE,"Only absent->added signature evidence plus generated binding edges; no old/new C signature, source diff, Rust wrapper use, build log, or wrapper fix supports drift.",FALSE_POSITIVE,"Strict review: the packet shows a new generated binding exposure, not concrete signature drift or stale Rust contract evidence. No oracle evidence is present.",FALSE_POSITIVE,Adjudicated FALSE_POSITIVE: absent/added signature evidence without concrete source diff or Rust contract dependence is insufficient under the conservative standard.,,
W-000206,SignatureDrift,High,11.4,cgroup_free,FALSE_POSITIVE,"Only absent->added signature evidence plus generated binding edges; no old/new C signature, source diff, Rust wrapper use, build log, or wrapper fix supports drift.",FALSE_POSITIVE,"Strict review: the packet shows a new generated binding exposure, not concrete signature drift or stale Rust contract evidence. No oracle evidence is present.",FALSE_POSITIVE,Adjudicated FALSE_POSITIVE: absent/added signature evidence without concrete source diff or Rust contract dependence is insufficient under the conservative standard.,,
W-000573,SignatureDrift,High,11.4,seq_list_start,FALSE_POSITIVE,"Only absent->added signature evidence plus generated binding edges; no old/new C signature, source diff, Rust wrapper use, build log, or wrapper fix supports drift.",FALSE_POSITIVE,"Strict review: the packet shows a new generated binding exposure, not concrete signature drift or stale Rust contract evidence. No oracle evidence is present.",FALSE_POSITIVE,Adjudicated FALSE_POSITIVE: absent/added signature evidence without concrete source diff or Rust contract dependence is insufficient under the conservative standard.,,
W-000732,FieldDrift,High,11.4,sk_buff,BENIGN_DRIFT,"C field diff is supported (__bindgen_anon_5 removed; sk added), but Rust evidence is generated bindings only; no safe/unsafe wrapper contract, build break, or wrapper fix depends on it.",BENIGN_DRIFT,"Real field drift for sk_buff, but the packet shows no Rust use of the changed fields beyond bindings and no oracle evidence. Treat as harmless.",BENIGN_DRIFT,"Adjudicated BENIGN_DRIFT: concrete C field drift exists, but Rust impact is not supported beyond generated binding exposure.",,
W-000125,SignatureDrift,High,11.2,bpf_prog_array_copy,FALSE_POSITIVE,"Only absent->added signature evidence plus generated binding edges; no old/new C signature, source diff, Rust wrapper use, build log, or wrapper fix supports drift.",FALSE_POSITIVE,"Strict review: the packet shows a new generated binding exposure, not concrete signature drift or stale Rust contract evidence. No oracle evidence is present.",FALSE_POSITIVE,Adjudicated FALSE_POSITIVE: absent/added signature evidence without concrete source diff or Rust contract dependence is insufficient under the conservative standard.,,
W-000207,SignatureDrift,High,11.2,cgroup_freeze,FALSE_POSITIVE,"Only absent->added signature evidence plus generated binding edges; no old/new C signature, source diff, Rust wrapper use, build log, or wrapper fix supports drift.",FALSE_POSITIVE,"Strict review: the packet shows a new generated binding exposure, not concrete signature drift or stale Rust contract evidence. No oracle evidence is present.",FALSE_POSITIVE,Adjudicated FALSE_POSITIVE: absent/added signature evidence without concrete source diff or Rust contract dependence is insufficient under the conservative standard.,,
W-000223,SignatureDrift,High,11.2,cgroup_rstat_flush,FALSE_POSITIVE,"Only absent->added signature evidence plus generated binding edges; no old/new C signature, source diff, Rust wrapper use, build log, or wrapper fix supports drift.",FALSE_POSITIVE,"Strict review: the packet shows a new generated binding exposure, not concrete signature drift or stale Rust contract evidence. No oracle evidence is present.",FALSE_POSITIVE,Adjudicated FALSE_POSITIVE: absent/added signature evidence without concrete source diff or Rust contract dependence is insufficient under the conservative standard.,,
W-000405,SignatureDrift,High,11.2,kallsyms_lookup,FALSE_POSITIVE,"Only absent->added signature evidence plus generated binding edges; no old/new C signature, source diff, Rust wrapper use, build log, or wrapper fix supports drift.",FALSE_POSITIVE,"Strict review: the packet shows a new generated binding exposure, not concrete signature drift or stale Rust contract evidence. No oracle evidence is present.",FALSE_POSITIVE,Adjudicated FALSE_POSITIVE: absent/added signature evidence without concrete source diff or Rust contract dependence is insufficient under the conservative standard.,,
W-000420,SignatureDrift,High,11.2,kstrdup_quotable,FALSE_POSITIVE,"Only absent->added signature evidence plus generated binding edges; no old/new C signature, source diff, Rust wrapper use, build log, or wrapper fix supports drift.",FALSE_POSITIVE,"Strict review: the packet shows a new generated binding exposure, not concrete signature drift or stale Rust contract evidence. No oracle evidence is present.",FALSE_POSITIVE,Adjudicated FALSE_POSITIVE: absent/added signature evidence without concrete source diff or Rust contract dependence is insufficient under the conservative standard.,,
W-000563,SignatureDrift,High,11.2,seq_hlist_next,FALSE_POSITIVE,"Only absent->added signature evidence plus generated binding edges; no old/new C signature, source diff, Rust wrapper use, build log, or wrapper fix supports drift.",FALSE_POSITIVE,"Strict review: the packet shows a new generated binding exposure, not concrete signature drift or stale Rust contract evidence. No oracle evidence is present.",FALSE_POSITIVE,Adjudicated FALSE_POSITIVE: absent/added signature evidence without concrete source diff or Rust contract dependence is insufficient under the conservative standard.,,
W-000619,SignatureDrift,High,11.2,sprint_symbol,FALSE_POSITIVE,"Only absent->added signature evidence plus generated binding edges; no old/new C signature, source diff, Rust wrapper use, build log, or wrapper fix supports drift.",FALSE_POSITIVE,"Strict review: the packet shows a new generated binding exposure, not concrete signature drift or stale Rust contract evidence. No oracle evidence is present.",FALSE_POSITIVE,Adjudicated FALSE_POSITIVE: absent/added signature evidence without concrete source diff or Rust contract dependence is insufficient under the conservative standard.,,
W-000644,SignatureDrift,High,11.2,tasklet_unlock,FALSE_POSITIVE,"Only absent->added signature evidence plus generated binding edges; no old/new C signature, source diff, Rust wrapper use, build log, or wrapper fix supports drift.",FALSE_POSITIVE,"Strict review: the packet shows a new generated binding exposure, not concrete signature drift or stale Rust contract evidence. No oracle evidence is present.",FALSE_POSITIVE,Adjudicated FALSE_POSITIVE: absent/added signature evidence without concrete source diff or Rust contract dependence is insufficient under the conservative standard.,,
W-000003,SignatureDrift,High,11.0,__bpf_dynptr_data,FALSE_POSITIVE,"Only absent->added signature evidence plus generated binding edges; no old/new C signature, source diff, Rust wrapper use, build log, or wrapper fix supports drift.",FALSE_POSITIVE,"Strict review: the packet shows a new generated binding exposure, not concrete signature drift or stale Rust contract evidence. No oracle evidence is present.",FALSE_POSITIVE,Adjudicated FALSE_POSITIVE: absent/added signature evidence without concrete source diff or Rust contract dependence is insufficient under the conservative standard.,,
W-000012,SignatureDrift,High,11.0,__cgroup_account_cputime,FALSE_POSITIVE,"Only absent->added signature evidence plus generated binding edges; no old/new C signature, source diff, Rust wrapper use, build log, or wrapper fix supports drift.",FALSE_POSITIVE,"Strict review: the packet shows a new generated binding exposure, not concrete signature drift or stale Rust contract evidence. No oracle evidence is present.",FALSE_POSITIVE,Adjudicated FALSE_POSITIVE: absent/added signature evidence without concrete source diff or Rust contract dependence is insufficient under the conservative standard.,,
W-000014,SignatureDrift,High,11.0,__cpuhp_remove_state,FALSE_POSITIVE,"Only absent->added signature evidence plus generated binding edges; no old/new C signature, source diff, Rust wrapper use, build log, or wrapper fix supports drift.",FALSE_POSITIVE,"Strict review: the packet shows a new generated binding exposure, not concrete signature drift or stale Rust contract evidence. No oracle evidence is present.",FALSE_POSITIVE,Adjudicated FALSE_POSITIVE: absent/added signature evidence without concrete source diff or Rust contract dependence is insufficient under the conservative standard.,,
W-000016,SignatureDrift,High,11.0,__cpuhp_setup_state,FALSE_POSITIVE,"Only absent->added signature evidence plus generated binding edges; no old/new C signature, source diff, Rust wrapper use, build log, or wrapper fix supports drift.",FALSE_POSITIVE,"Strict review: the packet shows a new generated binding exposure, not concrete signature drift or stale Rust contract evidence. No oracle evidence is present.",FALSE_POSITIVE,Adjudicated FALSE_POSITIVE: absent/added signature evidence without concrete source diff or Rust contract dependence is insufficient under the conservative standard.,,
W-000018,SignatureDrift,High,11.0,__cpuhp_state_add_instance,FALSE_POSITIVE,"Only absent->added signature evidence plus generated binding edges; no old/new C signature, source diff, Rust wrapper use, build log, or wrapper fix supports drift.",FALSE_POSITIVE,"Strict review: the packet shows a new generated binding exposure, not concrete signature drift or stale Rust contract evidence. No oracle evidence is present.",FALSE_POSITIVE,Adjudicated FALSE_POSITIVE: absent/added signature evidence without concrete source diff or Rust contract dependence is insufficient under the conservative standard.,,
W-000023,SignatureDrift,High,11.0,__fprop_add_percpu,FALSE_POSITIVE,"Only absent->added signature evidence plus generated binding edges; no old/new C signature, source diff, Rust wrapper use, build log, or wrapper fix supports drift.",FALSE_POSITIVE,"Strict review: the packet shows a new generated binding exposure, not concrete signature drift or stale Rust contract evidence. No oracle evidence is present.",FALSE_POSITIVE,Adjudicated FALSE_POSITIVE: absent/added signature evidence without concrete source diff or Rust contract dependence is insufficient under the conservative standard.,,
W-000030,SignatureDrift,High,11.0,__register_one_node,FALSE_POSITIVE,"Only absent->added signature evidence plus generated binding edges; no old/new C signature, source diff, Rust wrapper use, build log, or wrapper fix supports drift.",FALSE_POSITIVE,"Strict review: the packet shows a new generated binding exposure, not concrete signature drift or stale Rust contract evidence. No oracle evidence is present.",FALSE_POSITIVE,Adjudicated FALSE_POSITIVE: absent/added signature evidence without concrete source diff or Rust contract dependence is insufficient under the conservative standard.,,
W-000088,SignatureDrift,High,11.0,balance_dirty_pages_ratelimited,FALSE_POSITIVE,"Only absent->added signature evidence plus generated binding edges; no old/new C signature, source diff, Rust wrapper use, build log, or wrapper fix supports drift.",FALSE_POSITIVE,"Strict review: the packet shows a new generated binding exposure, not concrete signature drift or stale Rust contract evidence. No oracle evidence is present.",FALSE_POSITIVE,Adjudicated FALSE_POSITIVE: absent/added signature evidence without concrete source diff or Rust contract dependence is insufficient under the conservative standard.,,
W-000128,SignatureDrift,High,11.0,bpf_prog_array_delete_safe,FALSE_POSITIVE,"Only absent->added signature evidence plus generated binding edges; no old/new C signature, source diff, Rust wrapper use, build log, or wrapper fix supports drift.",FALSE_POSITIVE,"Strict review: the packet shows a new generated binding exposure, not concrete signature drift or stale Rust contract evidence. No oracle evidence is present.",FALSE_POSITIVE,Adjudicated FALSE_POSITIVE: absent/added signature evidence without concrete source diff or Rust contract dependence is insufficient under the conservative standard.,,
W-000130,SignatureDrift,High,11.0,bpf_prog_array_free,FALSE_POSITIVE,"Only absent->added signature evidence plus generated binding edges; no old/new C signature, source diff, Rust wrapper use, build log, or wrapper fix supports drift.",FALSE_POSITIVE,"Strict review: the packet shows a new generated binding exposure, not concrete signature drift or stale Rust contract evidence. No oracle evidence is present.",FALSE_POSITIVE,Adjudicated FALSE_POSITIVE: absent/added signature evidence without concrete source diff or Rust contract dependence is insufficient under the conservative standard.,,
W-000180,SignatureDrift,High,11.0,btf_type_seq_show,FALSE_POSITIVE,"Only absent->added signature evidence plus generated binding edges; no old/new C signature, source diff, Rust wrapper use, build log, or wrapper fix supports drift.",FALSE_POSITIVE,"Strict review: the packet shows a new generated binding exposure, not concrete signature drift or stale Rust contract evidence. No oracle evidence is present.",FALSE_POSITIVE,Adjudicated FALSE_POSITIVE: absent/added signature evidence without concrete source diff or Rust contract dependence is insufficient under the conservative standard.,,
W-000213,SignatureDrift,High,11.0,cgroup_init,FALSE_POSITIVE,"Only absent->added signature evidence plus generated binding edges; no old/new C signature, source diff, Rust wrapper use, build log, or wrapper fix supports drift.",FALSE_POSITIVE,"Strict review: the packet shows a new generated binding exposure, not concrete signature drift or stale Rust contract evidence. No oracle evidence is present.",FALSE_POSITIVE,Adjudicated FALSE_POSITIVE: absent/added signature evidence without concrete source diff or Rust contract dependence is insufficient under the conservative standard.,,
W-000240,SignatureDrift,High,11.0,cpu_add_dev_attr,FALSE_POSITIVE,"Only absent->added signature evidence plus generated binding edges; no old/new C signature, source diff, Rust wrapper use, build log, or wrapper fix supports drift.",FALSE_POSITIVE,"Strict review: the packet shows a new generated binding exposure, not concrete signature drift or stale Rust contract evidence. No oracle evidence is present.",FALSE_POSITIVE,Adjudicated FALSE_POSITIVE: absent/added signature evidence without concrete source diff or Rust contract dependence is insufficient under the conservative standard.,,
W-000254,SignatureDrift,High,11.0,cpu_remove_dev_attr,FALSE_POSITIVE,"Only absent->added signature evidence plus generated binding edges; no old/new C signature, source diff, Rust wrapper use, build log, or wrapper fix supports drift.",FALSE_POSITIVE,"Strict review: the packet shows a new generated binding exposure, not concrete signature drift or stale Rust contract evidence. No oracle evidence is present.",FALSE_POSITIVE,Adjudicated FALSE_POSITIVE: absent/added signature evidence without concrete source diff or Rust contract dependence is insufficient under the conservative standard.,,
W-000308,SignatureDrift,High,11.0,disable_irq,FALSE_POSITIVE,"Only absent->added signature evidence plus generated binding edges; no old/new C signature, source diff, Rust wrapper use, build log, or wrapper fix supports drift.",FALSE_POSITIVE,"Strict review: the packet shows a new generated binding exposure, not concrete signature drift or stale Rust contract evidence. No oracle evidence is present.",FALSE_POSITIVE,Adjudicated FALSE_POSITIVE: absent/added signature evidence without concrete source diff or Rust contract dependence is insufficient under the conservative standard.,,
W-000334,SignatureDrift,High,11.0,extra,FALSE_POSITIVE,"Only absent->added signature evidence plus generated binding edges; no old/new C signature, source diff, Rust wrapper use, build log, or wrapper fix supports drift.",FALSE_POSITIVE,"Strict review: the packet shows a new generated binding exposure, not concrete signature drift or stale Rust contract evidence. No oracle evidence is present.",FALSE_POSITIVE,Adjudicated FALSE_POSITIVE: absent/added signature evidence without concrete source diff or Rust contract dependence is insufficient under the conservative standard.,,
W-000394,SignatureDrift,High,11.0,irq_set_affinity,FALSE_POSITIVE,"Only absent->added signature evidence plus generated binding edges; no old/new C signature, source diff, Rust wrapper use, build log, or wrapper fix supports drift.",FALSE_POSITIVE,"Strict review: the packet shows a new generated binding exposure, not concrete signature drift or stale Rust contract evidence. No oracle evidence is present.",FALSE_POSITIVE,Adjudicated FALSE_POSITIVE: absent/added signature evidence without concrete source diff or Rust contract dependence is insufficient under the conservative standard.,,
W-000424,SignatureDrift,High,11.0,kthread_bind,FALSE_POSITIVE,"Only absent->added signature evidence plus generated binding edges; no old/new C signature, source diff, Rust wrapper use, build log, or wrapper fix supports drift.",FALSE_POSITIVE,"Strict review: the packet shows a new generated binding exposure, not concrete signature drift or stale Rust contract evidence. No oracle evidence is present.",FALSE_POSITIVE,Adjudicated FALSE_POSITIVE: absent/added signature evidence without concrete source diff or Rust contract dependence is insufficient under the conservative standard.,,
W-000432,SignatureDrift,High,11.0,kthread_create_worker,FALSE_POSITIVE,"Only absent->added signature evidence plus generated binding edges; no old/new C signature, source diff, Rust wrapper use, build log, or wrapper fix supports drift.",FALSE_POSITIVE,"Strict review: the packet shows a new generated binding exposure, not concrete signature drift or stale Rust contract evidence. No oracle evidence is present.",FALSE_POSITIVE,Adjudicated FALSE_POSITIVE: absent/added signature evidence without concrete source diff or Rust contract dependence is insufficient under the conservative standard.,,
W-000438,SignatureDrift,High,11.0,kthread_flush_work,FALSE_POSITIVE,"Only absent->added signature evidence plus generated binding edges; no old/new C signature, source diff, Rust wrapper use, build log, or wrapper fix supports drift.",FALSE_POSITIVE,"Strict review: the packet shows a new generated binding exposure, not concrete signature drift or stale Rust contract evidence. No oracle evidence is present.",FALSE_POSITIVE,Adjudicated FALSE_POSITIVE: absent/added signature evidence without concrete source diff or Rust contract dependence is insufficient under the conservative standard.,,
W-000444,SignatureDrift,High,11.0,kthread_park,FALSE_POSITIVE,"Only absent->added signature evidence plus generated binding edges; no old/new C signature, source diff, Rust wrapper use, build log, or wrapper fix supports drift.",FALSE_POSITIVE,"Strict review: the packet shows a new generated binding exposure, not concrete signature drift or stale Rust contract evidence. No oracle evidence is present.",FALSE_POSITIVE,Adjudicated FALSE_POSITIVE: absent/added signature evidence without concrete source diff or Rust contract dependence is insufficient under the conservative standard.,,
W-000451,SignatureDrift,High,11.0,kthread_should_stop,FALSE_POSITIVE,"Only absent->added signature evidence plus generated binding edges; no old/new C signature, source diff, Rust wrapper use, build log, or wrapper fix supports drift.",FALSE_POSITIVE,"Strict review: the packet shows a new generated binding exposure, not concrete signature drift or stale Rust contract evidence. No oracle evidence is present.",FALSE_POSITIVE,Adjudicated FALSE_POSITIVE: absent/added signature evidence without concrete source diff or Rust contract dependence is insufficient under the conservative standard.,,
W-000453,SignatureDrift,High,11.0,kthread_stop,FALSE_POSITIVE,"Only absent->added signature evidence plus generated binding edges; no old/new C signature, source diff, Rust wrapper use, build log, or wrapper fix supports drift.",FALSE_POSITIVE,"Strict review: the packet shows a new generated binding exposure, not concrete signature drift or stale Rust contract evidence. No oracle evidence is present.",FALSE_POSITIVE,Adjudicated FALSE_POSITIVE: absent/added signature evidence without concrete source diff or Rust contract dependence is insufficient under the conservative standard.,,
W-000492,SignatureDrift,High,11.0,nr_context_switches,FALSE_POSITIVE,"Only absent->added signature evidence plus generated binding edges; no old/new C signature, source diff, Rust wrapper use, build log, or wrapper fix supports drift.",FALSE_POSITIVE,"Strict review: the packet shows a new generated binding exposure, not concrete signature drift or stale Rust contract evidence. No oracle evidence is present.",FALSE_POSITIVE,Adjudicated FALSE_POSITIVE: absent/added signature evidence without concrete source diff or Rust contract dependence is insufficient under the conservative standard.,,
W-000496,SignatureDrift,High,11.0,offset,FALSE_POSITIVE,"Only absent->added signature evidence plus generated binding edges; no old/new C signature, source diff, Rust wrapper use, build log, or wrapper fix supports drift.",FALSE_POSITIVE,"Strict review: the packet shows a new generated binding exposure, not concrete signature drift or stale Rust contract evidence. No oracle evidence is present.",FALSE_POSITIVE,Adjudicated FALSE_POSITIVE: absent/added signature evidence without concrete source diff or Rust contract dependence is insufficient under the conservative standard.,,
W-000524,SignatureDrift,High,11.0,raise_softirq,FALSE_POSITIVE,"Only absent->added signature evidence plus generated binding edges; no old/new C signature, source diff, Rust wrapper use, build log, or wrapper fix supports drift.",FALSE_POSITIVE,"Strict review: the packet shows a new generated binding exposure, not concrete signature drift or stale Rust contract evidence. No oracle evidence is present.",FALSE_POSITIVE,Adjudicated FALSE_POSITIVE: absent/added signature evidence without concrete source diff or Rust contract dependence is insufficient under the conservative standard.,,
W-000531,SignatureDrift,High,11.0,register_cpu,FALSE_POSITIVE,"Only absent->added signature evidence plus generated binding edges; no old/new C signature, source diff, Rust wrapper use, build log, or wrapper fix supports drift.",FALSE_POSITIVE,"Strict review: the packet shows a new generated binding exposure, not concrete signature drift or stale Rust contract evidence. No oracle evidence is present.",FALSE_POSITIVE,Adjudicated FALSE_POSITIVE: absent/added signature evidence without concrete source diff or Rust contract dependence is insufficient under the conservative standard.,,
W-000567,SignatureDrift,High,11.0,seq_hlist_start_head,FALSE_POSITIVE,"Only absent->added signature evidence plus generated binding edges; no old/new C signature, source diff, Rust wrapper use, build log, or wrapper fix supports drift.",FALSE_POSITIVE,"Strict review: the packet shows a new generated binding exposure, not concrete signature drift or stale Rust contract evidence. No oracle evidence is present.",FALSE_POSITIVE,Adjudicated FALSE_POSITIVE: absent/added signature evidence without concrete source diff or Rust contract dependence is insufficient under the conservative standard.,,
W-000571,SignatureDrift,High,11.0,seq_list_next,FALSE_POSITIVE,"Only absent->added signature evidence plus generated binding edges; no old/new C signature, source diff, Rust wrapper use, build log, or wrapper fix supports drift.",FALSE_POSITIVE,"Strict review: the packet shows a new generated binding exposure, not concrete signature drift or stale Rust contract evidence. No oracle evidence is present.",FALSE_POSITIVE,Adjudicated FALSE_POSITIVE: absent/added signature evidence without concrete source diff or Rust contract dependence is insufficient under the conservative standard.,,
W-000574,SignatureDrift,High,11.0,seq_list_start_head,FALSE_POSITIVE,"Only absent->added signature evidence plus generated binding edges; no old/new C signature, source diff, Rust wrapper use, build log, or wrapper fix supports drift.",FALSE_POSITIVE,"Strict review: the packet shows a new generated binding exposure, not concrete signature drift or stale Rust contract evidence. No oracle evidence is present.",FALSE_POSITIVE,Adjudicated FALSE_POSITIVE: absent/added signature evidence without concrete source diff or Rust contract dependence is insufficient under the conservative standard.,,
W-000578,SignatureDrift,High,11.0,seq_open,FALSE_POSITIVE,"Only absent->added signature evidence plus generated binding edges; no old/new C signature, source diff, Rust wrapper use, build log, or wrapper fix supports drift.",FALSE_POSITIVE,"Strict review: the packet shows a new generated binding exposure, not concrete signature drift or stale Rust contract evidence. No oracle evidence is present.",FALSE_POSITIVE,Adjudicated FALSE_POSITIVE: absent/added signature evidence without concrete source diff or Rust contract dependence is insufficient under the conservative standard.,,
W-000581,SignatureDrift,High,11.0,seq_path,FALSE_POSITIVE,"Only absent->added signature evidence plus generated binding edges; no old/new C signature, source diff, Rust wrapper use, build log, or wrapper fix supports drift.",FALSE_POSITIVE,"Strict review: the packet shows a new generated binding exposure, not concrete signature drift or stale Rust contract evidence. No oracle evidence is present.",FALSE_POSITIVE,Adjudicated FALSE_POSITIVE: absent/added signature evidence without concrete source diff or Rust contract dependence is insufficient under the conservative standard.,,
W-000585,SignatureDrift,High,11.0,seq_put_decimal_ull,FALSE_POSITIVE,"Only absent->added signature evidence plus generated binding edges; no old/new C signature, source diff, Rust wrapper use, build log, or wrapper fix supports drift.",FALSE_POSITIVE,"Strict review: the packet shows a new generated binding exposure, not concrete signature drift or stale Rust contract evidence. No oracle evidence is present.",FALSE_POSITIVE,Adjudicated FALSE_POSITIVE: absent/added signature evidence without concrete source diff or Rust contract dependence is insufficient under the conservative standard.,,
W-000590,SignatureDrift,High,11.0,seq_read,FALSE_POSITIVE,"Only absent->added signature evidence plus generated binding edges; no old/new C signature, source diff, Rust wrapper use, build log, or wrapper fix supports drift.",FALSE_POSITIVE,"Strict review: the packet shows a new generated binding exposure, not concrete signature drift or stale Rust contract evidence. No oracle evidence is present.",FALSE_POSITIVE,Adjudicated FALSE_POSITIVE: absent/added signature evidence without concrete source diff or Rust contract dependence is insufficient under the conservative standard.,,
W-000592,SignatureDrift,High,11.0,seq_release,FALSE_POSITIVE,"Only absent->added signature evidence plus generated binding edges; no old/new C signature, source diff, Rust wrapper use, build log, or wrapper fix supports drift.",FALSE_POSITIVE,"Strict review: the packet shows a new generated binding exposure, not concrete signature drift or stale Rust contract evidence. No oracle evidence is present.",FALSE_POSITIVE,Adjudicated FALSE_POSITIVE: absent/added signature evidence without concrete source diff or Rust contract dependence is insufficient under the conservative standard.,,
W-000603,SignatureDrift,High,11.0,single_open,FALSE_POSITIVE,"Only absent->added signature evidence plus generated binding edges; no old/new C signature, source diff, Rust wrapper use, build log, or wrapper fix supports drift.",FALSE_POSITIVE,"Strict review: the packet shows a new generated binding exposure, not concrete signature drift or stale Rust contract evidence. No oracle evidence is present.",FALSE_POSITIVE,Adjudicated FALSE_POSITIVE: absent/added signature evidence without concrete source diff or Rust contract dependence is insufficient under the conservative standard.,,
W-000617,SignatureDrift,High,11.0,sprint_backtrace,FALSE_POSITIVE,"Only absent->added signature evidence plus generated binding edges; no old/new C signature, source diff, Rust wrapper use, build log, or wrapper fix supports drift.",FALSE_POSITIVE,"Strict review: the packet shows a new generated binding exposure, not concrete signature drift or stale Rust contract evidence. No oracle evidence is present.",FALSE_POSITIVE,Adjudicated FALSE_POSITIVE: absent/added signature evidence without concrete source diff or Rust contract dependence is insufficient under the conservative standard.,,
W-000629,SignatureDrift,High,11.0,sti,FALSE_POSITIVE,"Only absent->added signature evidence plus generated binding edges; no old/new C signature, source diff, Rust wrapper use, build log, or wrapper fix supports drift.",FALSE_POSITIVE,"Strict review: the packet shows a new generated binding exposure, not concrete signature drift or stale Rust contract evidence. No oracle evidence is present.",FALSE_POSITIVE,Adjudicated FALSE_POSITIVE: absent/added signature evidence without concrete source diff or Rust contract dependence is insufficient under the conservative standard.,,
W-000650,SignatureDrift,High,11.0,text_poke_copy,FALSE_POSITIVE,"Only absent->added signature evidence plus generated binding edges; no old/new C signature, source diff, Rust wrapper use, build log, or wrapper fix supports drift.",FALSE_POSITIVE,"Strict review: the packet shows a new generated binding exposure, not concrete signature drift or stale Rust contract evidence. No oracle evidence is present.",FALSE_POSITIVE,Adjudicated FALSE_POSITIVE: absent/added signature evidence without concrete source diff or Rust contract dependence is insufficient under the conservative standard.,,
W-000674,SignatureDrift,High,11.0,unregister_cpu,FALSE_POSITIVE,"Only absent->added signature evidence plus generated binding edges; no old/new C signature, source diff, Rust wrapper use, build log, or wrapper fix supports drift.",FALSE_POSITIVE,"Strict review: the packet shows a new generated binding exposure, not concrete signature drift or stale Rust contract evidence. No oracle evidence is present.",FALSE_POSITIVE,Adjudicated FALSE_POSITIVE: absent/added signature evidence without concrete source diff or Rust contract dependence is insufficient under the conservative standard.,,
W-000685,SignatureDrift,High,11.0,wakeup_flusher_threads,FALSE_POSITIVE,"Only absent->added signature evidence plus generated binding edges; no old/new C signature, source diff, Rust wrapper use, build log, or wrapper fix supports drift.",FALSE_POSITIVE,"Strict review: the packet shows a new generated binding exposure, not concrete signature drift or stale Rust contract evidence. No oracle evidence is present.",FALSE_POSITIVE,Adjudicated FALSE_POSITIVE: absent/added signature evidence without concrete source diff or Rust contract dependence is insufficient under the conservative standard.,,
W-000696,SignatureDrift,High,11.0,writeback_inodes_sb,FALSE_POSITIVE,"Only absent->added signature evidence plus generated binding edges; no old/new C signature, source diff, Rust wrapper use, build log, or wrapper fix supports drift.",FALSE_POSITIVE,"Strict review: the packet shows a new generated binding exposure, not concrete signature drift or stale Rust contract evidence. No oracle evidence is present.",FALSE_POSITIVE,Adjudicated FALSE_POSITIVE: absent/added signature evidence without concrete source diff or Rust contract dependence is insufficient under the conservative standard.,,
W-000002,SignatureDrift,High,10.8,__bitmap_weight_andnot,FALSE_POSITIVE,"Only absent->added signature evidence plus generated binding edges; no old/new C signature, source diff, Rust wrapper use, build log, or wrapper fix supports drift.",FALSE_POSITIVE,"Strict review: the packet shows a new generated binding exposure, not concrete signature drift or stale Rust contract evidence. No oracle evidence is present.",FALSE_POSITIVE,Adjudicated FALSE_POSITIVE: absent/added signature evidence without concrete source diff or Rust contract dependence is insufficient under the conservative standard.,,
W-000004,SignatureDrift,High,10.8,__bpf_dynptr_data_rw,FALSE_POSITIVE,"Only absent->added signature evidence plus generated binding edges; no old/new C signature, source diff, Rust wrapper use, build log, or wrapper fix supports drift.",FALSE_POSITIVE,"Strict review: the packet shows a new generated binding exposure, not concrete signature drift or stale Rust contract evidence. No oracle evidence is present.",FALSE_POSITIVE,Adjudicated FALSE_POSITIVE: absent/added signature evidence without concrete source diff or Rust contract dependence is insufficient under the conservative standard.,,
W-000005,SignatureDrift,High,10.8,__bpf_dynptr_size,FALSE_POSITIVE,"Only absent->added signature evidence plus generated binding edges; no old/new C signature, source diff, Rust wrapper use, build log, or wrapper fix supports drift.",FALSE_POSITIVE,"Strict review: the packet shows a new generated binding exposure, not concrete signature drift or stale Rust contract evidence. No oracle evidence is present.",FALSE_POSITIVE,Adjudicated FALSE_POSITIVE: absent/added signature evidence without concrete source diff or Rust contract dependence is insufficient under the conservative standard.,,
W-000006,SignatureDrift,High,10.8,__bpf_free_used_btfs,FALSE_POSITIVE,"Only absent->added signature evidence plus generated binding edges; no old/new C signature, source diff, Rust wrapper use, build log, or wrapper fix supports drift.",FALSE_POSITIVE,"Strict review: the packet shows a new generated binding exposure, not concrete signature drift or stale Rust contract evidence. No oracle evidence is present.",FALSE_POSITIVE,Adjudicated FALSE_POSITIVE: absent/added signature evidence without concrete source diff or Rust contract dependence is insufficient under the conservative standard.,,
W-000007,SignatureDrift,High,10.8,__bpf_free_used_maps,FALSE_POSITIVE,"Only absent->added signature evidence plus generated binding edges; no old/new C signature, source diff, Rust wrapper use, build log, or wrapper fix supports drift.",FALSE_POSITIVE,"Strict review: the packet shows a new generated binding exposure, not concrete signature drift or stale Rust contract evidence. No oracle evidence is present.",FALSE_POSITIVE,Adjudicated FALSE_POSITIVE: absent/added signature evidence without concrete source diff or Rust contract dependence is insufficient under the conservative standard.,,
W-000008,SignatureDrift,High,10.8,__bpf_prog_enter_sleepable_recur,FALSE_POSITIVE,"Only absent->added signature evidence plus generated binding edges; no old/new C signature, source diff, Rust wrapper use, build log, or wrapper fix supports drift.",FALSE_POSITIVE,"Strict review: the packet shows a new generated binding exposure, not concrete signature drift or stale Rust contract evidence. No oracle evidence is present.",FALSE_POSITIVE,Adjudicated FALSE_POSITIVE: absent/added signature evidence without concrete source diff or Rust contract dependence is insufficient under the conservative standard.,,
W-000009,SignatureDrift,High,10.8,__bpf_prog_exit_sleepable_recur,FALSE_POSITIVE,"Only absent->added signature evidence plus generated binding edges; no old/new C signature, source diff, Rust wrapper use, build log, or wrapper fix supports drift.",FALSE_POSITIVE,"Strict review: the packet shows a new generated binding exposure, not concrete signature drift or stale Rust contract evidence. No oracle evidence is present.",FALSE_POSITIVE,Adjudicated FALSE_POSITIVE: absent/added signature evidence without concrete source diff or Rust contract dependence is insufficient under the conservative standard.,,
W-000010,SignatureDrift,High,10.8,__bpf_tramp_enter,FALSE_POSITIVE,"Only absent->added signature evidence plus generated binding edges; no old/new C signature, source diff, Rust wrapper use, build log, or wrapper fix supports drift.",FALSE_POSITIVE,"Strict review: the packet shows a new generated binding exposure, not concrete signature drift or stale Rust contract evidence. No oracle evidence is present.",FALSE_POSITIVE,Adjudicated FALSE_POSITIVE: absent/added signature evidence without concrete source diff or Rust contract dependence is insufficient under the conservative standard.,,
W-000011,SignatureDrift,High,10.8,__bpf_tramp_exit,FALSE_POSITIVE,"Only absent->added signature evidence plus generated binding edges; no old/new C signature, source diff, Rust wrapper use, build log, or wrapper fix supports drift.",FALSE_POSITIVE,"Strict review: the packet shows a new generated binding exposure, not concrete signature drift or stale Rust contract evidence. No oracle evidence is present.",FALSE_POSITIVE,Adjudicated FALSE_POSITIVE: absent/added signature evidence without concrete source diff or Rust contract dependence is insufficient under the conservative standard.,,
W-000013,SignatureDrift,High,10.8,__cgroup_account_cputime_field,FALSE_POSITIVE,"Only absent->added signature evidence plus generated binding edges; no old/new C signature, source diff, Rust wrapper use, build log, or wrapper fix supports drift.",FALSE_POSITIVE,"Strict review: the packet shows a new generated binding exposure, not concrete signature drift or stale Rust contract evidence. No oracle evidence is present.",FALSE_POSITIVE,Adjudicated FALSE_POSITIVE: absent/added signature evidence without concrete source diff or Rust contract dependence is insufficient under the conservative standard.,,
W-000015,SignatureDrift,High,10.8,__cpuhp_remove_state_cpuslocked,FALSE_POSITIVE,"Only absent->added signature evidence plus generated binding edges; no old/new C signature, source diff, Rust wrapper use, build log, or wrapper fix supports drift.",FALSE_POSITIVE,"Strict review: the packet shows a new generated binding exposure, not concrete signature drift or stale Rust contract evidence. No oracle evidence is present.",FALSE_POSITIVE,Adjudicated FALSE_POSITIVE: absent/added signature evidence without concrete source diff or Rust contract dependence is insufficient under the conservative standard.,,
W-000017,SignatureDrift,High,10.8,__cpuhp_setup_state_cpuslocked,FALSE_POSITIVE,"Only absent->added signature evidence plus generated binding edges; no old/new C signature, source diff, Rust wrapper use, build log, or wrapper fix supports drift.",FALSE_POSITIVE,"Strict review: the packet shows a new generated binding exposure, not concrete signature drift or stale Rust contract evidence. No oracle evidence is present.",FALSE_POSITIVE,Adjudicated FALSE_POSITIVE: absent/added signature evidence without concrete source diff or Rust contract dependence is insufficient under the conservative standard.,,
W-000019,SignatureDrift,High,10.8,__cpuhp_state_add_instance_cpuslocked,FALSE_POSITIVE,"Only absent->added signature evidence plus generated binding edges; no old/new C signature, source diff, Rust wrapper use, build log, or wrapper fix supports drift.",FALSE_POSITIVE,"Strict review: the packet shows a new generated binding exposure, not concrete signature drift or stale Rust contract evidence. No oracle evidence is present.",FALSE_POSITIVE,Adjudicated FALSE_POSITIVE: absent/added signature evidence without concrete source diff or Rust contract dependence is insufficient under the conservative standard.,,
W-000020,SignatureDrift,High,10.8,__cpuhp_state_remove_instance,FALSE_POSITIVE,"Only absent->added signature evidence plus generated binding edges; no old/new C signature, source diff, Rust wrapper use, build log, or wrapper fix supports drift.",FALSE_POSITIVE,"Strict review: the packet shows a new generated binding exposure, not concrete signature drift or stale Rust contract evidence. No oracle evidence is present.",FALSE_POSITIVE,Adjudicated FALSE_POSITIVE: absent/added signature evidence without concrete source diff or Rust contract dependence is insufficient under the conservative standard.,,
W-000021,SignatureDrift,High,10.8,__do_softirq,FALSE_POSITIVE,"Only absent->added signature evidence plus generated binding edges; no old/new C signature, source diff, Rust wrapper use, build log, or wrapper fix supports drift.",FALSE_POSITIVE,"Strict review: the packet shows a new generated binding exposure, not concrete signature drift or stale Rust contract evidence. No oracle evidence is present.",FALSE_POSITIVE,Adjudicated FALSE_POSITIVE: absent/added signature evidence without concrete source diff or Rust contract dependence is insufficient under the conservative standard.,,
W-000022,SignatureDrift,High,10.8,__folio_batch_release,FALSE_POSITIVE,"Only absent->added signature evidence plus generated binding edges; no old/new C signature, source diff, Rust wrapper use, build log, or wrapper fix supports drift.",FALSE_POSITIVE,"Strict review: the packet shows a new generated binding exposure, not concrete signature drift or stale Rust contract evidence. No oracle evidence is present.",FALSE_POSITIVE,Adjudicated FALSE_POSITIVE: absent/added signature evidence without concrete source diff or Rust contract dependence is insufficient under the conservative standard.,,
W-000024,SignatureDrift,High,10.8,__fprop_add_percpu_max,FALSE_POSITIVE,"Only absent->added signature evidence plus generated binding edges; no old/new C signature, source diff, Rust wrapper use, build log, or wrapper fix supports drift.",FALSE_POSITIVE,"Strict review: the packet shows a new generated binding exposure, not concrete signature drift or stale Rust contract evidence. No oracle evidence is present.",FALSE_POSITIVE,Adjudicated FALSE_POSITIVE: absent/added signature evidence without concrete source diff or Rust contract dependence is insufficient under the conservative standard.,,
W-000025,SignatureDrift,High,10.8,__handle_irq,FALSE_POSITIVE,"Only absent->added signature evidence plus generated binding edges; no old/new C signature, source diff, Rust wrapper use, build log, or wrapper fix supports drift.",FALSE_POSITIVE,"Strict review: the packet shows a new generated binding exposure, not concrete signature drift or stale Rust contract evidence. No oracle evidence is present.",FALSE_POSITIVE,Adjudicated FALSE_POSITIVE: absent/added signature evidence without concrete source diff or Rust contract dependence is insufficient under the conservative standard.,,
W-000026,SignatureDrift,High,10.8,__irq_apply_affinity_hint,FALSE_POSITIVE,"Only absent->added signature evidence plus generated binding edges; no old/new C signature, source diff, Rust wrapper use, build log, or wrapper fix supports drift.",FALSE_POSITIVE,"Strict review: the packet shows a new generated binding exposure, not concrete signature drift or stale Rust contract evidence. No oracle evidence is present.",FALSE_POSITIVE,Adjudicated FALSE_POSITIVE: absent/added signature evidence without concrete source diff or Rust contract dependence is insufficient under the conservative standard.,,
W-000027,SignatureDrift,High,10.8,__kthread_init_worker,FALSE_POSITIVE,"Only absent->added signature evidence plus generated binding edges; no old/new C signature, source diff, Rust wrapper use, build log, or wrapper fix supports drift.",FALSE_POSITIVE,"Strict review: the packet shows a new generated binding exposure, not concrete signature drift or stale Rust contract evidence. No oracle evidence is present.",FALSE_POSITIVE,Adjudicated FALSE_POSITIVE: absent/added signature evidence without concrete source diff or Rust contract dependence is insufficient under the conservative standard.,,
W-000028,SignatureDrift,High,10.8,__page_frag_alloc_align,FALSE_POSITIVE,"Only absent->added signature evidence plus generated binding edges; no old/new C signature, source diff, Rust wrapper use, build log, or wrapper fix supports drift.",FALSE_POSITIVE,"Strict review: the packet shows a new generated binding exposure, not concrete signature drift or stale Rust contract evidence. No oracle evidence is present.",FALSE_POSITIVE,Adjudicated FALSE_POSITIVE: absent/added signature evidence without concrete source diff or Rust contract dependence is insufficient under the conservative standard.,,
W-000029,SignatureDrift,High,10.8,__raise_softirq_irqoff,FALSE_POSITIVE,"Only absent->added signature evidence plus generated binding edges; no old/new C signature, source diff, Rust wrapper use, build log, or wrapper fix supports drift.",FALSE_POSITIVE,"Strict review: the packet shows a new generated binding exposure, not concrete signature drift or stale Rust contract evidence. No oracle evidence is present.",FALSE_POSITIVE,Adjudicated FALSE_POSITIVE: absent/added signature evidence without concrete source diff or Rust contract dependence is insufficient under the conservative standard.,,
W-000031,SignatureDrift,High,10.8,__request_percpu_irq,FALSE_POSITIVE,"Only absent->added signature evidence plus generated binding edges; no old/new C signature, source diff, Rust wrapper use, build log, or wrapper fix supports drift.",FALSE_POSITIVE,"Strict review: the packet shows a new generated binding exposure, not concrete signature drift or stale Rust contract evidence. No oracle evidence is present.",FALSE_POSITIVE,Adjudicated FALSE_POSITIVE: absent/added signature evidence without concrete source diff or Rust contract dependence is insufficient under the conservative standard.,,
W-000032,SignatureDrift,High,10.8,__seq_open_private,FALSE_POSITIVE,"Only absent->added signature evidence plus generated binding edges; no old/new C signature, source diff, Rust wrapper use, build log, or wrapper fix supports drift.",FALSE_POSITIVE,"Strict review: the packet shows a new generated binding exposure, not concrete signature drift or stale Rust contract evidence. No oracle evidence is present.",FALSE_POSITIVE,Adjudicated FALSE_POSITIVE: absent/added signature evidence without concrete source diff or Rust contract dependence is insufficient under the conservative standard.,,
W-000033,SignatureDrift,High,10.8,__stack_depot_get_stack_record,FALSE_POSITIVE,"Only absent->added signature evidence plus generated binding edges; no old/new C signature, source diff, Rust wrapper use, build log, or wrapper fix supports drift.",FALSE_POSITIVE,"Strict review: the packet shows a new generated binding exposure, not concrete signature drift or stale Rust contract evidence. No oracle evidence is present.",FALSE_POSITIVE,Adjudicated FALSE_POSITIVE: absent/added signature evidence without concrete source diff or Rust contract dependence is insufficient under the conservative standard.,,
W-000034,SignatureDrift,High,10.8,__static_call_fixup,FALSE_POSITIVE,"Only absent->added signature evidence plus generated binding edges; no old/new C signature, source diff, Rust wrapper use, build log, or wrapper fix supports drift.",FALSE_POSITIVE,"Strict review: the packet shows a new generated binding exposure, not concrete signature drift or stale Rust contract evidence. No oracle evidence is present.",FALSE_POSITIVE,Adjudicated FALSE_POSITIVE: absent/added signature evidence without concrete source diff or Rust contract dependence is insufficient under the conservative standard.,,
W-000035,SignatureDrift,High,10.8,__static_call_return0,FALSE_POSITIVE,"Only absent->added signature evidence plus generated binding edges; no old/new C signature, source diff, Rust wrapper use, build log, or wrapper fix supports drift.",FALSE_POSITIVE,"Strict review: the packet shows a new generated binding exposure, not concrete signature drift or stale Rust contract evidence. No oracle evidence is present.",FALSE_POSITIVE,Adjudicated FALSE_POSITIVE: absent/added signature evidence without concrete source diff or Rust contract dependence is insufficient under the conservative standard.,,
W-000036,SignatureDrift,High,10.8,__static_call_update,FALSE_POSITIVE,"Only absent->added signature evidence plus generated binding edges; no old/new C signature, source diff, Rust wrapper use, build log, or wrapper fix supports drift.",FALSE_POSITIVE,"Strict review: the packet shows a new generated binding exposure, not concrete signature drift or stale Rust contract evidence. No oracle evidence is present.",FALSE_POSITIVE,Adjudicated FALSE_POSITIVE: absent/added signature evidence without concrete source diff or Rust contract dependence is insufficient under the conservative standard.,,
W-000037,SignatureDrift,High,10.8,__tasklet_hi_schedule,FALSE_POSITIVE,"Only absent->added signature evidence plus generated binding edges; no old/new C signature, source diff, Rust wrapper use, build log, or wrapper fix supports drift.",FALSE_POSITIVE,"Strict review: the packet shows a new generated binding exposure, not concrete signature drift or stale Rust contract evidence. No oracle evidence is present.",FALSE_POSITIVE,Adjudicated FALSE_POSITIVE: absent/added signature evidence without concrete source diff or Rust contract dependence is insufficient under the conservative standard.,,
W-000737,FieldDrift,High,10.4,task_struct,BENIGN_DRIFT,"C task_struct gained RCU/il_weight/padding fields, but Rust Task uses pid, group_leader, refcount helpers, and opaque invariants; no changed-field dependency.",BENIGN_DRIFT,"Rust Task has safety/lifetime facts, but the changed C fields are unrelated to the fields/helpers Rust uses; no oracle evidence supports a true drift.",BENIGN_DRIFT,"Adjudicated BENIGN_DRIFT: real task_struct layout drift, but the Rust abstraction does not rely on the changed fields and no build/fix evidence exists.",,
W-000740,FieldDrift,Medium,9.4,uid_gid_map,FALSE_POSITIVE,"Field evidence is absent/opaque on one side (0 old fields, 2 new fields); Rust exposure is generated-only and lacks source diff/oracle support.",FALSE_POSITIVE,"Strict review: opaque/absent field extraction for uid_gid_map is not concrete C drift evidence, and no Rust wrapper or build failure is shown.",FALSE_POSITIVE,Adjudicated FALSE_POSITIVE: absent/opaque field evidence without concrete source/diff support is insufficient for a true or benign drift label.,,
W-000701,FieldDrift,Medium,9.2,address_space,FALSE_POSITIVE,Old/new field lists for address_space contain no actual field/type differences; generated binding exposure alone cannot support a drift warning.,FALSE_POSITIVE,"Strict review: no concrete C-side field delta is present for address_space, and there is no build, wrapper-fix, or Rust contract evidence.",FALSE_POSITIVE,Adjudicated FALSE_POSITIVE: the field-drift claim has no supported old/new field difference.,,
W-000707,FieldDrift,Medium,9.2,bpf_flow_keys,FALSE_POSITIVE,"Field evidence is absent/opaque on one side (1 old fields, 13 new fields); Rust exposure is generated-only and lacks source diff/oracle support.",FALSE_POSITIVE,"Strict review: opaque/absent field extraction for bpf_flow_keys is not concrete C drift evidence, and no Rust wrapper or build failure is shown.",FALSE_POSITIVE,Adjudicated FALSE_POSITIVE: absent/opaque field evidence without concrete source/diff support is insufficient for a true or benign drift label.,,
W-000730,FieldDrift,Medium,9.2,seq_file,FALSE_POSITIVE,"Field evidence is absent/opaque on one side (0 old fields, 12 new fields); Rust exposure is generated-only and lacks source diff/oracle support.",FALSE_POSITIVE,"Strict review: opaque/absent field extraction for seq_file is not concrete C drift evidence, and no Rust wrapper or build failure is shown.",FALSE_POSITIVE,Adjudicated FALSE_POSITIVE: absent/opaque field evidence without concrete source/diff support is insufficient for a true or benign drift label.,,
W-000733,FieldDrift,Medium,9.2,sk_buff__bindgen_ty_4__bindgen_ty_1,BENIGN_DRIFT,"C field diff is supported (__bindgen_anon_1 added; __bindgen_anon_2 added; __bindgen_anon_3 added; 23 more), but Rust evidence is generated bindings only; no safe/unsafe wrapper contract, build break, or wrapper fix depends on it.",BENIGN_DRIFT,"Real field drift for sk_buff__bindgen_ty_4__bindgen_ty_1, but the packet shows no Rust use of the changed fields beyond bindings and no oracle evidence. Treat as harmless.",BENIGN_DRIFT,"Adjudicated BENIGN_DRIFT: concrete C field drift exists, but Rust impact is not supported beyond generated binding exposure.",,
W-000734,FieldDrift,Medium,9.0,static_call_mod,FALSE_POSITIVE,"Field evidence is absent/opaque on one side (1 old fields, 3 new fields); Rust exposure is generated-only and lacks source diff/oracle support.",FALSE_POSITIVE,"Strict review: opaque/absent field extraction for static_call_mod is not concrete C drift evidence, and no Rust wrapper or build failure is shown.",FALSE_POSITIVE,Adjudicated FALSE_POSITIVE: absent/opaque field evidence without concrete source/diff support is insufficient for a true or benign drift label.,,
W-000702,FieldDrift,Medium,8.8,backing_dev_info,FALSE_POSITIVE,"Field evidence is absent/opaque on one side (0 old fields, 20 new fields); Rust exposure is generated-only and lacks source diff/oracle support.",FALSE_POSITIVE,"Strict review: opaque/absent field extraction for backing_dev_info is not concrete C drift evidence, and no Rust wrapper or build failure is shown.",FALSE_POSITIVE,Adjudicated FALSE_POSITIVE: absent/opaque field evidence without concrete source/diff support is insufficient for a true or benign drift label.,,
W-000703,FieldDrift,Medium,8.8,bdi_writeback,FALSE_POSITIVE,"Field evidence is absent/opaque on one side (0 old fields, 25 new fields); Rust exposure is generated-only and lacks source diff/oracle support.",FALSE_POSITIVE,"Strict review: opaque/absent field extraction for bdi_writeback is not concrete C drift evidence, and no Rust wrapper or build failure is shown.",FALSE_POSITIVE,Adjudicated FALSE_POSITIVE: absent/opaque field evidence without concrete source/diff support is insufficient for a true or benign drift label.,,
W-000705,FieldDrift,Medium,8.8,block_device,FALSE_POSITIVE,"Field evidence is absent/opaque on one side (1 old fields, 26 new fields); Rust exposure is generated-only and lacks source diff/oracle support.",FALSE_POSITIVE,"Strict review: opaque/absent field extraction for block_device is not concrete C drift evidence, and no Rust wrapper or build failure is shown.",FALSE_POSITIVE,Adjudicated FALSE_POSITIVE: absent/opaque field evidence without concrete source/diff support is insufficient for a true or benign drift label.,,
W-000706,FieldDrift,Medium,8.8,boot_params,FALSE_POSITIVE,"Field evidence is absent/opaque on one side (35 old fields, 0 new fields); Rust exposure is generated-only and lacks source diff/oracle support.",FALSE_POSITIVE,"Strict review: opaque/absent field extraction for boot_params is not concrete C drift evidence, and no Rust wrapper or build failure is shown.",FALSE_POSITIVE,Adjudicated FALSE_POSITIVE: absent/opaque field evidence without concrete source/diff support is insufficient for a true or benign drift label.,,
W-000710,FieldDrift,Medium,8.8,cgroup_namespace,FALSE_POSITIVE,"Field evidence is absent/opaque on one side (0 old fields, 4 new fields); Rust exposure is generated-only and lacks source diff/oracle support.",FALSE_POSITIVE,"Strict review: opaque/absent field extraction for cgroup_namespace is not concrete C drift evidence, and no Rust wrapper or build failure is shown.",FALSE_POSITIVE,Adjudicated FALSE_POSITIVE: absent/opaque field evidence without concrete source/diff support is insufficient for a true or benign drift label.,,
W-000711,FieldDrift,Medium,8.8,cpuinfo_topology,BENIGN_DRIFT,"C field diff is supported (amd_node_id added), but Rust evidence is generated bindings only; no safe/unsafe wrapper contract, build break, or wrapper fix depends on it.",BENIGN_DRIFT,"Real field drift for cpuinfo_topology, but the packet shows no Rust use of the changed fields beyond bindings and no oracle evidence. Treat as harmless.",BENIGN_DRIFT,"Adjudicated BENIGN_DRIFT: concrete C field drift exists, but Rust impact is not supported beyond generated binding exposure.",,
W-000712,FieldDrift,Medium,8.8,cpuinfo_x86,BENIGN_DRIFT,"C field diff is supported (__bindgen_padding_0 [u16; 3usize]->u16; x86_coreid_bits removed; x86_max_cores removed), but Rust evidence is generated bindings only; no safe/unsafe wrapper contract, build break, or wrapper fix depends on it.",BENIGN_DRIFT,"Real field drift for cpuinfo_x86, but the packet shows no Rust use of the changed fields beyond bindings and no oracle evidence. Treat as harmless.",BENIGN_DRIFT,"Adjudicated BENIGN_DRIFT: concrete C field drift exists, but Rust impact is not supported beyond generated binding exposure.",,
W-000713,FieldDrift,Medium,8.8,css_set,FALSE_POSITIVE,"Field evidence is absent/opaque on one side (0 old fields, 22 new fields); Rust exposure is generated-only and lacks source diff/oracle support.",FALSE_POSITIVE,"Strict review: opaque/absent field extraction for css_set is not concrete C drift evidence, and no Rust wrapper or build failure is shown.",FALSE_POSITIVE,Adjudicated FALSE_POSITIVE: absent/opaque field evidence without concrete source/diff support is insufficient for a true or benign drift label.,,
W-000714,FieldDrift,Medium,8.8,em_perf_domain,BENIGN_DRIFT,"C field diff is supported (em_table added; table removed), but Rust evidence is generated bindings only; no safe/unsafe wrapper contract, build break, or wrapper fix depends on it.",BENIGN_DRIFT,"Real field drift for em_perf_domain, but the packet shows no Rust use of the changed fields beyond bindings and no oracle evidence. Treat as harmless.",BENIGN_DRIFT,"Adjudicated BENIGN_DRIFT: concrete C field drift exists, but Rust impact is not supported beyond generated binding exposure.",,
W-000715,FieldDrift,Medium,8.8,em_perf_state,BENIGN_DRIFT,"C field diff is supported (performance added), but Rust evidence is generated bindings only; no safe/unsafe wrapper contract, build break, or wrapper fix depends on it.",BENIGN_DRIFT,"Real field drift for em_perf_state, but the packet shows no Rust use of the changed fields beyond bindings and no oracle evidence. Treat as harmless.",BENIGN_DRIFT,"Adjudicated BENIGN_DRIFT: concrete C field drift exists, but Rust impact is not supported beyond generated binding exposure.",,
W-000717,FieldDrift,Medium,8.8,irq_cpustat_t,BENIGN_DRIFT,"C field diff is supported (kvm_posted_intr_ipis removed; kvm_posted_intr_nested_ipis removed; kvm_posted_intr_wakeup_ipis removed), but Rust evidence is generated bindings only; no safe/unsafe wrapper contract, build break, or wrapper fix depends on it.",BENIGN_DRIFT,"Real field drift for irq_cpustat_t, but the packet shows no Rust use of the changed fields beyond bindings and no oracle evidence. Treat as harmless.",BENIGN_DRIFT,"Adjudicated BENIGN_DRIFT: concrete C field drift exists, but Rust impact is not supported beyond generated binding exposure.",,
W-000720,FieldDrift,Medium,8.8,netlink_callback,BENIGN_DRIFT,"C field diff is supported (flags added), but Rust evidence is generated bindings only; no safe/unsafe wrapper contract, build break, or wrapper fix depends on it.",BENIGN_DRIFT,"Real field drift for netlink_callback, but the packet shows no Rust use of the changed fields beyond bindings and no oracle evidence. Treat as harmless.",BENIGN_DRIFT,"Adjudicated BENIGN_DRIFT: concrete C field drift exists, but Rust impact is not supported beyond generated binding exposure.",,
W-000721,FieldDrift,Medium,8.8,netlink_dump_control,BENIGN_DRIFT,"C field diff is supported (flags added), but Rust evidence is generated bindings only; no safe/unsafe wrapper contract, build break, or wrapper fix depends on it.",BENIGN_DRIFT,"Real field drift for netlink_dump_control, but the packet shows no Rust use of the changed fields beyond bindings and no oracle evidence. Treat as harmless.",BENIGN_DRIFT,"Adjudicated BENIGN_DRIFT: concrete C field drift exists, but Rust impact is not supported beyond generated binding exposure.",,
W-000722,FieldDrift,Medium,8.8,offset_ctx,BENIGN_DRIFT,"C field diff is supported (mt added; next_offset u32_->core::ffi::c_ulong; xa removed), but Rust evidence is generated bindings only; no safe/unsafe wrapper contract, build break, or wrapper fix depends on it.",BENIGN_DRIFT,"Real field drift for offset_ctx, but the packet shows no Rust use of the changed fields beyond bindings and no oracle evidence. Treat as harmless.",BENIGN_DRIFT,"Adjudicated BENIGN_DRIFT: concrete C field drift exists, but Rust impact is not supported beyond generated binding exposure.",,
W-000723,FieldDrift,Medium,8.8,pcpu_hot__bindgen_ty_1__bindgen_ty_1,BENIGN_DRIFT,"C field diff is supported (call_depth removed), but Rust evidence is generated bindings only; no safe/unsafe wrapper contract, build break, or wrapper fix depends on it.",BENIGN_DRIFT,"Real field drift for pcpu_hot__bindgen_ty_1__bindgen_ty_1, but the packet shows no Rust use of the changed fields beyond bindings and no oracle evidence. Treat as harmless.",BENIGN_DRIFT,"Adjudicated BENIGN_DRIFT: concrete C field drift exists, but Rust impact is not supported beyond generated binding exposure.",,
W-000726,FieldDrift,Medium,8.8,phy_package_shared,BENIGN_DRIFT,"C field diff is supported (np added), but Rust evidence is generated bindings only; no safe/unsafe wrapper contract, build break, or wrapper fix depends on it.",BENIGN_DRIFT,"Real field drift for phy_package_shared, but the packet shows no Rust use of the changed fields beyond bindings and no oracle evidence. Treat as harmless.",BENIGN_DRIFT,"Adjudicated BENIGN_DRIFT: concrete C field drift exists, but Rust impact is not supported beyond generated binding exposure.",,
W-000728,FieldDrift,Medium,8.8,pt_regs,BENIGN_DRIFT,"C field diff is supported (__bindgen_anon_1 added; __bindgen_anon_2 added; cs removed; 1 more), but Rust evidence is generated bindings only; no safe/unsafe wrapper contract, build break, or wrapper fix depends on it.",BENIGN_DRIFT,"Real field drift for pt_regs, but the packet shows no Rust use of the changed fields beyond bindings and no oracle evidence. Treat as harmless.",BENIGN_DRIFT,"Adjudicated BENIGN_DRIFT: concrete C field drift exists, but Rust impact is not supported beyond generated binding exposure.",,
W-000729,FieldDrift,Medium,8.8,scm_fp_list,BENIGN_DRIFT,"C field diff is supported (count_unix added), but Rust evidence is generated bindings only; no safe/unsafe wrapper contract, build break, or wrapper fix depends on it.",BENIGN_DRIFT,"Real field drift for scm_fp_list, but the packet shows no Rust use of the changed fields beyond bindings and no oracle evidence. Treat as harmless.",BENIGN_DRIFT,"Adjudicated BENIGN_DRIFT: concrete C field drift exists, but Rust impact is not supported beyond generated binding exposure.",,
W-000731,FieldDrift,Medium,8.8,seq_operations,FALSE_POSITIVE,"Field evidence is absent/opaque on one side (0 old fields, 3 new fields); Rust exposure is generated-only and lacks source diff/oracle support.",FALSE_POSITIVE,"Strict review: opaque/absent field extraction for seq_operations is not concrete C drift evidence, and no Rust wrapper or build failure is shown.",FALSE_POSITIVE,Adjudicated FALSE_POSITIVE: absent/opaque field evidence without concrete source/diff support is insufficient for a true or benign drift label.,,
W-000735,FieldDrift,Medium,8.8,super_block,BENIGN_DRIFT,"C field diff is supported (__bindgen_padding_0 [u32; 9usize]->[u32; 15usize]; s_bdev_file added; s_bdev_handle removed; 2 more), but Rust evidence is generated bindings only; no safe/unsafe wrapper contract, build break, or wrapper fix depends on it.",BENIGN_DRIFT,"Real field drift for super_block, but the packet shows no Rust use of the changed fields beyond bindings and no oracle evidence. Treat as harmless.",BENIGN_DRIFT,"Adjudicated BENIGN_DRIFT: concrete C field drift exists, but Rust impact is not supported beyond generated binding exposure.",,
W-000736,FieldDrift,Medium,8.8,system_counterval_t,BENIGN_DRIFT,"C field diff is supported (cs removed; cs_id added), but Rust evidence is generated bindings only; no safe/unsafe wrapper contract, build break, or wrapper fix depends on it.",BENIGN_DRIFT,"Real field drift for system_counterval_t, but the packet shows no Rust use of the changed fields beyond bindings and no oracle evidence. Treat as harmless.",BENIGN_DRIFT,"Adjudicated BENIGN_DRIFT: concrete C field drift exists, but Rust impact is not supported beyond generated binding exposure.",,
W-000739,FieldDrift,Medium,8.8,ucounts,FALSE_POSITIVE,"Field evidence is absent/opaque on one side (0 old fields, 6 new fields); Rust exposure is generated-only and lacks source diff/oracle support.",FALSE_POSITIVE,"Strict review: opaque/absent field extraction for ucounts is not concrete C drift evidence, and no Rust wrapper or build failure is shown.",FALSE_POSITIVE,Adjudicated FALSE_POSITIVE: absent/opaque field evidence without concrete source/diff support is insufficient for a true or benign drift label.,,
W-000741,FieldDrift,Medium,8.8,user_namespace,FALSE_POSITIVE,"Field evidence is absent/opaque on one side (0 old fields, 20 new fields); Rust exposure is generated-only and lacks source diff/oracle support.",FALSE_POSITIVE,"Strict review: opaque/absent field extraction for user_namespace is not concrete C drift evidence, and no Rust wrapper or build failure is shown.",FALSE_POSITIVE,Adjudicated FALSE_POSITIVE: absent/opaque field evidence without concrete source/diff support is insufficient for a true or benign drift label.,,
W-000742,FieldDrift,Medium,8.8,vmem_altmap,BENIGN_DRIFT,"C field diff is supported (inaccessible added), but Rust evidence is generated bindings only; no safe/unsafe wrapper contract, build break, or wrapper fix depends on it.",BENIGN_DRIFT,"Real field drift for vmem_altmap, but the packet shows no Rust use of the changed fields beyond bindings and no oracle evidence. Treat as harmless.",BENIGN_DRIFT,"Adjudicated BENIGN_DRIFT: concrete C field drift exists, but Rust impact is not supported beyond generated binding exposure.",,
W-000743,FieldDrift,Medium,8.8,writeback_control,FALSE_POSITIVE,"Field evidence is absent/opaque on one side (0 old fields, 11 new fields); Rust exposure is generated-only and lacks source diff/oracle support.",FALSE_POSITIVE,"Strict review: opaque/absent field extraction for writeback_control is not concrete C drift evidence, and no Rust wrapper or build failure is shown.",FALSE_POSITIVE,Adjudicated FALSE_POSITIVE: absent/opaque field evidence without concrete source/diff support is insufficient for a true or benign drift label.,,
W-000744,FieldDrift,Medium,8.8,x86_init_mpparse,BENIGN_DRIFT,"C field diff is supported (early_parse_smp_cfg added; find_mptable added; find_smp_config removed; 2 more), but Rust evidence is generated bindings only; no safe/unsafe wrapper contract, build break, or wrapper fix depends on it.",BENIGN_DRIFT,"Real field drift for x86_init_mpparse, but the packet shows no Rust use of the changed fields beyond bindings and no oracle evidence. Treat as harmless.",BENIGN_DRIFT,"Adjudicated BENIGN_DRIFT: concrete C field drift exists, but Rust impact is not supported beyond generated binding exposure.",,
W-000811,MacroConstDrift,Medium,8.8,PF_MEMALLOC,FALSE_POSITIVE,Macro evidence does not show a value drift for PF_MEMALLOC; the numeric value is unchanged and Rust exposure is generated-only.,FALSE_POSITIVE,"Strict review: PF_MEMALLOC lacks a supported constant-value change tied to Rust code, build breakage, or a wrapper fix.",FALSE_POSITIVE,"Adjudicated FALSE_POSITIVE: the claimed macro-constant drift is not supported as a value change, and no Rust contract evidence exists.",,
W-000746,MacroConstDrift,Medium,7.8,CONFIG_LD_ORPHAN_WARN_LEVEL,BENIGN_DRIFT,"Macro value changes 'b""warn\\0""'->'b""error\\0""', but Rust evidence is only generated constant exposure; no safe API, unsafe wrapper, build break, or wrapper fix is shown.",BENIGN_DRIFT,"Real constant drift is supported for CONFIG_LD_ORPHAN_WARN_LEVEL, yet the packet lacks Rust contract dependence beyond generated bindings and has no oracle evidence.",BENIGN_DRIFT,Adjudicated BENIGN_DRIFT: real macro value drift with generated binding exposure only; no stale Rust abstraction or build/wrapper-fix evidence.,,
W-000747,MacroConstDrift,Medium,7.8,CONFIG_RUSTC_VERSION_TEXT,BENIGN_DRIFT,"Macro value changes 'b""rustc 1.74.1 (a28077b28 2023-12-04)\\0""'->'b""rustc 1.76.0 (07dca489a 2024-02-04)\\0""', but Rust evidence is only generated constant exposure; no safe API, unsafe wrapper, build break, or wrapper fix is shown.",BENIGN_DRIFT,"Real constant drift is supported for CONFIG_RUSTC_VERSION_TEXT, yet the packet lacks Rust contract dependence beyond generated bindings and has no oracle evidence.",BENIGN_DRIFT,Adjudicated BENIGN_DRIFT: real macro value drift with generated binding exposure only; no stale Rust abstraction or build/wrapper-fix evidence.,,
W-000748,MacroConstDrift,Medium,7.8,MAX_CPU_FEATURES,BENIGN_DRIFT,"Macro value changes '672'->'704', but Rust evidence is only generated constant exposure; no safe API, unsafe wrapper, build break, or wrapper fix is shown.",BENIGN_DRIFT,"Real constant drift is supported for MAX_CPU_FEATURES, yet the packet lacks Rust contract dependence beyond generated bindings and has no oracle evidence.",BENIGN_DRIFT,Adjudicated BENIGN_DRIFT: real macro value drift with generated binding exposure only; no stale Rust abstraction or build/wrapper-fix evidence.,,
W-000749,MacroConstDrift,Medium,7.8,NCAPINTS,BENIGN_DRIFT,"Macro value changes '21'->'22', but Rust evidence is only generated constant exposure; no safe API, unsafe wrapper, build break, or wrapper fix is shown.",BENIGN_DRIFT,"Real constant drift is supported for NCAPINTS, yet the packet lacks Rust contract dependence beyond generated bindings and has no oracle evidence.",BENIGN_DRIFT,Adjudicated BENIGN_DRIFT: real macro value drift with generated binding exposure only; no stale Rust abstraction or build/wrapper-fix evidence.,,
W-000750,MacroConstDrift,Medium,7.8,clocksource_ids_CSID_MAX,BENIGN_DRIFT,"Macro value changes '2'->'5', but Rust evidence is only generated constant exposure; no safe API, unsafe wrapper, build break, or wrapper fix is shown.",BENIGN_DRIFT,"Real constant drift is supported for clocksource_ids_CSID_MAX, yet the packet lacks Rust contract dependence beyond generated bindings and has no oracle evidence.",BENIGN_DRIFT,Adjudicated BENIGN_DRIFT: real macro value drift with generated binding exposure only; no stale Rust abstraction or build/wrapper-fix evidence.,,
W-000751,MacroConstDrift,Medium,7.8,skb_drop_reason_SKB_DROP_REASON_BPF_CGROUP_EGRESS,BENIGN_DRIFT,"Macro value changes '45'->'47', but Rust evidence is only generated constant exposure; no safe API, unsafe wrapper, build break, or wrapper fix is shown.",BENIGN_DRIFT,"Real constant drift is supported for skb_drop_reason_SKB_DROP_REASON_BPF_CGROUP_EGRESS, yet the packet lacks Rust contract dependence beyond generated bindings and has no oracle evidence.",BENIGN_DRIFT,Adjudicated BENIGN_DRIFT: real macro value drift with generated binding exposure only; no stale Rust abstraction or build/wrapper-fix evidence.,,
W-000752,MacroConstDrift,Medium,7.8,skb_drop_reason_SKB_DROP_REASON_CPU_BACKLOG,BENIGN_DRIFT,"Macro value changes '53'->'56', but Rust evidence is only generated constant exposure; no safe API, unsafe wrapper, build break, or wrapper fix is shown.",BENIGN_DRIFT,"Real constant drift is supported for skb_drop_reason_SKB_DROP_REASON_CPU_BACKLOG, yet the packet lacks Rust contract dependence beyond generated bindings and has no oracle evidence.",BENIGN_DRIFT,Adjudicated BENIGN_DRIFT: real macro value drift with generated binding exposure only; no stale Rust abstraction or build/wrapper-fix evidence.,,
W-000753,MacroConstDrift,Medium,7.8,skb_drop_reason_SKB_DROP_REASON_DEV_HDR,BENIGN_DRIFT,"Macro value changes '60'->'63', but Rust evidence is only generated constant exposure; no safe API, unsafe wrapper, build break, or wrapper fix is shown.",BENIGN_DRIFT,"Real constant drift is supported for skb_drop_reason_SKB_DROP_REASON_DEV_HDR, yet the packet lacks Rust contract dependence beyond generated bindings and has no oracle evidence.",BENIGN_DRIFT,Adjudicated BENIGN_DRIFT: real macro value drift with generated binding exposure only; no stale Rust abstraction or build/wrapper-fix evidence.,,
W-000754,MacroConstDrift,Medium,7.8,skb_drop_reason_SKB_DROP_REASON_DEV_READY,BENIGN_DRIFT,"Macro value changes '61'->'64', but Rust evidence is only generated constant exposure; no safe API, unsafe wrapper, build break, or wrapper fix is shown.",BENIGN_DRIFT,"Real constant drift is supported for skb_drop_reason_SKB_DROP_REASON_DEV_READY, yet the packet lacks Rust contract dependence beyond generated bindings and has no oracle evidence.",BENIGN_DRIFT,Adjudicated BENIGN_DRIFT: real macro value drift with generated binding exposure only; no stale Rust abstraction or build/wrapper-fix evidence.,,
W-000755,MacroConstDrift,Medium,7.8,skb_drop_reason_SKB_DROP_REASON_DUP_FRAG,BENIGN_DRIFT,"Macro value changes '72'->'75', but Rust evidence is only generated constant exposure; no safe API, unsafe wrapper, build break, or wrapper fix is shown.",BENIGN_DRIFT,"Real constant drift is supported for skb_drop_reason_SKB_DROP_REASON_DUP_FRAG, yet the packet lacks Rust contract dependence beyond generated bindings and has no oracle evidence.",BENIGN_DRIFT,Adjudicated BENIGN_DRIFT: real macro value drift with generated binding exposure only; no stale Rust abstraction or build/wrapper-fix evidence.,,
W-000756,MacroConstDrift,Medium,7.8,skb_drop_reason_SKB_DROP_REASON_FRAG_REASM_TIMEOUT,BENIGN_DRIFT,"Macro value changes '73'->'76', but Rust evidence is only generated constant exposure; no safe API, unsafe wrapper, build break, or wrapper fix is shown.",BENIGN_DRIFT,"Real constant drift is supported for skb_drop_reason_SKB_DROP_REASON_FRAG_REASM_TIMEOUT, yet the packet lacks Rust contract dependence beyond generated bindings and has no oracle evidence.",BENIGN_DRIFT,Adjudicated BENIGN_DRIFT: real macro value drift with generated binding exposure only; no stale Rust abstraction or build/wrapper-fix evidence.,,
W-000757,MacroConstDrift,Medium,7.8,skb_drop_reason_SKB_DROP_REASON_FRAG_TOO_FAR,BENIGN_DRIFT,"Macro value changes '74'->'77', but Rust evidence is only generated constant exposure; no safe API, unsafe wrapper, build break, or wrapper fix is shown.",BENIGN_DRIFT,"Real constant drift is supported for skb_drop_reason_SKB_DROP_REASON_FRAG_TOO_FAR, yet the packet lacks Rust contract dependence beyond generated bindings and has no oracle evidence.",BENIGN_DRIFT,Adjudicated BENIGN_DRIFT: real macro value drift with generated binding exposure only; no stale Rust abstraction or build/wrapper-fix evidence.,,
W-000758,MacroConstDrift,Medium,7.8,skb_drop_reason_SKB_DROP_REASON_FULL_RING,BENIGN_DRIFT,"Macro value changes '62'->'65', but Rust evidence is only generated constant exposure; no safe API, unsafe wrapper, build break, or wrapper fix is shown.",BENIGN_DRIFT,"Real constant drift is supported for skb_drop_reason_SKB_DROP_REASON_FULL_RING, yet the packet lacks Rust contract dependence beyond generated bindings and has no oracle evidence.",BENIGN_DRIFT,Adjudicated BENIGN_DRIFT: real macro value drift with generated binding exposure only; no stale Rust abstraction or build/wrapper-fix evidence.,,
W-000759,MacroConstDrift,Medium,7.8,skb_drop_reason_SKB_DROP_REASON_HDR_TRUNC,BENIGN_DRIFT,"Macro value changes '64'->'67', but Rust evidence is only generated constant exposure; no safe API, unsafe wrapper, build break, or wrapper fix is shown.",BENIGN_DRIFT,"Real constant drift is supported for skb_drop_reason_SKB_DROP_REASON_HDR_TRUNC, yet the packet lacks Rust contract dependence beyond generated bindings and has no oracle evidence.",BENIGN_DRIFT,Adjudicated BENIGN_DRIFT: real macro value drift with generated binding exposure only; no stale Rust abstraction or build/wrapper-fix evidence.,,
W-000760,MacroConstDrift,Medium,7.8,skb_drop_reason_SKB_DROP_REASON_ICMP_CSUM,BENIGN_DRIFT,"Macro value changes '67'->'70', but Rust evidence is only generated constant exposure; no safe API, unsafe wrapper, build break, or wrapper fix is shown.",BENIGN_DRIFT,"Real constant drift is supported for skb_drop_reason_SKB_DROP_REASON_ICMP_CSUM, yet the packet lacks Rust contract dependence beyond generated bindings and has no oracle evidence.",BENIGN_DRIFT,Adjudicated BENIGN_DRIFT: real macro value drift with generated binding exposure only; no stale Rust abstraction or build/wrapper-fix evidence.,,
W-000761,MacroConstDrift,Medium,7.8,skb_drop_reason_SKB_DROP_REASON_INVALID_PROTO,BENIGN_DRIFT,"Macro value changes '68'->'71', but Rust evidence is only generated constant exposure; no safe API, unsafe wrapper, build break, or wrapper fix is shown.",BENIGN_DRIFT,"Real constant drift is supported for skb_drop_reason_SKB_DROP_REASON_INVALID_PROTO, yet the packet lacks Rust contract dependence beyond generated bindings and has no oracle evidence.",BENIGN_DRIFT,Adjudicated BENIGN_DRIFT: real macro value drift with generated binding exposure only; no stale Rust abstraction or build/wrapper-fix evidence.,,
W-000762,MacroConstDrift,Medium,7.8,skb_drop_reason_SKB_DROP_REASON_IPV6DISABLED,BENIGN_DRIFT,"Macro value changes '46'->'48', but Rust evidence is only generated constant exposure; no safe API, unsafe wrapper, build break, or wrapper fix is shown.",BENIGN_DRIFT,"Real constant drift is supported for skb_drop_reason_SKB_DROP_REASON_IPV6DISABLED, yet the packet lacks Rust contract dependence beyond generated bindings and has no oracle evidence.",BENIGN_DRIFT,Adjudicated BENIGN_DRIFT: real macro value drift with generated binding exposure only; no stale Rust abstraction or build/wrapper-fix evidence.,,
W-000763,MacroConstDrift,Medium,7.8,skb_drop_reason_SKB_DROP_REASON_IPV6_BAD_EXTHDR,BENIGN_DRIFT,"Macro value changes '76'->'79', but Rust evidence is only generated constant exposure; no safe API, unsafe wrapper, build break, or wrapper fix is shown.",BENIGN_DRIFT,"Real constant drift is supported for skb_drop_reason_SKB_DROP_REASON_IPV6_BAD_EXTHDR, yet the packet lacks Rust contract dependence beyond generated bindings and has no oracle evidence.",BENIGN_DRIFT,Adjudicated BENIGN_DRIFT: real macro value drift with generated binding exposure only; no stale Rust abstraction or build/wrapper-fix evidence.,,
W-000764,MacroConstDrift,Medium,7.8,skb_drop_reason_SKB_DROP_REASON_IPV6_NDISC_BAD_CODE,BENIGN_DRIFT,"Macro value changes '79'->'82', but Rust evidence is only generated constant exposure; no safe API, unsafe wrapper, build break, or wrapper fix is shown.",BENIGN_DRIFT,"Real constant drift is supported for skb_drop_reason_SKB_DROP_REASON_IPV6_NDISC_BAD_CODE, yet the packet lacks Rust contract dependence beyond generated bindings and has no oracle evidence.",BENIGN_DRIFT,Adjudicated BENIGN_DRIFT: real macro value drift with generated binding exposure only; no stale Rust abstraction or build/wrapper-fix evidence.,,
W-000765,MacroConstDrift,Medium,7.8,skb_drop_reason_SKB_DROP_REASON_IPV6_NDISC_BAD_OPTIONS,BENIGN_DRIFT,"Macro value changes '80'->'83', but Rust evidence is only generated constant exposure; no safe API, unsafe wrapper, build break, or wrapper fix is shown.",BENIGN_DRIFT,"Real constant drift is supported for skb_drop_reason_SKB_DROP_REASON_IPV6_NDISC_BAD_OPTIONS, yet the packet lacks Rust contract dependence beyond generated bindings and has no oracle evidence.",BENIGN_DRIFT,Adjudicated BENIGN_DRIFT: real macro value drift with generated binding exposure only; no stale Rust abstraction or build/wrapper-fix evidence.,,
W-000766,MacroConstDrift,Medium,7.8,skb_drop_reason_SKB_DROP_REASON_IPV6_NDISC_FRAG,BENIGN_DRIFT,"Macro value changes '77'->'80', but Rust evidence is only generated constant exposure; no safe API, unsafe wrapper, build break, or wrapper fix is shown.",BENIGN_DRIFT,"Real constant drift is supported for skb_drop_reason_SKB_DROP_REASON_IPV6_NDISC_FRAG, yet the packet lacks Rust contract dependence beyond generated bindings and has no oracle evidence.",BENIGN_DRIFT,Adjudicated BENIGN_DRIFT: real macro value drift with generated binding exposure only; no stale Rust abstraction or build/wrapper-fix evidence.,,
W-000767,MacroConstDrift,Medium,7.8,skb_drop_reason_SKB_DROP_REASON_IPV6_NDISC_HOP_LIMIT,BENIGN_DRIFT,"Macro value changes '78'->'81', but Rust evidence is only generated constant exposure; no safe API, unsafe wrapper, build break, or wrapper fix is shown.",BENIGN_DRIFT,"Real constant drift is supported for skb_drop_reason_SKB_DROP_REASON_IPV6_NDISC_HOP_LIMIT, yet the packet lacks Rust contract dependence beyond generated bindings and has no oracle evidence.",BENIGN_DRIFT,Adjudicated BENIGN_DRIFT: real macro value drift with generated binding exposure only; no stale Rust abstraction or build/wrapper-fix evidence.,,
W-000768,MacroConstDrift,Medium,7.8,skb_drop_reason_SKB_DROP_REASON_IPV6_NDISC_NS_OTHERHOST,BENIGN_DRIFT,"Macro value changes '81'->'84', but Rust evidence is only generated constant exposure; no safe API, unsafe wrapper, build break, or wrapper fix is shown.",BENIGN_DRIFT,"Real constant drift is supported for skb_drop_reason_SKB_DROP_REASON_IPV6_NDISC_NS_OTHERHOST, yet the packet lacks Rust contract dependence beyond generated bindings and has no oracle evidence.",BENIGN_DRIFT,Adjudicated BENIGN_DRIFT: real macro value drift with generated binding exposure only; no stale Rust abstraction or build/wrapper-fix evidence.,,
W-000769,MacroConstDrift,Medium,7.8,skb_drop_reason_SKB_DROP_REASON_IP_INADDRERRORS,BENIGN_DRIFT,"Macro value changes '69'->'72', but Rust evidence is only generated constant exposure; no safe API, unsafe wrapper, build break, or wrapper fix is shown.",BENIGN_DRIFT,"Real constant drift is supported for skb_drop_reason_SKB_DROP_REASON_IP_INADDRERRORS, yet the packet lacks Rust contract dependence beyond generated bindings and has no oracle evidence.",BENIGN_DRIFT,Adjudicated BENIGN_DRIFT: real macro value drift with generated binding exposure only; no stale Rust abstraction or build/wrapper-fix evidence.,,
W-000770,MacroConstDrift,Medium,7.8,skb_drop_reason_SKB_DROP_REASON_IP_INNOROUTES,BENIGN_DRIFT,"Macro value changes '70'->'73', but Rust evidence is only generated constant exposure; no safe API, unsafe wrapper, build break, or wrapper fix is shown.",BENIGN_DRIFT,"Real constant drift is supported for skb_drop_reason_SKB_DROP_REASON_IP_INNOROUTES, yet the packet lacks Rust contract dependence beyond generated bindings and has no oracle evidence.",BENIGN_DRIFT,Adjudicated BENIGN_DRIFT: real macro value drift with generated binding exposure only; no stale Rust abstraction or build/wrapper-fix evidence.,,
W-000771,MacroConstDrift,Medium,7.8,skb_drop_reason_SKB_DROP_REASON_IP_OUTNOROUTES,BENIGN_DRIFT,"Macro value changes '44'->'46', but Rust evidence is only generated constant exposure; no safe API, unsafe wrapper, build break, or wrapper fix is shown.",BENIGN_DRIFT,"Real constant drift is supported for skb_drop_reason_SKB_DROP_REASON_IP_OUTNOROUTES, yet the packet lacks Rust contract dependence beyond generated bindings and has no oracle evidence.",BENIGN_DRIFT,Adjudicated BENIGN_DRIFT: real macro value drift with generated binding exposure only; no stale Rust abstraction or build/wrapper-fix evidence.,,
W-000772,MacroConstDrift,Medium,7.8,skb_drop_reason_SKB_DROP_REASON_MAX,BENIGN_DRIFT,"Macro value changes '87'->'90', but Rust evidence is only generated constant exposure; no safe API, unsafe wrapper, build break, or wrapper fix is shown.",BENIGN_DRIFT,"Real constant drift is supported for skb_drop_reason_SKB_DROP_REASON_MAX, yet the packet lacks Rust contract dependence beyond generated bindings and has no oracle evidence.",BENIGN_DRIFT,Adjudicated BENIGN_DRIFT: real macro value drift with generated binding exposure only; no stale Rust abstraction or build/wrapper-fix evidence.,,
W-000773,MacroConstDrift,Medium,7.8,skb_drop_reason_SKB_DROP_REASON_NEIGH_CREATEFAIL,BENIGN_DRIFT,"Macro value changes '47'->'49', but Rust evidence is only generated constant exposure; no safe API, unsafe wrapper, build break, or wrapper fix is shown.",BENIGN_DRIFT,"Real constant drift is supported for skb_drop_reason_SKB_DROP_REASON_NEIGH_CREATEFAIL, yet the packet lacks Rust contract dependence beyond generated bindings and has no oracle evidence.",BENIGN_DRIFT,Adjudicated BENIGN_DRIFT: real macro value drift with generated binding exposure only; no stale Rust abstraction or build/wrapper-fix evidence.,,
W-000774,MacroConstDrift,Medium,7.8,skb_drop_reason_SKB_DROP_REASON_NEIGH_DEAD,BENIGN_DRIFT,"Macro value changes '50'->'52', but Rust evidence is only generated constant exposure; no safe API, unsafe wrapper, build break, or wrapper fix is shown.",BENIGN_DRIFT,"Real constant drift is supported for skb_drop_reason_SKB_DROP_REASON_NEIGH_DEAD, yet the packet lacks Rust contract dependence beyond generated bindings and has no oracle evidence.",BENIGN_DRIFT,Adjudicated BENIGN_DRIFT: real macro value drift with generated binding exposure only; no stale Rust abstraction or build/wrapper-fix evidence.,,
W-000775,MacroConstDrift,Medium,7.8,skb_drop_reason_SKB_DROP_REASON_NEIGH_FAILED,BENIGN_DRIFT,"Macro value changes '48'->'50', but Rust evidence is only generated constant exposure; no safe API, unsafe wrapper, build break, or wrapper fix is shown.",BENIGN_DRIFT,"Real constant drift is supported for skb_drop_reason_SKB_DROP_REASON_NEIGH_FAILED, yet the packet lacks Rust contract dependence beyond generated bindings and has no oracle evidence.",BENIGN_DRIFT,Adjudicated BENIGN_DRIFT: real macro value drift with generated binding exposure only; no stale Rust abstraction or build/wrapper-fix evidence.,,
W-000776,MacroConstDrift,Medium,7.8,skb_drop_reason_SKB_DROP_REASON_NEIGH_QUEUEFULL,BENIGN_DRIFT,"Macro value changes '49'->'51', but Rust evidence is only generated constant exposure; no safe API, unsafe wrapper, build break, or wrapper fix is shown.",BENIGN_DRIFT,"Real constant drift is supported for skb_drop_reason_SKB_DROP_REASON_NEIGH_QUEUEFULL, yet the packet lacks Rust contract dependence beyond generated bindings and has no oracle evidence.",BENIGN_DRIFT,Adjudicated BENIGN_DRIFT: real macro value drift with generated binding exposure only; no stale Rust abstraction or build/wrapper-fix evidence.,,
W-000777,MacroConstDrift,Medium,7.8,skb_drop_reason_SKB_DROP_REASON_NOMEM,BENIGN_DRIFT,"Macro value changes '63'->'66', but Rust evidence is only generated constant exposure; no safe API, unsafe wrapper, build break, or wrapper fix is shown.",BENIGN_DRIFT,"Real constant drift is supported for skb_drop_reason_SKB_DROP_REASON_NOMEM, yet the packet lacks Rust contract dependence beyond generated bindings and has no oracle evidence.",BENIGN_DRIFT,Adjudicated BENIGN_DRIFT: real macro value drift with generated binding exposure only; no stale Rust abstraction or build/wrapper-fix evidence.,,
W-000038,SignatureDrift,High,10.8,__tasklet_schedule,FALSE_POSITIVE,"Only absent->added signature evidence plus generated binding edges; no old/new C signature, source diff, Rust wrapper use, build log, or wrapper fix supports drift.",FALSE_POSITIVE,"Strict review: the packet shows a new generated binding exposure, not concrete signature drift or stale Rust contract evidence. No oracle evidence is present.",FALSE_POSITIVE,Adjudicated FALSE_POSITIVE: absent/added signature evidence without concrete source diff or Rust contract dependence is insufficient under the conservative standard.,,
W-000039,SignatureDrift,High,10.8,__warn_thunk,FALSE_POSITIVE,"Only absent->added signature evidence plus generated binding edges; no old/new C signature, source diff, Rust wrapper use, build log, or wrapper fix supports drift.",FALSE_POSITIVE,"Strict review: the packet shows a new generated binding exposure, not concrete signature drift or stale Rust contract evidence. No oracle evidence is present.",FALSE_POSITIVE,Adjudicated FALSE_POSITIVE: absent/added signature evidence without concrete source diff or Rust contract dependence is insufficient under the conservative standard.,,
W-000040,SignatureDrift,High,10.8,account_guest_time,FALSE_POSITIVE,"Only absent->added signature evidence plus generated binding edges; no old/new C signature, source diff, Rust wrapper use, build log, or wrapper fix supports drift.",FALSE_POSITIVE,"Strict review: the packet shows a new generated binding exposure, not concrete signature drift or stale Rust contract evidence. No oracle evidence is present.",FALSE_POSITIVE,Adjudicated FALSE_POSITIVE: absent/added signature evidence without concrete source diff or Rust contract dependence is insufficient under the conservative standard.,,
W-000041,SignatureDrift,High,10.8,account_idle_ticks,FALSE_POSITIVE,"Only absent->added signature evidence plus generated binding edges; no old/new C signature, source diff, Rust wrapper use, build log, or wrapper fix supports drift.",FALSE_POSITIVE,"Strict review: the packet shows a new generated binding exposure, not concrete signature drift or stale Rust contract evidence. No oracle evidence is present.",FALSE_POSITIVE,Adjudicated FALSE_POSITIVE: absent/added signature evidence without concrete source diff or Rust contract dependence is insufficient under the conservative standard.,,
W-000042,SignatureDrift,High,10.8,account_idle_time,FALSE_POSITIVE,"Only absent->added signature evidence plus generated binding edges; no old/new C signature, source diff, Rust wrapper use, build log, or wrapper fix supports drift.",FALSE_POSITIVE,"Strict review: the packet shows a new generated binding exposure, not concrete signature drift or stale Rust contract evidence. No oracle evidence is present.",FALSE_POSITIVE,Adjudicated FALSE_POSITIVE: absent/added signature evidence without concrete source diff or Rust contract dependence is insufficient under the conservative standard.,,
W-000043,SignatureDrift,High,10.8,account_process_tick,FALSE_POSITIVE,"Only absent->added signature evidence plus generated binding edges; no old/new C signature, source diff, Rust wrapper use, build log, or wrapper fix supports drift.",FALSE_POSITIVE,"Strict review: the packet shows a new generated binding exposure, not concrete signature drift or stale Rust contract evidence. No oracle evidence is present.",FALSE_POSITIVE,Adjudicated FALSE_POSITIVE: absent/added signature evidence without concrete source diff or Rust contract dependence is insufficient under the conservative standard.,,
W-000044,SignatureDrift,High,10.8,account_steal_time,FALSE_POSITIVE,"Only absent->added signature evidence plus generated binding edges; no old/new C signature, source diff, Rust wrapper use, build log, or wrapper fix supports drift.",FALSE_POSITIVE,"Strict review: the packet shows a new generated binding exposure, not concrete signature drift or stale Rust contract evidence. No oracle evidence is present.",FALSE_POSITIVE,Adjudicated FALSE_POSITIVE: absent/added signature evidence without concrete source diff or Rust contract dependence is insufficient under the conservative standard.,,
W-000045,SignatureDrift,High,10.8,account_system_index_time,FALSE_POSITIVE,"Only absent->added signature evidence plus generated binding edges; no old/new C signature, source diff, Rust wrapper use, build log, or wrapper fix supports drift.",FALSE_POSITIVE,"Strict review: the packet shows a new generated binding exposure, not concrete signature drift or stale Rust contract evidence. No oracle evidence is present.",FALSE_POSITIVE,Adjudicated FALSE_POSITIVE: absent/added signature evidence without concrete source diff or Rust contract dependence is insufficient under the conservative standard.,,
W-000046,SignatureDrift,High,10.8,account_system_time,FALSE_POSITIVE,"Only absent->added signature evidence plus generated binding edges; no old/new C signature, source diff, Rust wrapper use, build log, or wrapper fix supports drift.",FALSE_POSITIVE,"Strict review: the packet shows a new generated binding exposure, not concrete signature drift or stale Rust contract evidence. No oracle evidence is present.",FALSE_POSITIVE,Adjudicated FALSE_POSITIVE: absent/added signature evidence without concrete source diff or Rust contract dependence is insufficient under the conservative standard.,,
W-000047,SignatureDrift,High,10.8,account_user_time,FALSE_POSITIVE,"Only absent->added signature evidence plus generated binding edges; no old/new C signature, source diff, Rust wrapper use, build log, or wrapper fix supports drift.",FALSE_POSITIVE,"Strict review: the packet shows a new generated binding exposure, not concrete signature drift or stale Rust contract evidence. No oracle evidence is present.",FALSE_POSITIVE,Adjudicated FALSE_POSITIVE: absent/added signature evidence without concrete source diff or Rust contract dependence is insufficient under the conservative standard.,,
W-000048,SignatureDrift,High,10.8,add_cpu,FALSE_POSITIVE,"Only absent->added signature evidence plus generated binding edges; no old/new C signature, source diff, Rust wrapper use, build log, or wrapper fix supports drift.",FALSE_POSITIVE,"Strict review: the packet shows a new generated binding exposure, not concrete signature drift or stale Rust contract evidence. No oracle evidence is present.",FALSE_POSITIVE,Adjudicated FALSE_POSITIVE: absent/added signature evidence without concrete source diff or Rust contract dependence is insufficient under the conservative standard.,,
W-000049,SignatureDrift,High,10.8,add_timer_global,FALSE_POSITIVE,"Only absent->added signature evidence plus generated binding edges; no old/new C signature, source diff, Rust wrapper use, build log, or wrapper fix supports drift.",FALSE_POSITIVE,"Strict review: the packet shows a new generated binding exposure, not concrete signature drift or stale Rust contract evidence. No oracle evidence is present.",FALSE_POSITIVE,Adjudicated FALSE_POSITIVE: absent/added signature evidence without concrete source diff or Rust contract dependence is insufficient under the conservative standard.,,
W-000050,SignatureDrift,High,10.8,add_timer_local,FALSE_POSITIVE,"Only absent->added signature evidence plus generated binding edges; no old/new C signature, source diff, Rust wrapper use, build log, or wrapper fix supports drift.",FALSE_POSITIVE,"Strict review: the packet shows a new generated binding exposure, not concrete signature drift or stale Rust contract evidence. No oracle evidence is present.",FALSE_POSITIVE,Adjudicated FALSE_POSITIVE: absent/added signature evidence without concrete source diff or Rust contract dependence is insufficient under the conservative standard.,,
W-000052,SignatureDrift,High,10.8,alloc_file_pseudo_noaccount,FALSE_POSITIVE,"Only absent->added signature evidence plus generated binding edges; no old/new C signature, source diff, Rust wrapper use, build log, or wrapper fix supports drift.",FALSE_POSITIVE,"Strict review: the packet shows a new generated binding exposure, not concrete signature drift or stale Rust contract evidence. No oracle evidence is present.",FALSE_POSITIVE,Adjudicated FALSE_POSITIVE: absent/added signature evidence without concrete source diff or Rust contract dependence is insufficient under the conservative standard.,,
W-000053,SignatureDrift,High,10.8,alloc_ucounts,FALSE_POSITIVE,"Only absent->added signature evidence plus generated binding edges; no old/new C signature, source diff, Rust wrapper use, build log, or wrapper fix supports drift.",FALSE_POSITIVE,"Strict review: the packet shows a new generated binding exposure, not concrete signature drift or stale Rust contract evidence. No oracle evidence is present.",FALSE_POSITIVE,Adjudicated FALSE_POSITIVE: absent/added signature evidence without concrete source diff or Rust contract dependence is insufficient under the conservative standard.,,
W-000055,SignatureDrift,High,10.8,apply_relocation,FALSE_POSITIVE,"Only absent->added signature evidence plus generated binding edges; no old/new C signature, source diff, Rust wrapper use, build log, or wrapper fix supports drift.",FALSE_POSITIVE,"Strict review: the packet shows a new generated binding exposure, not concrete signature drift or stale Rust contract evidence. No oracle evidence is present.",FALSE_POSITIVE,Adjudicated FALSE_POSITIVE: absent/added signature evidence without concrete source diff or Rust contract dependence is insufficient under the conservative standard.,,
W-000056,SignatureDrift,High,10.8,arch_alloc_bpf_trampoline,FALSE_POSITIVE,"Only absent->added signature evidence plus generated binding edges; no old/new C signature, source diff, Rust wrapper use, build log, or wrapper fix supports drift.",FALSE_POSITIVE,"Strict review: the packet shows a new generated binding exposure, not concrete signature drift or stale Rust contract evidence. No oracle evidence is present.",FALSE_POSITIVE,Adjudicated FALSE_POSITIVE: absent/added signature evidence without concrete source diff or Rust contract dependence is insufficient under the conservative standard.,,
W-000057,SignatureDrift,High,10.8,arch_bpf_trampoline_size,FALSE_POSITIVE,"Only absent->added signature evidence plus generated binding edges; no old/new C signature, source diff, Rust wrapper use, build log, or wrapper fix supports drift.",FALSE_POSITIVE,"Strict review: the packet shows a new generated binding exposure, not concrete signature drift or stale Rust contract evidence. No oracle evidence is present.",FALSE_POSITIVE,Adjudicated FALSE_POSITIVE: absent/added signature evidence without concrete source diff or Rust contract dependence is insufficient under the conservative standard.,,
W-000058,SignatureDrift,High,10.8,arch_cpu_finalize_init,FALSE_POSITIVE,"Only absent->added signature evidence plus generated binding edges; no old/new C signature, source diff, Rust wrapper use, build log, or wrapper fix supports drift.",FALSE_POSITIVE,"Strict review: the packet shows a new generated binding exposure, not concrete signature drift or stale Rust contract evidence. No oracle evidence is present.",FALSE_POSITIVE,Adjudicated FALSE_POSITIVE: absent/added signature evidence without concrete source diff or Rust contract dependence is insufficient under the conservative standard.,,
W-000060,SignatureDrift,High,10.8,arch_cpu_idle_dead,FALSE_POSITIVE,"Only absent->added signature evidence plus generated binding edges; no old/new C signature, source diff, Rust wrapper use, build log, or wrapper fix supports drift.",FALSE_POSITIVE,"Strict review: the packet shows a new generated binding exposure, not concrete signature drift or stale Rust contract evidence. No oracle evidence is present.",FALSE_POSITIVE,Adjudicated FALSE_POSITIVE: absent/added signature evidence without concrete source diff or Rust contract dependence is insufficient under the conservative standard.,,
W-000061,SignatureDrift,High,10.8,arch_cpu_idle_enter,FALSE_POSITIVE,"Only absent->added signature evidence plus generated binding edges; no old/new C signature, source diff, Rust wrapper use, build log, or wrapper fix supports drift.",FALSE_POSITIVE,"Strict review: the packet shows a new generated binding exposure, not concrete signature drift or stale Rust contract evidence. No oracle evidence is present.",FALSE_POSITIVE,Adjudicated FALSE_POSITIVE: absent/added signature evidence without concrete source diff or Rust contract dependence is insufficient under the conservative standard.,,
W-000062,SignatureDrift,High,10.8,arch_cpu_idle_exit,FALSE_POSITIVE,"Only absent->added signature evidence plus generated binding edges; no old/new C signature, source diff, Rust wrapper use, build log, or wrapper fix supports drift.",FALSE_POSITIVE,"Strict review: the packet shows a new generated binding exposure, not concrete signature drift or stale Rust contract evidence. No oracle evidence is present.",FALSE_POSITIVE,Adjudicated FALSE_POSITIVE: absent/added signature evidence without concrete source diff or Rust contract dependence is insufficient under the conservative standard.,,
W-000063,SignatureDrift,High,10.8,arch_cpu_idle_prepare,FALSE_POSITIVE,"Only absent->added signature evidence plus generated binding edges; no old/new C signature, source diff, Rust wrapper use, build log, or wrapper fix supports drift.",FALSE_POSITIVE,"Strict review: the packet shows a new generated binding exposure, not concrete signature drift or stale Rust contract evidence. No oracle evidence is present.",FALSE_POSITIVE,Adjudicated FALSE_POSITIVE: absent/added signature evidence without concrete source diff or Rust contract dependence is insufficient under the conservative standard.,,
W-000064,SignatureDrift,High,10.8,arch_cpu_is_hotpluggable,FALSE_POSITIVE,"Only absent->added signature evidence plus generated binding edges; no old/new C signature, source diff, Rust wrapper use, build log, or wrapper fix supports drift.",FALSE_POSITIVE,"Strict review: the packet shows a new generated binding exposure, not concrete signature drift or stale Rust contract evidence. No oracle evidence is present.",FALSE_POSITIVE,Adjudicated FALSE_POSITIVE: absent/added signature evidence without concrete source diff or Rust contract dependence is insufficient under the conservative standard.,,
W-000065,SignatureDrift,High,10.8,arch_cpu_probe,FALSE_POSITIVE,"Only absent->added signature evidence plus generated binding edges; no old/new C signature, source diff, Rust wrapper use, build log, or wrapper fix supports drift.",FALSE_POSITIVE,"Strict review: the packet shows a new generated binding exposure, not concrete signature drift or stale Rust contract evidence. No oracle evidence is present.",FALSE_POSITIVE,Adjudicated FALSE_POSITIVE: absent/added signature evidence without concrete source diff or Rust contract dependence is insufficient under the conservative standard.,,
W-000066,SignatureDrift,High,10.8,arch_cpu_release,FALSE_POSITIVE,"Only absent->added signature evidence plus generated binding edges; no old/new C signature, source diff, Rust wrapper use, build log, or wrapper fix supports drift.",FALSE_POSITIVE,"Strict review: the packet shows a new generated binding exposure, not concrete signature drift or stale Rust contract evidence. No oracle evidence is present.",FALSE_POSITIVE,Adjudicated FALSE_POSITIVE: absent/added signature evidence without concrete source diff or Rust contract dependence is insufficient under the conservative standard.,,
W-000067,SignatureDrift,High,10.8,arch_cpuhp_cleanup_dead_cpu,FALSE_POSITIVE,"Only absent->added signature evidence plus generated binding edges; no old/new C signature, source diff, Rust wrapper use, build log, or wrapper fix supports drift.",FALSE_POSITIVE,"Strict review: the packet shows a new generated binding exposure, not concrete signature drift or stale Rust contract evidence. No oracle evidence is present.",FALSE_POSITIVE,Adjudicated FALSE_POSITIVE: absent/added signature evidence without concrete source diff or Rust contract dependence is insufficient under the conservative standard.,,
W-000068,SignatureDrift,High,10.8,arch_cpuhp_cleanup_kick_cpu,FALSE_POSITIVE,"Only absent->added signature evidence plus generated binding edges; no old/new C signature, source diff, Rust wrapper use, build log, or wrapper fix supports drift.",FALSE_POSITIVE,"Strict review: the packet shows a new generated binding exposure, not concrete signature drift or stale Rust contract evidence. No oracle evidence is present.",FALSE_POSITIVE,Adjudicated FALSE_POSITIVE: absent/added signature evidence without concrete source diff or Rust contract dependence is insufficient under the conservative standard.,,
W-000069,SignatureDrift,High,10.8,arch_cpuhp_init_parallel_bringup,FALSE_POSITIVE,"Only absent->added signature evidence plus generated binding edges; no old/new C signature, source diff, Rust wrapper use, build log, or wrapper fix supports drift.",FALSE_POSITIVE,"Strict review: the packet shows a new generated binding exposure, not concrete signature drift or stale Rust contract evidence. No oracle evidence is present.",FALSE_POSITIVE,Adjudicated FALSE_POSITIVE: absent/added signature evidence without concrete source diff or Rust contract dependence is insufficient under the conservative standard.,,
W-000070,SignatureDrift,High,10.8,arch_cpuhp_kick_ap_alive,FALSE_POSITIVE,"Only absent->added signature evidence plus generated binding edges; no old/new C signature, source diff, Rust wrapper use, build log, or wrapper fix supports drift.",FALSE_POSITIVE,"Strict review: the packet shows a new generated binding exposure, not concrete signature drift or stale Rust contract evidence. No oracle evidence is present.",FALSE_POSITIVE,Adjudicated FALSE_POSITIVE: absent/added signature evidence without concrete source diff or Rust contract dependence is insufficient under the conservative standard.,,
W-000071,SignatureDrift,High,10.8,arch_cpuhp_sync_state_poll,FALSE_POSITIVE,"Only absent->added signature evidence plus generated binding edges; no old/new C signature, source diff, Rust wrapper use, build log, or wrapper fix supports drift.",FALSE_POSITIVE,"Strict review: the packet shows a new generated binding exposure, not concrete signature drift or stale Rust contract evidence. No oracle evidence is present.",FALSE_POSITIVE,Adjudicated FALSE_POSITIVE: absent/added signature evidence without concrete source diff or Rust contract dependence is insufficient under the conservative standard.,,
W-000072,SignatureDrift,High,10.8,arch_early_irq_init,FALSE_POSITIVE,"Only absent->added signature evidence plus generated binding edges; no old/new C signature, source diff, Rust wrapper use, build log, or wrapper fix supports drift.",FALSE_POSITIVE,"Strict review: the packet shows a new generated binding exposure, not concrete signature drift or stale Rust contract evidence. No oracle evidence is present.",FALSE_POSITIVE,Adjudicated FALSE_POSITIVE: absent/added signature evidence without concrete source diff or Rust contract dependence is insufficient under the conservative standard.,,
W-000073,SignatureDrift,High,10.8,arch_find_n_match_cpu_physical_id,FALSE_POSITIVE,"Only absent->added signature evidence plus generated binding edges; no old/new C signature, source diff, Rust wrapper use, build log, or wrapper fix supports drift.",FALSE_POSITIVE,"Strict review: the packet shows a new generated binding exposure, not concrete signature drift or stale Rust contract evidence. No oracle evidence is present.",FALSE_POSITIVE,Adjudicated FALSE_POSITIVE: absent/added signature evidence without concrete source diff or Rust contract dependence is insufficient under the conservative standard.,,
