sample_id,table,symbol,file,line,extracted_fact,is_correct,corrected_fact,error_type,notes
c_functions-001,c_functions,ia64_set_curr_task,.binddrift/worktrees/v6.11/include/linux/sched.h,1857,"{""c_symbol"": ""ia64_set_curr_task"", ""definition_file"": """", ""header_file"": "".binddrift/worktrees/v6.11/include/linux/sched.h"", ""line"": 1857, ""params"": ""[\""int cpu\"", \""struct task_struct *p\""]"", ""return_type"": ""extern void"", ""version_id"": ""v6.11""}",,,,
c_functions-002,c_functions,pci_enable_link_state,.binddrift/worktrees/v7.0/include/linux/pci.h,1919,"{""c_symbol"": ""pci_enable_link_state"", ""definition_file"": "".binddrift/worktrees/v7.0/include/linux/pci.h"", ""header_file"": "".binddrift/worktrees/v7.0/include/linux/pci.h"", ""line"": 1919, ""params"": ""[\""struct pci_dev *pdev\"", \""int state\""]"", ""return_type"": ""static inline int"", ""version_id"": ""v7.0""}",,,,
c_functions-003,c_functions,platform_pm_thaw,.binddrift/worktrees/v6.17/include/linux/platform_device.h,361,"{""c_symbol"": ""platform_pm_thaw"", ""definition_file"": """", ""header_file"": "".binddrift/worktrees/v6.17/include/linux/platform_device.h"", ""line"": 361, ""params"": ""[\""struct device *dev\""]"", ""return_type"": ""extern int"", ""version_id"": ""v6.17""}",,,,
c_functions-004,c_functions,acpi_unregister_lps0_dev,.binddrift/worktrees/HEAD_9207d47f966b/include/linux/acpi.h,1187,"{""c_symbol"": ""acpi_unregister_lps0_dev"", ""definition_file"": """", ""header_file"": "".binddrift/worktrees/HEAD_9207d47f966b/include/linux/acpi.h"", ""line"": 1187, ""params"": ""[\""struct acpi_s2idle_dev_ops *arg\""]"", ""return_type"": ""void"", ""version_id"": ""HEAD_9207d47f966b""}",,,,
c_functions-005,c_functions,init_waitqueue_entry,.binddrift/worktrees/v6.8/include/linux/wait.h,80,"{""c_symbol"": ""init_waitqueue_entry"", ""definition_file"": "".binddrift/worktrees/v6.8/include/linux/wait.h"", ""header_file"": "".binddrift/worktrees/v6.8/include/linux/wait.h"", ""line"": 80, ""params"": ""[\""struct wait_queue_entry *wq_entry\"", \""struct task_struct *p\""]"", ""return_type"": ""static inline void"", ""version_id"": ""v6.8""}",,,,
c_functions-006,c_functions,override_creds_light,.binddrift/worktrees/v6.13/include/linux/cred.h,180,"{""c_symbol"": ""override_creds_light"", ""definition_file"": "".binddrift/worktrees/v6.13/include/linux/cred.h"", ""header_file"": "".binddrift/worktrees/v6.13/include/linux/cred.h"", ""line"": 180, ""params"": ""[\""const struct cred *override_cred\""]"", ""return_type"": ""static inline const struct cred *"", ""version_id"": ""v6.13""}",,,,
c_functions-007,c_functions,pci_get_device_reverse,.binddrift/worktrees/v7.0/include/linux/pci.h,1292,"{""c_symbol"": ""pci_get_device_reverse"", ""definition_file"": """", ""header_file"": "".binddrift/worktrees/v7.0/include/linux/pci.h"", ""line"": 1292, ""params"": ""[\""unsigned int vendor\"", \""unsigned int device\"", \""struct pci_dev *from\""]"", ""return_type"": ""struct pci_dev *"", ""version_id"": ""v7.0""}",,,,
c_functions-008,c_functions,phy_device_register,.binddrift/worktrees/v6.14/include/linux/phy.h,1832,"{""c_symbol"": ""phy_device_register"", ""definition_file"": """", ""header_file"": "".binddrift/worktrees/v6.14/include/linux/phy.h"", ""line"": 1832, ""params"": ""[\""struct phy_device *phy\""]"", ""return_type"": ""int"", ""version_id"": ""v6.14""}",,,,
c_functions-009,c_functions,I_BDEV,.binddrift/worktrees/HEAD_9207d47f966b/include/linux/blkdev.h,1788,"{""c_symbol"": ""I_BDEV"", ""definition_file"": """", ""header_file"": "".binddrift/worktrees/HEAD_9207d47f966b/include/linux/blkdev.h"", ""line"": 1788, ""params"": ""[\""struct inode *inode\""]"", ""return_type"": ""struct block_device *"", ""version_id"": ""HEAD_9207d47f966b""}",,,,
c_functions-010,c_functions,mdiobus_c45_read_nested,.binddrift/worktrees/v6.17/include/linux/mdio.h,589,"{""c_symbol"": ""mdiobus_c45_read_nested"", ""definition_file"": """", ""header_file"": "".binddrift/worktrees/v6.17/include/linux/mdio.h"", ""line"": 589, ""params"": ""[\""struct mii_bus *bus\"", \""int addr\"", \""int devad\"", \""u32 regnum\""]"", ""return_type"": ""int"", ""version_id"": ""v6.17""}",,,,
c_functions-011,c_functions,queue_max_bytes,.binddrift/worktrees/v6.12/include/linux/blkdev.h,1163,"{""c_symbol"": ""queue_max_bytes"", ""definition_file"": "".binddrift/worktrees/v6.12/include/linux/blkdev.h"", ""header_file"": "".binddrift/worktrees/v6.12/include/linux/blkdev.h"", ""line"": 1163, ""params"": ""[\""struct request_queue *q\""]"", ""return_type"": ""static inline unsigned int"", ""version_id"": ""v6.12""}",,,,
c_functions-012,c_functions,bdev_partno,.binddrift/worktrees/v6.15/include/linux/blkdev.h,764,"{""c_symbol"": ""bdev_partno"", ""definition_file"": "".binddrift/worktrees/v6.15/include/linux/blkdev.h"", ""header_file"": "".binddrift/worktrees/v6.15/include/linux/blkdev.h"", ""line"": 764, ""params"": ""[\""const struct block_device *bdev\""]"", ""return_type"": ""static inline u8"", ""version_id"": ""v6.15""}",,,,
c_functions-013,c_functions,devm_regulator_get_enable,.binddrift/worktrees/v6.19/include/linux/regulator/consumer.h,165,"{""c_symbol"": ""devm_regulator_get_enable"", ""definition_file"": """", ""header_file"": "".binddrift/worktrees/v6.19/include/linux/regulator/consumer.h"", ""line"": 165, ""params"": ""[\""struct device *dev\"", \""const char *id\""]"", ""return_type"": ""int"", ""version_id"": ""v6.19""}",,,,
c_functions-014,c_functions,pci_store_saved_state,.binddrift/worktrees/v6.16/include/linux/pci.h,1430,"{""c_symbol"": ""pci_store_saved_state"", ""definition_file"": """", ""header_file"": "".binddrift/worktrees/v6.16/include/linux/pci.h"", ""line"": 1430, ""params"": ""[\""struct pci_dev *dev\""]"", ""return_type"": ""struct pci_saved_state *"", ""version_id"": ""v6.16""}",,,,
c_functions-015,c_functions,acpi_ec_set_gpe_wake_mask,.binddrift/worktrees/v6.18/include/linux/acpi.h,1218,"{""c_symbol"": ""acpi_ec_set_gpe_wake_mask"", ""definition_file"": "".binddrift/worktrees/v6.18/include/linux/acpi.h"", ""header_file"": "".binddrift/worktrees/v6.18/include/linux/acpi.h"", ""line"": 1218, ""params"": ""[\""u8 action\""]"", ""return_type"": ""static inline void"", ""version_id"": ""v6.18""}",,,,
c_functions-016,c_functions,sync_blockdev,.binddrift/worktrees/v6.11/include/linux/blkdev.h,1612,"{""c_symbol"": ""sync_blockdev"", ""definition_file"": """", ""header_file"": "".binddrift/worktrees/v6.11/include/linux/blkdev.h"", ""line"": 1612, ""params"": ""[\""struct block_device *bdev\""]"", ""return_type"": ""int"", ""version_id"": ""v6.11""}",,,,
c_functions-017,c_functions,notify_change,.binddrift/worktrees/v6.13/include/linux/fs.h,2926,"{""c_symbol"": ""notify_change"", ""definition_file"": """", ""header_file"": "".binddrift/worktrees/v6.13/include/linux/fs.h"", ""line"": 2926, ""params"": ""[\""struct mnt_idmap *\"", \""struct dentry *\"", \""struct iattr *\"", \""struct inode **\""]"", ""return_type"": ""int"", ""version_id"": ""v6.13""}",,,,
c_functions-018,c_functions,bdev_nr_sectors,.binddrift/worktrees/v6.19/include/linux/blkdev.h,835,"{""c_symbol"": ""bdev_nr_sectors"", ""definition_file"": "".binddrift/worktrees/v6.19/include/linux/blkdev.h"", ""header_file"": "".binddrift/worktrees/v6.19/include/linux/blkdev.h"", ""line"": 835, ""params"": ""[\""struct block_device *bdev\""]"", ""return_type"": ""static inline sector_t"", ""version_id"": ""v6.19""}",,,,
c_functions-019,c_functions,usb_autopm_put_interface_async,.binddrift/worktrees/v7.0/include/linux/usb.h,839,"{""c_symbol"": ""usb_autopm_put_interface_async"", ""definition_file"": "".binddrift/worktrees/v7.0/include/linux/usb.h"", ""header_file"": "".binddrift/worktrees/v7.0/include/linux/usb.h"", ""line"": 839, ""params"": ""[\""struct usb_interface *intf\""]"", ""return_type"": ""static inline void"", ""version_id"": ""v7.0""}",,,,
c_functions-020,c_functions,security_fs_context_dup,.binddrift/worktrees/v6.19/include/linux/security.h,753,"{""c_symbol"": ""security_fs_context_dup"", ""definition_file"": "".binddrift/worktrees/v6.19/include/linux/security.h"", ""header_file"": "".binddrift/worktrees/v6.19/include/linux/security.h"", ""line"": 753, ""params"": ""[\""struct fs_context *fc\"", \""struct fs_context *src_fc\""]"", ""return_type"": ""static inline int"", ""version_id"": ""v6.19""}",,,,
c_functions-021,c_functions,bd_abort_claiming,.binddrift/worktrees/v6.19/include/linux/blkdev.h,1773,"{""c_symbol"": ""bd_abort_claiming"", ""definition_file"": """", ""header_file"": "".binddrift/worktrees/v6.19/include/linux/blkdev.h"", ""line"": 1773, ""params"": ""[\""struct block_device *bdev\"", \""void *holder\""]"", ""return_type"": ""void"", ""version_id"": ""v6.19""}",,,,
c_functions-022,c_functions,pci_resource_to_user,.binddrift/worktrees/v6.15/include/linux/pci.h,2172,"{""c_symbol"": ""pci_resource_to_user"", ""definition_file"": """", ""header_file"": "".binddrift/worktrees/v6.15/include/linux/pci.h"", ""line"": 2172, ""params"": ""[\""const struct pci_dev *dev\"", \""int bar\"", \""const struct resource *rsrc\"", \""resource_size_t *start\"", \""resource_size_t *end\""]"", ""return_type"": ""void"", ""version_id"": ""v6.15""}",,,,
c_functions-023,c_functions,dma_coherent_ok,.binddrift/worktrees/v7.0/include/linux/dma-mapping.h,602,"{""c_symbol"": ""dma_coherent_ok"", ""definition_file"": """", ""header_file"": "".binddrift/worktrees/v7.0/include/linux/dma-mapping.h"", ""line"": 602, ""params"": ""[\""struct device *dev\"", \""phys_addr_t phys\"", \""size_t size\""]"", ""return_type"": ""bool"", ""version_id"": ""v7.0""}",,,,
c_functions-024,c_functions,bio_submit_split_bioset,.binddrift/worktrees/v7.0/include/linux/blkdev.h,1021,"{""c_symbol"": ""bio_submit_split_bioset"", ""definition_file"": """", ""header_file"": "".binddrift/worktrees/v7.0/include/linux/blkdev.h"", ""line"": 1021, ""params"": ""[\""struct bio *bio\"", \""unsigned int split_sectors\"", \""struct bio_set *bs\""]"", ""return_type"": ""struct bio *"", ""version_id"": ""v7.0""}",,,,
c_functions-025,c_functions,folio_mk_pmd,.binddrift/worktrees/v6.19/include/linux/mm.h,2085,"{""c_symbol"": ""folio_mk_pmd"", ""definition_file"": "".binddrift/worktrees/v6.19/include/linux/mm.h"", ""header_file"": "".binddrift/worktrees/v6.19/include/linux/mm.h"", ""line"": 2085, ""params"": ""[\""const struct folio *folio\"", \""pgprot_t pgprot\""]"", ""return_type"": ""static inline pmd_t"", ""version_id"": ""v6.19""}",,,,
c_functions-026,c_functions,pci_set_cacheline_size,.binddrift/worktrees/v7.0/include/linux/pci.h,1441,"{""c_symbol"": ""pci_set_cacheline_size"", ""definition_file"": """", ""header_file"": "".binddrift/worktrees/v7.0/include/linux/pci.h"", ""line"": 1441, ""params"": ""[\""struct pci_dev *dev\""]"", ""return_type"": ""int"", ""version_id"": ""v7.0""}",,,,
c_functions-027,c_functions,security_perf_event_alloc,.binddrift/worktrees/v6.17/include/linux/security.h,2343,"{""c_symbol"": ""security_perf_event_alloc"", ""definition_file"": """", ""header_file"": "".binddrift/worktrees/v6.17/include/linux/security.h"", ""line"": 2343, ""params"": ""[\""struct perf_event *event\""]"", ""return_type"": ""extern int"", ""version_id"": ""v6.17""}",,,,
c_functions-028,c_functions,kfree_sensitive,.binddrift/worktrees/v7.0/include/linux/slab.h,515,"{""c_symbol"": ""kfree_sensitive"", ""definition_file"": """", ""header_file"": "".binddrift/worktrees/v7.0/include/linux/slab.h"", ""line"": 515, ""params"": ""[\""const void *objp\""]"", ""return_type"": ""void"", ""version_id"": ""v7.0""}",,,,
c_functions-029,c_functions,pci_device_to_OF_node,.binddrift/worktrees/v6.17/include/linux/pci.h,2678,"{""c_symbol"": ""pci_device_to_OF_node"", ""definition_file"": "".binddrift/worktrees/v6.17/include/linux/pci.h"", ""header_file"": "".binddrift/worktrees/v6.17/include/linux/pci.h"", ""line"": 2678, ""params"": ""[\""const struct pci_dev *pdev\""]"", ""return_type"": ""static inline struct device_node *"", ""version_id"": ""v6.17""}",,,,
c_functions-030,c_functions,need_resched,.binddrift/worktrees/v6.14/include/linux/sched.h,2147,"{""c_symbol"": ""need_resched"", ""definition_file"": "".binddrift/worktrees/v6.14/include/linux/sched.h"", ""header_file"": "".binddrift/worktrees/v6.14/include/linux/sched.h"", ""line"": 2147, ""params"": ""[]"", ""return_type"": ""static __always_inline bool"", ""version_id"": ""v6.14""}",,,,
c_functions-031,c_functions,refcount_set,.binddrift/worktrees/v6.17/include/linux/refcount.h,132,"{""c_symbol"": ""refcount_set"", ""definition_file"": "".binddrift/worktrees/v6.17/include/linux/refcount.h"", ""header_file"": "".binddrift/worktrees/v6.17/include/linux/refcount.h"", ""line"": 132, ""params"": ""[\""refcount_t *r\"", \""int n\""]"", ""return_type"": ""static inline void"", ""version_id"": ""v6.17""}",,,,
c_functions-032,c_functions,free_anon_bdev,.binddrift/worktrees/v6.15/include/linux/fs.h,2669,"{""c_symbol"": ""free_anon_bdev"", ""definition_file"": """", ""header_file"": "".binddrift/worktrees/v6.15/include/linux/fs.h"", ""line"": 2669, ""params"": ""[\""dev_t\""]"", ""return_type"": ""void"", ""version_id"": ""v6.15""}",,,,
c_functions-033,c_functions,__dev_fwnode,.binddrift/worktrees/v7.0/include/linux/property.h,34,"{""c_symbol"": ""__dev_fwnode"", ""definition_file"": """", ""header_file"": "".binddrift/worktrees/v7.0/include/linux/property.h"", ""line"": 34, ""params"": ""[\""struct device *dev\""]"", ""return_type"": ""struct fwnode_handle *"", ""version_id"": ""v7.0""}",,,,
c_functions-034,c_functions,security_xfrm_policy_alloc,.binddrift/worktrees/v6.16/include/linux/security.h,1966,"{""c_symbol"": ""security_xfrm_policy_alloc"", ""definition_file"": "".binddrift/worktrees/v6.16/include/linux/security.h"", ""header_file"": "".binddrift/worktrees/v6.16/include/linux/security.h"", ""line"": 1966, ""params"": ""[\""struct xfrm_sec_ctx **ctxp\"", \""struct xfrm_user_sec_ctx *sec_ctx\"", \""gfp_t gfp\""]"", ""return_type"": ""static inline int"", ""version_id"": ""v6.16""}",,,,
c_functions-035,c_functions,disk_set_independent_access_ranges,.binddrift/worktrees/HEAD_9207d47f966b/include/linux/blkdev.h,1156,"{""c_symbol"": ""disk_set_independent_access_ranges"", ""definition_file"": """", ""header_file"": "".binddrift/worktrees/HEAD_9207d47f966b/include/linux/blkdev.h"", ""line"": 1156, ""params"": ""[\""struct gendisk *disk\"", \""struct blk_independent_access_ranges *iars\""]"", ""return_type"": ""void"", ""version_id"": ""HEAD_9207d47f966b""}",,,,
c_functions-036,c_functions,get_page,.binddrift/worktrees/v7.0/include/linux/mm.h,1782,"{""c_symbol"": ""get_page"", ""definition_file"": "".binddrift/worktrees/v7.0/include/linux/mm.h"", ""header_file"": "".binddrift/worktrees/v7.0/include/linux/mm.h"", ""line"": 1782, ""params"": ""[\""struct page *page\""]"", ""return_type"": ""static inline void"", ""version_id"": ""v7.0""}",,,,
c_functions-037,c_functions,genphy_c45_ethtool_set_eee,.binddrift/worktrees/v6.15/include/linux/phy.h,1982,"{""c_symbol"": ""genphy_c45_ethtool_set_eee"", ""definition_file"": """", ""header_file"": "".binddrift/worktrees/v6.15/include/linux/phy.h"", ""line"": 1982, ""params"": ""[\""struct phy_device *phydev\"", \""struct ethtool_keee *data\""]"", ""return_type"": ""int"", ""version_id"": ""v6.15""}",,,,
c_functions-038,c_functions,bdev_limits,.binddrift/worktrees/v6.14/include/linux/blkdev.h,1181,"{""c_symbol"": ""bdev_limits"", ""definition_file"": "".binddrift/worktrees/v6.14/include/linux/blkdev.h"", ""header_file"": "".binddrift/worktrees/v6.14/include/linux/blkdev.h"", ""line"": 1181, ""params"": ""[\""struct block_device *bdev\""]"", ""return_type"": ""static inline struct queue_limits *"", ""version_id"": ""v6.14""}",,,,
c_functions-039,c_functions,xas_find_chunk,.binddrift/worktrees/v6.17/include/linux/xarray.h,1742,"{""c_symbol"": ""xas_find_chunk"", ""definition_file"": "".binddrift/worktrees/v6.17/include/linux/xarray.h"", ""header_file"": "".binddrift/worktrees/v6.17/include/linux/xarray.h"", ""line"": 1742, ""params"": ""[\""struct xa_state *xas\"", \""bool advance\"", \""xa_mark_t mark\""]"", ""return_type"": ""static inline unsigned int"", ""version_id"": ""v6.17""}",,,,
c_functions-040,c_functions,relax_compatible_cpus_allowed_ptr,.binddrift/worktrees/v6.8/include/linux/sched.h,1766,"{""c_symbol"": ""relax_compatible_cpus_allowed_ptr"", ""definition_file"": """", ""header_file"": "".binddrift/worktrees/v6.8/include/linux/sched.h"", ""line"": 1766, ""params"": ""[\""struct task_struct *p\""]"", ""return_type"": ""extern void"", ""version_id"": ""v6.8""}",,,,
c_functions-041,c_functions,apply_workqueue_attrs,.binddrift/worktrees/v6.15/include/linux/workqueue.h,582,"{""c_symbol"": ""apply_workqueue_attrs"", ""definition_file"": """", ""header_file"": "".binddrift/worktrees/v6.15/include/linux/workqueue.h"", ""line"": 582, ""params"": ""[\""struct workqueue_struct *wq\"", \""const struct workqueue_attrs *attrs\""]"", ""return_type"": ""int"", ""version_id"": ""v6.15""}",,,,
c_functions-042,c_functions,genphy_handle_interrupt_no_ack,.binddrift/worktrees/v6.18/include/linux/phy.h,1962,"{""c_symbol"": ""genphy_handle_interrupt_no_ack"", ""definition_file"": """", ""header_file"": "".binddrift/worktrees/v6.18/include/linux/phy.h"", ""line"": 1962, ""params"": ""[\""struct phy_device *phydev\""]"", ""return_type"": ""irqreturn_t"", ""version_id"": ""v6.18""}",,,,
c_functions-043,c_functions,security_ptrace_traceme,.binddrift/worktrees/v6.17/include/linux/security.h,340,"{""c_symbol"": ""security_ptrace_traceme"", ""definition_file"": """", ""header_file"": "".binddrift/worktrees/v6.17/include/linux/security.h"", ""line"": 340, ""params"": ""[\""struct task_struct *parent\""]"", ""return_type"": ""int"", ""version_id"": ""v6.17""}",,,,
c_functions-044,c_functions,drm_print_memory_stats,.binddrift/worktrees/v6.16/include/drm/drm_file.h,509,"{""c_symbol"": ""drm_print_memory_stats"", ""definition_file"": """", ""header_file"": "".binddrift/worktrees/v6.16/include/drm/drm_file.h"", ""line"": 509, ""params"": ""[\""struct drm_printer *p\"", \""const struct drm_memory_stats *stats\"", \""enum drm_gem_object_status supported_status\"", \""const char *region\""]"", ""return_type"": ""void"", ""version_id"": ""v6.16""}",,,,
c_functions-045,c_functions,security_binder_transaction,.binddrift/worktrees/v6.18/include/linux/security.h,643,"{""c_symbol"": ""security_binder_transaction"", ""definition_file"": "".binddrift/worktrees/v6.18/include/linux/security.h"", ""header_file"": "".binddrift/worktrees/v6.18/include/linux/security.h"", ""line"": 643, ""params"": ""[\""const struct cred *from\"", \""const struct cred *to\""]"", ""return_type"": ""static inline int"", ""version_id"": ""v6.18""}",,,,
c_functions-046,c_functions,pud_alloc,.binddrift/worktrees/HEAD_9207d47f966b/include/linux/mm.h,3558,"{""c_symbol"": ""pud_alloc"", ""definition_file"": "".binddrift/worktrees/HEAD_9207d47f966b/include/linux/mm.h"", ""header_file"": "".binddrift/worktrees/HEAD_9207d47f966b/include/linux/mm.h"", ""line"": 3558, ""params"": ""[\""struct mm_struct *mm\"", \""p4d_t *p4d\"", \""unsigned long address\""]"", ""return_type"": ""static inline pud_t *"", ""version_id"": ""HEAD_9207d47f966b""}",,,,
c_functions-047,c_functions,__phy_set_bits_mmd,.binddrift/worktrees/v6.14/include/linux/phy.h,1593,"{""c_symbol"": ""__phy_set_bits_mmd"", ""definition_file"": "".binddrift/worktrees/v6.14/include/linux/phy.h"", ""header_file"": "".binddrift/worktrees/v6.14/include/linux/phy.h"", ""line"": 1593, ""params"": ""[\""struct phy_device *phydev\"", \""int devad\"", \""u32 regnum\"", \""u16 val\""]"", ""return_type"": ""static inline int"", ""version_id"": ""v6.14""}",,,,
c_functions-048,c_functions,kmem_dump_obj,.binddrift/worktrees/v6.8/include/linux/slab.h,250,"{""c_symbol"": ""kmem_dump_obj"", ""definition_file"": "".binddrift/worktrees/v6.8/include/linux/slab.h"", ""header_file"": "".binddrift/worktrees/v6.8/include/linux/slab.h"", ""line"": 250, ""params"": ""[\""void *object\""]"", ""return_type"": ""static inline bool"", ""version_id"": ""v6.8""}",,,,
c_functions-049,c_functions,security_bprm_creds_from_file,.binddrift/worktrees/v6.13/include/linux/security.h,716,"{""c_symbol"": ""security_bprm_creds_from_file"", ""definition_file"": "".binddrift/worktrees/v6.13/include/linux/security.h"", ""header_file"": "".binddrift/worktrees/v6.13/include/linux/security.h"", ""line"": 716, ""params"": ""[\""struct linux_binprm *bprm\"", \""const struct file *file\""]"", ""return_type"": ""static inline int"", ""version_id"": ""v6.13""}",,,,
c_functions-050,c_functions,prepare_to_wait,.binddrift/worktrees/v6.5/include/linux/wait.h,1193,"{""c_symbol"": ""prepare_to_wait"", ""definition_file"": """", ""header_file"": "".binddrift/worktrees/v6.5/include/linux/wait.h"", ""line"": 1193, ""params"": ""[\""struct wait_queue_head *wq_head\"", \""struct wait_queue_entry *wq_entry\"", \""int state\""]"", ""return_type"": ""void"", ""version_id"": ""v6.5""}",,,,
c_functions-051,c_functions,find_acpi_cpu_topology_hetero_id,.binddrift/worktrees/v6.17/include/linux/acpi.h,1561,"{""c_symbol"": ""find_acpi_cpu_topology_hetero_id"", ""definition_file"": "".binddrift/worktrees/v6.17/include/linux/acpi.h"", ""header_file"": "".binddrift/worktrees/v6.17/include/linux/acpi.h"", ""line"": 1561, ""params"": ""[\""unsigned int cpu\""]"", ""return_type"": ""static inline int"", ""version_id"": ""v6.17""}",,,,
c_functions-052,c_functions,pci_generic_config_read,.binddrift/worktrees/v6.17/include/linux/pci.h,1261,"{""c_symbol"": ""pci_generic_config_read"", ""definition_file"": """", ""header_file"": "".binddrift/worktrees/v6.17/include/linux/pci.h"", ""line"": 1261, ""params"": ""[\""struct pci_bus *bus\"", \""unsigned int devfn\"", \""int where\"", \""int size\"", \""u32 *val\""]"", ""return_type"": ""int"", ""version_id"": ""v6.17""}",,,,
c_functions-053,c_functions,dev_pm_opp_get_supplies,.binddrift/worktrees/v6.19/include/linux/pm_opp.h,252,"{""c_symbol"": ""dev_pm_opp_get_supplies"", ""definition_file"": "".binddrift/worktrees/v6.19/include/linux/pm_opp.h"", ""header_file"": "".binddrift/worktrees/v6.19/include/linux/pm_opp.h"", ""line"": 252, ""params"": ""[\""struct dev_pm_opp *opp\"", \""struct dev_pm_opp_supply *supplies\""]"", ""return_type"": ""static inline int"", ""version_id"": ""v6.19""}",,,,
c_functions-054,c_functions,device_get_child_node_count,.binddrift/worktrees/v7.0/include/linux/property.h,236,"{""c_symbol"": ""device_get_child_node_count"", ""definition_file"": "".binddrift/worktrees/v7.0/include/linux/property.h"", ""header_file"": "".binddrift/worktrees/v7.0/include/linux/property.h"", ""line"": 236, ""params"": ""[\""const struct device *dev\""]"", ""return_type"": ""static inline unsigned int"", ""version_id"": ""v7.0""}",,,,
c_functions-055,c_functions,proc_doulongvec_ms_jiffies_minmax,.binddrift/worktrees/v6.19/include/linux/jiffies.h,623,"{""c_symbol"": ""proc_doulongvec_ms_jiffies_minmax"", ""definition_file"": """", ""header_file"": "".binddrift/worktrees/v6.19/include/linux/jiffies.h"", ""line"": 623, ""params"": ""[\""const struct ctl_table *table\"", \""int dir\"", \""void *buffer\"", \""size_t *lenp\"", \""loff_t *ppos\""]"", ""return_type"": ""int"", ""version_id"": ""v6.19""}",,,,
c_functions-056,c_functions,follow_pfnmap_start,.binddrift/worktrees/v6.18/include/linux/mm.h,2507,"{""c_symbol"": ""follow_pfnmap_start"", ""definition_file"": """", ""header_file"": "".binddrift/worktrees/v6.18/include/linux/mm.h"", ""line"": 2507, ""params"": ""[\""struct follow_pfnmap_args *args\""]"", ""return_type"": ""int"", ""version_id"": ""v6.18""}",,,,
c_functions-057,c_functions,dir_emit_dots,.binddrift/worktrees/HEAD_9207d47f966b/include/linux/fs.h,3590,"{""c_symbol"": ""dir_emit_dots"", ""definition_file"": "".binddrift/worktrees/HEAD_9207d47f966b/include/linux/fs.h"", ""header_file"": "".binddrift/worktrees/HEAD_9207d47f966b/include/linux/fs.h"", ""line"": 3590, ""params"": ""[\""struct file *file\"", \""struct dir_context *ctx\""]"", ""return_type"": ""static inline bool"", ""version_id"": ""HEAD_9207d47f966b""}",,,,
c_functions-058,c_functions,sched_tick,.binddrift/worktrees/v6.15/include/linux/sched.h,322,"{""c_symbol"": ""sched_tick"", ""definition_file"": """", ""header_file"": "".binddrift/worktrees/v6.15/include/linux/sched.h"", ""line"": 322, ""params"": ""[]"", ""return_type"": ""extern void"", ""version_id"": ""v6.15""}",,,,
c_functions-059,c_functions,_cond_resched,.binddrift/worktrees/v6.19/include/linux/sched.h,2073,"{""c_symbol"": ""_cond_resched"", ""definition_file"": "".binddrift/worktrees/v6.19/include/linux/sched.h"", ""header_file"": "".binddrift/worktrees/v6.19/include/linux/sched.h"", ""line"": 2073, ""params"": ""[]"", ""return_type"": ""static __always_inline int"", ""version_id"": ""v6.19""}",,,,
c_functions-060,c_functions,pci_assign_unassigned_resources,.binddrift/worktrees/v6.14/include/linux/pci.h,1476,"{""c_symbol"": ""pci_assign_unassigned_resources"", ""definition_file"": """", ""header_file"": "".binddrift/worktrees/v6.14/include/linux/pci.h"", ""line"": 1476, ""params"": ""[]"", ""return_type"": ""void"", ""version_id"": ""v6.14""}",,,,
c_functions-061,c_functions,vfs_copy_file_range,.binddrift/worktrees/v6.13/include/linux/fs.h,2188,"{""c_symbol"": ""vfs_copy_file_range"", ""definition_file"": """", ""header_file"": "".binddrift/worktrees/v6.13/include/linux/fs.h"", ""line"": 2188, ""params"": ""[\""struct file *\"", \""loff_t\"", \""struct file *\"", \""loff_t\"", \""size_t\"", \""unsigned int\""]"", ""return_type"": ""extern ssize_t"", ""version_id"": ""v6.13""}",,,,
c_functions-062,c_functions,cpu_mitigations_off,.binddrift/worktrees/v6.18/include/linux/cpu.h,212,"{""c_symbol"": ""cpu_mitigations_off"", ""definition_file"": """", ""header_file"": "".binddrift/worktrees/v6.18/include/linux/cpu.h"", ""line"": 212, ""params"": ""[]"", ""return_type"": ""extern bool"", ""version_id"": ""v6.18""}",,,,
c_functions-063,c_functions,arch_cpu_probe,.binddrift/worktrees/v6.19/include/linux/cpu.h,97,"{""c_symbol"": ""arch_cpu_probe"", ""definition_file"": """", ""header_file"": "".binddrift/worktrees/v6.19/include/linux/cpu.h"", ""line"": 97, ""params"": ""[\""const char *\"", \""size_t\""]"", ""return_type"": ""extern ssize_t"", ""version_id"": ""v6.19""}",,,,
c_functions-064,c_functions,security_task_kill,.binddrift/worktrees/v6.18/include/linux/security.h,1388,"{""c_symbol"": ""security_task_kill"", ""definition_file"": "".binddrift/worktrees/v6.18/include/linux/security.h"", ""header_file"": "".binddrift/worktrees/v6.18/include/linux/security.h"", ""line"": 1388, ""params"": ""[\""struct task_struct *p\"", \""struct kernel_siginfo *info\"", \""int sig\"", \""const struct cred *cred\""]"", ""return_type"": ""static inline int"", ""version_id"": ""v6.18""}",,,,
c_functions-065,c_functions,phy_do_ioctl,.binddrift/worktrees/v6.8/include/linux/phy.h,1930,"{""c_symbol"": ""phy_do_ioctl"", ""definition_file"": """", ""header_file"": "".binddrift/worktrees/v6.8/include/linux/phy.h"", ""line"": 1930, ""params"": ""[\""struct net_device *dev\"", \""struct ifreq *ifr\"", \""int cmd\""]"", ""return_type"": ""int"", ""version_id"": ""v6.8""}",,,,
c_functions-066,c_functions,rust_helper_atomic64_sub_and_test,.binddrift/worktrees/v6.19/rust/helpers/atomic.c,961,"{""c_symbol"": ""rust_helper_atomic64_sub_and_test"", ""definition_file"": "".binddrift/worktrees/v6.19/rust/helpers/atomic.c"", ""header_file"": """", ""line"": 961, ""params"": ""[\""s64 i\"", \""atomic64_t *v\""]"", ""return_type"": ""__rust_helper bool"", ""version_id"": ""v6.19""}",,,,
c_functions-067,c_functions,queue_limits_start_update,.binddrift/worktrees/v6.17/include/linux/blkdev.h,1064,"{""c_symbol"": ""queue_limits_start_update"", ""definition_file"": "".binddrift/worktrees/v6.17/include/linux/blkdev.h"", ""header_file"": "".binddrift/worktrees/v6.17/include/linux/blkdev.h"", ""line"": 1064, ""params"": ""[\""struct request_queue *q\""]"", ""return_type"": ""static inline struct queue_limits"", ""version_id"": ""v6.17""}",,,,
c_functions-068,c_functions,mdiodev_set_drvdata,.binddrift/worktrees/v6.15/include/linux/mdio.h,84,"{""c_symbol"": ""mdiodev_set_drvdata"", ""definition_file"": "".binddrift/worktrees/v6.15/include/linux/mdio.h"", ""header_file"": "".binddrift/worktrees/v6.15/include/linux/mdio.h"", ""line"": 84, ""params"": ""[\""struct mdio_device *mdio\"", \""void *data\""]"", ""return_type"": ""static inline void"", ""version_id"": ""v6.15""}",,,,
c_functions-069,c_functions,groups_search,.binddrift/worktrees/v7.0/include/linux/cred.h,84,"{""c_symbol"": ""groups_search"", ""definition_file"": "".binddrift/worktrees/v7.0/include/linux/cred.h"", ""header_file"": "".binddrift/worktrees/v7.0/include/linux/cred.h"", ""line"": 84, ""params"": ""[\""const struct group_info *group_info\"", \""kgid_t grp\""]"", ""return_type"": ""static inline int"", ""version_id"": ""v7.0""}",,,,
c_functions-070,c_functions,rust_helper_lockdep_unregister_key,.binddrift/worktrees/v6.17/rust/helpers/sync.c,10,"{""c_symbol"": ""rust_helper_lockdep_unregister_key"", ""definition_file"": "".binddrift/worktrees/v6.17/rust/helpers/sync.c"", ""header_file"": """", ""line"": 10, ""params"": ""[\""struct lock_class_key *k\""]"", ""return_type"": ""void"", ""version_id"": ""v6.17""}",,,,
c_functions-071,c_functions,jump_entry_key,.binddrift/worktrees/v6.13/include/linux/jump_label.h,152,"{""c_symbol"": ""jump_entry_key"", ""definition_file"": "".binddrift/worktrees/v6.13/include/linux/jump_label.h"", ""header_file"": "".binddrift/worktrees/v6.13/include/linux/jump_label.h"", ""line"": 152, ""params"": ""[\""const struct jump_entry *entry\""]"", ""return_type"": ""static inline struct static_key *"", ""version_id"": ""v6.13""}",,,,
c_functions-072,c_functions,cpumask_local_spread,.binddrift/worktrees/v6.16/include/linux/cpumask.h,256,"{""c_symbol"": ""cpumask_local_spread"", ""definition_file"": "".binddrift/worktrees/v6.16/include/linux/cpumask.h"", ""header_file"": "".binddrift/worktrees/v6.16/include/linux/cpumask.h"", ""line"": 256, ""params"": ""[\""unsigned int i\"", \""int node\""]"", ""return_type"": ""static __always_inline unsigned int"", ""version_id"": ""v6.16""}",,,,
c_functions-073,c_functions,inode_state_set_raw,.binddrift/worktrees/v6.19/include/linux/fs.h,892,"{""c_symbol"": ""inode_state_set_raw"", ""definition_file"": "".binddrift/worktrees/v6.19/include/linux/fs.h"", ""header_file"": "".binddrift/worktrees/v6.19/include/linux/fs.h"", ""line"": 892, ""params"": ""[\""struct inode *inode\"", \""enum inode_state_flags_enum flags\""]"", ""return_type"": ""static inline void"", ""version_id"": ""v6.19""}",,,,
c_functions-074,c_functions,devm_bitmap_alloc,.binddrift/worktrees/v6.19/include/linux/bitmap.h,142,"{""c_symbol"": ""devm_bitmap_alloc"", ""definition_file"": """", ""header_file"": "".binddrift/worktrees/v6.19/include/linux/bitmap.h"", ""line"": 142, ""params"": ""[\""struct device *dev\"", \""unsigned int nbits\"", \""gfp_t flags\""]"", ""return_type"": ""unsigned long *"", ""version_id"": ""v6.19""}",,,,
c_functions-075,c_functions,_cond_resched,.binddrift/worktrees/v6.4/include/linux/sched.h,2100,"{""c_symbol"": ""_cond_resched"", ""definition_file"": "".binddrift/worktrees/v6.4/include/linux/sched.h"", ""header_file"": "".binddrift/worktrees/v6.4/include/linux/sched.h"", ""line"": 2100, ""params"": ""[]"", ""return_type"": ""static inline int"", ""version_id"": ""v6.4""}",,,,
c_functions-076,c_functions,request_free_mem_region,.binddrift/worktrees/v6.18/include/linux/ioport.h,415,"{""c_symbol"": ""request_free_mem_region"", ""definition_file"": """", ""header_file"": "".binddrift/worktrees/v6.18/include/linux/ioport.h"", ""line"": 415, ""params"": ""[\""struct resource *base\"", \""unsigned long size\"", \""const char *name\""]"", ""return_type"": ""struct resource *"", ""version_id"": ""v6.18""}",,,,
c_functions-077,c_functions,__generic_file_fsync,.binddrift/worktrees/v6.13/include/linux/fs.h,3482,"{""c_symbol"": ""__generic_file_fsync"", ""definition_file"": """", ""header_file"": "".binddrift/worktrees/v6.13/include/linux/fs.h"", ""line"": 3482, ""params"": ""[\""struct file *\"", \""loff_t\"", \""loff_t\"", \""int\""]"", ""return_type"": ""extern int"", ""version_id"": ""v6.13""}",,,,
c_functions-078,c_functions,regulator_suspend_disable,.binddrift/worktrees/v6.19/include/linux/regulator/consumer.h,271,"{""c_symbol"": ""regulator_suspend_disable"", ""definition_file"": """", ""header_file"": "".binddrift/worktrees/v6.19/include/linux/regulator/consumer.h"", ""line"": 271, ""params"": ""[\""struct regulator_dev *rdev\"", \""suspend_state_t state\""]"", ""return_type"": ""int"", ""version_id"": ""v6.19""}",,,,
c_functions-079,c_functions,insert_inode_locked,.binddrift/worktrees/v7.0/include/linux/fs.h,2964,"{""c_symbol"": ""insert_inode_locked"", ""definition_file"": """", ""header_file"": "".binddrift/worktrees/v7.0/include/linux/fs.h"", ""line"": 2964, ""params"": ""[\""struct inode *\""]"", ""return_type"": ""extern int"", ""version_id"": ""v7.0""}",,,,
c_functions-080,c_functions,mdio45_probe,.binddrift/worktrees/v7.0/include/linux/mdio.h,157,"{""c_symbol"": ""mdio45_probe"", ""definition_file"": """", ""header_file"": "".binddrift/worktrees/v7.0/include/linux/mdio.h"", ""line"": 157, ""params"": ""[\""struct mdio_if_info *mdio\"", \""int prtad\""]"", ""return_type"": ""extern int"", ""version_id"": ""v7.0""}",,,,
c_functions-081,c_functions,genphy_c45_ethtool_set_eee,.binddrift/worktrees/v7.0/include/linux/phy.h,2330,"{""c_symbol"": ""genphy_c45_ethtool_set_eee"", ""definition_file"": """", ""header_file"": "".binddrift/worktrees/v7.0/include/linux/phy.h"", ""line"": 2330, ""params"": ""[\""struct phy_device *phydev\"", \""struct ethtool_keee *data\""]"", ""return_type"": ""int"", ""version_id"": ""v7.0""}",,,,
c_functions-082,c_functions,unregister_pidns_sysctls,.binddrift/worktrees/v6.15/include/linux/pid_namespace.h,127,"{""c_symbol"": ""unregister_pidns_sysctls"", ""definition_file"": """", ""header_file"": "".binddrift/worktrees/v6.15/include/linux/pid_namespace.h"", ""line"": 127, ""params"": ""[\""struct pid_namespace *pidns\""]"", ""return_type"": ""void"", ""version_id"": ""v6.15""}",,,,
c_functions-083,c_functions,phy_print_status,.binddrift/worktrees/v6.8/include/linux/phy.h,1935,"{""c_symbol"": ""phy_print_status"", ""definition_file"": """", ""header_file"": "".binddrift/worktrees/v6.8/include/linux/phy.h"", ""line"": 1935, ""params"": ""[\""struct phy_device *phydev\""]"", ""return_type"": ""void"", ""version_id"": ""v6.8""}",,,,
c_functions-084,c_functions,dma_alloc_attrs,.binddrift/worktrees/HEAD_9207d47f966b/include/linux/dma-mapping.h,181,"{""c_symbol"": ""dma_alloc_attrs"", ""definition_file"": """", ""header_file"": "".binddrift/worktrees/HEAD_9207d47f966b/include/linux/dma-mapping.h"", ""line"": 181, ""params"": ""[\""struct device *dev\"", \""size_t size\"", \""dma_addr_t *dma_handle\"", \""gfp_t flag\"", \""unsigned long attrs\""]"", ""return_type"": ""void *"", ""version_id"": ""HEAD_9207d47f966b""}",,,,
c_functions-085,c_functions,security_inode_link,.binddrift/worktrees/v7.0/include/linux/security.h,410,"{""c_symbol"": ""security_inode_link"", ""definition_file"": """", ""header_file"": "".binddrift/worktrees/v7.0/include/linux/security.h"", ""line"": 410, ""params"": ""[\""struct dentry *old_dentry\"", \""struct inode *dir\"", \""struct dentry *new_dentry\""]"", ""return_type"": ""int"", ""version_id"": ""v7.0""}",,,,
c_functions-086,c_functions,fwnode_property_read_string,.binddrift/worktrees/v7.0/include/linux/property.h,76,"{""c_symbol"": ""fwnode_property_read_string"", ""definition_file"": """", ""header_file"": "".binddrift/worktrees/v7.0/include/linux/property.h"", ""line"": 76, ""params"": ""[\""const struct fwnode_handle *fwnode\"", \""const char *propname\"", \""const char **val\""]"", ""return_type"": ""int"", ""version_id"": ""v7.0""}",,,,
c_functions-087,c_functions,security_socket_recvmsg,.binddrift/worktrees/v6.17/include/linux/security.h,1652,"{""c_symbol"": ""security_socket_recvmsg"", ""definition_file"": """", ""header_file"": "".binddrift/worktrees/v6.17/include/linux/security.h"", ""line"": 1652, ""params"": ""[\""struct socket *sock\"", \""struct msghdr *msg\"", \""int size\"", \""int flags\""]"", ""return_type"": ""int"", ""version_id"": ""v6.17""}",,,,
c_functions-088,c_functions,clk_unprepare,.binddrift/worktrees/v6.18/include/linux/clk.h,360,"{""c_symbol"": ""clk_unprepare"", ""definition_file"": "".binddrift/worktrees/v6.18/include/linux/clk.h"", ""header_file"": "".binddrift/worktrees/v6.18/include/linux/clk.h"", ""line"": 360, ""params"": ""[\""struct clk *clk\""]"", ""return_type"": ""static inline void"", ""version_id"": ""v6.18""}",,,,
c_functions-089,c_functions,schedule_timeout_killable,.binddrift/worktrees/v7.0/include/linux/sched.h,334,"{""c_symbol"": ""schedule_timeout_killable"", ""definition_file"": """", ""header_file"": "".binddrift/worktrees/v7.0/include/linux/sched.h"", ""line"": 334, ""params"": ""[\""long timeout\""]"", ""return_type"": ""extern long"", ""version_id"": ""v7.0""}",,,,
c_functions-090,c_functions,disk_live,.binddrift/worktrees/v6.17/include/linux/blkdev.h,1783,"{""c_symbol"": ""disk_live"", ""definition_file"": """", ""header_file"": "".binddrift/worktrees/v6.17/include/linux/blkdev.h"", ""line"": 1783, ""params"": ""[\""struct gendisk *disk\""]"", ""return_type"": ""bool"", ""version_id"": ""v6.17""}",,,,
c_functions-091,c_functions,security_path_chmod,.binddrift/worktrees/v6.15/include/linux/security.h,2104,"{""c_symbol"": ""security_path_chmod"", ""definition_file"": "".binddrift/worktrees/v6.15/include/linux/security.h"", ""header_file"": "".binddrift/worktrees/v6.15/include/linux/security.h"", ""line"": 2104, ""params"": ""[\""const struct path *path\"", \""umode_t mode\""]"", ""return_type"": ""static inline int"", ""version_id"": ""v6.15""}",,,,
c_functions-092,c_functions,security_inode_free,.binddrift/worktrees/v6.18/include/linux/security.h,862,"{""c_symbol"": ""security_inode_free"", ""definition_file"": "".binddrift/worktrees/v6.18/include/linux/security.h"", ""header_file"": "".binddrift/worktrees/v6.18/include/linux/security.h"", ""line"": 862, ""params"": ""[\""struct inode *inode\""]"", ""return_type"": ""static inline void"", ""version_id"": ""v6.18""}",,,,
c_functions-093,c_functions,unlock_new_inode,.binddrift/worktrees/v6.17/include/linux/fs.h,3357,"{""c_symbol"": ""unlock_new_inode"", ""definition_file"": """", ""header_file"": "".binddrift/worktrees/v6.17/include/linux/fs.h"", ""line"": 3357, ""params"": ""[\""struct inode *\""]"", ""return_type"": ""extern void"", ""version_id"": ""v6.17""}",,,,
c_functions-094,c_functions,security_bpf_token_free,.binddrift/worktrees/v6.14/include/linux/security.h,2307,"{""c_symbol"": ""security_bpf_token_free"", ""definition_file"": "".binddrift/worktrees/v6.14/include/linux/security.h"", ""header_file"": "".binddrift/worktrees/v6.14/include/linux/security.h"", ""line"": 2307, ""params"": ""[\""struct bpf_token *token\""]"", ""return_type"": ""static inline void"", ""version_id"": ""v6.14""}",,,,
c_functions-095,c_functions,blk_abort_request,.binddrift/worktrees/v6.18/include/linux/blk-mq.h,1161,"{""c_symbol"": ""blk_abort_request"", ""definition_file"": """", ""header_file"": "".binddrift/worktrees/v6.18/include/linux/blk-mq.h"", ""line"": 1161, ""params"": ""[\""struct request *\""]"", ""return_type"": ""void"", ""version_id"": ""v6.18""}",,,,
c_functions-096,c_functions,sched_core_free,.binddrift/worktrees/v6.8/include/linux/sched.h,2173,"{""c_symbol"": ""sched_core_free"", ""definition_file"": """", ""header_file"": "".binddrift/worktrees/v6.8/include/linux/sched.h"", ""line"": 2173, ""params"": ""[\""struct task_struct *tsk\""]"", ""return_type"": ""extern void"", ""version_id"": ""v6.8""}",,,,
c_functions-097,c_functions,__vm_flags_mod,.binddrift/worktrees/v7.0/include/linux/mm.h,977,"{""c_symbol"": ""__vm_flags_mod"", ""definition_file"": "".binddrift/worktrees/v7.0/include/linux/mm.h"", ""header_file"": "".binddrift/worktrees/v7.0/include/linux/mm.h"", ""line"": 977, ""params"": ""[\""struct vm_area_struct *vma\"", \""vm_flags_t set\"", \""vm_flags_t clear\""]"", ""return_type"": ""static inline void"", ""version_id"": ""v7.0""}",,,,
c_functions-098,c_functions,pfn_is_unaccepted_memory,.binddrift/worktrees/v7.0/include/linux/mm.h,4774,"{""c_symbol"": ""pfn_is_unaccepted_memory"", ""definition_file"": "".binddrift/worktrees/v7.0/include/linux/mm.h"", ""header_file"": "".binddrift/worktrees/v7.0/include/linux/mm.h"", ""line"": 4774, ""params"": ""[\""unsigned long pfn\""]"", ""return_type"": ""static inline bool"", ""version_id"": ""v7.0""}",,,,
c_functions-099,c_functions,vfs_unlink,.binddrift/worktrees/v7.0/include/linux/fs.h,1780,"{""c_symbol"": ""vfs_unlink"", ""definition_file"": """", ""header_file"": "".binddrift/worktrees/v7.0/include/linux/fs.h"", ""line"": 1780, ""params"": ""[\""struct mnt_idmap *\"", \""struct inode *\"", \""struct dentry *\"", \""struct delegated_inode *\""]"", ""return_type"": ""int"", ""version_id"": ""v7.0""}",,,,
c_functions-100,c_functions,platform_pm_thaw,.binddrift/worktrees/v7.0/include/linux/platform_device.h,359,"{""c_symbol"": ""platform_pm_thaw"", ""definition_file"": """", ""header_file"": "".binddrift/worktrees/v7.0/include/linux/platform_device.h"", ""line"": 359, ""params"": ""[\""struct device *dev\""]"", ""return_type"": ""extern int"", ""version_id"": ""v7.0""}",,,,
rust_binding_uses-001,rust_binding_uses,copy_to_user,.binddrift/worktrees/v6.17/rust/kernel/uaccess.rs,432,"{""binding_symbol"": ""copy_to_user"", ""enclosing_function"": ""UserSliceWriter::write_slice"", ""enclosing_impl"": ""UserSliceWriter"", ""enclosing_type"": ""UserSliceWriter"", ""enclosing_unsafe_block"": 1, ""line"": 432, ""rust_file"": "".binddrift/worktrees/v6.17/rust/kernel/uaccess.rs"", ""version_id"": ""v6.17""}",,,,
rust_binding_uses-002,rust_binding_uses,BUGFLAG_WARNING,.binddrift/worktrees/v6.19/rust/kernel/bug.rs,54,"{""binding_symbol"": ""BUGFLAG_WARNING"", ""enclosing_function"": null, ""enclosing_impl"": null, ""enclosing_type"": null, ""enclosing_unsafe_block"": 0, ""line"": 54, ""rust_file"": "".binddrift/worktrees/v6.19/rust/kernel/bug.rs"", ""version_id"": ""v6.19""}",,,,
rust_binding_uses-003,rust_binding_uses,configfs_subsystem,.binddrift/worktrees/v6.19/rust/kernel/configfs.rs,234,"{""binding_symbol"": ""configfs_subsystem"", ""enclosing_function"": ""container_of"", ""enclosing_impl"": null, ""enclosing_type"": null, ""enclosing_unsafe_block"": 0, ""line"": 234, ""rust_file"": "".binddrift/worktrees/v6.19/rust/kernel/configfs.rs"", ""version_id"": ""v6.19""}",,,,
rust_binding_uses-004,rust_binding_uses,USB_DEVICE_ID_MATCH_DEV_INFO,.binddrift/worktrees/v7.0/rust/kernel/usb.rs,156,"{""binding_symbol"": ""USB_DEVICE_ID_MATCH_DEV_INFO"", ""enclosing_function"": ""from_device_info"", ""enclosing_impl"": ""DeviceId"", ""enclosing_type"": ""DeviceId"", ""enclosing_unsafe_block"": 0, ""line"": 156, ""rust_file"": "".binddrift/worktrees/v7.0/rust/kernel/usb.rs"", ""version_id"": ""v7.0""}",,,,
rust_binding_uses-005,rust_binding_uses,kunit_speed_KUNIT_SPEED_NORMAL,.binddrift/worktrees/v6.16/rust/kernel/kunit.rs,224,"{""binding_symbol"": ""kunit_speed_KUNIT_SPEED_NORMAL"", ""enclosing_function"": ""kunit_case_null"", ""enclosing_impl"": null, ""enclosing_type"": null, ""enclosing_unsafe_block"": 0, ""line"": 224, ""rust_file"": "".binddrift/worktrees/v6.16/rust/kernel/kunit.rs"", ""version_id"": ""v6.16""}",,,,
rust_binding_uses-006,rust_binding_uses,kunmap_local,.binddrift/worktrees/v7.0/rust/kernel/page.rs,232,"{""binding_symbol"": ""kunmap_local"", ""enclosing_function"": ""Page::nid"", ""enclosing_impl"": ""Page"", ""enclosing_type"": ""Page"", ""enclosing_unsafe_block"": 1, ""line"": 232, ""rust_file"": "".binddrift/worktrees/v7.0/rust/kernel/page.rs"", ""version_id"": ""v7.0""}",,,,
rust_binding_uses-007,rust_binding_uses,config_group,.binddrift/worktrees/v6.17/rust/kernel/configfs.rs,588,"{""binding_symbol"": ""config_group"", ""enclosing_function"": null, ""enclosing_impl"": ""Attribute<ID, O, Data>"", ""enclosing_type"": ""Attribute<ID, O, Data>"", ""enclosing_unsafe_block"": 0, ""line"": 588, ""rust_file"": "".binddrift/worktrees/v6.17/rust/kernel/configfs.rs"", ""version_id"": ""v6.17""}",,,,
rust_binding_uses-008,rust_binding_uses,cpufreq_frequency_table,.binddrift/worktrees/v6.17/rust/kernel/cpufreq.rs,225,"{""binding_symbol"": ""cpufreq_frequency_table"", ""enclosing_function"": ""show_freq"", ""enclosing_impl"": null, ""enclosing_type"": null, ""enclosing_unsafe_block"": 0, ""line"": 225, ""rust_file"": "".binddrift/worktrees/v6.17/rust/kernel/cpufreq.rs"", ""version_id"": ""v6.17""}",,,,
rust_binding_uses-009,rust_binding_uses,hrtimer_mode,.binddrift/worktrees/v6.19/rust/kernel/time/hrtimer.rs,590,"{""binding_symbol"": ""hrtimer_mode"", ""enclosing_function"": null, ""enclosing_impl"": ""AbsolutePinnedMode<C>"", ""enclosing_type"": ""AbsolutePinnedMode<C>"", ""enclosing_unsafe_block"": 0, ""line"": 590, ""rust_file"": "".binddrift/worktrees/v6.19/rust/kernel/time/hrtimer.rs"", ""version_id"": ""v6.19""}",,,,
rust_binding_uses-010,rust_binding_uses,PCI_CLASS_WIRELESS_RF_CONTROLLER,.binddrift/worktrees/v6.18/rust/kernel/pci/id.rs,274,"{""binding_symbol"": ""PCI_CLASS_WIRELESS_RF_CONTROLLER"", ""enclosing_function"": null, ""enclosing_impl"": null, ""enclosing_type"": null, ""enclosing_unsafe_block"": 0, ""line"": 274, ""rust_file"": "".binddrift/worktrees/v6.18/rust/kernel/pci/id.rs"", ""version_id"": ""v6.18""}",,,,
rust_binding_uses-011,rust_binding_uses,PCI_VENDOR_ID_CHELSIO,.binddrift/worktrees/v7.0/rust/kernel/pci/id.rs,468,"{""binding_symbol"": ""PCI_VENDOR_ID_CHELSIO"", ""enclosing_function"": null, ""enclosing_impl"": null, ""enclosing_type"": null, ""enclosing_unsafe_block"": 0, ""line"": 468, ""rust_file"": "".binddrift/worktrees/v7.0/rust/kernel/pci/id.rs"", ""version_id"": ""v7.0""}",,,,
rust_binding_uses-012,rust_binding_uses,refcount_t,.binddrift/worktrees/v6.16/rust/kernel/sync/arc.rs,147,"{""binding_symbol"": ""refcount_t"", ""enclosing_function"": null, ""enclosing_impl"": null, ""enclosing_type"": ""ArcInner"", ""enclosing_unsafe_block"": 0, ""line"": 147, ""rust_file"": "".binddrift/worktrees/v6.16/rust/kernel/sync/arc.rs"", ""version_id"": ""v6.16""}",,,,
rust_binding_uses-013,rust_binding_uses,DMA_ATTR_FORCE_CONTIGUOUS,.binddrift/worktrees/v6.18/rust/kernel/dma.rs,242,"{""binding_symbol"": ""DMA_ATTR_FORCE_CONTIGUOUS"", ""enclosing_function"": null, ""enclosing_impl"": null, ""enclosing_type"": null, ""enclosing_unsafe_block"": 0, ""line"": 242, ""rust_file"": "".binddrift/worktrees/v6.18/rust/kernel/dma.rs"", ""version_id"": ""v6.18""}",,,,
rust_binding_uses-014,rust_binding_uses,fwnode_property_read_string,.binddrift/worktrees/HEAD_9207d47f966b/rust/kernel/device/property.rs,454,"{""binding_symbol"": ""fwnode_property_read_string"", ""enclosing_function"": ""read_from_fwnode_property"", ""enclosing_impl"": ""CString"", ""enclosing_type"": ""CString"", ""enclosing_unsafe_block"": 1, ""line"": 454, ""rust_file"": "".binddrift/worktrees/HEAD_9207d47f966b/rust/kernel/device/property.rs"", ""version_id"": ""HEAD_9207d47f966b""}",,,,
rust_binding_uses-015,rust_binding_uses,rb_first,.binddrift/worktrees/v6.19/rust/kernel/rbtree.rs,209,"{""binding_symbol"": ""rb_first"", ""enclosing_function"": ""RBTree<K, V>::iter"", ""enclosing_impl"": ""RBTree<K, V>"", ""enclosing_type"": ""RBTree<K, V>"", ""enclosing_unsafe_block"": 1, ""line"": 209, ""rust_file"": "".binddrift/worktrees/v6.19/rust/kernel/rbtree.rs"", ""version_id"": ""v6.19""}",,,,
rust_binding_uses-016,rust_binding_uses,system_freezable_power_efficient_wq,.binddrift/worktrees/v6.11/rust/kernel/workqueue.rs,684,"{""binding_symbol"": ""system_freezable_power_efficient_wq"", ""enclosing_function"": ""system_freezable_power_efficient"", ""enclosing_impl"": null, ""enclosing_type"": null, ""enclosing_unsafe_block"": 1, ""line"": 684, ""rust_file"": "".binddrift/worktrees/v6.11/rust/kernel/workqueue.rs"", ""version_id"": ""v6.11""}",,,,
rust_binding_uses-017,rust_binding_uses,drm_open,.binddrift/worktrees/v6.16/rust/kernel/drm/gem/mod.rs,318,"{""binding_symbol"": ""drm_open"", ""enclosing_function"": ""create_fops"", ""enclosing_impl"": null, ""enclosing_type"": null, ""enclosing_unsafe_block"": 0, ""line"": 318, ""rust_file"": "".binddrift/worktrees/v6.16/rust/kernel/drm/gem/mod.rs"", ""version_id"": ""v6.16""}",,,,
rust_binding_uses-018,rust_binding_uses,PHY_POLL_CABLE_TEST,.binddrift/worktrees/v6.10/rust/kernel/net/phy.rs,314,"{""binding_symbol"": ""PHY_POLL_CABLE_TEST"", ""enclosing_function"": null, ""enclosing_impl"": null, ""enclosing_type"": null, ""enclosing_unsafe_block"": 0, ""line"": 314, ""rust_file"": "".binddrift/worktrees/v6.10/rust/kernel/net/phy.rs"", ""version_id"": ""v6.10""}",,,,
rust_binding_uses-019,rust_binding_uses,kiocb,.binddrift/worktrees/v6.18/rust/kernel/fs/kiocb.rs,35,"{""binding_symbol"": ""kiocb"", ""enclosing_function"": ""Kiocb<'a, T>::from_raw"", ""enclosing_impl"": ""Kiocb<'a, T>"", ""enclosing_type"": ""Kiocb<'a, T>"", ""enclosing_unsafe_block"": 0, ""line"": 35, ""rust_file"": "".binddrift/worktrees/v6.18/rust/kernel/fs/kiocb.rs"", ""version_id"": ""v6.18""}",,,,
rust_binding_uses-020,rust_binding_uses,rb_next_postorder,.binddrift/worktrees/v6.16/rust/kernel/rbtree.rs,493,"{""binding_symbol"": ""rb_next_postorder"", ""enclosing_function"": ""drop"", ""enclosing_impl"": ""RBTree<K, V>"", ""enclosing_type"": ""RBTree<K, V>"", ""enclosing_unsafe_block"": 1, ""line"": 493, ""rust_file"": "".binddrift/worktrees/v6.16/rust/kernel/rbtree.rs"", ""version_id"": ""v6.16""}",,,,
rust_binding_uses-021,rust_binding_uses,PCI_VENDOR_ID_MARVELL,.binddrift/worktrees/HEAD_9207d47f966b/rust/kernel/pci/id.rs,408,"{""binding_symbol"": ""PCI_VENDOR_ID_MARVELL"", ""enclosing_function"": null, ""enclosing_impl"": null, ""enclosing_type"": null, ""enclosing_unsafe_block"": 0, ""line"": 408, ""rust_file"": "".binddrift/worktrees/HEAD_9207d47f966b/rust/kernel/pci/id.rs"", ""version_id"": ""HEAD_9207d47f966b""}",,,,
rust_binding_uses-022,rust_binding_uses,VM_NOHUGEPAGE,.binddrift/worktrees/v7.0/rust/kernel/mm/virt.rs,468,"{""binding_symbol"": ""VM_NOHUGEPAGE"", ""enclosing_function"": null, ""enclosing_impl"": null, ""enclosing_type"": null, ""enclosing_unsafe_block"": 0, ""line"": 468, ""rust_file"": "".binddrift/worktrees/v7.0/rust/kernel/mm/virt.rs"", ""version_id"": ""v7.0""}",,,,
rust_binding_uses-023,rust_binding_uses,pci_dev,.binddrift/worktrees/v7.0/rust/kernel/pci.rs,513,"{""binding_symbol"": ""pci_dev"", ""enclosing_function"": ""try_from"", ""enclosing_impl"": ""&Device<Ctx>"", ""enclosing_type"": ""&Device<Ctx>"", ""enclosing_unsafe_block"": 1, ""line"": 513, ""rust_file"": "".binddrift/worktrees/v7.0/rust/kernel/pci.rs"", ""version_id"": ""v7.0""}",,,,
rust_binding_uses-024,rust_binding_uses,PCI_VENDOR_ID_TITAN,.binddrift/worktrees/v7.0/rust/kernel/pci/id.rs,476,"{""binding_symbol"": ""PCI_VENDOR_ID_TITAN"", ""enclosing_function"": null, ""enclosing_impl"": null, ""enclosing_type"": null, ""enclosing_unsafe_block"": 0, ""line"": 476, ""rust_file"": "".binddrift/worktrees/v7.0/rust/kernel/pci/id.rs"", ""version_id"": ""v7.0""}",,,,
rust_binding_uses-025,rust_binding_uses,KERN_CONT,.binddrift/worktrees/v6.3/rust/kernel/print.rs,88,"{""binding_symbol"": ""KERN_CONT"", ""enclosing_function"": ""generate"", ""enclosing_impl"": null, ""enclosing_type"": null, ""enclosing_unsafe_block"": 0, ""line"": 88, ""rust_file"": "".binddrift/worktrees/v6.3/rust/kernel/print.rs"", ""version_id"": ""v6.3""}",,,,
rust_binding_uses-026,rust_binding_uses,PCI_CLASS_DOCKING_GENERIC,.binddrift/worktrees/v7.0/rust/kernel/pci/id.rs,250,"{""binding_symbol"": ""PCI_CLASS_DOCKING_GENERIC"", ""enclosing_function"": null, ""enclosing_impl"": null, ""enclosing_type"": null, ""enclosing_unsafe_block"": 0, ""line"": 250, ""rust_file"": "".binddrift/worktrees/v7.0/rust/kernel/pci/id.rs"", ""version_id"": ""v7.0""}",,,,
rust_binding_uses-027,rust_binding_uses,drm_gem_object_put,.binddrift/worktrees/v6.16/rust/kernel/drm/gem/mod.rs,73,"{""binding_symbol"": ""drm_gem_object_put"", ""enclosing_function"": ""dec_ref"", ""enclosing_impl"": null, ""enclosing_type"": null, ""enclosing_unsafe_block"": 1, ""line"": 73, ""rust_file"": "".binddrift/worktrees/v6.16/rust/kernel/drm/gem/mod.rs"", ""version_id"": ""v6.16""}",,,,
rust_binding_uses-028,rust_binding_uses,sg_table,.binddrift/worktrees/v6.19/rust/kernel/scatterlist.rs,151,"{""binding_symbol"": ""sg_table"", ""enclosing_function"": ""as_raw"", ""enclosing_impl"": ""SGTable"", ""enclosing_type"": ""SGTable"", ""enclosing_unsafe_block"": 0, ""line"": 151, ""rust_file"": "".binddrift/worktrees/v6.19/rust/kernel/scatterlist.rs"", ""version_id"": ""v6.19""}",,,,
rust_binding_uses-029,rust_binding_uses,work_struct,.binddrift/worktrees/HEAD_9207d47f966b/rust/kernel/workqueue.rs,890,"{""binding_symbol"": ""work_struct"", ""enclosing_function"": ""run"", ""enclosing_impl"": null, ""enclosing_type"": null, ""enclosing_unsafe_block"": 0, ""line"": 890, ""rust_file"": "".binddrift/worktrees/HEAD_9207d47f966b/rust/kernel/workqueue.rs"", ""version_id"": ""HEAD_9207d47f966b""}",,,,
rust_binding_uses-030,rust_binding_uses,phy_read_mmd,.binddrift/worktrees/v6.19/rust/kernel/net/phy/reg.rs,202,"{""binding_symbol"": ""phy_read_mmd"", ""enclosing_function"": ""read"", ""enclosing_impl"": ""C45"", ""enclosing_type"": ""C45"", ""enclosing_unsafe_block"": 1, ""line"": 202, ""rust_file"": "".binddrift/worktrees/v6.19/rust/kernel/net/phy/reg.rs"", ""version_id"": ""v6.19""}",,,,
rust_binding_uses-031,rust_binding_uses,config_item_type,.binddrift/worktrees/v7.0/rust/kernel/configfs.rs,790,"{""binding_symbol"": ""config_item_type"", ""enclosing_function"": ""as_ptr"", ""enclosing_impl"": ""_item_type!(Subsystem<Data>);"", ""enclosing_type"": ""_item_type!(Subsystem<Data>);"", ""enclosing_unsafe_block"": 0, ""line"": 790, ""rust_file"": "".binddrift/worktrees/v7.0/rust/kernel/configfs.rs"", ""version_id"": ""v7.0""}",,,,
rust_binding_uses-032,rust_binding_uses,GFP_KERNEL,.binddrift/worktrees/v6.4/rust/kernel/allocator.rs,36,"{""binding_symbol"": ""GFP_KERNEL"", ""enclosing_function"": ""__rust_alloc"", ""enclosing_impl"": null, ""enclosing_type"": null, ""enclosing_unsafe_block"": 1, ""line"": 36, ""rust_file"": "".binddrift/worktrees/v6.4/rust/kernel/allocator.rs"", ""version_id"": ""v6.4""}",,,,
rust_binding_uses-033,rust_binding_uses,i2c_unregister_device,.binddrift/worktrees/v7.0/rust/kernel/i2c.rs,586,"{""binding_symbol"": ""i2c_unregister_device"", ""enclosing_function"": ""drop"", ""enclosing_impl"": ""Registration"", ""enclosing_type"": ""Registration"", ""enclosing_unsafe_block"": 1, ""line"": 586, ""rust_file"": "".binddrift/worktrees/v7.0/rust/kernel/i2c.rs"", ""version_id"": ""v7.0""}",,,,
rust_binding_uses-034,rust_binding_uses,lock_class_key,.binddrift/worktrees/v6.12/rust/kernel/sync/lock/mutex.rs,100,"{""binding_symbol"": ""lock_class_key"", ""enclosing_function"": ""example"", ""enclosing_impl"": null, ""enclosing_type"": ""MutexBackend"", ""enclosing_unsafe_block"": 0, ""line"": 100, ""rust_file"": "".binddrift/worktrees/v6.12/rust/kernel/sync/lock/mutex.rs"", ""version_id"": ""v6.12""}",,,,
rust_binding_uses-035,rust_binding_uses,hrtimer_restart,.binddrift/worktrees/v6.16/rust/kernel/time/hrtimer/pin_mut.rs,84,"{""binding_symbol"": ""hrtimer_restart"", ""enclosing_function"": ""run"", ""enclosing_impl"": ""Pin<&'a mut T>"", ""enclosing_type"": ""Pin<&'a mut T>"", ""enclosing_unsafe_block"": 0, ""line"": 84, ""rust_file"": "".binddrift/worktrees/v6.16/rust/kernel/time/hrtimer/pin_mut.rs"", ""version_id"": ""v6.16""}",,,,
rust_binding_uses-036,rust_binding_uses,clk_put,.binddrift/worktrees/v6.19/rust/kernel/clk.rs,251,"{""binding_symbol"": ""clk_put"", ""enclosing_function"": ""drop"", ""enclosing_impl"": ""Clk"", ""enclosing_type"": ""Clk"", ""enclosing_unsafe_block"": 1, ""line"": 251, ""rust_file"": "".binddrift/worktrees/v6.19/rust/kernel/clk.rs"", ""version_id"": ""v6.19""}",,,,
rust_binding_uses-037,rust_binding_uses,system_power_efficient_wq,.binddrift/worktrees/v6.17/rust/kernel/workqueue.rs,1001,"{""binding_symbol"": ""system_power_efficient_wq"", ""enclosing_function"": ""system_power_efficient"", ""enclosing_impl"": null, ""enclosing_type"": null, ""enclosing_unsafe_block"": 1, ""line"": 1001, ""rust_file"": "".binddrift/worktrees/v6.17/rust/kernel/workqueue.rs"", ""version_id"": ""v6.17""}",,,,
rust_binding_uses-038,rust_binding_uses,cpu_relax,.binddrift/worktrees/v6.18/rust/kernel/processor.rs,13,"{""binding_symbol"": ""cpu_relax"", ""enclosing_function"": ""cpu_relax"", ""enclosing_impl"": null, ""enclosing_type"": null, ""enclosing_unsafe_block"": 1, ""line"": 13, ""rust_file"": "".binddrift/worktrees/v6.18/rust/kernel/processor.rs"", ""version_id"": ""v6.18""}",,,,
rust_binding_uses-039,rust_binding_uses,device,.binddrift/worktrees/v7.0/rust/kernel/opp.rs,541,"{""binding_symbol"": ""device"", ""enclosing_function"": ""Config<T>::set"", ""enclosing_impl"": ""Config<T>"", ""enclosing_type"": ""Config<T>"", ""enclosing_unsafe_block"": 0, ""line"": 541, ""rust_file"": "".binddrift/worktrees/v7.0/rust/kernel/opp.rs"", ""version_id"": ""v7.0""}",,,,
rust_binding_uses-040,rust_binding_uses,IRQF_TRIGGER_FALLING,.binddrift/worktrees/v6.18/rust/kernel/irq/flags.rs,37,"{""binding_symbol"": ""IRQF_TRIGGER_FALLING"", ""enclosing_function"": null, ""enclosing_impl"": ""Flags"", ""enclosing_type"": ""Flags"", ""enclosing_unsafe_block"": 0, ""line"": 37, ""rust_file"": "".binddrift/worktrees/v6.18/rust/kernel/irq/flags.rs"", ""version_id"": ""v6.18""}",,,,
rust_binding_uses-041,rust_binding_uses,compat_ptr_ioctl,.binddrift/worktrees/v6.19/rust/kernel/miscdevice.rs,414,"{""binding_symbol"": ""compat_ptr_ioctl"", ""enclosing_function"": ""show_fdinfo"", ""enclosing_impl"": ""MiscdeviceVTable<T>"", ""enclosing_type"": ""MiscdeviceVTable<T>"", ""enclosing_unsafe_block"": 0, ""line"": 414, ""rust_file"": "".binddrift/worktrees/v6.19/rust/kernel/miscdevice.rs"", ""version_id"": ""v6.19""}",,,,
rust_binding_uses-042,rust_binding_uses,module,.binddrift/worktrees/v6.19/rust/kernel/lib.rs,228,"{""binding_symbol"": ""module"", ""enclosing_function"": ""as_ptr"", ""enclosing_impl"": ""ThisModule"", ""enclosing_type"": ""ThisModule"", ""enclosing_unsafe_block"": 0, ""line"": 228, ""rust_file"": "".binddrift/worktrees/v6.19/rust/kernel/lib.rs"", ""version_id"": ""v6.19""}",,,,
rust_binding_uses-043,rust_binding_uses,_phy_start_aneg,.binddrift/worktrees/HEAD_9207d47f966b/rust/kernel/net/phy.rs,232,"{""binding_symbol"": ""_phy_start_aneg"", ""enclosing_function"": ""Device::start_aneg"", ""enclosing_impl"": ""Device"", ""enclosing_type"": ""Device"", ""enclosing_unsafe_block"": 1, ""line"": 232, ""rust_file"": "".binddrift/worktrees/HEAD_9207d47f966b/rust/kernel/net/phy.rs"", ""version_id"": ""HEAD_9207d47f966b""}",,,,
rust_binding_uses-044,rust_binding_uses,drm_ioctl_flags_DRM_MASTER,.binddrift/worktrees/v6.18/rust/kernel/drm/ioctl.rs,51,"{""binding_symbol"": ""drm_ioctl_flags_DRM_MASTER"", ""enclosing_function"": ""IO"", ""enclosing_impl"": null, ""enclosing_type"": null, ""enclosing_unsafe_block"": 0, ""line"": 51, ""rust_file"": "".binddrift/worktrees/v6.18/rust/kernel/drm/ioctl.rs"", ""version_id"": ""v6.18""}",,,,
rust_binding_uses-045,rust_binding_uses,security_release_secctx,.binddrift/worktrees/v6.15/rust/kernel/security.rs,72,"{""binding_symbol"": ""security_release_secctx"", ""enclosing_function"": ""drop"", ""enclosing_impl"": ""SecurityCtx"", ""enclosing_type"": ""SecurityCtx"", ""enclosing_unsafe_block"": 1, ""line"": 72, ""rust_file"": "".binddrift/worktrees/v6.15/rust/kernel/security.rs"", ""version_id"": ""v6.15""}",,,,
rust_binding_uses-046,rust_binding_uses,generic_file_open,.binddrift/worktrees/v6.13/rust/kernel/miscdevice.rs,185,"{""binding_symbol"": ""generic_file_open"", ""enclosing_function"": null, ""enclosing_impl"": null, ""enclosing_type"": null, ""enclosing_unsafe_block"": 1, ""line"": 185, ""rust_file"": "".binddrift/worktrees/v6.13/rust/kernel/miscdevice.rs"", ""version_id"": ""v6.13""}",,,,
rust_binding_uses-047,rust_binding_uses,phy_device,.binddrift/worktrees/v6.10/rust/kernel/net/phy.rs,345,"{""binding_symbol"": ""phy_device"", ""enclosing_function"": null, ""enclosing_impl"": ""Adapter<T>"", ""enclosing_type"": ""Adapter<T>"", ""enclosing_unsafe_block"": 0, ""line"": 345, ""rust_file"": "".binddrift/worktrees/v6.10/rust/kernel/net/phy.rs"", ""version_id"": ""v6.10""}",,,,
rust_binding_uses-048,rust_binding_uses,USB_DEVICE_ID_MATCH_INT_NUMBER,.binddrift/worktrees/v6.19/rust/kernel/usb.rs,198,"{""binding_symbol"": ""USB_DEVICE_ID_MATCH_INT_NUMBER"", ""enclosing_function"": ""from_device_interface_number"", ""enclosing_impl"": ""DeviceId"", ""enclosing_type"": ""DeviceId"", ""enclosing_unsafe_block"": 0, ""line"": 198, ""rust_file"": "".binddrift/worktrees/v6.19/rust/kernel/usb.rs"", ""version_id"": ""v6.19""}",,,,
rust_binding_uses-049,rust_binding_uses,cpumask,.binddrift/worktrees/v6.16/rust/kernel/cpumask.rs,231,"{""binding_symbol"": ""cpumask"", ""enclosing_function"": ""CpumaskVar::new_zero"", ""enclosing_impl"": ""CpumaskVar"", ""enclosing_type"": ""CpumaskVar"", ""enclosing_unsafe_block"": 0, ""line"": 231, ""rust_file"": "".binddrift/worktrees/v6.16/rust/kernel/cpumask.rs"", ""version_id"": ""v6.16""}",,,,
rust_binding_uses-050,rust_binding_uses,memchr,.binddrift/worktrees/v6.10/rust/kernel/str.rs,820,"{""binding_symbol"": ""memchr"", ""enclosing_function"": ""CString::try_from_fmt"", ""enclosing_impl"": ""CString"", ""enclosing_type"": ""CString"", ""enclosing_unsafe_block"": 1, ""line"": 820, ""rust_file"": "".binddrift/worktrees/v6.10/rust/kernel/str.rs"", ""version_id"": ""v6.10""}",,,,
rust_binding_uses-051,rust_binding_uses,PCI_VENDOR_ID_QUATECH,.binddrift/worktrees/HEAD_9207d47f966b/rust/kernel/pci/id.rs,443,"{""binding_symbol"": ""PCI_VENDOR_ID_QUATECH"", ""enclosing_function"": null, ""enclosing_impl"": null, ""enclosing_type"": null, ""enclosing_unsafe_block"": 0, ""line"": 443, ""rust_file"": "".binddrift/worktrees/HEAD_9207d47f966b/rust/kernel/pci/id.rs"", ""version_id"": ""HEAD_9207d47f966b""}",,,,
rust_binding_uses-052,rust_binding_uses,auxiliary_driver_unregister,.binddrift/worktrees/v6.16/rust/kernel/auxiliary.rs,51,"{""binding_symbol"": ""auxiliary_driver_unregister"", ""enclosing_function"": ""unregister"", ""enclosing_impl"": null, ""enclosing_type"": ""Adapter"", ""enclosing_unsafe_block"": 1, ""line"": 51, ""rust_file"": "".binddrift/worktrees/v6.16/rust/kernel/auxiliary.rs"", ""version_id"": ""v6.16""}",,,,
rust_binding_uses-053,rust_binding_uses,PCI_VENDOR_ID_O2,.binddrift/worktrees/v6.19/rust/kernel/pci/id.rs,420,"{""binding_symbol"": ""PCI_VENDOR_ID_O2"", ""enclosing_function"": null, ""enclosing_impl"": null, ""enclosing_type"": null, ""enclosing_unsafe_block"": 0, ""line"": 420, ""rust_file"": "".binddrift/worktrees/v6.19/rust/kernel/pci/id.rs"", ""version_id"": ""v6.19""}",,,,
rust_binding_uses-054,rust_binding_uses,KERN_CONT,.binddrift/worktrees/v6.2/rust/kernel/print.rs,84,"{""binding_symbol"": ""KERN_CONT"", ""enclosing_function"": ""generate"", ""enclosing_impl"": null, ""enclosing_type"": null, ""enclosing_unsafe_block"": 0, ""line"": 84, ""rust_file"": "".binddrift/worktrees/v6.2/rust/kernel/print.rs"", ""version_id"": ""v6.2""}",,,,
rust_binding_uses-055,rust_binding_uses,blk_mq_rq_to_pdu,.binddrift/worktrees/v6.13/rust/kernel/block/mq/request.rs,145,"{""binding_symbol"": ""blk_mq_rq_to_pdu"", ""enclosing_function"": ""Request<T>::wrapper_ptr"", ""enclosing_impl"": ""Request<T>"", ""enclosing_type"": ""Request<T>"", ""enclosing_unsafe_block"": 1, ""line"": 145, ""rust_file"": "".binddrift/worktrees/v6.13/rust/kernel/block/mq/request.rs"", ""version_id"": ""v6.13""}",,,,
rust_binding_uses-056,rust_binding_uses,system_highpri_wq,.binddrift/worktrees/v6.12/rust/kernel/workqueue.rs,633,"{""binding_symbol"": ""system_highpri_wq"", ""enclosing_function"": ""system_highpri"", ""enclosing_impl"": null, ""enclosing_type"": null, ""enclosing_unsafe_block"": 1, ""line"": 633, ""rust_file"": "".binddrift/worktrees/v6.12/rust/kernel/workqueue.rs"", ""version_id"": ""v6.12""}",,,,
rust_binding_uses-057,rust_binding_uses,_printk,.binddrift/worktrees/v6.15/rust/kernel/kunit.rs,36,"{""binding_symbol"": ""_printk"", ""enclosing_function"": ""info"", ""enclosing_impl"": null, ""enclosing_type"": null, ""enclosing_unsafe_block"": 1, ""line"": 36, ""rust_file"": "".binddrift/worktrees/v6.15/rust/kernel/kunit.rs"", ""version_id"": ""v6.15""}",,,,
rust_binding_uses-058,rust_binding_uses,PCI_VENDOR_ID_MADGE,.binddrift/worktrees/HEAD_9207d47f966b/rust/kernel/pci/id.rs,367,"{""binding_symbol"": ""PCI_VENDOR_ID_MADGE"", ""enclosing_function"": null, ""enclosing_impl"": null, ""enclosing_type"": null, ""enclosing_unsafe_block"": 0, ""line"": 367, ""rust_file"": "".binddrift/worktrees/HEAD_9207d47f966b/rust/kernel/pci/id.rs"", ""version_id"": ""HEAD_9207d47f966b""}",,,,
rust_binding_uses-059,rust_binding_uses,O_CLOEXEC,.binddrift/worktrees/v6.16/rust/kernel/fs/file.rs,27,"{""binding_symbol"": ""O_CLOEXEC"", ""enclosing_function"": null, ""enclosing_impl"": null, ""enclosing_type"": null, ""enclosing_unsafe_block"": 0, ""line"": 27, ""rust_file"": "".binddrift/worktrees/v6.16/rust/kernel/fs/file.rs"", ""version_id"": ""v6.16""}",,,,
rust_binding_uses-060,rust_binding_uses,PCI_CLASS_COMMUNICATION_OTHER,.binddrift/worktrees/v7.0/rust/kernel/pci/id.rs,230,"{""binding_symbol"": ""PCI_CLASS_COMMUNICATION_OTHER"", ""enclosing_function"": null, ""enclosing_impl"": null, ""enclosing_type"": null, ""enclosing_unsafe_block"": 0, ""line"": 230, ""rust_file"": "".binddrift/worktrees/v7.0/rust/kernel/pci/id.rs"", ""version_id"": ""v7.0""}",,,,
rust_binding_uses-061,rust_binding_uses,lock_class_key,.binddrift/worktrees/v6.15/rust/kernel/sync/lock/mutex.rs,108,"{""binding_symbol"": ""lock_class_key"", ""enclosing_function"": ""example"", ""enclosing_impl"": null, ""enclosing_type"": ""MutexBackend"", ""enclosing_unsafe_block"": 0, ""line"": 108, ""rust_file"": "".binddrift/worktrees/v6.15/rust/kernel/sync/lock/mutex.rs"", ""version_id"": ""v6.15""}",,,,
rust_binding_uses-062,rust_binding_uses,KERN_DEBUG,.binddrift/worktrees/v6.18/rust/kernel/device.rs,362,"{""binding_symbol"": ""KERN_DEBUG"", ""enclosing_function"": ""Device<Ctx>::pr_dbg"", ""enclosing_impl"": ""Device<Ctx>"", ""enclosing_type"": ""Device<Ctx>"", ""enclosing_unsafe_block"": 1, ""line"": 362, ""rust_file"": "".binddrift/worktrees/v6.18/rust/kernel/device.rs"", ""version_id"": ""v6.18""}",,,,
rust_binding_uses-063,rust_binding_uses,__auxiliary_device_add,.binddrift/worktrees/HEAD_9207d47f966b/rust/kernel/auxiliary.rs,373,"{""binding_symbol"": ""__auxiliary_device_add"", ""enclosing_function"": null, ""enclosing_impl"": ""Registration"", ""enclosing_type"": ""Registration"", ""enclosing_unsafe_block"": 1, ""line"": 373, ""rust_file"": "".binddrift/worktrees/HEAD_9207d47f966b/rust/kernel/auxiliary.rs"", ""version_id"": ""HEAD_9207d47f966b""}",,,,
rust_binding_uses-064,rust_binding_uses,hrtimer_restart_HRTIMER_RESTART,.binddrift/worktrees/v7.0/rust/kernel/time/hrtimer.rs,503,"{""binding_symbol"": ""hrtimer_restart_HRTIMER_RESTART"", ""enclosing_function"": null, ""enclosing_impl"": null, ""enclosing_type"": null, ""enclosing_unsafe_block"": 0, ""line"": 503, ""rust_file"": "".binddrift/worktrees/v7.0/rust/kernel/time/hrtimer.rs"", ""version_id"": ""v7.0""}",,,,
rust_binding_uses-065,rust_binding_uses,genphy_suspend,.binddrift/worktrees/v6.11/rust/kernel/net/phy.rs,264,"{""binding_symbol"": ""genphy_suspend"", ""enclosing_function"": ""Device::genphy_suspend"", ""enclosing_impl"": ""Device"", ""enclosing_type"": ""Device"", ""enclosing_unsafe_block"": 1, ""line"": 264, ""rust_file"": "".binddrift/worktrees/v6.11/rust/kernel/net/phy.rs"", ""version_id"": ""v6.11""}",,,,
rust_binding_uses-066,rust_binding_uses,get_pid_ns,.binddrift/worktrees/v6.14/rust/kernel/pid_namespace.rs,51,"{""binding_symbol"": ""get_pid_ns"", ""enclosing_function"": ""inc_ref"", ""enclosing_impl"": null, ""enclosing_type"": null, ""enclosing_unsafe_block"": 1, ""line"": 51, ""rust_file"": "".binddrift/worktrees/v6.14/rust/kernel/pid_namespace.rs"", ""version_id"": ""v6.14""}",,,,
rust_binding_uses-067,rust_binding_uses,memchr,.binddrift/worktrees/v6.6/rust/kernel/str.rs,575,"{""binding_symbol"": ""memchr"", ""enclosing_function"": ""CString::try_from_fmt"", ""enclosing_impl"": ""CString"", ""enclosing_type"": ""CString"", ""enclosing_unsafe_block"": 1, ""line"": 575, ""rust_file"": "".binddrift/worktrees/v6.6/rust/kernel/str.rs"", ""version_id"": ""v6.6""}",,,,
rust_binding_uses-068,rust_binding_uses,pci_driver,.binddrift/worktrees/v6.19/rust/kernel/pci.rs,59,"{""binding_symbol"": ""pci_driver"", ""enclosing_function"": null, ""enclosing_impl"": null, ""enclosing_type"": ""Adapter"", ""enclosing_unsafe_block"": 0, ""line"": 59, ""rust_file"": "".binddrift/worktrees/v6.19/rust/kernel/pci.rs"", ""version_id"": ""v6.19""}",,,,
rust_binding_uses-069,rust_binding_uses,PCI_VENDOR_ID_BCM_GVC,.binddrift/worktrees/v6.19/rust/kernel/pci/id.rs,482,"{""binding_symbol"": ""PCI_VENDOR_ID_BCM_GVC"", ""enclosing_function"": null, ""enclosing_impl"": null, ""enclosing_type"": null, ""enclosing_unsafe_block"": 0, ""line"": 482, ""rust_file"": "".binddrift/worktrees/v6.19/rust/kernel/pci/id.rs"", ""version_id"": ""v6.19""}",,,,
rust_binding_uses-070,rust_binding_uses,work_struct,.binddrift/worktrees/v6.8/rust/kernel/workqueue.rs,590,"{""binding_symbol"": ""work_struct"", ""enclosing_function"": null, ""enclosing_impl"": null, ""enclosing_type"": null, ""enclosing_unsafe_block"": 0, ""line"": 590, ""rust_file"": "".binddrift/worktrees/v6.8/rust/kernel/workqueue.rs"", ""version_id"": ""v6.8""}",,,,
rust_binding_uses-071,rust_binding_uses,VM_LOCKONFAULT,.binddrift/worktrees/v6.19/rust/kernel/mm/virt.rs,435,"{""binding_symbol"": ""VM_LOCKONFAULT"", ""enclosing_function"": null, ""enclosing_impl"": null, ""enclosing_type"": null, ""enclosing_unsafe_block"": 0, ""line"": 435, ""rust_file"": "".binddrift/worktrees/v6.19/rust/kernel/mm/virt.rs"", ""version_id"": ""v6.19""}",,,,
rust_binding_uses-072,rust_binding_uses,configfs_item_operations,.binddrift/worktrees/HEAD_9207d47f966b/rust/kernel/configfs.rs,459,"{""binding_symbol"": ""configfs_item_operations"", ""enclosing_function"": ""release"", ""enclosing_impl"": ""ItemOperationsVTable<Group<Data>, Data>"", ""enclosing_type"": ""ItemOperationsVTable<Group<Data>, Data>"", ""enclosing_unsafe_block"": 0, ""line"": 459, ""rust_file"": "".binddrift/worktrees/HEAD_9207d47f966b/rust/kernel/configfs.rs"", ""version_id"": ""HEAD_9207d47f966b""}",,,,
rust_binding_uses-073,rust_binding_uses,__GFP_ZERO,.binddrift/worktrees/v6.2/rust/kernel/allocator.rs,61,"{""binding_symbol"": ""__GFP_ZERO"", ""enclosing_function"": ""__rust_alloc_zeroed"", ""enclosing_impl"": null, ""enclosing_type"": null, ""enclosing_unsafe_block"": 1, ""line"": 61, ""rust_file"": "".binddrift/worktrees/v6.2/rust/kernel/allocator.rs"", ""version_id"": ""v6.2""}",,,,
rust_binding_uses-074,rust_binding_uses,lock_class_key,.binddrift/worktrees/v6.9/rust/kernel/sync/lock/spinlock.rs,101,"{""binding_symbol"": ""lock_class_key"", ""enclosing_function"": ""example"", ""enclosing_impl"": null, ""enclosing_type"": ""SpinLockBackend"", ""enclosing_unsafe_block"": 0, ""line"": 101, ""rust_file"": "".binddrift/worktrees/v6.9/rust/kernel/sync/lock/spinlock.rs"", ""version_id"": ""v6.9""}",,,,
rust_binding_uses-075,rust_binding_uses,request,.binddrift/worktrees/v6.13/rust/kernel/block/mq/request.rs,56,"{""binding_symbol"": ""request"", ""enclosing_function"": null, ""enclosing_impl"": null, ""enclosing_type"": null, ""enclosing_unsafe_block"": 0, ""line"": 56, ""rust_file"": "".binddrift/worktrees/v6.13/rust/kernel/block/mq/request.rs"", ""version_id"": ""v6.13""}",,,,
rust_binding_uses-076,rust_binding_uses,_copy_from_user,.binddrift/worktrees/v6.19/rust/kernel/uaccess.rs,349,"{""binding_symbol"": ""_copy_from_user"", ""enclosing_function"": ""UserSliceReader::read_slice_file"", ""enclosing_impl"": ""UserSliceReader"", ""enclosing_type"": ""UserSliceReader"", ""enclosing_unsafe_block"": 1, ""line"": 349, ""rust_file"": "".binddrift/worktrees/v6.19/rust/kernel/uaccess.rs"", ""version_id"": ""v6.19""}",,,,
rust_binding_uses-077,rust_binding_uses,config_group,.binddrift/worktrees/v6.19/rust/kernel/configfs.rs,347,"{""binding_symbol"": ""config_group"", ""enclosing_function"": null, ""enclosing_impl"": ""GroupOperationsVTable<Parent, Child>"", ""enclosing_type"": ""GroupOperationsVTable<Parent, Child>"", ""enclosing_unsafe_block"": 0, ""line"": 347, ""rust_file"": "".binddrift/worktrees/v6.19/rust/kernel/configfs.rs"", ""version_id"": ""v6.19""}",,,,
rust_binding_uses-078,rust_binding_uses,PCI_VENDOR_ID_GIGABYTE,.binddrift/worktrees/v7.0/rust/kernel/pci/id.rs,472,"{""binding_symbol"": ""PCI_VENDOR_ID_GIGABYTE"", ""enclosing_function"": null, ""enclosing_impl"": null, ""enclosing_type"": null, ""enclosing_unsafe_block"": 0, ""line"": 472, ""rust_file"": "".binddrift/worktrees/v7.0/rust/kernel/pci/id.rs"", ""version_id"": ""v7.0""}",,,,
rust_binding_uses-079,rust_binding_uses,_printk,.binddrift/worktrees/v6.17/rust/kernel/print.rs,130,"{""binding_symbol"": ""_printk"", ""enclosing_function"": ""call_printk_cont"", ""enclosing_impl"": null, ""enclosing_type"": null, ""enclosing_unsafe_block"": 1, ""line"": 130, ""rust_file"": "".binddrift/worktrees/v6.17/rust/kernel/print.rs"", ""version_id"": ""v6.17""}",,,,
rust_binding_uses-080,rust_binding_uses,drm_open,.binddrift/worktrees/HEAD_9207d47f966b/rust/kernel/drm/gem/mod.rs,355,"{""binding_symbol"": ""drm_open"", ""enclosing_function"": ""create_fops"", ""enclosing_impl"": null, ""enclosing_type"": null, ""enclosing_unsafe_block"": 0, ""line"": 355, ""rust_file"": "".binddrift/worktrees/HEAD_9207d47f966b/rust/kernel/drm/gem/mod.rs"", ""version_id"": ""HEAD_9207d47f966b""}",,,,
rust_binding_uses-081,rust_binding_uses,prepare_to_wait_exclusive,.binddrift/worktrees/v6.5/rust/kernel/sync/condvar.rs,114,"{""binding_symbol"": ""prepare_to_wait_exclusive"", ""enclosing_function"": ""CondVar::new"", ""enclosing_impl"": ""CondVar"", ""enclosing_type"": ""CondVar"", ""enclosing_unsafe_block"": 1, ""line"": 114, ""rust_file"": "".binddrift/worktrees/v6.5/rust/kernel/sync/condvar.rs"", ""version_id"": ""v6.5""}",,,,
rust_binding_uses-082,rust_binding_uses,pci_dev,.binddrift/worktrees/v6.16/rust/kernel/pci.rs,89,"{""binding_symbol"": ""pci_dev"", ""enclosing_function"": ""remove_callback"", ""enclosing_impl"": ""Adapter<T>"", ""enclosing_type"": ""Adapter<T>"", ""enclosing_unsafe_block"": 0, ""line"": 89, ""rust_file"": "".binddrift/worktrees/v6.16/rust/kernel/pci.rs"", ""version_id"": ""v6.16""}",,,,
rust_binding_uses-083,rust_binding_uses,TASK_NORMAL,.binddrift/worktrees/v6.10/rust/kernel/task.rs,24,"{""binding_symbol"": ""TASK_NORMAL"", ""enclosing_function"": null, ""enclosing_impl"": null, ""enclosing_type"": null, ""enclosing_unsafe_block"": 0, ""line"": 24, ""rust_file"": "".binddrift/worktrees/v6.10/rust/kernel/task.rs"", ""version_id"": ""v6.10""}",,,,
rust_binding_uses-084,rust_binding_uses,pwm_chip,.binddrift/worktrees/HEAD_9207d47f966b/rust/kernel/pwm.rs,393,"{""binding_symbol"": ""pwm_chip"", ""enclosing_function"": ""release_callback"", ""enclosing_impl"": ""Adapter<T>"", ""enclosing_type"": ""Adapter<T>"", ""enclosing_unsafe_block"": 0, ""line"": 393, ""rust_file"": "".binddrift/worktrees/HEAD_9207d47f966b/rust/kernel/pwm.rs"", ""version_id"": ""HEAD_9207d47f966b""}",,,,
rust_binding_uses-085,rust_binding_uses,tracepoint,.binddrift/worktrees/HEAD_9207d47f966b/rust/kernel/tracepoint.rs,25,"{""binding_symbol"": ""tracepoint"", ""enclosing_function"": null, ""enclosing_impl"": null, ""enclosing_type"": null, ""enclosing_unsafe_block"": 1, ""line"": 25, ""rust_file"": "".binddrift/worktrees/HEAD_9207d47f966b/rust/kernel/tracepoint.rs"", ""version_id"": ""HEAD_9207d47f966b""}",,,,
rust_binding_uses-086,rust_binding_uses,O_NONBLOCK,.binddrift/worktrees/v6.19/rust/kernel/fs/file.rs,64,"{""binding_symbol"": ""O_NONBLOCK"", ""enclosing_function"": null, ""enclosing_impl"": null, ""enclosing_type"": null, ""enclosing_unsafe_block"": 0, ""line"": 64, ""rust_file"": "".binddrift/worktrees/v6.19/rust/kernel/fs/file.rs"", ""version_id"": ""v6.19""}",,,,
rust_binding_uses-087,rust_binding_uses,hrtimer_mode_HRTIMER_MODE_REL_SOFT,.binddrift/worktrees/v7.0/rust/kernel/time/hrtimer.rs,617,"{""binding_symbol"": ""hrtimer_mode_HRTIMER_MODE_REL_SOFT"", ""enclosing_function"": null, ""enclosing_impl"": ""RelativeSoftMode<C>"", ""enclosing_type"": ""RelativeSoftMode<C>"", ""enclosing_unsafe_block"": 0, ""line"": 617, ""rust_file"": "".binddrift/worktrees/v7.0/rust/kernel/time/hrtimer.rs"", ""version_id"": ""v7.0""}",,,,
rust_binding_uses-088,rust_binding_uses,hrtimer,.binddrift/worktrees/v7.0/rust/kernel/time/hrtimer/pin_mut.rs,88,"{""binding_symbol"": ""hrtimer"", ""enclosing_function"": ""run"", ""enclosing_impl"": ""Pin<&'a mut T>"", ""enclosing_type"": ""Pin<&'a mut T>"", ""enclosing_unsafe_block"": 0, ""line"": 88, ""rust_file"": "".binddrift/worktrees/v7.0/rust/kernel/time/hrtimer/pin_mut.rs"", ""version_id"": ""v7.0""}",,,,
rust_binding_uses-089,rust_binding_uses,strncpy_from_user,.binddrift/worktrees/v6.19/rust/kernel/uaccess.rs,576,"{""binding_symbol"": ""strncpy_from_user"", ""enclosing_function"": ""raw_strncpy_from_user"", ""enclosing_impl"": null, ""enclosing_type"": null, ""enclosing_unsafe_block"": 1, ""line"": 576, ""rust_file"": "".binddrift/worktrees/v6.19/rust/kernel/uaccess.rs"", ""version_id"": ""v6.19""}",,,,
rust_binding_uses-090,rust_binding_uses,file,.binddrift/worktrees/v6.19/rust/kernel/fs/file.rs,187,"{""binding_symbol"": ""file"", ""enclosing_function"": null, ""enclosing_impl"": null, ""enclosing_type"": ""File"", ""enclosing_unsafe_block"": 0, ""line"": 187, ""rust_file"": "".binddrift/worktrees/v6.19/rust/kernel/fs/file.rs"", ""version_id"": ""v6.19""}",,,,
rust_binding_uses-091,rust_binding_uses,_printk,.binddrift/worktrees/v6.16/rust/kernel/print.rs,130,"{""binding_symbol"": ""_printk"", ""enclosing_function"": ""call_printk_cont"", ""enclosing_impl"": null, ""enclosing_type"": null, ""enclosing_unsafe_block"": 1, ""line"": 130, ""rust_file"": "".binddrift/worktrees/v6.16/rust/kernel/print.rs"", ""version_id"": ""v6.16""}",,,,
rust_binding_uses-092,rust_binding_uses,PCI_VENDOR_ID_BCM_GVC,.binddrift/worktrees/HEAD_9207d47f966b/rust/kernel/pci/id.rs,481,"{""binding_symbol"": ""PCI_VENDOR_ID_BCM_GVC"", ""enclosing_function"": null, ""enclosing_impl"": null, ""enclosing_type"": null, ""enclosing_unsafe_block"": 0, ""line"": 481, ""rust_file"": "".binddrift/worktrees/HEAD_9207d47f966b/rust/kernel/pci/id.rs"", ""version_id"": ""HEAD_9207d47f966b""}",,,,
rust_binding_uses-093,rust_binding_uses,__init_waitqueue_head,.binddrift/worktrees/v6.12/rust/kernel/sync/condvar.rs,111,"{""binding_symbol"": ""__init_waitqueue_head"", ""enclosing_function"": ""CondVar::new"", ""enclosing_impl"": ""CondVar"", ""enclosing_type"": ""CondVar"", ""enclosing_unsafe_block"": 1, ""line"": 111, ""rust_file"": "".binddrift/worktrees/v6.12/rust/kernel/sync/condvar.rs"", ""version_id"": ""v6.12""}",,,,
rust_binding_uses-094,rust_binding_uses,release_mem_region,.binddrift/worktrees/v7.0/rust/kernel/io/resource.rs,55,"{""binding_symbol"": ""release_mem_region"", ""enclosing_function"": ""drop"", ""enclosing_impl"": ""Region"", ""enclosing_type"": ""Region"", ""enclosing_unsafe_block"": 0, ""line"": 55, ""rust_file"": "".binddrift/worktrees/v7.0/rust/kernel/io/resource.rs"", ""version_id"": ""v7.0""}",,,,
rust_binding_uses-095,rust_binding_uses,blk_mq_queue_data,.binddrift/worktrees/v6.17/rust/kernel/block/mq/operations.rs,74,"{""binding_symbol"": ""blk_mq_queue_data"", ""enclosing_function"": null, ""enclosing_impl"": ""OperationsVTable<T>"", ""enclosing_type"": ""OperationsVTable<T>"", ""enclosing_unsafe_block"": 0, ""line"": 74, ""rust_file"": "".binddrift/worktrees/v6.17/rust/kernel/block/mq/operations.rs"", ""version_id"": ""v6.17""}",,,,
rust_binding_uses-096,rust_binding_uses,O_NOFOLLOW,.binddrift/worktrees/v7.0/rust/kernel/fs/file.rs,61,"{""binding_symbol"": ""O_NOFOLLOW"", ""enclosing_function"": null, ""enclosing_impl"": null, ""enclosing_type"": null, ""enclosing_unsafe_block"": 0, ""line"": 61, ""rust_file"": "".binddrift/worktrees/v7.0/rust/kernel/fs/file.rs"", ""version_id"": ""v7.0""}",,,,
rust_binding_uses-097,rust_binding_uses,mdiobus_read,.binddrift/worktrees/v7.0/rust/kernel/net/phy/reg.rs,111,"{""binding_symbol"": ""mdiobus_read"", ""enclosing_function"": ""read"", ""enclosing_impl"": ""C22"", ""enclosing_type"": ""C22"", ""enclosing_unsafe_block"": 1, ""line"": 111, ""rust_file"": "".binddrift/worktrees/v7.0/rust/kernel/net/phy/reg.rs"", ""version_id"": ""v7.0""}",,,,
rust_binding_uses-098,rust_binding_uses,PCI_VENDOR_ID_S3,.binddrift/worktrees/v6.19/rust/kernel/pci/id.rs,560,"{""binding_symbol"": ""PCI_VENDOR_ID_S3"", ""enclosing_function"": null, ""enclosing_impl"": null, ""enclosing_type"": null, ""enclosing_unsafe_block"": 0, ""line"": 560, ""rust_file"": "".binddrift/worktrees/v6.19/rust/kernel/pci/id.rs"", ""version_id"": ""v6.19""}",,,,
rust_binding_uses-099,rust_binding_uses,dev_pm_opp_data,.binddrift/worktrees/v6.18/rust/kernel/opp.rs,225,"{""binding_symbol"": ""dev_pm_opp_data"", ""enclosing_function"": ""create_opp"", ""enclosing_impl"": null, ""enclosing_type"": null, ""enclosing_unsafe_block"": 0, ""line"": 225, ""rust_file"": "".binddrift/worktrees/v6.18/rust/kernel/opp.rs"", ""version_id"": ""v6.18""}",,,,
rust_binding_uses-100,rust_binding_uses,fwnode_handle,.binddrift/worktrees/v7.0/rust/kernel/device/property.rs,62,"{""binding_symbol"": ""fwnode_handle"", ""enclosing_function"": ""FwNode::as_raw"", ""enclosing_impl"": ""FwNode"", ""enclosing_type"": ""FwNode"", ""enclosing_unsafe_block"": 0, ""line"": 62, ""rust_file"": "".binddrift/worktrees/v7.0/rust/kernel/device/property.rs"", ""version_id"": ""v7.0""}",,,,
c_behavior_indicators-001,c_behavior_indicators,of_regulator_get_optional,.binddrift/worktrees/v7.0/include/linux/regulator/consumer.h,699,"{""c_symbol"": ""of_regulator_get_optional"", ""confidence"": 0.7, ""evidence_file"": "".binddrift/worktrees/v7.0/include/linux/regulator/consumer.h"", ""evidence_line"": 699, ""evidence_text"": ""return ERR_PTR(-ENODEV);"", ""indicator_type"": ""ERR_PTR_RETURN"", ""version_id"": ""v7.0""}",,,,
c_behavior_indicators-002,c_behavior_indicators,blk_mq_freeze_queue,.binddrift/worktrees/v6.16/include/linux/blk-mq.h,932,"{""c_symbol"": ""blk_mq_freeze_queue"", ""confidence"": 0.7, ""evidence_file"": "".binddrift/worktrees/v6.16/include/linux/blk-mq.h"", ""evidence_line"": 932, ""evidence_text"": ""unsigned int memflags = memalloc_noio_save();"", ""indicator_type"": ""ALLOC"", ""version_id"": ""v6.16""}",,,,
c_behavior_indicators-003,c_behavior_indicators,kunit_kmalloc,.binddrift/worktrees/v6.19/include/kunit/test.h,501,"{""c_symbol"": ""kunit_kmalloc"", ""confidence"": 0.7, ""evidence_file"": "".binddrift/worktrees/v6.19/include/kunit/test.h"", ""evidence_line"": 501, ""evidence_text"": ""return kunit_kmalloc_array(test, 1, size, gfp);"", ""indicator_type"": ""ALLOC"", ""version_id"": ""v6.19""}",,,,
c_behavior_indicators-004,c_behavior_indicators,request_firmware_into_buf,.binddrift/worktrees/v6.16/include/linux/firmware.h,174,"{""c_symbol"": ""request_firmware_into_buf"", ""confidence"": 0.7, ""evidence_file"": "".binddrift/worktrees/v6.16/include/linux/firmware.h"", ""evidence_line"": 174, ""evidence_text"": ""return -EINVAL;"", ""indicator_type"": ""ERROR_CODE"", ""version_id"": ""v6.16""}",,,,
c_behavior_indicators-005,c_behavior_indicators,xa_cmpxchg_irq,.binddrift/worktrees/HEAD_9207d47f966b/include/linux/xarray.h,753,"{""c_symbol"": ""xa_cmpxchg_irq"", ""confidence"": 0.7, ""evidence_file"": "".binddrift/worktrees/HEAD_9207d47f966b/include/linux/xarray.h"", ""evidence_line"": 753, ""evidence_text"": ""might_alloc(gfp);"", ""indicator_type"": ""ALLOC"", ""version_id"": ""HEAD_9207d47f966b""}",,,,
c_behavior_indicators-006,c_behavior_indicators,dev_pm_opp_put,.binddrift/worktrees/v7.0/include/linux/pm_opp.h,388,"{""c_symbol"": ""dev_pm_opp_put"", ""confidence"": 0.7, ""evidence_file"": "".binddrift/worktrees/v7.0/include/linux/pm_opp.h"", ""evidence_line"": 388, ""evidence_text"": ""static inline void dev_pm_opp_put(struct dev_pm_opp *opp) {}"", ""indicator_type"": ""REFCOUNT_PUT"", ""version_id"": ""v7.0""}",,,,
c_behavior_indicators-007,c_behavior_indicators,clk_notifier_register,.binddrift/worktrees/v6.16/include/linux/clk.h,236,"{""c_symbol"": ""clk_notifier_register"", ""confidence"": 0.7, ""evidence_file"": "".binddrift/worktrees/v6.16/include/linux/clk.h"", ""evidence_line"": 236, ""evidence_text"": ""return -ENOTSUPP;"", ""indicator_type"": ""ERROR_CODE"", ""version_id"": ""v6.16""}",,,,
c_behavior_indicators-008,c_behavior_indicators,pagetable_dtor_free,.binddrift/worktrees/HEAD_9207d47f966b/include/linux/mm.h,3784,"{""c_symbol"": ""pagetable_dtor_free"", ""confidence"": 0.7, ""evidence_file"": "".binddrift/worktrees/HEAD_9207d47f966b/include/linux/mm.h"", ""evidence_line"": 3784, ""evidence_text"": ""pagetable_free(ptdesc);"", ""indicator_type"": ""FREE"", ""version_id"": ""HEAD_9207d47f966b""}",,,,
c_behavior_indicators-009,c_behavior_indicators,devm_regulator_get_optional,.binddrift/worktrees/HEAD_9207d47f966b/include/linux/regulator/consumer.h,353,"{""c_symbol"": ""devm_regulator_get_optional"", ""confidence"": 0.7, ""evidence_file"": "".binddrift/worktrees/HEAD_9207d47f966b/include/linux/regulator/consumer.h"", ""evidence_line"": 353, ""evidence_text"": ""return ERR_PTR(-ENODEV);"", ""indicator_type"": ""ERR_PTR_RETURN"", ""version_id"": ""HEAD_9207d47f966b""}",,,,
c_behavior_indicators-010,c_behavior_indicators,pci_get_subsys,.binddrift/worktrees/v6.14/include/linux/pci.h,1979,"{""c_symbol"": ""pci_get_subsys"", ""confidence"": 0.7, ""evidence_file"": "".binddrift/worktrees/v6.14/include/linux/pci.h"", ""evidence_line"": 1979, ""evidence_text"": ""{ return NULL; }"", ""indicator_type"": ""NULL_RETURN"", ""version_id"": ""v6.14""}",,,,
c_behavior_indicators-011,c_behavior_indicators,devm_clk_get_optional_enabled_with_rate,.binddrift/worktrees/v6.19/include/linux/clk.h,1017,"{""c_symbol"": ""devm_clk_get_optional_enabled_with_rate"", ""confidence"": 0.7, ""evidence_file"": "".binddrift/worktrees/v6.19/include/linux/clk.h"", ""evidence_line"": 1017, ""evidence_text"": ""return NULL;"", ""indicator_type"": ""NULL_RETURN"", ""version_id"": ""v6.19""}",,,,
c_behavior_indicators-012,c_behavior_indicators,pcibios_err_to_errno,.binddrift/worktrees/v6.16/include/linux/pci.h,799,"{""c_symbol"": ""pcibios_err_to_errno"", ""confidence"": 0.7, ""evidence_file"": "".binddrift/worktrees/v6.16/include/linux/pci.h"", ""evidence_line"": 799, ""evidence_text"": ""return -ERANGE;"", ""indicator_type"": ""ERROR_CODE"", ""version_id"": ""v6.16""}",,,,
c_behavior_indicators-013,c_behavior_indicators,acpi_processor_evaluate_cst,.binddrift/worktrees/v6.17/include/linux/acpi.h,301,"{""c_symbol"": ""acpi_processor_evaluate_cst"", ""confidence"": 0.7, ""evidence_file"": "".binddrift/worktrees/v6.17/include/linux/acpi.h"", ""evidence_line"": 301, ""evidence_text"": ""return -ENODEV;"", ""indicator_type"": ""ERROR_CODE"", ""version_id"": ""v6.17""}",,,,
c_behavior_indicators-014,c_behavior_indicators,get_page,.binddrift/worktrees/v7.0/include/linux/mm.h,1787,"{""c_symbol"": ""get_page"", ""confidence"": 0.7, ""evidence_file"": "".binddrift/worktrees/v7.0/include/linux/mm.h"", ""evidence_line"": 1787, ""evidence_text"": ""if (WARN_ON_ONCE(folio_test_large_kmalloc(folio)))"", ""indicator_type"": ""ALLOC"", ""version_id"": ""v7.0""}",,,,
c_behavior_indicators-015,c_behavior_indicators,dev_pm_opp_find_freq_exact_indexed,.binddrift/worktrees/v7.0/include/linux/pm_opp.h,326,"{""c_symbol"": ""dev_pm_opp_find_freq_exact_indexed"", ""confidence"": 0.7, ""evidence_file"": "".binddrift/worktrees/v7.0/include/linux/pm_opp.h"", ""evidence_line"": 326, ""evidence_text"": ""return ERR_PTR(-EOPNOTSUPP);"", ""indicator_type"": ""ERR_PTR_RETURN"", ""version_id"": ""v7.0""}",,,,
c_behavior_indicators-016,c_behavior_indicators,acpi_debugger_read_cmd,.binddrift/worktrees/v7.0/include/linux/acpi.h,194,"{""c_symbol"": ""acpi_debugger_read_cmd"", ""confidence"": 0.7, ""evidence_file"": "".binddrift/worktrees/v7.0/include/linux/acpi.h"", ""evidence_line"": 194, ""evidence_text"": ""return -ENODEV;"", ""indicator_type"": ""ERROR_CODE"", ""version_id"": ""v7.0""}",,,,
c_behavior_indicators-017,c_behavior_indicators,copy_pid_ns,.binddrift/worktrees/v6.19/include/linux/pid_namespace.h,111,"{""c_symbol"": ""copy_pid_ns"", ""confidence"": 0.7, ""evidence_file"": "".binddrift/worktrees/v6.19/include/linux/pid_namespace.h"", ""evidence_line"": 111, ""evidence_text"": ""ns = ERR_PTR(-EINVAL);"", ""indicator_type"": ""ERR_PTR_RETURN"", ""version_id"": ""v6.19""}",,,,
c_behavior_indicators-018,c_behavior_indicators,phy_start_cable_test,.binddrift/worktrees/v6.12/include/linux/phy.h,1828,"{""c_symbol"": ""phy_start_cable_test"", ""confidence"": 0.7, ""evidence_file"": "".binddrift/worktrees/v6.12/include/linux/phy.h"", ""evidence_line"": 1828, ""evidence_text"": ""return -EOPNOTSUPP;"", ""indicator_type"": ""ERROR_CODE"", ""version_id"": ""v6.12""}",,,,
c_behavior_indicators-019,c_behavior_indicators,blk_mq_tag_to_rq,.binddrift/worktrees/v6.12/include/linux/blk-mq.h,787,"{""c_symbol"": ""blk_mq_tag_to_rq"", ""confidence"": 0.7, ""evidence_file"": "".binddrift/worktrees/v6.12/include/linux/blk-mq.h"", ""evidence_line"": 787, ""evidence_text"": ""return NULL;"", ""indicator_type"": ""NULL_RETURN"", ""version_id"": ""v6.12""}",,,,
c_behavior_indicators-020,c_behavior_indicators,security_socket_getpeersec_stream,.binddrift/worktrees/v7.0/include/linux/security.h,1811,"{""c_symbol"": ""security_socket_getpeersec_stream"", ""confidence"": 0.7, ""evidence_file"": "".binddrift/worktrees/v7.0/include/linux/security.h"", ""evidence_line"": 1811, ""evidence_text"": ""return -ENOPROTOOPT;"", ""indicator_type"": ""ERROR_CODE"", ""version_id"": ""v7.0""}",,,,
c_behavior_indicators-021,c_behavior_indicators,acpi_match_device,.binddrift/worktrees/HEAD_9207d47f966b/include/linux/acpi.h,990,"{""c_symbol"": ""acpi_match_device"", ""confidence"": 0.7, ""evidence_file"": "".binddrift/worktrees/HEAD_9207d47f966b/include/linux/acpi.h"", ""evidence_line"": 990, ""evidence_text"": ""return NULL;"", ""indicator_type"": ""NULL_RETURN"", ""version_id"": ""HEAD_9207d47f966b""}",,,,
c_behavior_indicators-022,c_behavior_indicators,rust_helper_spin_lock,.binddrift/worktrees/v6.14/rust/helpers/spinlock.c,21,"{""c_symbol"": ""rust_helper_spin_lock"", ""confidence"": 0.7, ""evidence_file"": "".binddrift/worktrees/v6.14/rust/helpers/spinlock.c"", ""evidence_line"": 21, ""evidence_text"": ""spin_lock(lock);"", ""indicator_type"": ""ATOMIC_CONTEXT"", ""version_id"": ""v6.14""}",,,,
c_behavior_indicators-023,c_behavior_indicators,devm_pm_opp_of_add_table,.binddrift/worktrees/v6.16/include/linux/pm_opp.h,525,"{""c_symbol"": ""devm_pm_opp_of_add_table"", ""confidence"": 0.7, ""evidence_file"": "".binddrift/worktrees/v6.16/include/linux/pm_opp.h"", ""evidence_line"": 525, ""evidence_text"": ""return -EOPNOTSUPP;"", ""indicator_type"": ""ERROR_CODE"", ""version_id"": ""v6.16""}",,,,
c_behavior_indicators-024,c_behavior_indicators,clk_notifier_register,.binddrift/worktrees/v6.19/include/linux/clk.h,236,"{""c_symbol"": ""clk_notifier_register"", ""confidence"": 0.7, ""evidence_file"": "".binddrift/worktrees/v6.19/include/linux/clk.h"", ""evidence_line"": 236, ""evidence_text"": ""return -ENOTSUPP;"", ""indicator_type"": ""ERROR_CODE"", ""version_id"": ""v6.19""}",,,,
c_behavior_indicators-025,c_behavior_indicators,devm_pwmchip_alloc,.binddrift/worktrees/v7.0/include/linux/pwm.h,574,"{""c_symbol"": ""devm_pwmchip_alloc"", ""confidence"": 0.7, ""evidence_file"": "".binddrift/worktrees/v7.0/include/linux/pwm.h"", ""evidence_line"": 574, ""evidence_text"": ""return pwmchip_alloc(parent, npwm, sizeof_priv);"", ""indicator_type"": ""ALLOC"", ""version_id"": ""v7.0""}",,,,
c_behavior_indicators-026,c_behavior_indicators,xa_alloc_cyclic_bh,.binddrift/worktrees/v6.17/include/linux/xarray.h,1020,"{""c_symbol"": ""xa_alloc_cyclic_bh"", ""confidence"": 0.7, ""evidence_file"": "".binddrift/worktrees/v6.17/include/linux/xarray.h"", ""evidence_line"": 1020, ""evidence_text"": ""might_alloc(gfp);"", ""indicator_type"": ""ALLOC"", ""version_id"": ""v6.17""}",,,,
c_behavior_indicators-027,c_behavior_indicators,devtmpfs_create_node,.binddrift/worktrees/HEAD_9207d47f966b/drivers/base/base.h,311,"{""c_symbol"": ""devtmpfs_create_node"", ""confidence"": 0.7, ""evidence_file"": "".binddrift/worktrees/HEAD_9207d47f966b/drivers/base/base.h"", ""evidence_line"": 311, ""evidence_text"": ""static inline int devtmpfs_create_node(struct device *dev) { return 0; }"", ""indicator_type"": ""ALLOC"", ""version_id"": ""HEAD_9207d47f966b""}",,,,
c_behavior_indicators-028,c_behavior_indicators,phy_start_cable_test_tdr,.binddrift/worktrees/v6.15/include/linux/phy.h,1868,"{""c_symbol"": ""phy_start_cable_test_tdr"", ""confidence"": 0.7, ""evidence_file"": "".binddrift/worktrees/v6.15/include/linux/phy.h"", ""evidence_line"": 1868, ""evidence_text"": ""return -EOPNOTSUPP;"", ""indicator_type"": ""ERROR_CODE"", ""version_id"": ""v6.15""}",,,,
c_behavior_indicators-029,c_behavior_indicators,pwm_config,.binddrift/worktrees/HEAD_9207d47f966b/include/linux/pwm.h,545,"{""c_symbol"": ""pwm_config"", ""confidence"": 0.7, ""evidence_file"": "".binddrift/worktrees/HEAD_9207d47f966b/include/linux/pwm.h"", ""evidence_line"": 545, ""evidence_text"": ""return -EINVAL;"", ""indicator_type"": ""ERROR_CODE"", ""version_id"": ""HEAD_9207d47f966b""}",,,,
c_behavior_indicators-030,c_behavior_indicators,dup_user_cpus_ptr,.binddrift/worktrees/v6.9/include/linux/sched.h,1784,"{""c_symbol"": ""dup_user_cpus_ptr"", ""confidence"": 0.7, ""evidence_file"": "".binddrift/worktrees/v6.9/include/linux/sched.h"", ""evidence_line"": 1784, ""evidence_text"": ""return -EINVAL;"", ""indicator_type"": ""ERROR_CODE"", ""version_id"": ""v6.9""}",,,,
c_behavior_indicators-031,c_behavior_indicators,clk_bulk_prepare,.binddrift/worktrees/v6.16/include/linux/clk.h,337,"{""c_symbol"": ""clk_bulk_prepare"", ""confidence"": 0.7, ""evidence_file"": "".binddrift/worktrees/v6.16/include/linux/clk.h"", ""evidence_line"": 337, ""evidence_text"": ""might_sleep();"", ""indicator_type"": ""MAY_SLEEP"", ""version_id"": ""v6.16""}",,,,
c_behavior_indicators-032,c_behavior_indicators,kfree_rcu_scheduler_running,.binddrift/worktrees/v7.0/include/linux/slab.h,1252,"{""c_symbol"": ""kfree_rcu_scheduler_running"", ""confidence"": 0.7, ""evidence_file"": "".binddrift/worktrees/v7.0/include/linux/slab.h"", ""evidence_line"": 1252, ""evidence_text"": ""static inline void kfree_rcu_scheduler_running(void) { }"", ""indicator_type"": ""FREE"", ""version_id"": ""v7.0""}",,,,
c_behavior_indicators-033,c_behavior_indicators,dma_get_sgtable_attrs,.binddrift/worktrees/v6.17/include/linux/dma-mapping.h,227,"{""c_symbol"": ""dma_get_sgtable_attrs"", ""confidence"": 0.7, ""evidence_file"": "".binddrift/worktrees/v6.17/include/linux/dma-mapping.h"", ""evidence_line"": 227, ""evidence_text"": ""return -ENXIO;"", ""indicator_type"": ""ERROR_CODE"", ""version_id"": ""v6.17""}",,,,
c_behavior_indicators-034,c_behavior_indicators,pwm_apply_might_sleep,.binddrift/worktrees/v6.19/include/linux/pwm.h,522,"{""c_symbol"": ""pwm_apply_might_sleep"", ""confidence"": 0.7, ""evidence_file"": "".binddrift/worktrees/v6.19/include/linux/pwm.h"", ""evidence_line"": 522, ""evidence_text"": ""return -EOPNOTSUPP;"", ""indicator_type"": ""ERROR_CODE"", ""version_id"": ""v6.19""}",,,,
c_behavior_indicators-035,c_behavior_indicators,devm_clk_get_prepared,.binddrift/worktrees/v6.17/include/linux/clk.h,986,"{""c_symbol"": ""devm_clk_get_prepared"", ""confidence"": 0.7, ""evidence_file"": "".binddrift/worktrees/v6.17/include/linux/clk.h"", ""evidence_line"": 986, ""evidence_text"": ""return NULL;"", ""indicator_type"": ""NULL_RETURN"", ""version_id"": ""v6.17""}",,,,
c_behavior_indicators-036,c_behavior_indicators,clk_get,.binddrift/worktrees/v6.19/include/linux/clk.h,957,"{""c_symbol"": ""clk_get"", ""confidence"": 0.7, ""evidence_file"": "".binddrift/worktrees/v6.19/include/linux/clk.h"", ""evidence_line"": 957, ""evidence_text"": ""return NULL;"", ""indicator_type"": ""NULL_RETURN"", ""version_id"": ""v6.19""}",,,,
c_behavior_indicators-037,c_behavior_indicators,cpufreq_boost_set_sw,.binddrift/worktrees/v6.17/include/linux/cpufreq.h,1201,"{""c_symbol"": ""cpufreq_boost_set_sw"", ""confidence"": 0.7, ""evidence_file"": "".binddrift/worktrees/v6.17/include/linux/cpufreq.h"", ""evidence_line"": 1201, ""evidence_text"": ""return -EOPNOTSUPP;"", ""indicator_type"": ""ERROR_CODE"", ""version_id"": ""v6.17""}",,,,
c_behavior_indicators-038,c_behavior_indicators,of_regulator_get_optional,.binddrift/worktrees/HEAD_9207d47f966b/include/linux/regulator/consumer.h,699,"{""c_symbol"": ""of_regulator_get_optional"", ""confidence"": 0.7, ""evidence_file"": "".binddrift/worktrees/HEAD_9207d47f966b/include/linux/regulator/consumer.h"", ""evidence_line"": 699, ""evidence_text"": ""return ERR_PTR(-ENODEV);"", ""indicator_type"": ""ERR_PTR_RETURN"", ""version_id"": ""HEAD_9207d47f966b""}",,,,
c_behavior_indicators-039,c_behavior_indicators,blk_validate_block_size,.binddrift/worktrees/v6.19/include/linux/blkdev.h,290,"{""c_symbol"": ""blk_validate_block_size"", ""confidence"": 0.7, ""evidence_file"": "".binddrift/worktrees/v6.19/include/linux/blkdev.h"", ""evidence_line"": 290, ""evidence_text"": ""return -EINVAL;"", ""indicator_type"": ""ERROR_CODE"", ""version_id"": ""v6.19""}",,,,
c_behavior_indicators-040,c_behavior_indicators,get_cred_rcu,.binddrift/worktrees/v6.19/include/linux/cred.h,242,"{""c_symbol"": ""get_cred_rcu"", ""confidence"": 0.7, ""evidence_file"": "".binddrift/worktrees/v6.19/include/linux/cred.h"", ""evidence_line"": 242, ""evidence_text"": ""return NULL;"", ""indicator_type"": ""NULL_RETURN"", ""version_id"": ""v6.19""}",,,,
c_behavior_indicators-041,c_behavior_indicators,devm_clk_put,.binddrift/worktrees/v6.18/include/linux/clk.h,1057,"{""c_symbol"": ""devm_clk_put"", ""confidence"": 0.7, ""evidence_file"": "".binddrift/worktrees/v6.18/include/linux/clk.h"", ""evidence_line"": 1057, ""evidence_text"": ""static inline void devm_clk_put(struct device *dev, struct clk *clk) {}"", ""indicator_type"": ""REFCOUNT_PUT"", ""version_id"": ""v6.18""}",,,,
c_behavior_indicators-042,c_behavior_indicators,devm_clk_get_enabled,.binddrift/worktrees/v6.18/include/linux/clk.h,992,"{""c_symbol"": ""devm_clk_get_enabled"", ""confidence"": 0.7, ""evidence_file"": "".binddrift/worktrees/v6.18/include/linux/clk.h"", ""evidence_line"": 992, ""evidence_text"": ""return NULL;"", ""indicator_type"": ""NULL_RETURN"", ""version_id"": ""v6.18""}",,,,
c_behavior_indicators-043,c_behavior_indicators,folio_put_refs,.binddrift/worktrees/HEAD_9207d47f966b/include/linux/mm.h,2110,"{""c_symbol"": ""folio_put_refs"", ""confidence"": 0.7, ""evidence_file"": "".binddrift/worktrees/HEAD_9207d47f966b/include/linux/mm.h"", ""evidence_line"": 2110, ""evidence_text"": ""__folio_put(folio);"", ""indicator_type"": ""REFCOUNT_PUT"", ""version_id"": ""HEAD_9207d47f966b""}",,,,
c_behavior_indicators-044,c_behavior_indicators,ptlock_init,.binddrift/worktrees/HEAD_9207d47f966b/include/linux/mm.h,3741,"{""c_symbol"": ""ptlock_init"", ""confidence"": 0.7, ""evidence_file"": "".binddrift/worktrees/HEAD_9207d47f966b/include/linux/mm.h"", ""evidence_line"": 3741, ""evidence_text"": ""if (!ptlock_alloc(ptdesc))"", ""indicator_type"": ""ALLOC"", ""version_id"": ""HEAD_9207d47f966b""}",,,,
c_behavior_indicators-045,c_behavior_indicators,pci_enable_ptm,.binddrift/worktrees/v6.16/include/linux/pci.h,1903,"{""c_symbol"": ""pci_enable_ptm"", ""confidence"": 0.7, ""evidence_file"": "".binddrift/worktrees/v6.16/include/linux/pci.h"", ""evidence_line"": 1903, ""evidence_text"": ""{ return -EINVAL; }"", ""indicator_type"": ""ERROR_CODE"", ""version_id"": ""v6.16""}",,,,
c_behavior_indicators-046,c_behavior_indicators,vma_numab_state_free,.binddrift/worktrees/v6.19/include/linux/mm.h,837,"{""c_symbol"": ""vma_numab_state_free"", ""confidence"": 0.7, ""evidence_file"": "".binddrift/worktrees/v6.19/include/linux/mm.h"", ""evidence_line"": 837, ""evidence_text"": ""static inline void vma_numab_state_free(struct vm_area_struct *vma) {}"", ""indicator_type"": ""FREE"", ""version_id"": ""v6.19""}",,,,
c_behavior_indicators-047,c_behavior_indicators,cpufreq_cpu_policy,.binddrift/worktrees/v7.0/include/linux/cpufreq.h,216,"{""c_symbol"": ""cpufreq_cpu_policy"", ""confidence"": 0.7, ""evidence_file"": "".binddrift/worktrees/v7.0/include/linux/cpufreq.h"", ""evidence_line"": 216, ""evidence_text"": ""return NULL;"", ""indicator_type"": ""NULL_RETURN"", ""version_id"": ""v7.0""}",,,,
c_behavior_indicators-048,c_behavior_indicators,subsys_put,.binddrift/worktrees/v7.0/drivers/base/base.h,73,"{""c_symbol"": ""subsys_put"", ""confidence"": 0.7, ""evidence_file"": "".binddrift/worktrees/v7.0/drivers/base/base.h"", ""evidence_line"": 73, ""evidence_text"": ""kset_put(&sp->subsys);"", ""indicator_type"": ""REFCOUNT_PUT"", ""version_id"": ""v7.0""}",,,,
c_behavior_indicators-049,c_behavior_indicators,config_group_put,.binddrift/worktrees/v6.18/include/linux/configfs.h,102,"{""c_symbol"": ""config_group_put"", ""confidence"": 0.7, ""evidence_file"": "".binddrift/worktrees/v6.18/include/linux/configfs.h"", ""evidence_line"": 102, ""evidence_text"": ""config_item_put(&group->cg_item);"", ""indicator_type"": ""REFCOUNT_PUT"", ""version_id"": ""v6.18""}",,,,
c_behavior_indicators-050,c_behavior_indicators,dev_pm_opp_set_rate,.binddrift/worktrees/v6.19/include/linux/pm_opp.h,464,"{""c_symbol"": ""dev_pm_opp_set_rate"", ""confidence"": 0.7, ""evidence_file"": "".binddrift/worktrees/v6.19/include/linux/pm_opp.h"", ""evidence_line"": 464, ""evidence_text"": ""return -EOPNOTSUPP;"", ""indicator_type"": ""ERROR_CODE"", ""version_id"": ""v6.19""}",,,,
c_behavior_indicators-051,c_behavior_indicators,dmam_alloc_coherent,.binddrift/worktrees/v6.18/include/linux/dma-mapping.h,709,"{""c_symbol"": ""dmam_alloc_coherent"", ""confidence"": 0.7, ""evidence_file"": "".binddrift/worktrees/v6.18/include/linux/dma-mapping.h"", ""evidence_line"": 709, ""evidence_text"": ""return dmam_alloc_attrs(dev, size, dma_handle, gfp,"", ""indicator_type"": ""ALLOC"", ""version_id"": ""v6.18""}",,,,
c_behavior_indicators-052,c_behavior_indicators,rust_helper_clk_get,.binddrift/worktrees/v6.17/rust/helpers/clk.c,12,"{""c_symbol"": ""rust_helper_clk_get"", ""confidence"": 0.7, ""evidence_file"": "".binddrift/worktrees/v6.17/rust/helpers/clk.c"", ""evidence_line"": 12, ""evidence_text"": ""return clk_get(dev, id);"", ""indicator_type"": ""REFCOUNT_GET"", ""version_id"": ""v6.17""}",,,,
c_behavior_indicators-053,c_behavior_indicators,pci_get_device,.binddrift/worktrees/v6.17/include/linux/pci.h,2042,"{""c_symbol"": ""pci_get_device"", ""confidence"": 0.7, ""evidence_file"": "".binddrift/worktrees/v6.17/include/linux/pci.h"", ""evidence_line"": 2042, ""evidence_text"": ""{ return NULL; }"", ""indicator_type"": ""NULL_RETURN"", ""version_id"": ""v6.17""}",,,,
c_behavior_indicators-054,c_behavior_indicators,dev_pm_opp_get_supplies,.binddrift/worktrees/v6.17/include/linux/pm_opp.h,231,"{""c_symbol"": ""dev_pm_opp_get_supplies"", ""confidence"": 0.7, ""evidence_file"": "".binddrift/worktrees/v6.17/include/linux/pm_opp.h"", ""evidence_line"": 231, ""evidence_text"": ""return -EOPNOTSUPP;"", ""indicator_type"": ""ERROR_CODE"", ""version_id"": ""v6.17""}",,,,
c_behavior_indicators-055,c_behavior_indicators,cpufreq_cpu_get,.binddrift/worktrees/v6.19/include/linux/cpufreq.h,215,"{""c_symbol"": ""cpufreq_cpu_get"", ""confidence"": 0.7, ""evidence_file"": "".binddrift/worktrees/v6.19/include/linux/cpufreq.h"", ""evidence_line"": 215, ""evidence_text"": ""return NULL;"", ""indicator_type"": ""NULL_RETURN"", ""version_id"": ""v6.19""}",,,,
c_behavior_indicators-056,c_behavior_indicators,debugfs_create_automount,.binddrift/worktrees/HEAD_9207d47f966b/include/linux/debugfs.h,316,"{""c_symbol"": ""debugfs_create_automount"", ""confidence"": 0.7, ""evidence_file"": "".binddrift/worktrees/HEAD_9207d47f966b/include/linux/debugfs.h"", ""evidence_line"": 316, ""evidence_text"": ""return ERR_PTR(-ENODEV);"", ""indicator_type"": ""ERR_PTR_RETURN"", ""version_id"": ""HEAD_9207d47f966b""}",,,,
c_behavior_indicators-057,c_behavior_indicators,debugfs_attr_write_signed,.binddrift/worktrees/HEAD_9207d47f966b/include/linux/debugfs.h,356,"{""c_symbol"": ""debugfs_attr_write_signed"", ""confidence"": 0.7, ""evidence_file"": "".binddrift/worktrees/HEAD_9207d47f966b/include/linux/debugfs.h"", ""evidence_line"": 356, ""evidence_text"": ""return -ENODEV;"", ""indicator_type"": ""ERROR_CODE"", ""version_id"": ""HEAD_9207d47f966b""}",,,,
c_behavior_indicators-058,c_behavior_indicators,of_clk_get,.binddrift/worktrees/v6.18/include/linux/clk.h,1222,"{""c_symbol"": ""of_clk_get"", ""confidence"": 0.7, ""evidence_file"": "".binddrift/worktrees/v6.18/include/linux/clk.h"", ""evidence_line"": 1222, ""evidence_text"": ""return ERR_PTR(-ENOENT);"", ""indicator_type"": ""ERR_PTR_RETURN"", ""version_id"": ""v6.18""}",,,,
c_behavior_indicators-059,c_behavior_indicators,pci_find_next_bus,.binddrift/worktrees/v6.19/include/linux/pci.h,2167,"{""c_symbol"": ""pci_find_next_bus"", ""confidence"": 0.7, ""evidence_file"": "".binddrift/worktrees/v6.19/include/linux/pci.h"", ""evidence_line"": 2167, ""evidence_text"": ""{ return NULL; }"", ""indicator_type"": ""NULL_RETURN"", ""version_id"": ""v6.19""}",,,,
c_behavior_indicators-060,c_behavior_indicators,pci_alloc_irq_vectors_affinity,.binddrift/worktrees/HEAD_9207d47f966b/include/linux/pci.h,2235,"{""c_symbol"": ""pci_alloc_irq_vectors_affinity"", ""confidence"": 0.7, ""evidence_file"": "".binddrift/worktrees/HEAD_9207d47f966b/include/linux/pci.h"", ""evidence_line"": 2235, ""evidence_text"": ""return -ENOSPC;"", ""indicator_type"": ""ERROR_CODE"", ""version_id"": ""HEAD_9207d47f966b""}",,,,
c_behavior_indicators-061,c_behavior_indicators,pagetable_alloc_noprof,.binddrift/worktrees/v6.18/include/linux/mm.h,2987,"{""c_symbol"": ""pagetable_alloc_noprof"", ""confidence"": 0.7, ""evidence_file"": "".binddrift/worktrees/v6.18/include/linux/mm.h"", ""evidence_line"": 2987, ""evidence_text"": ""struct page *page = alloc_pages_noprof(gfp | __GFP_COMP, order);"", ""indicator_type"": ""ALLOC"", ""version_id"": ""v6.18""}",,,,
c_behavior_indicators-062,c_behavior_indicators,kunit_kmalloc,.binddrift/worktrees/v7.0/include/kunit/test.h,501,"{""c_symbol"": ""kunit_kmalloc"", ""confidence"": 0.7, ""evidence_file"": "".binddrift/worktrees/v7.0/include/kunit/test.h"", ""evidence_line"": 501, ""evidence_text"": ""return kunit_kmalloc_array(test, 1, size, gfp);"", ""indicator_type"": ""ALLOC"", ""version_id"": ""v7.0""}",,,,
c_behavior_indicators-063,c_behavior_indicators,pci_get_device_reverse,.binddrift/worktrees/v6.19/include/linux/pci.h,2090,"{""c_symbol"": ""pci_get_device_reverse"", ""confidence"": 0.7, ""evidence_file"": "".binddrift/worktrees/v6.19/include/linux/pci.h"", ""evidence_line"": 2090, ""evidence_text"": ""{ return NULL; }"", ""indicator_type"": ""NULL_RETURN"", ""version_id"": ""v6.19""}",,,,
c_behavior_indicators-064,c_behavior_indicators,rust_helper_regulator_get,.binddrift/worktrees/v7.0/rust/helpers/regulator.c,26,"{""c_symbol"": ""rust_helper_regulator_get"", ""confidence"": 0.7, ""evidence_file"": "".binddrift/worktrees/v7.0/rust/helpers/regulator.c"", ""evidence_line"": 26, ""evidence_text"": ""return regulator_get(dev, id);"", ""indicator_type"": ""REFCOUNT_GET"", ""version_id"": ""v7.0""}",,,,
c_behavior_indicators-065,c_behavior_indicators,pcibios_err_to_errno,.binddrift/worktrees/v6.15/include/linux/pci.h,790,"{""c_symbol"": ""pcibios_err_to_errno"", ""confidence"": 0.7, ""evidence_file"": "".binddrift/worktrees/v6.15/include/linux/pci.h"", ""evidence_line"": 790, ""evidence_text"": ""return -ENOTTY;"", ""indicator_type"": ""ERROR_CODE"", ""version_id"": ""v6.15""}",,,,
c_behavior_indicators-066,c_behavior_indicators,xa_alloc_bh,.binddrift/worktrees/HEAD_9207d47f966b/include/linux/xarray.h,909,"{""c_symbol"": ""xa_alloc_bh"", ""confidence"": 0.7, ""evidence_file"": "".binddrift/worktrees/HEAD_9207d47f966b/include/linux/xarray.h"", ""evidence_line"": 909, ""evidence_text"": ""might_alloc(gfp);"", ""indicator_type"": ""ALLOC"", ""version_id"": ""HEAD_9207d47f966b""}",,,,
c_behavior_indicators-067,c_behavior_indicators,rust_helper_rcu_read_lock,.binddrift/worktrees/v6.15/rust/helpers/rcu.c,7,"{""c_symbol"": ""rust_helper_rcu_read_lock"", ""confidence"": 0.7, ""evidence_file"": "".binddrift/worktrees/v6.15/rust/helpers/rcu.c"", ""evidence_line"": 7, ""evidence_text"": ""rcu_read_lock();"", ""indicator_type"": ""ATOMIC_CONTEXT"", ""version_id"": ""v6.15""}",,,,
c_behavior_indicators-068,c_behavior_indicators,usb_translate_errors,.binddrift/worktrees/v6.19/include/linux/usb.h,2076,"{""c_symbol"": ""usb_translate_errors"", ""confidence"": 0.7, ""evidence_file"": "".binddrift/worktrees/v6.19/include/linux/usb.h"", ""evidence_line"": 2076, ""evidence_text"": ""return -EIO;"", ""indicator_type"": ""ERROR_CODE"", ""version_id"": ""v6.19""}",,,,
c_behavior_indicators-069,c_behavior_indicators,clk_set_duty_cycle,.binddrift/worktrees/v6.18/include/linux/clk.h,270,"{""c_symbol"": ""clk_set_duty_cycle"", ""confidence"": 0.7, ""evidence_file"": "".binddrift/worktrees/v6.18/include/linux/clk.h"", ""evidence_line"": 270, ""evidence_text"": ""return -ENOTSUPP;"", ""indicator_type"": ""ERROR_CODE"", ""version_id"": ""v6.18""}",,,,
c_behavior_indicators-070,c_behavior_indicators,kiocb_set_rw_flags,.binddrift/worktrees/HEAD_9207d47f966b/include/linux/fs.h,3431,"{""c_symbol"": ""kiocb_set_rw_flags"", ""confidence"": 0.7, ""evidence_file"": "".binddrift/worktrees/HEAD_9207d47f966b/include/linux/fs.h"", ""evidence_line"": 3431, ""evidence_text"": ""return -EINVAL;"", ""indicator_type"": ""ERROR_CODE"", ""version_id"": ""HEAD_9207d47f966b""}",,,,
c_behavior_indicators-071,c_behavior_indicators,pwm_adjust_config,.binddrift/worktrees/HEAD_9207d47f966b/include/linux/pwm.h,538,"{""c_symbol"": ""pwm_adjust_config"", ""confidence"": 0.7, ""evidence_file"": "".binddrift/worktrees/HEAD_9207d47f966b/include/linux/pwm.h"", ""evidence_line"": 538, ""evidence_text"": ""return -EOPNOTSUPP;"", ""indicator_type"": ""ERROR_CODE"", ""version_id"": ""HEAD_9207d47f966b""}",,,,
c_behavior_indicators-072,c_behavior_indicators,__kmalloc_index,.binddrift/worktrees/v6.2/include/linux/slab.h,452,"{""c_symbol"": ""__kmalloc_index"", ""confidence"": 0.7, ""evidence_file"": "".binddrift/worktrees/v6.2/include/linux/slab.h"", ""evidence_line"": 452, ""evidence_text"": ""BUILD_BUG_ON_MSG(1, \""unexpected size in kmalloc_index()\"");"", ""indicator_type"": ""ALLOC"", ""version_id"": ""v6.2""}",,,,
c_behavior_indicators-073,c_behavior_indicators,vma_iter_free,.binddrift/worktrees/HEAD_9207d47f966b/include/linux/mm.h,1625,"{""c_symbol"": ""vma_iter_free"", ""confidence"": 0.7, ""evidence_file"": "".binddrift/worktrees/HEAD_9207d47f966b/include/linux/mm.h"", ""evidence_line"": 1625, ""evidence_text"": ""mas_destroy(&vmi->mas);"", ""indicator_type"": ""FREE"", ""version_id"": ""HEAD_9207d47f966b""}",,,,
c_behavior_indicators-074,c_behavior_indicators,pwm_disable,.binddrift/worktrees/HEAD_9207d47f966b/include/linux/pwm.h,556,"{""c_symbol"": ""pwm_disable"", ""confidence"": 0.7, ""evidence_file"": "".binddrift/worktrees/HEAD_9207d47f966b/include/linux/pwm.h"", ""evidence_line"": 556, ""evidence_text"": ""might_sleep();"", ""indicator_type"": ""MAY_SLEEP"", ""version_id"": ""HEAD_9207d47f966b""}",,,,
c_behavior_indicators-075,c_behavior_indicators,bitmap_find_free_region,.binddrift/worktrees/v6.19/include/linux/bitmap.h,717,"{""c_symbol"": ""bitmap_find_free_region"", ""confidence"": 0.7, ""evidence_file"": "".binddrift/worktrees/v6.19/include/linux/bitmap.h"", ""evidence_line"": 717, ""evidence_text"": ""if (!bitmap_allocate_region(bitmap, pos, order))"", ""indicator_type"": ""ALLOC"", ""version_id"": ""v6.19""}",,,,
c_behavior_indicators-076,c_behavior_indicators,kiocb_set_rw_flags,.binddrift/worktrees/v7.0/include/linux/fs.h,3437,"{""c_symbol"": ""kiocb_set_rw_flags"", ""confidence"": 0.7, ""evidence_file"": "".binddrift/worktrees/v7.0/include/linux/fs.h"", ""evidence_line"": 3437, ""evidence_text"": ""return -EOPNOTSUPP;"", ""indicator_type"": ""ERROR_CODE"", ""version_id"": ""v7.0""}",,,,
c_behavior_indicators-077,c_behavior_indicators,rust_helper_dma_alloc_attrs,.binddrift/worktrees/v6.15/rust/helpers/dma.c,9,"{""c_symbol"": ""rust_helper_dma_alloc_attrs"", ""confidence"": 0.7, ""evidence_file"": "".binddrift/worktrees/v6.15/rust/helpers/dma.c"", ""evidence_line"": 9, ""evidence_text"": ""return dma_alloc_attrs(dev, size, dma_handle, flag, attrs);"", ""indicator_type"": ""ALLOC"", ""version_id"": ""v6.15""}",,,,
c_behavior_indicators-078,c_behavior_indicators,rust_helper_IS_ERR,.binddrift/worktrees/HEAD_9207d47f966b/rust/helpers/err.c,12,"{""c_symbol"": ""rust_helper_IS_ERR"", ""confidence"": 0.7, ""evidence_file"": "".binddrift/worktrees/HEAD_9207d47f966b/rust/helpers/err.c"", ""evidence_line"": 12, ""evidence_text"": ""return IS_ERR(ptr);"", ""indicator_type"": ""IS_ERR_CHECK"", ""version_id"": ""HEAD_9207d47f966b""}",,,,
c_behavior_indicators-079,c_behavior_indicators,dev_pm_opp_put,.binddrift/worktrees/HEAD_9207d47f966b/include/linux/pm_opp.h,388,"{""c_symbol"": ""dev_pm_opp_put"", ""confidence"": 0.7, ""evidence_file"": "".binddrift/worktrees/HEAD_9207d47f966b/include/linux/pm_opp.h"", ""evidence_line"": 388, ""evidence_text"": ""static inline void dev_pm_opp_put(struct dev_pm_opp *opp) {}"", ""indicator_type"": ""REFCOUNT_PUT"", ""version_id"": ""HEAD_9207d47f966b""}",,,,
c_behavior_indicators-080,c_behavior_indicators,devtmpfs_create_node,.binddrift/worktrees/v6.19/drivers/base/base.h,286,"{""c_symbol"": ""devtmpfs_create_node"", ""confidence"": 0.7, ""evidence_file"": "".binddrift/worktrees/v6.19/drivers/base/base.h"", ""evidence_line"": 286, ""evidence_text"": ""static inline int devtmpfs_create_node(struct device *dev) { return 0; }"", ""indicator_type"": ""ALLOC"", ""version_id"": ""v6.19""}",,,,
c_behavior_indicators-081,c_behavior_indicators,clk_set_phase,.binddrift/worktrees/v6.19/include/linux/clk.h,259,"{""c_symbol"": ""clk_set_phase"", ""confidence"": 0.7, ""evidence_file"": "".binddrift/worktrees/v6.19/include/linux/clk.h"", ""evidence_line"": 259, ""evidence_text"": ""return -ENOTSUPP;"", ""indicator_type"": ""ERROR_CODE"", ""version_id"": ""v6.19""}",,,,
c_behavior_indicators-082,c_behavior_indicators,security_socket_getpeersec_dgram,.binddrift/worktrees/v6.18/include/linux/security.h,1816,"{""c_symbol"": ""security_socket_getpeersec_dgram"", ""confidence"": 0.7, ""evidence_file"": "".binddrift/worktrees/v6.18/include/linux/security.h"", ""evidence_line"": 1816, ""evidence_text"": ""return -ENOPROTOOPT;"", ""indicator_type"": ""ERROR_CODE"", ""version_id"": ""v6.18""}",,,,
c_behavior_indicators-083,c_behavior_indicators,devm_clk_get_optional_enabled,.binddrift/worktrees/v6.18/include/linux/clk.h,1010,"{""c_symbol"": ""devm_clk_get_optional_enabled"", ""confidence"": 0.7, ""evidence_file"": "".binddrift/worktrees/v6.18/include/linux/clk.h"", ""evidence_line"": 1010, ""evidence_text"": ""return NULL;"", ""indicator_type"": ""NULL_RETURN"", ""version_id"": ""v6.18""}",,,,
c_behavior_indicators-084,c_behavior_indicators,acpi_dev_uid_to_integer,.binddrift/worktrees/v6.19/include/linux/acpi.h,822,"{""c_symbol"": ""acpi_dev_uid_to_integer"", ""confidence"": 0.7, ""evidence_file"": "".binddrift/worktrees/v6.19/include/linux/acpi.h"", ""evidence_line"": 822, ""evidence_text"": ""return -ENODEV;"", ""indicator_type"": ""ERROR_CODE"", ""version_id"": ""v6.19""}",,,,
c_behavior_indicators-085,c_behavior_indicators,pci_find_next_bus,.binddrift/worktrees/HEAD_9207d47f966b/include/linux/pci.h,2197,"{""c_symbol"": ""pci_find_next_bus"", ""confidence"": 0.7, ""evidence_file"": "".binddrift/worktrees/HEAD_9207d47f966b/include/linux/pci.h"", ""evidence_line"": 2197, ""evidence_text"": ""{ return NULL; }"", ""indicator_type"": ""NULL_RETURN"", ""version_id"": ""HEAD_9207d47f966b""}",,,,
c_behavior_indicators-086,c_behavior_indicators,pci_get_device,.binddrift/worktrees/HEAD_9207d47f966b/include/linux/pci.h,2116,"{""c_symbol"": ""pci_get_device"", ""confidence"": 0.7, ""evidence_file"": "".binddrift/worktrees/HEAD_9207d47f966b/include/linux/pci.h"", ""evidence_line"": 2116, ""evidence_text"": ""{ return NULL; }"", ""indicator_type"": ""NULL_RETURN"", ""version_id"": ""HEAD_9207d47f966b""}",,,,
c_behavior_indicators-087,c_behavior_indicators,dma_get_sgtable_attrs,.binddrift/worktrees/v6.18/include/linux/dma-mapping.h,260,"{""c_symbol"": ""dma_get_sgtable_attrs"", ""confidence"": 0.7, ""evidence_file"": "".binddrift/worktrees/v6.18/include/linux/dma-mapping.h"", ""evidence_line"": 260, ""evidence_text"": ""return -ENXIO;"", ""indicator_type"": ""ERROR_CODE"", ""version_id"": ""v6.18""}",,,,
c_behavior_indicators-088,c_behavior_indicators,errname,.binddrift/worktrees/HEAD_9207d47f966b/include/linux/errname.h,12,"{""c_symbol"": ""errname"", ""confidence"": 0.7, ""evidence_file"": "".binddrift/worktrees/HEAD_9207d47f966b/include/linux/errname.h"", ""evidence_line"": 12, ""evidence_text"": ""return NULL;"", ""indicator_type"": ""NULL_RETURN"", ""version_id"": ""HEAD_9207d47f966b""}",,,,
c_behavior_indicators-089,c_behavior_indicators,regulator_get,.binddrift/worktrees/v6.17/include/linux/regulator/consumer.h,305,"{""c_symbol"": ""regulator_get"", ""confidence"": 0.7, ""evidence_file"": "".binddrift/worktrees/v6.17/include/linux/regulator/consumer.h"", ""evidence_line"": 305, ""evidence_text"": ""return NULL;"", ""indicator_type"": ""NULL_RETURN"", ""version_id"": ""v6.17""}",,,,
c_behavior_indicators-090,c_behavior_indicators,pci_get_base_class,.binddrift/worktrees/v6.16/include/linux/pci.h,2036,"{""c_symbol"": ""pci_get_base_class"", ""confidence"": 0.7, ""evidence_file"": "".binddrift/worktrees/v6.16/include/linux/pci.h"", ""evidence_line"": 2036, ""evidence_text"": ""{ return NULL; }"", ""indicator_type"": ""NULL_RETURN"", ""version_id"": ""v6.16""}",,,,
c_behavior_indicators-091,c_behavior_indicators,firmware_request_nowarn,.binddrift/worktrees/v6.11/include/linux/firmware.h,142,"{""c_symbol"": ""firmware_request_nowarn"", ""confidence"": 0.7, ""evidence_file"": "".binddrift/worktrees/v6.11/include/linux/firmware.h"", ""evidence_line"": 142, ""evidence_text"": ""return -EINVAL;"", ""indicator_type"": ""ERROR_CODE"", ""version_id"": ""v6.11""}",,,,
c_behavior_indicators-092,c_behavior_indicators,firmware_request_nowarn,.binddrift/worktrees/v6.16/include/linux/firmware.h,142,"{""c_symbol"": ""firmware_request_nowarn"", ""confidence"": 0.7, ""evidence_file"": "".binddrift/worktrees/v6.16/include/linux/firmware.h"", ""evidence_line"": 142, ""evidence_text"": ""return -EINVAL;"", ""indicator_type"": ""ERROR_CODE"", ""version_id"": ""v6.16""}",,,,
c_behavior_indicators-093,c_behavior_indicators,debugfs_create_xul,.binddrift/worktrees/v7.0/include/linux/debugfs.h,491,"{""c_symbol"": ""debugfs_create_xul"", ""confidence"": 0.7, ""evidence_file"": "".binddrift/worktrees/v7.0/include/linux/debugfs.h"", ""evidence_line"": 491, ""evidence_text"": ""debugfs_create_x32(name, mode, parent, (u32 *)value);"", ""indicator_type"": ""ALLOC"", ""version_id"": ""v7.0""}",,,,
c_behavior_indicators-094,c_behavior_indicators,dev_pm_opp_add_dynamic,.binddrift/worktrees/v6.19/include/linux/pm_opp.h,393,"{""c_symbol"": ""dev_pm_opp_add_dynamic"", ""confidence"": 0.7, ""evidence_file"": "".binddrift/worktrees/v6.19/include/linux/pm_opp.h"", ""evidence_line"": 393, ""evidence_text"": ""return -EOPNOTSUPP;"", ""indicator_type"": ""ERROR_CODE"", ""version_id"": ""v6.19""}",,,,
c_behavior_indicators-095,c_behavior_indicators,regulator_sync_voltage,.binddrift/worktrees/HEAD_9207d47f966b/include/linux/regulator/consumer.h,509,"{""c_symbol"": ""regulator_sync_voltage"", ""confidence"": 0.7, ""evidence_file"": "".binddrift/worktrees/HEAD_9207d47f966b/include/linux/regulator/consumer.h"", ""evidence_line"": 509, ""evidence_text"": ""return -EINVAL;"", ""indicator_type"": ""ERROR_CODE"", ""version_id"": ""HEAD_9207d47f966b""}",,,,
c_behavior_indicators-096,c_behavior_indicators,pci_msix_vec_count,.binddrift/worktrees/v7.0/include/linux/pci.h,1779,"{""c_symbol"": ""pci_msix_vec_count"", ""confidence"": 0.7, ""evidence_file"": "".binddrift/worktrees/v7.0/include/linux/pci.h"", ""evidence_line"": 1779, ""evidence_text"": ""static inline int pci_msix_vec_count(struct pci_dev *dev) { return -ENOSYS; }"", ""indicator_type"": ""ERROR_CODE"", ""version_id"": ""v7.0""}",,,,
c_behavior_indicators-097,c_behavior_indicators,security_inode_copy_up_xattr,.binddrift/worktrees/v6.16/include/linux/security.h,1110,"{""c_symbol"": ""security_inode_copy_up_xattr"", ""confidence"": 0.7, ""evidence_file"": "".binddrift/worktrees/v6.16/include/linux/security.h"", ""evidence_line"": 1110, ""evidence_text"": ""return -EOPNOTSUPP;"", ""indicator_type"": ""ERROR_CODE"", ""version_id"": ""v6.16""}",,,,
c_behavior_indicators-098,c_behavior_indicators,clk_get_sys,.binddrift/worktrees/HEAD_9207d47f966b/include/linux/clk.h,1159,"{""c_symbol"": ""clk_get_sys"", ""confidence"": 0.7, ""evidence_file"": "".binddrift/worktrees/HEAD_9207d47f966b/include/linux/clk.h"", ""evidence_line"": 1159, ""evidence_text"": ""return NULL;"", ""indicator_type"": ""NULL_RETURN"", ""version_id"": ""HEAD_9207d47f966b""}",,,,
c_behavior_indicators-099,c_behavior_indicators,devm_fwnode_pwm_get,.binddrift/worktrees/v6.19/include/linux/pwm.h,616,"{""c_symbol"": ""devm_fwnode_pwm_get"", ""confidence"": 0.7, ""evidence_file"": "".binddrift/worktrees/v6.19/include/linux/pwm.h"", ""evidence_line"": 616, ""evidence_text"": ""return ERR_PTR(-ENODEV);"", ""indicator_type"": ""ERR_PTR_RETURN"", ""version_id"": ""v6.19""}",,,,
c_behavior_indicators-100,c_behavior_indicators,sched_core_free,.binddrift/worktrees/v6.11/include/linux/sched.h,2161,"{""c_symbol"": ""sched_core_free"", ""confidence"": 0.7, ""evidence_file"": "".binddrift/worktrees/v6.11/include/linux/sched.h"", ""evidence_line"": 2161, ""evidence_text"": ""static inline void sched_core_free(struct task_struct *tsk) { }"", ""indicator_type"": ""FREE"", ""version_id"": ""v6.11""}",,,,
rust_error_mappings-001,rust_error_mappings,ERR_PTR_MAPPING,.binddrift/worktrees/v6.19/rust/kernel/clk.rs,313,"{""line"": 313, ""mapping_type"": ""ERR_PTR_MAPPING"", ""nearby_api"": ""OptionalClk::get"", ""nearby_binding_symbol"": ""clk_get_optional"", ""rust_file"": "".binddrift/worktrees/v6.19/rust/kernel/clk.rs"", ""text"": ""Ok(Self(Clk(from_err_ptr(unsafe {"", ""version_id"": ""v6.19""}",,,,
rust_error_mappings-002,rust_error_mappings,RESULT_RETURN,.binddrift/worktrees/v6.19/rust/kernel/uaccess.rs,467,"{""line"": 467, ""mapping_type"": ""RESULT_RETURN"", ""nearby_api"": ""UserSliceWriter::write_slice"", ""nearby_binding_symbol"": null, ""rust_file"": "".binddrift/worktrees/v6.19/rust/kernel/uaccess.rs"", ""text"": ""pub fn write_slice(&mut self, data: &[u8]) -> Result {"", ""version_id"": ""v6.19""}",,,,
rust_error_mappings-003,rust_error_mappings,OPTION_RETURN,.binddrift/worktrees/v6.16/rust/kernel/device.rs,72,"{""line"": 72, ""mapping_type"": ""OPTION_RETURN"", ""nearby_api"": ""Device<Ctx>::parent"", ""nearby_binding_symbol"": null, ""rust_file"": "".binddrift/worktrees/v6.16/rust/kernel/device.rs"", ""text"": ""pub(crate) fn parent(&self) -> Option<&Self> {"", ""version_id"": ""v6.16""}",,,,
rust_error_mappings-004,rust_error_mappings,RESULT_RETURN,.binddrift/worktrees/v7.0/rust/kernel/security.rs,43,"{""line"": 43, ""mapping_type"": ""RESULT_RETURN"", ""nearby_api"": ""binder_transfer_file"", ""nearby_binding_symbol"": ""security_binder_transfer_file"", ""rust_file"": "".binddrift/worktrees/v7.0/rust/kernel/security.rs"", ""text"": ""pub fn binder_transfer_file(from: &Credential, to: &Credential, file: &File) -> Result {"", ""version_id"": ""v7.0""}",,,,
rust_error_mappings-005,rust_error_mappings,OPTION_RETURN,.binddrift/worktrees/v7.0/rust/kernel/list.rs,553,"{""line"": 553, ""mapping_type"": ""OPTION_RETURN"", ""nearby_api"": ""List<T, ID>::pop_back"", ""nearby_binding_symbol"": null, ""rust_file"": "".binddrift/worktrees/v7.0/rust/kernel/list.rs"", ""text"": ""pub fn pop_back(&mut self) -> Option<ListArc<T, ID>> {"", ""version_id"": ""v7.0""}",,,,
rust_error_mappings-006,rust_error_mappings,RESULT_RETURN,.binddrift/worktrees/v6.11/rust/kernel/firmware.rs,81,"{""line"": 81, ""mapping_type"": ""RESULT_RETURN"", ""nearby_api"": ""Firmware::request_nowarn"", ""nearby_binding_symbol"": ""firmware"", ""rust_file"": "".binddrift/worktrees/v6.11/rust/kernel/firmware.rs"", ""text"": ""pub fn request_nowarn(name: &CStr, dev: &Device) -> Result<Self> {"", ""version_id"": ""v6.11""}",,,,
rust_error_mappings-007,rust_error_mappings,RESULT_RETURN,.binddrift/worktrees/v6.14/rust/kernel/str.rs,355,"{""line"": 355, ""mapping_type"": ""RESULT_RETURN"", ""nearby_api"": ""CStr::to_ascii_lowercase"", ""nearby_binding_symbol"": null, ""rust_file"": "".binddrift/worktrees/v6.14/rust/kernel/str.rs"", ""text"": ""pub fn to_ascii_lowercase(&self) -> Result<CString, AllocError> {"", ""version_id"": ""v6.14""}",,,,
rust_error_mappings-008,rust_error_mappings,PTR_ERR_MAPPING,.binddrift/worktrees/v6.15/rust/kernel/error.rs,414,"{""line"": 414, ""mapping_type"": ""PTR_ERR_MAPPING"", ""nearby_api"": ""to_result"", ""nearby_binding_symbol"": ""PTR_ERR"", ""rust_file"": "".binddrift/worktrees/v6.15/rust/kernel/error.rs"", ""text"": ""let err = unsafe { bindings::PTR_ERR(const_ptr) };"", ""version_id"": ""v6.15""}",,,,
rust_error_mappings-009,rust_error_mappings,TO_RESULT_MAPPING,.binddrift/worktrees/v6.15/rust/kernel/net/phy/reg.rs,122,"{""line"": 122, ""mapping_type"": ""TO_RESULT_MAPPING"", ""nearby_api"": ""write"", ""nearby_binding_symbol"": ""mdiobus_write"", ""rust_file"": "".binddrift/worktrees/v6.15/rust/kernel/net/phy/reg.rs"", ""text"": ""to_result(unsafe {"", ""version_id"": ""v6.15""}",,,,
rust_error_mappings-010,rust_error_mappings,NONNULL_MAPPING,.binddrift/worktrees/v6.16/rust/kernel/time/hrtimer/pin_mut.rs,62,"{""line"": 62, ""mapping_type"": ""NONNULL_MAPPING"", ""nearby_api"": ""start"", ""nearby_binding_symbol"": null, ""rust_file"": "".binddrift/worktrees/v6.16/rust/kernel/time/hrtimer/pin_mut.rs"", ""text"": ""let self_ptr = unsafe { NonNull::new_unchecked(self.as_mut().get_unchecked_mut()) };"", ""version_id"": ""v6.16""}",,,,
rust_error_mappings-011,rust_error_mappings,NONNULL_MAPPING,.binddrift/worktrees/v7.0/rust/kernel/rbtree.rs,463,"{""line"": 463, ""mapping_type"": ""NONNULL_MAPPING"", ""nearby_api"": ""RBTree<K, V>::cursor_lower_bound_mut"", ""nearby_binding_symbol"": null, ""rust_file"": "".binddrift/worktrees/v7.0/rust/kernel/rbtree.rs"", ""text"": ""NonNull::new(best.as_ptr()).map(|current| {"", ""version_id"": ""v7.0""}",,,,
rust_error_mappings-012,rust_error_mappings,OPTION_RETURN,.binddrift/worktrees/v6.18/rust/kernel/platform.rs,280,"{""line"": 280, ""mapping_type"": ""OPTION_RETURN"", ""nearby_api"": ""Device<Bound>::io_request_by_name"", ""nearby_binding_symbol"": null, ""rust_file"": "".binddrift/worktrees/v6.18/rust/kernel/platform.rs"", ""text"": ""pub fn io_request_by_name(&self, name: &CStr) -> Option<IoRequest<'_>> {"", ""version_id"": ""v6.18""}",,,,
rust_error_mappings-013,rust_error_mappings,TO_RESULT_MAPPING,.binddrift/worktrees/v6.17/rust/kernel/security.rs,11,"{""line"": 11, ""mapping_type"": ""TO_RESULT_MAPPING"", ""nearby_api"": null, ""nearby_binding_symbol"": null, ""rust_file"": "".binddrift/worktrees/v6.17/rust/kernel/security.rs"", ""text"": ""error::{to_result, Result},"", ""version_id"": ""v6.17""}",,,,
rust_error_mappings-014,rust_error_mappings,OPTION_RETURN,.binddrift/worktrees/v6.17/rust/kernel/rbtree.rs,815,"{""line"": 815, ""mapping_type"": ""OPTION_RETURN"", ""nearby_api"": ""Cursor<'a, K, V>::move_prev"", ""nearby_binding_symbol"": null, ""rust_file"": "".binddrift/worktrees/v6.17/rust/kernel/rbtree.rs"", ""text"": ""pub fn move_prev(self) -> Option<Self> {"", ""version_id"": ""v6.17""}",,,,
rust_error_mappings-015,rust_error_mappings,OPTION_RETURN,.binddrift/worktrees/v6.19/rust/kernel/mm.rs,141,"{""line"": 141, ""mapping_type"": ""OPTION_RETURN"", ""nearby_api"": ""Mm::mmget_not_zero"", ""nearby_binding_symbol"": ""mmget_not_zero"", ""rust_file"": "".binddrift/worktrees/v6.19/rust/kernel/mm.rs"", ""text"": ""pub fn mmget_not_zero(&self) -> Option<ARef<MmWithUser>> {"", ""version_id"": ""v6.19""}",,,,
rust_error_mappings-016,rust_error_mappings,RESULT_RETURN,.binddrift/worktrees/HEAD_9207d47f966b/rust/kernel/clk.rs,144,"{""line"": 144, ""mapping_type"": ""RESULT_RETURN"", ""nearby_api"": ""Clk::get"", ""nearby_binding_symbol"": null, ""rust_file"": "".binddrift/worktrees/HEAD_9207d47f966b/rust/kernel/clk.rs"", ""text"": ""pub fn get(dev: &Device, name: Option<&CStr>) -> Result<Self> {"", ""version_id"": ""HEAD_9207d47f966b""}",,,,
rust_error_mappings-017,rust_error_mappings,OPTION_RETURN,.binddrift/worktrees/v7.0/rust/kernel/rbtree.rs,331,"{""line"": 331, ""mapping_type"": ""OPTION_RETURN"", ""nearby_api"": ""RBTree<K, V>::insert"", ""nearby_binding_symbol"": null, ""rust_file"": "".binddrift/worktrees/v7.0/rust/kernel/rbtree.rs"", ""text"": ""pub fn insert(&mut self, node: RBTreeNode<K, V>) -> Option<RBTreeNode<K, V>> {"", ""version_id"": ""v7.0""}",,,,
rust_error_mappings-018,rust_error_mappings,NONNULL_MAPPING,.binddrift/worktrees/HEAD_9207d47f966b/rust/kernel/fs/kiocb.rs,38,"{""line"": 38, ""mapping_type"": ""NONNULL_MAPPING"", ""nearby_api"": ""Kiocb<'a, T>::from_raw"", ""nearby_binding_symbol"": ""kiocb"", ""rust_file"": "".binddrift/worktrees/HEAD_9207d47f966b/rust/kernel/fs/kiocb.rs"", ""text"": ""inner: unsafe { NonNull::new_unchecked(kiocb) },"", ""version_id"": ""HEAD_9207d47f966b""}",,,,
rust_error_mappings-019,rust_error_mappings,TO_RESULT_MAPPING,.binddrift/worktrees/HEAD_9207d47f966b/rust/kernel/net/phy/reg.rs,221,"{""line"": 221, ""mapping_type"": ""TO_RESULT_MAPPING"", ""nearby_api"": ""read_status"", ""nearby_binding_symbol"": ""genphy_c45_read_status"", ""rust_file"": "".binddrift/worktrees/HEAD_9207d47f966b/rust/kernel/net/phy/reg.rs"", ""text"": ""to_result(ret)?;"", ""version_id"": ""HEAD_9207d47f966b""}",,,,
rust_error_mappings-020,rust_error_mappings,NONNULL_MAPPING,.binddrift/worktrees/v6.19/rust/kernel/xarray.rs,118,"{""line"": 118, ""mapping_type"": ""NONNULL_MAPPING"", ""nearby_api"": ""iter"", ""nearby_binding_symbol"": ""XA_PRESENT"", ""rust_file"": "".binddrift/worktrees/v6.19/rust/kernel/xarray.rs"", ""text"": "".map_while(|ptr| NonNull::new(ptr.cast()))"", ""version_id"": ""v6.19""}",,,,
rust_error_mappings-021,rust_error_mappings,ERR_PTR_MAPPING,.binddrift/worktrees/v7.0/rust/kernel/block/mq/gen_disk.rs,119,"{""line"": 119, ""mapping_type"": ""ERR_PTR_MAPPING"", ""nearby_api"": ""GenDiskBuilder::capacity_sectors"", ""nearby_binding_symbol"": ""__blk_mq_alloc_disk"", ""rust_file"": "".binddrift/worktrees/v7.0/rust/kernel/block/mq/gen_disk.rs"", ""text"": ""let gendisk = from_err_ptr(unsafe {"", ""version_id"": ""v7.0""}",,,,
rust_error_mappings-022,rust_error_mappings,OPTION_RETURN,.binddrift/worktrees/v6.15/rust/kernel/list.rs,864,"{""line"": 864, ""mapping_type"": ""OPTION_RETURN"", ""nearby_api"": ""Cursor<'a, T, ID>::remove_prev"", ""nearby_binding_symbol"": null, ""rust_file"": "".binddrift/worktrees/v6.15/rust/kernel/list.rs"", ""text"": ""pub fn remove_prev(&mut self) -> Option<ListArc<T, ID>> {"", ""version_id"": ""v6.15""}",,,,
rust_error_mappings-023,rust_error_mappings,TO_RESULT_MAPPING,.binddrift/worktrees/v6.17/rust/kernel/opp.rs,44,"{""line"": 44, ""mapping_type"": ""TO_RESULT_MAPPING"", ""nearby_api"": ""FreqTable::new"", ""nearby_binding_symbol"": ""dev_pm_opp_init_cpufreq_table"", ""rust_file"": "".binddrift/worktrees/v6.17/rust/kernel/opp.rs"", ""text"": ""to_result(unsafe {"", ""version_id"": ""v6.17""}",,,,
rust_error_mappings-024,rust_error_mappings,TO_RESULT_MAPPING,.binddrift/worktrees/HEAD_9207d47f966b/rust/kernel/net/phy.rs,240,"{""line"": 240, ""mapping_type"": ""TO_RESULT_MAPPING"", ""nearby_api"": ""Device::genphy_resume"", ""nearby_binding_symbol"": ""genphy_resume"", ""rust_file"": "".binddrift/worktrees/HEAD_9207d47f966b/rust/kernel/net/phy.rs"", ""text"": ""to_result(unsafe { bindings::genphy_resume(phydev) })"", ""version_id"": ""HEAD_9207d47f966b""}",,,,
rust_error_mappings-025,rust_error_mappings,TO_RESULT_MAPPING,.binddrift/worktrees/v6.7/rust/kernel/error.rs,243,"{""line"": 243, ""mapping_type"": ""TO_RESULT_MAPPING"", ""nearby_api"": ""to_result"", ""nearby_binding_symbol"": null, ""rust_file"": "".binddrift/worktrees/v6.7/rust/kernel/error.rs"", ""text"": ""pub fn to_result(err: core::ffi::c_int) -> Result {"", ""version_id"": ""v6.7""}",,,,
rust_error_mappings-026,rust_error_mappings,RESULT_RETURN,.binddrift/worktrees/v6.13/rust/kernel/sync/arc.rs,633,"{""line"": 633, ""mapping_type"": ""RESULT_RETURN"", ""nearby_api"": ""UniqueArc<T>::new"", ""nearby_binding_symbol"": null, ""rust_file"": "".binddrift/worktrees/v6.13/rust/kernel/sync/arc.rs"", ""text"": ""pub fn new(value: T, flags: Flags) -> Result<Self, AllocError> {"", ""version_id"": ""v6.13""}",,,,
rust_error_mappings-027,rust_error_mappings,OPTION_RETURN,.binddrift/worktrees/HEAD_9207d47f966b/rust/kernel/mm/virt.rs,136,"{""line"": 136, ""mapping_type"": ""OPTION_RETURN"", ""nearby_api"": ""VmaRef::as_mixedmap_vma"", ""nearby_binding_symbol"": null, ""rust_file"": "".binddrift/worktrees/HEAD_9207d47f966b/rust/kernel/mm/virt.rs"", ""text"": ""pub fn as_mixedmap_vma(&self) -> Option<&VmaMixedMap> {"", ""version_id"": ""HEAD_9207d47f966b""}",,,,
rust_error_mappings-028,rust_error_mappings,RESULT_RETURN,.binddrift/worktrees/v6.18/rust/kernel/bitmap.rs,234,"{""line"": 234, ""mapping_type"": ""RESULT_RETURN"", ""nearby_api"": ""BitmapVec::new"", ""nearby_binding_symbol"": null, ""rust_file"": "".binddrift/worktrees/v6.18/rust/kernel/bitmap.rs"", ""text"": ""pub fn new(nbits: usize, flags: Flags) -> Result<Self, AllocError> {"", ""version_id"": ""v6.18""}",,,,
rust_error_mappings-029,rust_error_mappings,NONNULL_MAPPING,.binddrift/worktrees/v6.16/rust/kernel/faux.rs,45,"{""line"": 45, ""mapping_type"": ""NONNULL_MAPPING"", ""nearby_api"": ""Registration::new"", ""nearby_binding_symbol"": ""faux_device"", ""rust_file"": "".binddrift/worktrees/v6.16/rust/kernel/faux.rs"", ""text"": ""Ok(Self(NonNull::new(dev).ok_or(ENODEV)?))"", ""version_id"": ""v6.16""}",,,,
rust_error_mappings-030,rust_error_mappings,TO_RESULT_MAPPING,.binddrift/worktrees/v6.17/rust/kernel/cpufreq.rs,1042,"{""line"": 1042, ""mapping_type"": ""TO_RESULT_MAPPING"", ""nearby_api"": ""Registration<T>::new"", ""nearby_binding_symbol"": ""cpufreq_register_driver"", ""rust_file"": "".binddrift/worktrees/v6.17/rust/kernel/cpufreq.rs"", ""text"": ""to_result(unsafe { bindings::cpufreq_register_driver(drv.get_mut()) })?;"", ""version_id"": ""v6.17""}",,,,
rust_error_mappings-031,rust_error_mappings,RESULT_RETURN,.binddrift/worktrees/HEAD_9207d47f966b/rust/kernel/pci.rs,429,"{""line"": 429, ""mapping_type"": ""RESULT_RETURN"", ""nearby_api"": ""Device::resource_len"", ""nearby_binding_symbol"": ""resource_size_t"", ""rust_file"": "".binddrift/worktrees/HEAD_9207d47f966b/rust/kernel/pci.rs"", ""text"": ""pub fn resource_len(&self, bar: u32) -> Result<bindings::resource_size_t> {"", ""version_id"": ""HEAD_9207d47f966b""}",,,,
rust_error_mappings-032,rust_error_mappings,RESULT_RETURN,.binddrift/worktrees/v6.19/rust/kernel/regulator.rs,251,"{""line"": 251, ""mapping_type"": ""RESULT_RETURN"", ""nearby_api"": ""Regulator<T>::set_voltage"", ""nearby_binding_symbol"": ""regulator_set_voltage"", ""rust_file"": "".binddrift/worktrees/v6.19/rust/kernel/regulator.rs"", ""text"": ""pub fn set_voltage(&self, min_voltage: Voltage, max_voltage: Voltage) -> Result {"", ""version_id"": ""v6.19""}",,,,
rust_error_mappings-033,rust_error_mappings,RESULT_RETURN,.binddrift/worktrees/v6.17/rust/kernel/cpu.rs,141,"{""line"": 141, ""mapping_type"": ""RESULT_RETURN"", ""nearby_api"": ""from_cpu"", ""nearby_binding_symbol"": ""get_cpu_device"", ""rust_file"": "".binddrift/worktrees/v6.17/rust/kernel/cpu.rs"", ""text"": ""pub unsafe fn from_cpu(cpu: CpuId) -> Result<&'static Device> {"", ""version_id"": ""v6.17""}",,,,
rust_error_mappings-034,rust_error_mappings,TO_RESULT_MAPPING,.binddrift/worktrees/v7.0/rust/kernel/drm/driver.rs,126,"{""line"": 126, ""mapping_type"": ""TO_RESULT_MAPPING"", ""nearby_api"": ""new"", ""nearby_binding_symbol"": ""drm_dev_register"", ""rust_file"": "".binddrift/worktrees/v7.0/rust/kernel/drm/driver.rs"", ""text"": ""to_result(unsafe { bindings::drm_dev_register(drm.as_raw(), flags) })?;"", ""version_id"": ""v7.0""}",,,,
rust_error_mappings-035,rust_error_mappings,TO_RESULT_MAPPING,.binddrift/worktrees/v6.14/rust/kernel/pci.rs,45,"{""line"": 45, ""mapping_type"": ""TO_RESULT_MAPPING"", ""nearby_api"": null, ""nearby_binding_symbol"": ""__pci_register_driver"", ""rust_file"": "".binddrift/worktrees/v6.14/rust/kernel/pci.rs"", ""text"": ""to_result(unsafe {"", ""version_id"": ""v6.14""}",,,,
rust_error_mappings-036,rust_error_mappings,TO_RESULT_MAPPING,.binddrift/worktrees/v6.9/rust/kernel/net/phy.rs,285,"{""line"": 285, ""mapping_type"": ""TO_RESULT_MAPPING"", ""nearby_api"": ""Device::genphy_update_link"", ""nearby_binding_symbol"": ""genphy_update_link"", ""rust_file"": "".binddrift/worktrees/v6.9/rust/kernel/net/phy.rs"", ""text"": ""to_result(unsafe { bindings::genphy_update_link(phydev) })"", ""version_id"": ""v6.9""}",,,,
rust_error_mappings-037,rust_error_mappings,OPTION_RETURN,.binddrift/worktrees/v6.12/rust/kernel/rbtree.rs,396,"{""line"": 396, ""mapping_type"": ""OPTION_RETURN"", ""nearby_api"": ""RBTree<K, V>::get_mut"", ""nearby_binding_symbol"": null, ""rust_file"": "".binddrift/worktrees/v6.12/rust/kernel/rbtree.rs"", ""text"": ""pub fn get_mut(&mut self, key: &K) -> Option<&mut V> {"", ""version_id"": ""v6.12""}",,,,
rust_error_mappings-038,rust_error_mappings,RESULT_RETURN,.binddrift/worktrees/HEAD_9207d47f966b/rust/kernel/net/phy.rs,228,"{""line"": 228, ""mapping_type"": ""RESULT_RETURN"", ""nearby_api"": ""Device::start_aneg"", ""nearby_binding_symbol"": ""_phy_start_aneg"", ""rust_file"": "".binddrift/worktrees/HEAD_9207d47f966b/rust/kernel/net/phy.rs"", ""text"": ""pub fn start_aneg(&mut self) -> Result {"", ""version_id"": ""HEAD_9207d47f966b""}",,,,
rust_error_mappings-039,rust_error_mappings,IS_ERR_MAPPING,.binddrift/worktrees/v6.18/rust/kernel/error.rs,465,"{""line"": 465, ""mapping_type"": ""IS_ERR_MAPPING"", ""nearby_api"": ""to_result"", ""nearby_binding_symbol"": ""PTR_ERR"", ""rust_file"": "".binddrift/worktrees/v6.18/rust/kernel/error.rs"", ""text"": ""if unsafe { bindings::IS_ERR(const_ptr) } {"", ""version_id"": ""v6.18""}",,,,
rust_error_mappings-040,rust_error_mappings,NONNULL_MAPPING,.binddrift/worktrees/v6.3/rust/kernel/sync/arc.rs,218,"{""line"": 218, ""mapping_type"": ""NONNULL_MAPPING"", ""nearby_api"": ""from_foreign"", ""nearby_binding_symbol"": null, ""rust_file"": "".binddrift/worktrees/v6.3/rust/kernel/sync/arc.rs"", ""text"": ""unsafe { Self::from_inner(NonNull::new(ptr as _).unwrap()) }"", ""version_id"": ""v6.3""}",,,,
rust_error_mappings-041,rust_error_mappings,NONNULL_MAPPING,.binddrift/worktrees/v6.16/rust/kernel/block/mq/request.rs,148,"{""line"": 148, ""mapping_type"": ""NONNULL_MAPPING"", ""nearby_api"": ""Request<T>::wrapper_ptr"", ""nearby_binding_symbol"": ""blk_mq_rq_to_pdu"", ""rust_file"": "".binddrift/worktrees/v6.16/rust/kernel/block/mq/request.rs"", ""text"": ""unsafe { NonNull::new_unchecked(wrapper_ptr) }"", ""version_id"": ""v6.16""}",,,,
rust_error_mappings-042,rust_error_mappings,ERR_PTR_MAPPING,.binddrift/worktrees/v6.14/rust/kernel/error.rs,286,"{""line"": 286, ""mapping_type"": ""ERR_PTR_MAPPING"", ""nearby_api"": ""to_result"", ""nearby_binding_symbol"": ""IS_ERR"", ""rust_file"": "".binddrift/worktrees/v6.14/rust/kernel/error.rs"", ""text"": ""pub fn from_err_ptr<T>(ptr: *mut T) -> Result<*mut T> {"", ""version_id"": ""v6.14""}",,,,
rust_error_mappings-043,rust_error_mappings,PTR_ERR_MAPPING,.binddrift/worktrees/v6.11/rust/kernel/error.rs,276,"{""line"": 276, ""mapping_type"": ""PTR_ERR_MAPPING"", ""nearby_api"": ""to_result"", ""nearby_binding_symbol"": ""PTR_ERR"", ""rust_file"": "".binddrift/worktrees/v6.11/rust/kernel/error.rs"", ""text"": ""let err = unsafe { bindings::PTR_ERR(const_ptr) };"", ""version_id"": ""v6.11""}",,,,
rust_error_mappings-044,rust_error_mappings,OPTION_RETURN,.binddrift/worktrees/HEAD_9207d47f966b/rust/kernel/io/register.rs,344,"{""line"": 344, ""mapping_type"": ""OPTION_RETURN"", ""nearby_api"": ""RelativeRegisterArrayLoc<T, B>::try_new"", ""nearby_binding_symbol"": null, ""rust_file"": "".binddrift/worktrees/HEAD_9207d47f966b/rust/kernel/io/register.rs"", ""text"": ""pub fn try_new(idx: usize) -> Option<Self> {"", ""version_id"": ""HEAD_9207d47f966b""}",,,,
rust_error_mappings-045,rust_error_mappings,RESULT_RETURN,.binddrift/worktrees/v6.10/rust/kernel/net/phy.rs,196,"{""line"": 196, ""mapping_type"": ""RESULT_RETURN"", ""nearby_api"": ""Device::write"", ""nearby_binding_symbol"": null, ""rust_file"": "".binddrift/worktrees/v6.10/rust/kernel/net/phy.rs"", ""text"": ""pub fn write(&mut self, regnum: u16, val: u16) -> Result {"", ""version_id"": ""v6.10""}",,,,
rust_error_mappings-046,rust_error_mappings,TO_RESULT_MAPPING,.binddrift/worktrees/HEAD_9207d47f966b/rust/kernel/device/property.rs,540,"{""line"": 540, ""mapping_type"": ""TO_RESULT_MAPPING"", ""nearby_api"": ""read_array_len_from_fwnode_property"", ""nearby_binding_symbol"": null, ""rust_file"": "".binddrift/worktrees/HEAD_9207d47f966b/rust/kernel/device/property.rs"", ""text"": ""to_result(ret)?;"", ""version_id"": ""HEAD_9207d47f966b""}",,,,
rust_error_mappings-047,rust_error_mappings,RESULT_RETURN,.binddrift/worktrees/v6.16/rust/kernel/opp.rs,823,"{""line"": 823, ""mapping_type"": ""RESULT_RETURN"", ""nearby_api"": ""Table::cpufreq_table"", ""nearby_binding_symbol"": null, ""rust_file"": "".binddrift/worktrees/v6.16/rust/kernel/opp.rs"", ""text"": ""pub fn cpufreq_table(&mut self) -> Result<FreqTable> {"", ""version_id"": ""v6.16""}",,,,
rust_error_mappings-048,rust_error_mappings,TO_RESULT_MAPPING,.binddrift/worktrees/HEAD_9207d47f966b/rust/kernel/regulator.rs,108,"{""line"": 108, ""mapping_type"": ""TO_RESULT_MAPPING"", ""nearby_api"": ""devm_enable_optional"", ""nearby_binding_symbol"": ""devm_regulator_get_enable_optional"", ""rust_file"": "".binddrift/worktrees/HEAD_9207d47f966b/rust/kernel/regulator.rs"", ""text"": ""to_result(unsafe {"", ""version_id"": ""HEAD_9207d47f966b""}",,,,
rust_error_mappings-049,rust_error_mappings,RESULT_RETURN,.binddrift/worktrees/v6.12/rust/kernel/page.rs,165,"{""line"": 165, ""mapping_type"": ""RESULT_RETURN"", ""nearby_api"": ""Page::read_raw"", ""nearby_binding_symbol"": null, ""rust_file"": "".binddrift/worktrees/v6.12/rust/kernel/page.rs"", ""text"": ""pub unsafe fn read_raw(&self, dst: *mut u8, offset: usize, len: usize) -> Result {"", ""version_id"": ""v6.12""}",,,,
rust_error_mappings-050,rust_error_mappings,RESULT_RETURN,.binddrift/worktrees/v6.17/rust/kernel/opp.rs,659,"{""line"": 659, ""mapping_type"": ""RESULT_RETURN"", ""nearby_api"": ""Table::from_of"", ""nearby_binding_symbol"": null, ""rust_file"": "".binddrift/worktrees/v6.17/rust/kernel/opp.rs"", ""text"": ""pub fn from_of(dev: &ARef<Device>, index: i32) -> Result<Self> {"", ""version_id"": ""v6.17""}",,,,
rust_lifetime_facts-001,rust_lifetime_facts,AS_PTR,.binddrift/worktrees/HEAD_9207d47f966b/rust/kernel/sync/atomic/predefine.rs,184,"{""evidence_text"": ""let ptr = x.as_ptr();"", ""fact_type"": ""AS_PTR"", ""line"": 184, ""rust_file"": "".binddrift/worktrees/HEAD_9207d47f966b/rust/kernel/sync/atomic/predefine.rs"", ""rust_type"": null, ""uses_bindings"": ""[]"", ""version_id"": ""HEAD_9207d47f966b""}",,,,
rust_lifetime_facts-002,rust_lifetime_facts,FROM_RAW,.binddrift/worktrees/v6.18/rust/kernel/list/arc.rs,363,"{""evidence_text"": ""let arc = unsafe { Arc::from_raw(ptr) };"", ""fact_type"": ""FROM_RAW"", ""line"": 363, ""rust_file"": "".binddrift/worktrees/v6.18/rust/kernel/list/arc.rs"", ""rust_type"": ""ListArc<T, ID>"", ""uses_bindings"": ""[]"", ""version_id"": ""v6.18""}",,,,
rust_lifetime_facts-003,rust_lifetime_facts,FOREIGN_OWNABLE,.binddrift/worktrees/v6.19/rust/kernel/maple_tree.rs,76,"{""evidence_text"": ""impl<T: ForeignOwnable> MapleTree<T> {"", ""fact_type"": ""FOREIGN_OWNABLE"", ""line"": 76, ""rust_file"": "".binddrift/worktrees/v6.19/rust/kernel/maple_tree.rs"", ""rust_type"": ""MapleTree<T>"", ""uses_bindings"": ""[]"", ""version_id"": ""v6.19""}",,,,
rust_lifetime_facts-004,rust_lifetime_facts,AS_PTR,.binddrift/worktrees/v6.17/rust/kernel/auxiliary.rs,39,"{""evidence_text"": ""(*adrv.get()).id_table = T::ID_TABLE.as_ptr();"", ""fact_type"": ""AS_PTR"", ""line"": 39, ""rust_file"": "".binddrift/worktrees/v6.17/rust/kernel/auxiliary.rs"", ""rust_type"": ""Adapter"", ""uses_bindings"": ""[]"", ""version_id"": ""v6.17""}",,,,
rust_lifetime_facts-005,rust_lifetime_facts,FROM_RAW,.binddrift/worktrees/v6.16/rust/kernel/workqueue.rs,565,"{""evidence_text"": ""Err(unsafe { Arc::from_raw(ptr) })"", ""fact_type"": ""FROM_RAW"", ""line"": 565, ""rust_file"": "".binddrift/worktrees/v6.16/rust/kernel/workqueue.rs"", ""rust_type"": null, ""uses_bindings"": ""[]"", ""version_id"": ""v6.16""}",,,,
rust_lifetime_facts-006,rust_lifetime_facts,IMPL_DROP,.binddrift/worktrees/v6.16/rust/kernel/xarray.rs,154,"{""evidence_text"": ""impl<T: ForeignOwnable> Drop for Guard<'_, T> {"", ""fact_type"": ""IMPL_DROP"", ""line"": 154, ""rust_file"": "".binddrift/worktrees/v6.16/rust/kernel/xarray.rs"", ""rust_type"": ""Guard<'_, T>"", ""uses_bindings"": ""[]"", ""version_id"": ""v6.16""}",,,,
rust_lifetime_facts-007,rust_lifetime_facts,AREF,.binddrift/worktrees/HEAD_9207d47f966b/rust/kernel/block/mq/operations.rs,39,"{""evidence_text"": ""rq: ARef<Request<Self>>,"", ""fact_type"": ""AREF"", ""line"": 39, ""rust_file"": "".binddrift/worktrees/HEAD_9207d47f966b/rust/kernel/block/mq/operations.rs"", ""rust_type"": null, ""uses_bindings"": ""[]"", ""version_id"": ""HEAD_9207d47f966b""}",,,,
rust_lifetime_facts-008,rust_lifetime_facts,AS_PTR,.binddrift/worktrees/v6.11/rust/kernel/firmware.rs,86,"{""evidence_text"": ""self.0.as_ptr()"", ""fact_type"": ""AS_PTR"", ""line"": 86, ""rust_file"": "".binddrift/worktrees/v6.11/rust/kernel/firmware.rs"", ""rust_type"": ""Firmware"", ""uses_bindings"": ""[\""firmware\""]"", ""version_id"": ""v6.11""}",,,,
rust_lifetime_facts-009,rust_lifetime_facts,AS_PTR,.binddrift/worktrees/v6.16/rust/kernel/task.rs,233,"{""evidence_text"": ""Kuid::from_raw(unsafe { bindings::task_euid(self.as_ptr()) })"", ""fact_type"": ""AS_PTR"", ""line"": 233, ""rust_file"": "".binddrift/worktrees/v6.16/rust/kernel/task.rs"", ""rust_type"": ""Task"", ""uses_bindings"": ""[\""task_euid\""]"", ""version_id"": ""v6.16""}",,,,
rust_lifetime_facts-010,rust_lifetime_facts,FOREIGN_OWNABLE,.binddrift/worktrees/HEAD_9207d47f966b/rust/kernel/devres.rs,383,"{""evidence_text"": ""// - `ptr` is a valid pointer the `ForeignOwnable` devres takes ownership of."", ""fact_type"": ""FOREIGN_OWNABLE"", ""line"": 383, ""rust_file"": "".binddrift/worktrees/HEAD_9207d47f966b/rust/kernel/devres.rs"", ""rust_type"": null, ""uses_bindings"": ""[]"", ""version_id"": ""HEAD_9207d47f966b""}",,,,
rust_lifetime_facts-011,rust_lifetime_facts,AS_PTR,.binddrift/worktrees/v7.0/rust/kernel/fs/file.rs,325,"{""evidence_text"": ""let ptr = unsafe { (*self.as_ptr()).f_cred };"", ""fact_type"": ""AS_PTR"", ""line"": 325, ""rust_file"": "".binddrift/worktrees/v7.0/rust/kernel/fs/file.rs"", ""rust_type"": ""LocalFile"", ""uses_bindings"": ""[]"", ""version_id"": ""v7.0""}",,,,
rust_lifetime_facts-012,rust_lifetime_facts,FOREIGN_OWNABLE,.binddrift/worktrees/v6.6/rust/kernel/types.rs,37,"{""evidence_text"": ""/// which a previous matching [`ForeignOwnable::from_foreign`] hasn't been called yet."", ""fact_type"": ""FOREIGN_OWNABLE"", ""line"": 37, ""rust_file"": "".binddrift/worktrees/v6.6/rust/kernel/types.rs"", ""rust_type"": null, ""uses_bindings"": ""[]"", ""version_id"": ""v6.6""}",,,,
rust_lifetime_facts-013,rust_lifetime_facts,AREF,.binddrift/worktrees/v6.15/rust/kernel/block/mq/request.rs,121,"{""evidence_text"": ""pub fn end_ok(this: ARef<Self>) -> Result<(), ARef<Self>> {"", ""fact_type"": ""AREF"", ""line"": 121, ""rust_file"": "".binddrift/worktrees/v6.15/rust/kernel/block/mq/request.rs"", ""rust_type"": ""Request<T>"", ""uses_bindings"": ""[]"", ""version_id"": ""v6.15""}",,,,
rust_lifetime_facts-014,rust_lifetime_facts,AS_PTR,.binddrift/worktrees/v6.14/rust/kernel/task.rs,318,"{""evidence_text"": ""unsafe { bindings::task_tgid_nr_ns(self.as_ptr(), pidns) }"", ""fact_type"": ""AS_PTR"", ""line"": 318, ""rust_file"": "".binddrift/worktrees/v6.14/rust/kernel/task.rs"", ""rust_type"": ""Task"", ""uses_bindings"": ""[\""task_tgid_nr_ns\""]"", ""version_id"": ""v6.14""}",,,,
rust_lifetime_facts-015,rust_lifetime_facts,FROM_RAW,.binddrift/worktrees/v6.9/rust/kernel/net/phy.rs,365,"{""evidence_text"": ""let dev = unsafe { Device::from_raw(phydev) };"", ""fact_type"": ""FROM_RAW"", ""line"": 365, ""rust_file"": "".binddrift/worktrees/v6.9/rust/kernel/net/phy.rs"", ""rust_type"": ""Adapter<T>"", ""uses_bindings"": ""[]"", ""version_id"": ""v6.9""}",,,,
rust_lifetime_facts-016,rust_lifetime_facts,AS_PTR,.binddrift/worktrees/v6.12/rust/kernel/sync/arc.rs,405,"{""evidence_text"": ""unsafe { drop(Box::from_raw(self.ptr.as_ptr())) };"", ""fact_type"": ""AS_PTR"", ""line"": 405, ""rust_file"": "".binddrift/worktrees/v6.12/rust/kernel/sync/arc.rs"", ""rust_type"": ""Arc<T>"", ""uses_bindings"": ""[]"", ""version_id"": ""v6.12""}",,,,
rust_lifetime_facts-017,rust_lifetime_facts,FROM_RAW,.binddrift/worktrees/v6.16/rust/kernel/sync/arc.rs,461,"{""evidence_text"": ""unsafe { drop(KBox::from_raw(self.ptr.as_ptr())) };"", ""fact_type"": ""FROM_RAW"", ""line"": 461, ""rust_file"": "".binddrift/worktrees/v6.16/rust/kernel/sync/arc.rs"", ""rust_type"": ""Arc<T>"", ""uses_bindings"": ""[]"", ""version_id"": ""v6.16""}",,,,
rust_lifetime_facts-018,rust_lifetime_facts,OPAQUE,.binddrift/worktrees/v6.17/rust/kernel/init.rs,21,"{""evidence_text"": ""//! [`Opaque<T>`] field by just delegating to the supplied closure. You can use these in"", ""fact_type"": ""OPAQUE"", ""line"": 21, ""rust_file"": "".binddrift/worktrees/v6.17/rust/kernel/init.rs"", ""rust_type"": null, ""uses_bindings"": ""[]"", ""version_id"": ""v6.17""}",,,,
rust_lifetime_facts-019,rust_lifetime_facts,INTO_RAW,.binddrift/worktrees/v6.16/rust/kernel/types.rs,529,"{""evidence_text"": ""pub fn into_raw(me: Self) -> NonNull<T> {"", ""fact_type"": ""INTO_RAW"", ""line"": 529, ""rust_file"": "".binddrift/worktrees/v6.16/rust/kernel/types.rs"", ""rust_type"": ""ARef<T>"", ""uses_bindings"": ""[]"", ""version_id"": ""v6.16""}",,,,
rust_lifetime_facts-020,rust_lifetime_facts,FROM_RAW,.binddrift/worktrees/v7.0/rust/kernel/drm/file.rs,92,"{""evidence_text"": ""let file = unsafe { File::<T>::from_raw(raw_file) };"", ""fact_type"": ""FROM_RAW"", ""line"": 92, ""rust_file"": "".binddrift/worktrees/v7.0/rust/kernel/drm/file.rs"", ""rust_type"": ""File<T>"", ""uses_bindings"": ""[\""drm_file\""]"", ""version_id"": ""v7.0""}",,,,
rust_lifetime_facts-021,rust_lifetime_facts,FOREIGN_OWNABLE,.binddrift/worktrees/v6.12/rust/kernel/types.rs,24,"{""evidence_text"": ""/// Type of values borrowed between calls to [`ForeignOwnable::into_foreign`] and"", ""fact_type"": ""FOREIGN_OWNABLE"", ""line"": 24, ""rust_file"": "".binddrift/worktrees/v6.12/rust/kernel/types.rs"", ""rust_type"": null, ""uses_bindings"": ""[]"", ""version_id"": ""v6.12""}",,,,
rust_lifetime_facts-022,rust_lifetime_facts,OPAQUE,.binddrift/worktrees/v6.13/rust/kernel/sync.rs,25,"{""evidence_text"": ""pub struct LockClassKey(Opaque<bindings::lock_class_key>);"", ""fact_type"": ""OPAQUE"", ""line"": 25, ""rust_file"": "".binddrift/worktrees/v6.13/rust/kernel/sync.rs"", ""rust_type"": null, ""uses_bindings"": ""[\""lock_class_key\""]"", ""version_id"": ""v6.13""}",,,,
rust_lifetime_facts-023,rust_lifetime_facts,FROM_RAW,.binddrift/worktrees/v6.18/rust/kernel/time/hrtimer.rs,706,"{""evidence_text"": ""pub(crate) unsafe fn from_raw(timer: *mut HrTimer<T>) -> Self {"", ""fact_type"": ""FROM_RAW"", ""line"": 706, ""rust_file"": "".binddrift/worktrees/v6.18/rust/kernel/time/hrtimer.rs"", ""rust_type"": ""HrTimerCallbackContext<'a, T>"", ""uses_bindings"": ""[]"", ""version_id"": ""v6.18""}",,,,
rust_lifetime_facts-024,rust_lifetime_facts,AREF,.binddrift/worktrees/v6.19/rust/kernel/fs/file.rs,176,"{""evidence_text"": ""/// * You can think of `fdget` as using an fd to look up an `ARef<File>` in the `struct"", ""fact_type"": ""AREF"", ""line"": 176, ""rust_file"": "".binddrift/worktrees/v6.19/rust/kernel/fs/file.rs"", ""rust_type"": null, ""uses_bindings"": ""[]"", ""version_id"": ""v6.19""}",,,,
rust_lifetime_facts-025,rust_lifetime_facts,INTO_RAW,.binddrift/worktrees/v6.15/rust/kernel/alloc/kbox.rs,263,"{""evidence_text"": ""// SAFETY: `ptr` is valid, because it came from `Box::into_raw`."", ""fact_type"": ""INTO_RAW"", ""line"": 263, ""rust_file"": "".binddrift/worktrees/v6.15/rust/kernel/alloc/kbox.rs"", ""rust_type"": ""Box<T, A>"", ""uses_bindings"": ""[]"", ""version_id"": ""v6.15""}",,,,
rust_lifetime_facts-026,rust_lifetime_facts,AS_PTR,.binddrift/worktrees/v6.19/rust/kernel/auxiliary.rs,294,"{""evidence_text"": ""let adev: *mut bindings::auxiliary_device = obj.cast().as_ptr();"", ""fact_type"": ""AS_PTR"", ""line"": 294, ""rust_file"": "".binddrift/worktrees/v6.19/rust/kernel/auxiliary.rs"", ""rust_type"": null, ""uses_bindings"": ""[\""auxiliary_device\""]"", ""version_id"": ""v6.19""}",,,,
rust_lifetime_facts-027,rust_lifetime_facts,INTO_RAW,.binddrift/worktrees/v7.0/rust/kernel/time/hrtimer/tbox.rs,19,"{""evidence_text"": ""/// - `self.inner` comes from a `Box::into_raw` call."", ""fact_type"": ""INTO_RAW"", ""line"": 19, ""rust_file"": "".binddrift/worktrees/v7.0/rust/kernel/time/hrtimer/tbox.rs"", ""rust_type"": null, ""uses_bindings"": ""[]"", ""version_id"": ""v7.0""}",,,,
rust_lifetime_facts-028,rust_lifetime_facts,MANUALLY_DROP,.binddrift/worktrees/v6.19/rust/kernel/alloc/kvec.rs,577,"{""evidence_text"": ""let mut me = ManuallyDrop::new(self);"", ""fact_type"": ""MANUALLY_DROP"", ""line"": 577, ""rust_file"": "".binddrift/worktrees/v6.19/rust/kernel/alloc/kvec.rs"", ""rust_type"": ""Vec<T, A>"", ""uses_bindings"": ""[]"", ""version_id"": ""v6.19""}",,,,
rust_lifetime_facts-029,rust_lifetime_facts,OPAQUE,.binddrift/worktrees/v6.17/rust/kernel/sync/condvar.rs,84,"{""evidence_text"": ""pub(crate) wait_queue_head: Opaque<bindings::wait_queue_head>,"", ""fact_type"": ""OPAQUE"", ""line"": 84, ""rust_file"": "".binddrift/worktrees/v6.17/rust/kernel/sync/condvar.rs"", ""rust_type"": ""CondVar"", ""uses_bindings"": ""[\""wait_queue_head\""]"", ""version_id"": ""v6.17""}",,,,
rust_lifetime_facts-030,rust_lifetime_facts,INTO_RAW,.binddrift/worktrees/v6.15/rust/kernel/time/hrtimer/tbox.rs,53,"{""evidence_text"": ""// SAFETY: By type invariant, `self.inner` came from a `Box::into_raw`"", ""fact_type"": ""INTO_RAW"", ""line"": 53, ""rust_file"": "".binddrift/worktrees/v6.15/rust/kernel/time/hrtimer/tbox.rs"", ""rust_type"": ""BoxHrTimerHandle<T, A>"", ""uses_bindings"": ""[]"", ""version_id"": ""v6.15""}",,,,
rust_lifetime_facts-031,rust_lifetime_facts,AS_PTR,.binddrift/worktrees/v6.15/rust/kernel/types.rs,120,"{""evidence_text"": ""core::ptr::NonNull::dangling().as_ptr()"", ""fact_type"": ""AS_PTR"", ""line"": 120, ""rust_file"": "".binddrift/worktrees/v6.15/rust/kernel/types.rs"", ""rust_type"": ""()"", ""uses_bindings"": ""[]"", ""version_id"": ""v6.15""}",,,,
rust_lifetime_facts-032,rust_lifetime_facts,OPAQUE,.binddrift/worktrees/v6.16/rust/kernel/configfs.rs,737,"{""evidence_text"": ""item_type: Opaque<bindings::config_item_type>,"", ""fact_type"": ""OPAQUE"", ""line"": 737, ""rust_file"": "".binddrift/worktrees/v6.16/rust/kernel/configfs.rs"", ""rust_type"": ""ItemType"", ""uses_bindings"": ""[\""config_item_type\""]"", ""version_id"": ""v6.16""}",,,,
rust_lifetime_facts-033,rust_lifetime_facts,AREF,.binddrift/worktrees/v6.17/rust/kernel/device.rs,575,"{""evidence_text"": ""impl ::core::convert::From<&$device<$src>> for $crate::types::ARef<$device> {"", ""fact_type"": ""AREF"", ""line"": 575, ""rust_file"": "".binddrift/worktrees/v6.17/rust/kernel/device.rs"", ""rust_type"": ""$crate::types::ARef<$device>"", ""uses_bindings"": ""[]"", ""version_id"": ""v6.17""}",,,,
rust_lifetime_facts-034,rust_lifetime_facts,AS_PTR,.binddrift/worktrees/v6.16/rust/kernel/configfs.rs,170,"{""evidence_text"": ""kernel::static_lock_class!().as_ptr(),"", ""fact_type"": ""AS_PTR"", ""line"": 170, ""rust_file"": "".binddrift/worktrees/v6.16/rust/kernel/configfs.rs"", ""rust_type"": ""Subsystem<Data>"", ""uses_bindings"": ""[\""__mutex_init\""]"", ""version_id"": ""v6.16""}",,,,
rust_lifetime_facts-035,rust_lifetime_facts,FROM_RAW,.binddrift/worktrees/v7.0/rust/kernel/rbtree.rs,961,"{""evidence_text"": ""let node = unsafe { KBox::from_raw(this) };"", ""fact_type"": ""FROM_RAW"", ""line"": 961, ""rust_file"": "".binddrift/worktrees/v7.0/rust/kernel/rbtree.rs"", ""rust_type"": ""CursorMut<'a, K, V>"", ""uses_bindings"": ""[]"", ""version_id"": ""v7.0""}",,,,
rust_lifetime_facts-036,rust_lifetime_facts,AS_PTR,.binddrift/worktrees/v6.15/rust/kernel/lib.rs,163,"{""evidence_text"": ""pub const fn as_ptr(&self) -> *mut bindings::module {"", ""fact_type"": ""AS_PTR"", ""line"": 163, ""rust_file"": "".binddrift/worktrees/v6.15/rust/kernel/lib.rs"", ""rust_type"": ""ThisModule"", ""uses_bindings"": ""[\""module\""]"", ""version_id"": ""v6.15""}",,,,
rust_lifetime_facts-037,rust_lifetime_facts,FROM_RAW,.binddrift/worktrees/HEAD_9207d47f966b/rust/kernel/cpufreq.rs,312,"{""evidence_text"": ""unsafe { Self::Target::from_raw(self.as_raw()) }"", ""fact_type"": ""FROM_RAW"", ""line"": 312, ""rust_file"": "".binddrift/worktrees/HEAD_9207d47f966b/rust/kernel/cpufreq.rs"", ""rust_type"": ""TableBox"", ""uses_bindings"": ""[]"", ""version_id"": ""HEAD_9207d47f966b""}",,,,
rust_lifetime_facts-038,rust_lifetime_facts,FROM_RAW,.binddrift/worktrees/v6.17/rust/kernel/faux.rs,57,"{""evidence_text"": ""unsafe { device::Device::from_raw(addr_of_mut!((*self.as_raw()).dev)) }"", ""fact_type"": ""FROM_RAW"", ""line"": 57, ""rust_file"": "".binddrift/worktrees/v6.17/rust/kernel/faux.rs"", ""rust_type"": ""Registration"", ""uses_bindings"": ""[]"", ""version_id"": ""v6.17""}",,,,
rust_lifetime_facts-039,rust_lifetime_facts,AREF,.binddrift/worktrees/v6.18/rust/kernel/mm/mmput_async.rs,20,"{""evidence_text"": ""/// refcount. This means that the destructor of `ARef<MmWithUserAsync>` is safe to call in atomic"", ""fact_type"": ""AREF"", ""line"": 20, ""rust_file"": "".binddrift/worktrees/v6.18/rust/kernel/mm/mmput_async.rs"", ""rust_type"": null, ""uses_bindings"": ""[]"", ""version_id"": ""v6.18""}",,,,
rust_lifetime_facts-040,rust_lifetime_facts,OPAQUE,.binddrift/worktrees/HEAD_9207d47f966b/rust/kernel/pwm.rs,618,"{""evidence_text"": ""// `Chip` is `repr(transparent)` over `Opaque<bindings::pwm_chip>`, and"", ""fact_type"": ""OPAQUE"", ""line"": 618, ""rust_file"": "".binddrift/worktrees/HEAD_9207d47f966b/rust/kernel/pwm.rs"", ""rust_type"": ""Chip<T>"", ""uses_bindings"": ""[]"", ""version_id"": ""HEAD_9207d47f966b""}",,,,
rust_lifetime_facts-041,rust_lifetime_facts,FROM_RAW,.binddrift/worktrees/v6.13/rust/kernel/security.rs,56,"{""evidence_text"": ""// We can't pass a null pointer to `slice::from_raw_parts` even if the length is zero."", ""fact_type"": ""FROM_RAW"", ""line"": 56, ""rust_file"": "".binddrift/worktrees/v6.13/rust/kernel/security.rs"", ""rust_type"": ""SecurityCtx"", ""uses_bindings"": ""[]"", ""version_id"": ""v6.13""}",,,,
rust_lifetime_facts-042,rust_lifetime_facts,FROM_RAW,.binddrift/worktrees/v6.18/rust/kernel/mm.rs,147,"{""evidence_text"": ""Some(unsafe { ARef::from_raw(NonNull::new_unchecked(self.as_raw().cast())) })"", ""fact_type"": ""FROM_RAW"", ""line"": 147, ""rust_file"": "".binddrift/worktrees/v6.18/rust/kernel/mm.rs"", ""rust_type"": ""Mm"", ""uses_bindings"": ""[]"", ""version_id"": ""v6.18""}",,,,
rust_lifetime_facts-043,rust_lifetime_facts,FROM_RAW,.binddrift/worktrees/v6.18/rust/kernel/cpufreq.rs,312,"{""evidence_text"": ""unsafe { Self::Target::from_raw(self.as_raw()) }"", ""fact_type"": ""FROM_RAW"", ""line"": 312, ""rust_file"": "".binddrift/worktrees/v6.18/rust/kernel/cpufreq.rs"", ""rust_type"": ""TableBox"", ""uses_bindings"": ""[]"", ""version_id"": ""v6.18""}",,,,
rust_lifetime_facts-044,rust_lifetime_facts,AREF,.binddrift/worktrees/v6.16/rust/kernel/opp.rs,367,"{""evidence_text"": ""required_dev: Option<(ARef<Device>, u32)>,"", ""fact_type"": ""AREF"", ""line"": 367, ""rust_file"": "".binddrift/worktrees/v6.16/rust/kernel/opp.rs"", ""rust_type"": ""Config"", ""uses_bindings"": ""[]"", ""version_id"": ""v6.16""}",,,,
rust_lifetime_facts-045,rust_lifetime_facts,OPAQUE,.binddrift/worktrees/v6.19/rust/kernel/revocable.rs,70,"{""evidence_text"": ""data: Opaque<T>,"", ""fact_type"": ""OPAQUE"", ""line"": 70, ""rust_file"": "".binddrift/worktrees/v6.19/rust/kernel/revocable.rs"", ""rust_type"": ""Revocable"", ""uses_bindings"": ""[]"", ""version_id"": ""v6.19""}",,,,
rust_lifetime_facts-046,rust_lifetime_facts,FOREIGN_OWNABLE,.binddrift/worktrees/v6.19/rust/kernel/devres.rs,17,"{""evidence_text"": ""types::{ForeignOwnable, Opaque, ScopeGuard},"", ""fact_type"": ""FOREIGN_OWNABLE"", ""line"": 17, ""rust_file"": "".binddrift/worktrees/v6.19/rust/kernel/devres.rs"", ""rust_type"": null, ""uses_bindings"": ""[]"", ""version_id"": ""v6.19""}",,,,
rust_lifetime_facts-047,rust_lifetime_facts,AS_PTR,.binddrift/worktrees/v6.18/rust/kernel/pid_namespace.rs,26,"{""evidence_text"": ""pub fn as_ptr(&self) -> *mut bindings::pid_namespace {"", ""fact_type"": ""AS_PTR"", ""line"": 26, ""rust_file"": "".binddrift/worktrees/v6.18/rust/kernel/pid_namespace.rs"", ""rust_type"": ""PidNamespace"", ""uses_bindings"": ""[\""pid_namespace\""]"", ""version_id"": ""v6.18""}",,,,
rust_lifetime_facts-048,rust_lifetime_facts,FOREIGN_OWNABLE,.binddrift/worktrees/v6.18/rust/kernel/xarray.rs,87,"{""evidence_text"": ""impl<T: ForeignOwnable> XArray<T> {"", ""fact_type"": ""FOREIGN_OWNABLE"", ""line"": 87, ""rust_file"": "".binddrift/worktrees/v6.18/rust/kernel/xarray.rs"", ""rust_type"": ""XArray<T>"", ""uses_bindings"": ""[]"", ""version_id"": ""v6.18""}",,,,
rust_lifetime_facts-049,rust_lifetime_facts,INTO_RAW,.binddrift/worktrees/v6.19/rust/kernel/alloc/kbox.rs,231,"{""evidence_text"": ""let raw = Self::into_raw(self);"", ""fact_type"": ""INTO_RAW"", ""line"": 231, ""rust_file"": "".binddrift/worktrees/v6.19/rust/kernel/alloc/kbox.rs"", ""rust_type"": ""Box<MaybeUninit<T>, A>"", ""uses_bindings"": ""[]"", ""version_id"": ""v6.19""}",,,,
rust_lifetime_facts-050,rust_lifetime_facts,AS_PTR,.binddrift/worktrees/v6.19/rust/kernel/rbtree.rs,840,"{""evidence_text"": ""let this = unsafe { container_of!(node.as_ptr(), Node<K, V>, links) };"", ""fact_type"": ""AS_PTR"", ""line"": 840, ""rust_file"": "".binddrift/worktrees/v6.19/rust/kernel/rbtree.rs"", ""rust_type"": ""Cursor<'a, K, V>"", ""uses_bindings"": ""[\""rb_node\""]"", ""version_id"": ""v6.19""}",,,,
promoted_warnings-001,promoted_warnings,atomic64_fetch_sub_acquire,rust/helpers/atomic.c,,"{""c_evidence"": null, ""evidence_chain"": [{""changed_files"": ""[\""rust/helpers/atomic.c\"", \""rust/helpers/helpers.c\"", \""scripts/atomic/gen-atomics.sh\"", \""scripts/atomic/gen-rust-atomic-helpers.sh\""]"", ""commit_id"": ""fdd7c7e0d2ab3987882c570612d4622f437292c7"", ""date"": ""2025-09-04T21:41:28-07:00"", ""matched_symbols"": ""[\""atomic64_add\"", \""atomic64_add_negative\"", \""atomic64_add_negative_acquire\"", \""atomic64_add_negative_relaxed\"", \""atomic64_add_negative_release\"", \""atomic64_add_return\"", \""atomic64_add_return_acquire\"", \""atomic64_add_return_relaxed\"", \""atomic64_add_return_release\"", \""atomic64_add_unless\"", \""atomic64_and\"", \""atomic64_andnot\"", \""atomic64_cmpxchg\"", \""atomic64_cmpxchg_acquire\"", \""atomic64_cmpxchg_relaxed\"", \""atomic64_cmpxchg_release\"", \""atomic64_dec\"", \""atomic64_dec_and_test\"", \""atomic64_dec_if_positive\"", \""atomic64_dec_return\"", \""atomic64_dec_return_acquire\"", \""atomic64_dec_return_relaxed\"", \""atomic64_dec_return_release\"", \""atomic64_dec_unless_positive\"", \""atomic64_fetch_add\"", \""atomic64_fetch_add_acquire\"", \""atomic64_fetch_add_relaxed\"", \""atomic64_fetch_add_release\"", \""atomic64_fetch_add_unless\"", \""atomic64_fetch_and\"", \""atomic64_fetch_and_acquire\"", \""atomic64_fetch_and_relaxed\"", \""atomic64_fetch_and_release\"", \""atomic64_fetch_andnot\"", \""atomic64_fetch_andnot_acquire\"", \""atomic64_fetch_andnot_relaxed\"", \""atomic64_fetch_andnot_release\"", \""atomic64_fetch_dec\"", \""atomic64_fetch_dec_acquire\"", \""atomic64_fetch_dec_relaxed\"", \""atomic64_fetch_dec_release\"", \""atomic64_fetch_inc\"", \""atomic64_fetch_inc_acquire\"", \""atomic64_fetch_inc_relaxed\"", \""atomic64_fetch_inc_release\"", \""atomic64_fetch_or\"", \""atomic64_fetch_or_acquire\"", \""atomic64_fetch_or_relaxed\"", \""atomic64_fetch_or_release\"", \""atomic64_fetch_sub\"", \""atomic64_fetch_sub_acquire\"", \""atomic64_fetch_sub_relaxed\"", \""atomic64_fetch_sub_release\"", \""atomic64_fetch_xor\"", \""atomic64_fetch_xor_acquire\"", \""atomic64_fetch_xor_relaxed\"", \""atomic64_fetch_xor_release\"", \""atomic64_inc\"", \""atomic64_inc_and_test\"", \""atomic64_inc_not_zero\"", \""atomic64_inc_return\"", \""atomic64_inc_return_acquire\"", \""atomic64_inc_return_relaxed\"", \""atomic64_inc_return_release\"", \""atomic64_inc_unless_negative\"", \""atomic64_or\"", \""atomic64_read\"", \""atomic64_read_acquire\"", \""atomic64_set\"", \""atomic64_set_release\"", \""atomic64_sub\"", \""atomic64_sub_and_test\"", \""atomic64_sub_return\"", \""atomic64_sub_return_acquire\"", \""atomic64_sub_return_relaxed\"", \""atomic64_sub_return_release\"", \""atomic64_try_cmpxchg\"", \""atomic64_try_cmpxchg_acquire\"", \""atomic64_try_cmpxchg_relaxed\"", \""atomic64_try_cmpxchg_release\"", \""atomic64_xchg\"", \""atomic64_xchg_acquire\"", \""atomic64_xchg_relaxed\"", \""atomic64_xchg_release\"", \""atomic64_xor\"", \""atomic_add\"", \""atomic_add_negative\"", \""atomic_add_negative_acquire\"", \""atomic_add_negative_relaxed\"", \""atomic_add_negative_release\"", \""atomic_add_return\"", \""atomic_add_return_acquire\"", \""atomic_add_return_relaxed\"", \""atomic_add_return_release\"", \""atomic_add_unless\"", \""atomic_and\"", \""atomic_andnot\"", \""atomic_cmpxchg\"", \""atomic_cmpxchg_acquire\"", \""atomic_cmpxchg_relaxed\"", \""atomic_cmpxchg_release\"", \""atomic_dec\"", \""atomic_dec_and_test\"", \""atomic_dec_if_positive\"", \""atomic_dec_return\"", \""atomic_dec_return_acquire\"", \""atomic_dec_return_relaxed\"", \""atomic_dec_return_release\"", \""atomic_dec_unless_positive\"", \""atomic_fetch_add\"", \""atomic_fetch_add_acquire\"", \""atomic_fetch_add_relaxed\"", \""atomic_fetch_add_release\"", \""atomic_fetch_add_unless\"", \""atomic_fetch_and\"", \""atomic_fetch_and_acquire\"", \""atomic_fetch_and_relaxed\"", \""atomic_fetch_and_release\"", \""atomic_fetch_andnot\"", \""atomic_fetch_andnot_acquire\"", \""atomic_fetch_andnot_relaxed\"", \""atomic_fetch_andnot_release\"", \""atomic_fetch_dec\"", \""atomic_fetch_dec_acquire\"", \""atomic_fetch_dec_relaxed\"", \""atomic_fetch_dec_release\"", \""atomic_fetch_inc\"", \""atomic_fetch_inc_acquire\"", \""atomic_fetch_inc_relaxed\"", \""atomic_fetch_inc_release\"", \""atomic_fetch_or\"", \""atomic_fetch_or_acquire\"", \""atomic_fetch_or_relaxed\"", \""atomic_fetch_or_release\"", \""atomic_fetch_sub\"", \""atomic_fetch_sub_acquire\"", \""atomic_fetch_sub_relaxed\"", \""atomic_fetch_sub_release\"", \""atomic_fetch_xor\"", \""atomic_fetch_xor_acquire\"", \""atomic_fetch_xor_relaxed\"", \""atomic_fetch_xor_release\"", \""atomic_inc\"", \""atomic_inc_and_test\"", \""atomic_inc_not_zero\"", \""atomic_inc_return\"", \""atomic_inc_return_acquire\"", \""atomic_inc_return_relaxed\"", \""atomic_inc_return_release\"", \""atomic_inc_unless_negative\"", \""atomic_or\"", \""atomic_read\"", \""atomic_read_acquire\"", \""atomic_set\"", \""atomic_set_release\"", \""atomic_sub\"", \""atomic_sub_and_test\"", \""atomic_sub_return\"", \""atomic_sub_return_acquire\"", \""atomic_sub_return_relaxed\"", \""atomic_sub_return_release\"", \""atomic_try_cmpxchg\"", \""atomic_try_cmpxchg_acquire\"", \""atomic_try_cmpxchg_relaxed\"", \""atomic_try_cmpxchg_release\"", \""atomic_xchg\"", \""atomic_xchg_acquire\"", \""atomic_xchg_relaxed\"", \""atomic_xchg_release\"", \""atomic_xor\""]"", ""oracle_type"": ""wrapper_fix"", ""subject"": ""rust: Introduce atomic API helpers""}], ""evidence_location"": {""file"": ""rust/helpers/atomic.c"", ""line"": """", ""source"": ""changed_files""}, ""pair_id"": ""latest-p017-v6.17-to-v6.18"", ""promotion_reasons"": [""oracle_hit""], ""rust_side"": {""exposure"": {""edge_count"": 1, ""edges"": [{""dst"": ""RustBindingFunction:atomic64_fetch_sub_acquire"", ""edge_type"": ""GENERATED_FROM"", ""properties"": ""{}"", ""src"": ""CFunction:atomic64_fetch_sub_acquire"", ""version_id"": ""v6.18""}]}, ""oracle_hits"": [{""changed_files"": ""[\""rust/helpers/atomic.c\"", \""rust/helpers/helpers.c\"", \""scripts/atomic/gen-atomics.sh\"", \""scripts/atomic/gen-rust-atomic-helpers.sh\""]"", ""commit_id"": ""fdd7c7e0d2ab3987882c570612d4622f437292c7"", ""date"": ""2025-09-04T21:41:28-07:00"", ""matched_symbols"": ""[\""atomic64_add\"", \""atomic64_add_negative\"", \""atomic64_add_negative_acquire\"", \""atomic64_add_negative_relaxed\"", \""atomic64_add_negative_release\"", \""atomic64_add_return\"", \""atomic64_add_return_acquire\"", \""atomic64_add_return_relaxed\"", \""atomic64_add_return_release\"", \""atomic64_add_unless\"", \""atomic64_and\"", \""atomic64_andnot\"", \""atomic64_cmpxchg\"", \""atomic64_cmpxchg_acquire\"", \""atomic64_cmpxchg_relaxed\"", \""atomic64_cmpxchg_release\"", \""atomic64_dec\"", \""atomic64_dec_and_test\"", \""atomic64_dec_if_positive\"", \""atomic64_dec_return\"", \""atomic64_dec_return_acquire\"", \""atomic64_dec_return_relaxed\"", \""atomic64_dec_return_release\"", \""atomic64_dec_unless_positive\"", \""atomic64_fetch_add\"", \""atomic64_fetch_add_acquire\"", \""atomic64_fetch_add_relaxed\"", \""atomic64_fetch_add_release\"", \""atomic64_fetch_add_unless\"", \""atomic64_fetch_and\"", \""atomic64_fetch_and_acquire\"", \""atomic64_fetch_and_relaxed\"", \""atomic64_fetch_and_release\"", \""atomic64_fetch_andnot\"", \""atomic64_fetch_andnot_acquire\"", \""atomic64_fetch_andnot_relaxed\"", \""atomic64_fetch_andnot_release\"", \""atomic64_fetch_dec\"", \""atomic64_fetch_dec_acquire\"", \""atomic64_fetch_dec_relaxed\"", \""atomic64_fetch_dec_release\"", \""atomic64_fetch_inc\"", \""atomic64_fetch_inc_acquire\"", \""atomic64_fetch_inc_relaxed\"", \""atomic64_fetch_inc_release\"", \""atomic64_fetch_or\"", \""atomic64_fetch_or_acquire\"", \""atomic64_fetch_or_relaxed\"", \""atomic64_fetch_or_release\"", \""atomic64_fetch_sub\"", \""atomic64_fetch_sub_acquire\"", \""atomic64_fetch_sub_relaxed\"", \""atomic64_fetch_sub_release\"", \""atomic64_fetch_xor\"", \""atomic64_fetch_xor_acquire\"", \""atomic64_fetch_xor_relaxed\"", \""atomic64_fetch_xor_release\"", \""atomic64_inc\"", \""atomic64_inc_and_test\"", \""atomic64_inc_not_zero\"", \""atomic64_inc_return\"", \""atomic64_inc_return_acquire\"", \""atomic64_inc_return_relaxed\"", \""atomic64_inc_return_release\"", \""atomic64_inc_unless_negative\"", \""atomic64_or\"", \""atomic64_read\"", \""atomic64_read_acquire\"", \""atomic64_set\"", \""atomic64_set_release\"", \""atomic64_sub\"", \""atomic64_sub_and_test\"", \""atomic64_sub_return\"", \""atomic64_sub_return_acquire\"", \""atomic64_sub_return_relaxed\"", \""atomic64_sub_return_release\"", \""atomic64_try_cmpxchg\"", \""atomic64_try_cmpxchg_acquire\"", \""atomic64_try_cmpxchg_relaxed\"", \""atomic64_try_cmpxchg_release\"", \""atomic64_xchg\"", \""atomic64_xchg_acquire\"", \""atomic64_xchg_relaxed\"", \""atomic64_xchg_release\"", \""atomic64_xor\"", \""atomic_add\"", \""atomic_add_negative\"", \""atomic_add_negative_acquire\"", \""atomic_add_negative_relaxed\"", \""atomic_add_negative_release\"", \""atomic_add_return\"", \""atomic_add_return_acquire\"", \""atomic_add_return_relaxed\"", \""atomic_add_return_release\"", \""atomic_add_unless\"", \""atomic_and\"", \""atomic_andnot\"", \""atomic_cmpxchg\"", \""atomic_cmpxchg_acquire\"", \""atomic_cmpxchg_relaxed\"", \""atomic_cmpxchg_release\"", \""atomic_dec\"", \""atomic_dec_and_test\"", \""atomic_dec_if_positive\"", \""atomic_dec_return\"", \""atomic_dec_return_acquire\"", \""atomic_dec_return_relaxed\"", \""atomic_dec_return_release\"", \""atomic_dec_unless_positive\"", \""atomic_fetch_add\"", \""atomic_fetch_add_acquire\"", \""atomic_fetch_add_relaxed\"", \""atomic_fetch_add_release\"", \""atomic_fetch_add_unless\"", \""atomic_fetch_and\"", \""atomic_fetch_and_acquire\"", \""atomic_fetch_and_relaxed\"", \""atomic_fetch_and_release\"", \""atomic_fetch_andnot\"", \""atomic_fetch_andnot_acquire\"", \""atomic_fetch_andnot_relaxed\"", \""atomic_fetch_andnot_release\"", \""atomic_fetch_dec\"", \""atomic_fetch_dec_acquire\"", \""atomic_fetch_dec_relaxed\"", \""atomic_fetch_dec_release\"", \""atomic_fetch_inc\"", \""atomic_fetch_inc_acquire\"", \""atomic_fetch_inc_relaxed\"", \""atomic_fetch_inc_release\"", \""atomic_fetch_or\"", \""atomic_fetch_or_acquire\"", \""atomic_fetch_or_relaxed\"", \""atomic_fetch_or_release\"", \""atomic_fetch_sub\"", \""atomic_fetch_sub_acquire\"", \""atomic_fetch_sub_relaxed\"", \""atomic_fetch_sub_release\"", \""atomic_fetch_xor\"", \""atomic_fetch_xor_acquire\"", \""atomic_fetch_xor_relaxed\"", \""atomic_fetch_xor_release\"", \""atomic_inc\"", \""atomic_inc_and_test\"", \""atomic_inc_not_zero\"", \""atomic_inc_return\"", \""atomic_inc_return_acquire\"", \""atomic_inc_return_relaxed\"", \""atomic_inc_return_release\"", \""atomic_inc_unless_negative\"", \""atomic_or\"", \""atomic_read\"", \""atomic_read_acquire\"", \""atomic_set\"", \""atomic_set_release\"", \""atomic_sub\"", \""atomic_sub_and_test\"", \""atomic_sub_return\"", \""atomic_sub_return_acquire\"", \""atomic_sub_return_relaxed\"", \""atomic_sub_return_release\"", \""atomic_try_cmpxchg\"", \""atomic_try_cmpxchg_acquire\"", \""atomic_try_cmpxchg_relaxed\"", \""atomic_try_cmpxchg_release\"", \""atomic_xchg\"", \""atomic_xchg_acquire\"", \""atomic_xchg_relaxed\"", \""atomic_xchg_release\"", \""atomic_xor\""]"", ""oracle_type"": ""wrapper_fix"", ""subject"": ""rust: Introduce atomic API helpers""}]}, ""score"": -8.0, ""type"": ""SignatureDrift"", ""warning_id"": ""W-000053"", ""warning_uid"": ""fd8413f9220fe84bac2a97609d08dcf875f3f7c922f085aa51b7ff3d1265e584""}",,,,missing concrete evidence line
promoted_warnings-002,promoted_warnings,VM_HUGETLB,.binddrift/worktrees/v6.19/rust/kernel/mm/virt.rs,440,"{""c_evidence"": null, ""evidence_chain"": [{""line"": 440, ""nearby_api"": ""VmaNew::try_clear_mayexec"", ""rust_file"": "".binddrift/worktrees/v6.19/rust/kernel/mm/virt.rs"", ""text"": ""/// Should the VM suppress accounting.""}], ""evidence_location"": {""file"": "".binddrift/worktrees/v6.19/rust/kernel/mm/virt.rs"", ""line"": ""440"", ""source"": ""evidence""}, ""pair_id"": ""latest-p018-v6.18-to-v6.19"", ""promotion_reasons"": [""direct_binding_use"", ""has_safety_comment""], ""rust_side"": {""exposure"": {""edge_count"": 3, ""edges"": [{""dst"": ""RustBindingConst:VM_HUGETLB"", ""edge_type"": ""GENERATED_FROM"", ""properties"": ""{}"", ""src"": ""CMacro:VM_HUGETLB"", ""version_id"": ""v6.19""}, {""dst"": ""RustSafetyComment:.binddrift/worktrees/v6.19/rust/kernel/mm/virt.rs:440"", ""edge_type"": ""HAS_SAFETY_COMMENT"", ""properties"": ""{}"", ""src"": ""RustBindingFunction:VM_HUGETLB"", ""version_id"": ""v6.19""}, {""dst"": ""RustUnsafeCall:.binddrift/worktrees/v6.19/rust/kernel/mm/virt.rs:444:VM_HUGETLB"", ""edge_type"": ""CALLS_BINDING"", ""properties"": ""{}"", ""src"": ""RustBindingFunction:VM_HUGETLB"", ""version_id"": ""v6.19""}]}, ""safety_comments"": [{""line"": 440, ""nearby_api"": ""VmaNew::try_clear_mayexec"", ""rust_file"": "".binddrift/worktrees/v6.19/rust/kernel/mm/virt.rs"", ""text"": ""/// Should the VM suppress accounting.""}], ""uses"": [{""enclosing_function"": null, ""enclosing_impl"": null, ""enclosing_type"": null, ""enclosing_unsafe_block"": 0, ""line"": 444, ""rust_file"": "".binddrift/worktrees/v6.19/rust/kernel/mm/virt.rs""}]}, ""score"": 10.0, ""type"": ""MacroConstDrift"", ""warning_id"": ""W-000010"", ""warning_uid"": ""963e9c3f245df7dbddfb6510d5bdce385baa52647a535cc89dea31e01644d642""}",,,,
promoted_warnings-003,promoted_warnings,atomic_inc_return_release,rust/helpers/atomic.c,,"{""c_evidence"": null, ""evidence_chain"": [{""changed_files"": ""[\""rust/helpers/atomic.c\"", \""rust/helpers/helpers.c\"", \""scripts/atomic/gen-atomics.sh\"", \""scripts/atomic/gen-rust-atomic-helpers.sh\""]"", ""commit_id"": ""fdd7c7e0d2ab3987882c570612d4622f437292c7"", ""date"": ""2025-09-04T21:41:28-07:00"", ""matched_symbols"": ""[\""atomic64_add\"", \""atomic64_add_negative\"", \""atomic64_add_negative_acquire\"", \""atomic64_add_negative_relaxed\"", \""atomic64_add_negative_release\"", \""atomic64_add_return\"", \""atomic64_add_return_acquire\"", \""atomic64_add_return_relaxed\"", \""atomic64_add_return_release\"", \""atomic64_add_unless\"", \""atomic64_and\"", \""atomic64_andnot\"", \""atomic64_cmpxchg\"", \""atomic64_cmpxchg_acquire\"", \""atomic64_cmpxchg_relaxed\"", \""atomic64_cmpxchg_release\"", \""atomic64_dec\"", \""atomic64_dec_and_test\"", \""atomic64_dec_if_positive\"", \""atomic64_dec_return\"", \""atomic64_dec_return_acquire\"", \""atomic64_dec_return_relaxed\"", \""atomic64_dec_return_release\"", \""atomic64_dec_unless_positive\"", \""atomic64_fetch_add\"", \""atomic64_fetch_add_acquire\"", \""atomic64_fetch_add_relaxed\"", \""atomic64_fetch_add_release\"", \""atomic64_fetch_add_unless\"", \""atomic64_fetch_and\"", \""atomic64_fetch_and_acquire\"", \""atomic64_fetch_and_relaxed\"", \""atomic64_fetch_and_release\"", \""atomic64_fetch_andnot\"", \""atomic64_fetch_andnot_acquire\"", \""atomic64_fetch_andnot_relaxed\"", \""atomic64_fetch_andnot_release\"", \""atomic64_fetch_dec\"", \""atomic64_fetch_dec_acquire\"", \""atomic64_fetch_dec_relaxed\"", \""atomic64_fetch_dec_release\"", \""atomic64_fetch_inc\"", \""atomic64_fetch_inc_acquire\"", \""atomic64_fetch_inc_relaxed\"", \""atomic64_fetch_inc_release\"", \""atomic64_fetch_or\"", \""atomic64_fetch_or_acquire\"", \""atomic64_fetch_or_relaxed\"", \""atomic64_fetch_or_release\"", \""atomic64_fetch_sub\"", \""atomic64_fetch_sub_acquire\"", \""atomic64_fetch_sub_relaxed\"", \""atomic64_fetch_sub_release\"", \""atomic64_fetch_xor\"", \""atomic64_fetch_xor_acquire\"", \""atomic64_fetch_xor_relaxed\"", \""atomic64_fetch_xor_release\"", \""atomic64_inc\"", \""atomic64_inc_and_test\"", \""atomic64_inc_not_zero\"", \""atomic64_inc_return\"", \""atomic64_inc_return_acquire\"", \""atomic64_inc_return_relaxed\"", \""atomic64_inc_return_release\"", \""atomic64_inc_unless_negative\"", \""atomic64_or\"", \""atomic64_read\"", \""atomic64_read_acquire\"", \""atomic64_set\"", \""atomic64_set_release\"", \""atomic64_sub\"", \""atomic64_sub_and_test\"", \""atomic64_sub_return\"", \""atomic64_sub_return_acquire\"", \""atomic64_sub_return_relaxed\"", \""atomic64_sub_return_release\"", \""atomic64_try_cmpxchg\"", \""atomic64_try_cmpxchg_acquire\"", \""atomic64_try_cmpxchg_relaxed\"", \""atomic64_try_cmpxchg_release\"", \""atomic64_xchg\"", \""atomic64_xchg_acquire\"", \""atomic64_xchg_relaxed\"", \""atomic64_xchg_release\"", \""atomic64_xor\"", \""atomic_add\"", \""atomic_add_negative\"", \""atomic_add_negative_acquire\"", \""atomic_add_negative_relaxed\"", \""atomic_add_negative_release\"", \""atomic_add_return\"", \""atomic_add_return_acquire\"", \""atomic_add_return_relaxed\"", \""atomic_add_return_release\"", \""atomic_add_unless\"", \""atomic_and\"", \""atomic_andnot\"", \""atomic_cmpxchg\"", \""atomic_cmpxchg_acquire\"", \""atomic_cmpxchg_relaxed\"", \""atomic_cmpxchg_release\"", \""atomic_dec\"", \""atomic_dec_and_test\"", \""atomic_dec_if_positive\"", \""atomic_dec_return\"", \""atomic_dec_return_acquire\"", \""atomic_dec_return_relaxed\"", \""atomic_dec_return_release\"", \""atomic_dec_unless_positive\"", \""atomic_fetch_add\"", \""atomic_fetch_add_acquire\"", \""atomic_fetch_add_relaxed\"", \""atomic_fetch_add_release\"", \""atomic_fetch_add_unless\"", \""atomic_fetch_and\"", \""atomic_fetch_and_acquire\"", \""atomic_fetch_and_relaxed\"", \""atomic_fetch_and_release\"", \""atomic_fetch_andnot\"", \""atomic_fetch_andnot_acquire\"", \""atomic_fetch_andnot_relaxed\"", \""atomic_fetch_andnot_release\"", \""atomic_fetch_dec\"", \""atomic_fetch_dec_acquire\"", \""atomic_fetch_dec_relaxed\"", \""atomic_fetch_dec_release\"", \""atomic_fetch_inc\"", \""atomic_fetch_inc_acquire\"", \""atomic_fetch_inc_relaxed\"", \""atomic_fetch_inc_release\"", \""atomic_fetch_or\"", \""atomic_fetch_or_acquire\"", \""atomic_fetch_or_relaxed\"", \""atomic_fetch_or_release\"", \""atomic_fetch_sub\"", \""atomic_fetch_sub_acquire\"", \""atomic_fetch_sub_relaxed\"", \""atomic_fetch_sub_release\"", \""atomic_fetch_xor\"", \""atomic_fetch_xor_acquire\"", \""atomic_fetch_xor_relaxed\"", \""atomic_fetch_xor_release\"", \""atomic_inc\"", \""atomic_inc_and_test\"", \""atomic_inc_not_zero\"", \""atomic_inc_return\"", \""atomic_inc_return_acquire\"", \""atomic_inc_return_relaxed\"", \""atomic_inc_return_release\"", \""atomic_inc_unless_negative\"", \""atomic_or\"", \""atomic_read\"", \""atomic_read_acquire\"", \""atomic_set\"", \""atomic_set_release\"", \""atomic_sub\"", \""atomic_sub_and_test\"", \""atomic_sub_return\"", \""atomic_sub_return_acquire\"", \""atomic_sub_return_relaxed\"", \""atomic_sub_return_release\"", \""atomic_try_cmpxchg\"", \""atomic_try_cmpxchg_acquire\"", \""atomic_try_cmpxchg_relaxed\"", \""atomic_try_cmpxchg_release\"", \""atomic_xchg\"", \""atomic_xchg_acquire\"", \""atomic_xchg_relaxed\"", \""atomic_xchg_release\"", \""atomic_xor\""]"", ""oracle_type"": ""wrapper_fix"", ""subject"": ""rust: Introduce atomic API helpers""}], ""evidence_location"": {""file"": ""rust/helpers/atomic.c"", ""line"": """", ""source"": ""changed_files""}, ""pair_id"": ""latest-p017-v6.17-to-v6.18"", ""promotion_reasons"": [""oracle_hit""], ""rust_side"": {""exposure"": {""edge_count"": 1, ""edges"": [{""dst"": ""RustBindingFunction:atomic_inc_return_release"", ""edge_type"": ""GENERATED_FROM"", ""properties"": ""{}"", ""src"": ""CFunction:atomic_inc_return_release"", ""version_id"": ""v6.18""}]}, ""oracle_hits"": [{""changed_files"": ""[\""rust/helpers/atomic.c\"", \""rust/helpers/helpers.c\"", \""scripts/atomic/gen-atomics.sh\"", \""scripts/atomic/gen-rust-atomic-helpers.sh\""]"", ""commit_id"": ""fdd7c7e0d2ab3987882c570612d4622f437292c7"", ""date"": ""2025-09-04T21:41:28-07:00"", ""matched_symbols"": ""[\""atomic64_add\"", \""atomic64_add_negative\"", \""atomic64_add_negative_acquire\"", \""atomic64_add_negative_relaxed\"", \""atomic64_add_negative_release\"", \""atomic64_add_return\"", \""atomic64_add_return_acquire\"", \""atomic64_add_return_relaxed\"", \""atomic64_add_return_release\"", \""atomic64_add_unless\"", \""atomic64_and\"", \""atomic64_andnot\"", \""atomic64_cmpxchg\"", \""atomic64_cmpxchg_acquire\"", \""atomic64_cmpxchg_relaxed\"", \""atomic64_cmpxchg_release\"", \""atomic64_dec\"", \""atomic64_dec_and_test\"", \""atomic64_dec_if_positive\"", \""atomic64_dec_return\"", \""atomic64_dec_return_acquire\"", \""atomic64_dec_return_relaxed\"", \""atomic64_dec_return_release\"", \""atomic64_dec_unless_positive\"", \""atomic64_fetch_add\"", \""atomic64_fetch_add_acquire\"", \""atomic64_fetch_add_relaxed\"", \""atomic64_fetch_add_release\"", \""atomic64_fetch_add_unless\"", \""atomic64_fetch_and\"", \""atomic64_fetch_and_acquire\"", \""atomic64_fetch_and_relaxed\"", \""atomic64_fetch_and_release\"", \""atomic64_fetch_andnot\"", \""atomic64_fetch_andnot_acquire\"", \""atomic64_fetch_andnot_relaxed\"", \""atomic64_fetch_andnot_release\"", \""atomic64_fetch_dec\"", \""atomic64_fetch_dec_acquire\"", \""atomic64_fetch_dec_relaxed\"", \""atomic64_fetch_dec_release\"", \""atomic64_fetch_inc\"", \""atomic64_fetch_inc_acquire\"", \""atomic64_fetch_inc_relaxed\"", \""atomic64_fetch_inc_release\"", \""atomic64_fetch_or\"", \""atomic64_fetch_or_acquire\"", \""atomic64_fetch_or_relaxed\"", \""atomic64_fetch_or_release\"", \""atomic64_fetch_sub\"", \""atomic64_fetch_sub_acquire\"", \""atomic64_fetch_sub_relaxed\"", \""atomic64_fetch_sub_release\"", \""atomic64_fetch_xor\"", \""atomic64_fetch_xor_acquire\"", \""atomic64_fetch_xor_relaxed\"", \""atomic64_fetch_xor_release\"", \""atomic64_inc\"", \""atomic64_inc_and_test\"", \""atomic64_inc_not_zero\"", \""atomic64_inc_return\"", \""atomic64_inc_return_acquire\"", \""atomic64_inc_return_relaxed\"", \""atomic64_inc_return_release\"", \""atomic64_inc_unless_negative\"", \""atomic64_or\"", \""atomic64_read\"", \""atomic64_read_acquire\"", \""atomic64_set\"", \""atomic64_set_release\"", \""atomic64_sub\"", \""atomic64_sub_and_test\"", \""atomic64_sub_return\"", \""atomic64_sub_return_acquire\"", \""atomic64_sub_return_relaxed\"", \""atomic64_sub_return_release\"", \""atomic64_try_cmpxchg\"", \""atomic64_try_cmpxchg_acquire\"", \""atomic64_try_cmpxchg_relaxed\"", \""atomic64_try_cmpxchg_release\"", \""atomic64_xchg\"", \""atomic64_xchg_acquire\"", \""atomic64_xchg_relaxed\"", \""atomic64_xchg_release\"", \""atomic64_xor\"", \""atomic_add\"", \""atomic_add_negative\"", \""atomic_add_negative_acquire\"", \""atomic_add_negative_relaxed\"", \""atomic_add_negative_release\"", \""atomic_add_return\"", \""atomic_add_return_acquire\"", \""atomic_add_return_relaxed\"", \""atomic_add_return_release\"", \""atomic_add_unless\"", \""atomic_and\"", \""atomic_andnot\"", \""atomic_cmpxchg\"", \""atomic_cmpxchg_acquire\"", \""atomic_cmpxchg_relaxed\"", \""atomic_cmpxchg_release\"", \""atomic_dec\"", \""atomic_dec_and_test\"", \""atomic_dec_if_positive\"", \""atomic_dec_return\"", \""atomic_dec_return_acquire\"", \""atomic_dec_return_relaxed\"", \""atomic_dec_return_release\"", \""atomic_dec_unless_positive\"", \""atomic_fetch_add\"", \""atomic_fetch_add_acquire\"", \""atomic_fetch_add_relaxed\"", \""atomic_fetch_add_release\"", \""atomic_fetch_add_unless\"", \""atomic_fetch_and\"", \""atomic_fetch_and_acquire\"", \""atomic_fetch_and_relaxed\"", \""atomic_fetch_and_release\"", \""atomic_fetch_andnot\"", \""atomic_fetch_andnot_acquire\"", \""atomic_fetch_andnot_relaxed\"", \""atomic_fetch_andnot_release\"", \""atomic_fetch_dec\"", \""atomic_fetch_dec_acquire\"", \""atomic_fetch_dec_relaxed\"", \""atomic_fetch_dec_release\"", \""atomic_fetch_inc\"", \""atomic_fetch_inc_acquire\"", \""atomic_fetch_inc_relaxed\"", \""atomic_fetch_inc_release\"", \""atomic_fetch_or\"", \""atomic_fetch_or_acquire\"", \""atomic_fetch_or_relaxed\"", \""atomic_fetch_or_release\"", \""atomic_fetch_sub\"", \""atomic_fetch_sub_acquire\"", \""atomic_fetch_sub_relaxed\"", \""atomic_fetch_sub_release\"", \""atomic_fetch_xor\"", \""atomic_fetch_xor_acquire\"", \""atomic_fetch_xor_relaxed\"", \""atomic_fetch_xor_release\"", \""atomic_inc\"", \""atomic_inc_and_test\"", \""atomic_inc_not_zero\"", \""atomic_inc_return\"", \""atomic_inc_return_acquire\"", \""atomic_inc_return_relaxed\"", \""atomic_inc_return_release\"", \""atomic_inc_unless_negative\"", \""atomic_or\"", \""atomic_read\"", \""atomic_read_acquire\"", \""atomic_set\"", \""atomic_set_release\"", \""atomic_sub\"", \""atomic_sub_and_test\"", \""atomic_sub_return\"", \""atomic_sub_return_acquire\"", \""atomic_sub_return_relaxed\"", \""atomic_sub_return_release\"", \""atomic_try_cmpxchg\"", \""atomic_try_cmpxchg_acquire\"", \""atomic_try_cmpxchg_relaxed\"", \""atomic_try_cmpxchg_release\"", \""atomic_xchg\"", \""atomic_xchg_acquire\"", \""atomic_xchg_relaxed\"", \""atomic_xchg_release\"", \""atomic_xor\""]"", ""oracle_type"": ""wrapper_fix"", ""subject"": ""rust: Introduce atomic API helpers""}]}, ""score"": -8.0, ""type"": ""SignatureDrift"", ""warning_id"": ""W-000151"", ""warning_uid"": ""920094c2a7c89029bb765375817f526788d111c30d627f224aa0be087643d0b3""}",,,,missing concrete evidence line
promoted_warnings-004,promoted_warnings,atomic_set,rust/helpers/atomic.c,,"{""c_evidence"": null, ""evidence_chain"": [{""changed_files"": ""[\""rust/helpers/atomic.c\"", \""rust/helpers/helpers.c\"", \""scripts/atomic/gen-atomics.sh\"", \""scripts/atomic/gen-rust-atomic-helpers.sh\""]"", ""commit_id"": ""fdd7c7e0d2ab3987882c570612d4622f437292c7"", ""date"": ""2025-09-04T21:41:28-07:00"", ""matched_symbols"": ""[\""atomic64_add\"", \""atomic64_add_negative\"", \""atomic64_add_negative_acquire\"", \""atomic64_add_negative_relaxed\"", \""atomic64_add_negative_release\"", \""atomic64_add_return\"", \""atomic64_add_return_acquire\"", \""atomic64_add_return_relaxed\"", \""atomic64_add_return_release\"", \""atomic64_add_unless\"", \""atomic64_and\"", \""atomic64_andnot\"", \""atomic64_cmpxchg\"", \""atomic64_cmpxchg_acquire\"", \""atomic64_cmpxchg_relaxed\"", \""atomic64_cmpxchg_release\"", \""atomic64_dec\"", \""atomic64_dec_and_test\"", \""atomic64_dec_if_positive\"", \""atomic64_dec_return\"", \""atomic64_dec_return_acquire\"", \""atomic64_dec_return_relaxed\"", \""atomic64_dec_return_release\"", \""atomic64_dec_unless_positive\"", \""atomic64_fetch_add\"", \""atomic64_fetch_add_acquire\"", \""atomic64_fetch_add_relaxed\"", \""atomic64_fetch_add_release\"", \""atomic64_fetch_add_unless\"", \""atomic64_fetch_and\"", \""atomic64_fetch_and_acquire\"", \""atomic64_fetch_and_relaxed\"", \""atomic64_fetch_and_release\"", \""atomic64_fetch_andnot\"", \""atomic64_fetch_andnot_acquire\"", \""atomic64_fetch_andnot_relaxed\"", \""atomic64_fetch_andnot_release\"", \""atomic64_fetch_dec\"", \""atomic64_fetch_dec_acquire\"", \""atomic64_fetch_dec_relaxed\"", \""atomic64_fetch_dec_release\"", \""atomic64_fetch_inc\"", \""atomic64_fetch_inc_acquire\"", \""atomic64_fetch_inc_relaxed\"", \""atomic64_fetch_inc_release\"", \""atomic64_fetch_or\"", \""atomic64_fetch_or_acquire\"", \""atomic64_fetch_or_relaxed\"", \""atomic64_fetch_or_release\"", \""atomic64_fetch_sub\"", \""atomic64_fetch_sub_acquire\"", \""atomic64_fetch_sub_relaxed\"", \""atomic64_fetch_sub_release\"", \""atomic64_fetch_xor\"", \""atomic64_fetch_xor_acquire\"", \""atomic64_fetch_xor_relaxed\"", \""atomic64_fetch_xor_release\"", \""atomic64_inc\"", \""atomic64_inc_and_test\"", \""atomic64_inc_not_zero\"", \""atomic64_inc_return\"", \""atomic64_inc_return_acquire\"", \""atomic64_inc_return_relaxed\"", \""atomic64_inc_return_release\"", \""atomic64_inc_unless_negative\"", \""atomic64_or\"", \""atomic64_read\"", \""atomic64_read_acquire\"", \""atomic64_set\"", \""atomic64_set_release\"", \""atomic64_sub\"", \""atomic64_sub_and_test\"", \""atomic64_sub_return\"", \""atomic64_sub_return_acquire\"", \""atomic64_sub_return_relaxed\"", \""atomic64_sub_return_release\"", \""atomic64_try_cmpxchg\"", \""atomic64_try_cmpxchg_acquire\"", \""atomic64_try_cmpxchg_relaxed\"", \""atomic64_try_cmpxchg_release\"", \""atomic64_xchg\"", \""atomic64_xchg_acquire\"", \""atomic64_xchg_relaxed\"", \""atomic64_xchg_release\"", \""atomic64_xor\"", \""atomic_add\"", \""atomic_add_negative\"", \""atomic_add_negative_acquire\"", \""atomic_add_negative_relaxed\"", \""atomic_add_negative_release\"", \""atomic_add_return\"", \""atomic_add_return_acquire\"", \""atomic_add_return_relaxed\"", \""atomic_add_return_release\"", \""atomic_add_unless\"", \""atomic_and\"", \""atomic_andnot\"", \""atomic_cmpxchg\"", \""atomic_cmpxchg_acquire\"", \""atomic_cmpxchg_relaxed\"", \""atomic_cmpxchg_release\"", \""atomic_dec\"", \""atomic_dec_and_test\"", \""atomic_dec_if_positive\"", \""atomic_dec_return\"", \""atomic_dec_return_acquire\"", \""atomic_dec_return_relaxed\"", \""atomic_dec_return_release\"", \""atomic_dec_unless_positive\"", \""atomic_fetch_add\"", \""atomic_fetch_add_acquire\"", \""atomic_fetch_add_relaxed\"", \""atomic_fetch_add_release\"", \""atomic_fetch_add_unless\"", \""atomic_fetch_and\"", \""atomic_fetch_and_acquire\"", \""atomic_fetch_and_relaxed\"", \""atomic_fetch_and_release\"", \""atomic_fetch_andnot\"", \""atomic_fetch_andnot_acquire\"", \""atomic_fetch_andnot_relaxed\"", \""atomic_fetch_andnot_release\"", \""atomic_fetch_dec\"", \""atomic_fetch_dec_acquire\"", \""atomic_fetch_dec_relaxed\"", \""atomic_fetch_dec_release\"", \""atomic_fetch_inc\"", \""atomic_fetch_inc_acquire\"", \""atomic_fetch_inc_relaxed\"", \""atomic_fetch_inc_release\"", \""atomic_fetch_or\"", \""atomic_fetch_or_acquire\"", \""atomic_fetch_or_relaxed\"", \""atomic_fetch_or_release\"", \""atomic_fetch_sub\"", \""atomic_fetch_sub_acquire\"", \""atomic_fetch_sub_relaxed\"", \""atomic_fetch_sub_release\"", \""atomic_fetch_xor\"", \""atomic_fetch_xor_acquire\"", \""atomic_fetch_xor_relaxed\"", \""atomic_fetch_xor_release\"", \""atomic_inc\"", \""atomic_inc_and_test\"", \""atomic_inc_not_zero\"", \""atomic_inc_return\"", \""atomic_inc_return_acquire\"", \""atomic_inc_return_relaxed\"", \""atomic_inc_return_release\"", \""atomic_inc_unless_negative\"", \""atomic_or\"", \""atomic_read\"", \""atomic_read_acquire\"", \""atomic_set\"", \""atomic_set_release\"", \""atomic_sub\"", \""atomic_sub_and_test\"", \""atomic_sub_return\"", \""atomic_sub_return_acquire\"", \""atomic_sub_return_relaxed\"", \""atomic_sub_return_release\"", \""atomic_try_cmpxchg\"", \""atomic_try_cmpxchg_acquire\"", \""atomic_try_cmpxchg_relaxed\"", \""atomic_try_cmpxchg_release\"", \""atomic_xchg\"", \""atomic_xchg_acquire\"", \""atomic_xchg_relaxed\"", \""atomic_xchg_release\"", \""atomic_xor\""]"", ""oracle_type"": ""wrapper_fix"", ""subject"": ""rust: Introduce atomic API helpers""}], ""evidence_location"": {""file"": ""rust/helpers/atomic.c"", ""line"": """", ""source"": ""changed_files""}, ""pair_id"": ""latest-p017-v6.17-to-v6.18"", ""promotion_reasons"": [""oracle_hit""], ""rust_side"": {""exposure"": {""edge_count"": 1, ""edges"": [{""dst"": ""RustBindingFunction:atomic_set"", ""edge_type"": ""GENERATED_FROM"", ""properties"": ""{}"", ""src"": ""CFunction:atomic_set"", ""version_id"": ""v6.18""}]}, ""oracle_hits"": [{""changed_files"": ""[\""rust/helpers/atomic.c\"", \""rust/helpers/helpers.c\"", \""scripts/atomic/gen-atomics.sh\"", \""scripts/atomic/gen-rust-atomic-helpers.sh\""]"", ""commit_id"": ""fdd7c7e0d2ab3987882c570612d4622f437292c7"", ""date"": ""2025-09-04T21:41:28-07:00"", ""matched_symbols"": ""[\""atomic64_add\"", \""atomic64_add_negative\"", \""atomic64_add_negative_acquire\"", \""atomic64_add_negative_relaxed\"", \""atomic64_add_negative_release\"", \""atomic64_add_return\"", \""atomic64_add_return_acquire\"", \""atomic64_add_return_relaxed\"", \""atomic64_add_return_release\"", \""atomic64_add_unless\"", \""atomic64_and\"", \""atomic64_andnot\"", \""atomic64_cmpxchg\"", \""atomic64_cmpxchg_acquire\"", \""atomic64_cmpxchg_relaxed\"", \""atomic64_cmpxchg_release\"", \""atomic64_dec\"", \""atomic64_dec_and_test\"", \""atomic64_dec_if_positive\"", \""atomic64_dec_return\"", \""atomic64_dec_return_acquire\"", \""atomic64_dec_return_relaxed\"", \""atomic64_dec_return_release\"", \""atomic64_dec_unless_positive\"", \""atomic64_fetch_add\"", \""atomic64_fetch_add_acquire\"", \""atomic64_fetch_add_relaxed\"", \""atomic64_fetch_add_release\"", \""atomic64_fetch_add_unless\"", \""atomic64_fetch_and\"", \""atomic64_fetch_and_acquire\"", \""atomic64_fetch_and_relaxed\"", \""atomic64_fetch_and_release\"", \""atomic64_fetch_andnot\"", \""atomic64_fetch_andnot_acquire\"", \""atomic64_fetch_andnot_relaxed\"", \""atomic64_fetch_andnot_release\"", \""atomic64_fetch_dec\"", \""atomic64_fetch_dec_acquire\"", \""atomic64_fetch_dec_relaxed\"", \""atomic64_fetch_dec_release\"", \""atomic64_fetch_inc\"", \""atomic64_fetch_inc_acquire\"", \""atomic64_fetch_inc_relaxed\"", \""atomic64_fetch_inc_release\"", \""atomic64_fetch_or\"", \""atomic64_fetch_or_acquire\"", \""atomic64_fetch_or_relaxed\"", \""atomic64_fetch_or_release\"", \""atomic64_fetch_sub\"", \""atomic64_fetch_sub_acquire\"", \""atomic64_fetch_sub_relaxed\"", \""atomic64_fetch_sub_release\"", \""atomic64_fetch_xor\"", \""atomic64_fetch_xor_acquire\"", \""atomic64_fetch_xor_relaxed\"", \""atomic64_fetch_xor_release\"", \""atomic64_inc\"", \""atomic64_inc_and_test\"", \""atomic64_inc_not_zero\"", \""atomic64_inc_return\"", \""atomic64_inc_return_acquire\"", \""atomic64_inc_return_relaxed\"", \""atomic64_inc_return_release\"", \""atomic64_inc_unless_negative\"", \""atomic64_or\"", \""atomic64_read\"", \""atomic64_read_acquire\"", \""atomic64_set\"", \""atomic64_set_release\"", \""atomic64_sub\"", \""atomic64_sub_and_test\"", \""atomic64_sub_return\"", \""atomic64_sub_return_acquire\"", \""atomic64_sub_return_relaxed\"", \""atomic64_sub_return_release\"", \""atomic64_try_cmpxchg\"", \""atomic64_try_cmpxchg_acquire\"", \""atomic64_try_cmpxchg_relaxed\"", \""atomic64_try_cmpxchg_release\"", \""atomic64_xchg\"", \""atomic64_xchg_acquire\"", \""atomic64_xchg_relaxed\"", \""atomic64_xchg_release\"", \""atomic64_xor\"", \""atomic_add\"", \""atomic_add_negative\"", \""atomic_add_negative_acquire\"", \""atomic_add_negative_relaxed\"", \""atomic_add_negative_release\"", \""atomic_add_return\"", \""atomic_add_return_acquire\"", \""atomic_add_return_relaxed\"", \""atomic_add_return_release\"", \""atomic_add_unless\"", \""atomic_and\"", \""atomic_andnot\"", \""atomic_cmpxchg\"", \""atomic_cmpxchg_acquire\"", \""atomic_cmpxchg_relaxed\"", \""atomic_cmpxchg_release\"", \""atomic_dec\"", \""atomic_dec_and_test\"", \""atomic_dec_if_positive\"", \""atomic_dec_return\"", \""atomic_dec_return_acquire\"", \""atomic_dec_return_relaxed\"", \""atomic_dec_return_release\"", \""atomic_dec_unless_positive\"", \""atomic_fetch_add\"", \""atomic_fetch_add_acquire\"", \""atomic_fetch_add_relaxed\"", \""atomic_fetch_add_release\"", \""atomic_fetch_add_unless\"", \""atomic_fetch_and\"", \""atomic_fetch_and_acquire\"", \""atomic_fetch_and_relaxed\"", \""atomic_fetch_and_release\"", \""atomic_fetch_andnot\"", \""atomic_fetch_andnot_acquire\"", \""atomic_fetch_andnot_relaxed\"", \""atomic_fetch_andnot_release\"", \""atomic_fetch_dec\"", \""atomic_fetch_dec_acquire\"", \""atomic_fetch_dec_relaxed\"", \""atomic_fetch_dec_release\"", \""atomic_fetch_inc\"", \""atomic_fetch_inc_acquire\"", \""atomic_fetch_inc_relaxed\"", \""atomic_fetch_inc_release\"", \""atomic_fetch_or\"", \""atomic_fetch_or_acquire\"", \""atomic_fetch_or_relaxed\"", \""atomic_fetch_or_release\"", \""atomic_fetch_sub\"", \""atomic_fetch_sub_acquire\"", \""atomic_fetch_sub_relaxed\"", \""atomic_fetch_sub_release\"", \""atomic_fetch_xor\"", \""atomic_fetch_xor_acquire\"", \""atomic_fetch_xor_relaxed\"", \""atomic_fetch_xor_release\"", \""atomic_inc\"", \""atomic_inc_and_test\"", \""atomic_inc_not_zero\"", \""atomic_inc_return\"", \""atomic_inc_return_acquire\"", \""atomic_inc_return_relaxed\"", \""atomic_inc_return_release\"", \""atomic_inc_unless_negative\"", \""atomic_or\"", \""atomic_read\"", \""atomic_read_acquire\"", \""atomic_set\"", \""atomic_set_release\"", \""atomic_sub\"", \""atomic_sub_and_test\"", \""atomic_sub_return\"", \""atomic_sub_return_acquire\"", \""atomic_sub_return_relaxed\"", \""atomic_sub_return_release\"", \""atomic_try_cmpxchg\"", \""atomic_try_cmpxchg_acquire\"", \""atomic_try_cmpxchg_relaxed\"", \""atomic_try_cmpxchg_release\"", \""atomic_xchg\"", \""atomic_xchg_acquire\"", \""atomic_xchg_relaxed\"", \""atomic_xchg_release\"", \""atomic_xor\""]"", ""oracle_type"": ""wrapper_fix"", ""subject"": ""rust: Introduce atomic API helpers""}]}, ""score"": -8.0, ""type"": ""SignatureDrift"", ""warning_id"": ""W-000156"", ""warning_uid"": ""d71b38d3c2bc68d6ed030d9285e4cf8d85aee90431a424dc16d164d4a89e74dc""}",,,,missing concrete evidence line
promoted_warnings-005,promoted_warnings,atomic_dec_and_test,rust/helpers/atomic.c,,"{""c_evidence"": null, ""evidence_chain"": [{""changed_files"": ""[\""rust/helpers/atomic.c\"", \""rust/helpers/helpers.c\"", \""scripts/atomic/gen-atomics.sh\"", \""scripts/atomic/gen-rust-atomic-helpers.sh\""]"", ""commit_id"": ""fdd7c7e0d2ab3987882c570612d4622f437292c7"", ""date"": ""2025-09-04T21:41:28-07:00"", ""matched_symbols"": ""[\""atomic64_add\"", \""atomic64_add_negative\"", \""atomic64_add_negative_acquire\"", \""atomic64_add_negative_relaxed\"", \""atomic64_add_negative_release\"", \""atomic64_add_return\"", \""atomic64_add_return_acquire\"", \""atomic64_add_return_relaxed\"", \""atomic64_add_return_release\"", \""atomic64_add_unless\"", \""atomic64_and\"", \""atomic64_andnot\"", \""atomic64_cmpxchg\"", \""atomic64_cmpxchg_acquire\"", \""atomic64_cmpxchg_relaxed\"", \""atomic64_cmpxchg_release\"", \""atomic64_dec\"", \""atomic64_dec_and_test\"", \""atomic64_dec_if_positive\"", \""atomic64_dec_return\"", \""atomic64_dec_return_acquire\"", \""atomic64_dec_return_relaxed\"", \""atomic64_dec_return_release\"", \""atomic64_dec_unless_positive\"", \""atomic64_fetch_add\"", \""atomic64_fetch_add_acquire\"", \""atomic64_fetch_add_relaxed\"", \""atomic64_fetch_add_release\"", \""atomic64_fetch_add_unless\"", \""atomic64_fetch_and\"", \""atomic64_fetch_and_acquire\"", \""atomic64_fetch_and_relaxed\"", \""atomic64_fetch_and_release\"", \""atomic64_fetch_andnot\"", \""atomic64_fetch_andnot_acquire\"", \""atomic64_fetch_andnot_relaxed\"", \""atomic64_fetch_andnot_release\"", \""atomic64_fetch_dec\"", \""atomic64_fetch_dec_acquire\"", \""atomic64_fetch_dec_relaxed\"", \""atomic64_fetch_dec_release\"", \""atomic64_fetch_inc\"", \""atomic64_fetch_inc_acquire\"", \""atomic64_fetch_inc_relaxed\"", \""atomic64_fetch_inc_release\"", \""atomic64_fetch_or\"", \""atomic64_fetch_or_acquire\"", \""atomic64_fetch_or_relaxed\"", \""atomic64_fetch_or_release\"", \""atomic64_fetch_sub\"", \""atomic64_fetch_sub_acquire\"", \""atomic64_fetch_sub_relaxed\"", \""atomic64_fetch_sub_release\"", \""atomic64_fetch_xor\"", \""atomic64_fetch_xor_acquire\"", \""atomic64_fetch_xor_relaxed\"", \""atomic64_fetch_xor_release\"", \""atomic64_inc\"", \""atomic64_inc_and_test\"", \""atomic64_inc_not_zero\"", \""atomic64_inc_return\"", \""atomic64_inc_return_acquire\"", \""atomic64_inc_return_relaxed\"", \""atomic64_inc_return_release\"", \""atomic64_inc_unless_negative\"", \""atomic64_or\"", \""atomic64_read\"", \""atomic64_read_acquire\"", \""atomic64_set\"", \""atomic64_set_release\"", \""atomic64_sub\"", \""atomic64_sub_and_test\"", \""atomic64_sub_return\"", \""atomic64_sub_return_acquire\"", \""atomic64_sub_return_relaxed\"", \""atomic64_sub_return_release\"", \""atomic64_try_cmpxchg\"", \""atomic64_try_cmpxchg_acquire\"", \""atomic64_try_cmpxchg_relaxed\"", \""atomic64_try_cmpxchg_release\"", \""atomic64_xchg\"", \""atomic64_xchg_acquire\"", \""atomic64_xchg_relaxed\"", \""atomic64_xchg_release\"", \""atomic64_xor\"", \""atomic_add\"", \""atomic_add_negative\"", \""atomic_add_negative_acquire\"", \""atomic_add_negative_relaxed\"", \""atomic_add_negative_release\"", \""atomic_add_return\"", \""atomic_add_return_acquire\"", \""atomic_add_return_relaxed\"", \""atomic_add_return_release\"", \""atomic_add_unless\"", \""atomic_and\"", \""atomic_andnot\"", \""atomic_cmpxchg\"", \""atomic_cmpxchg_acquire\"", \""atomic_cmpxchg_relaxed\"", \""atomic_cmpxchg_release\"", \""atomic_dec\"", \""atomic_dec_and_test\"", \""atomic_dec_if_positive\"", \""atomic_dec_return\"", \""atomic_dec_return_acquire\"", \""atomic_dec_return_relaxed\"", \""atomic_dec_return_release\"", \""atomic_dec_unless_positive\"", \""atomic_fetch_add\"", \""atomic_fetch_add_acquire\"", \""atomic_fetch_add_relaxed\"", \""atomic_fetch_add_release\"", \""atomic_fetch_add_unless\"", \""atomic_fetch_and\"", \""atomic_fetch_and_acquire\"", \""atomic_fetch_and_relaxed\"", \""atomic_fetch_and_release\"", \""atomic_fetch_andnot\"", \""atomic_fetch_andnot_acquire\"", \""atomic_fetch_andnot_relaxed\"", \""atomic_fetch_andnot_release\"", \""atomic_fetch_dec\"", \""atomic_fetch_dec_acquire\"", \""atomic_fetch_dec_relaxed\"", \""atomic_fetch_dec_release\"", \""atomic_fetch_inc\"", \""atomic_fetch_inc_acquire\"", \""atomic_fetch_inc_relaxed\"", \""atomic_fetch_inc_release\"", \""atomic_fetch_or\"", \""atomic_fetch_or_acquire\"", \""atomic_fetch_or_relaxed\"", \""atomic_fetch_or_release\"", \""atomic_fetch_sub\"", \""atomic_fetch_sub_acquire\"", \""atomic_fetch_sub_relaxed\"", \""atomic_fetch_sub_release\"", \""atomic_fetch_xor\"", \""atomic_fetch_xor_acquire\"", \""atomic_fetch_xor_relaxed\"", \""atomic_fetch_xor_release\"", \""atomic_inc\"", \""atomic_inc_and_test\"", \""atomic_inc_not_zero\"", \""atomic_inc_return\"", \""atomic_inc_return_acquire\"", \""atomic_inc_return_relaxed\"", \""atomic_inc_return_release\"", \""atomic_inc_unless_negative\"", \""atomic_or\"", \""atomic_read\"", \""atomic_read_acquire\"", \""atomic_set\"", \""atomic_set_release\"", \""atomic_sub\"", \""atomic_sub_and_test\"", \""atomic_sub_return\"", \""atomic_sub_return_acquire\"", \""atomic_sub_return_relaxed\"", \""atomic_sub_return_release\"", \""atomic_try_cmpxchg\"", \""atomic_try_cmpxchg_acquire\"", \""atomic_try_cmpxchg_relaxed\"", \""atomic_try_cmpxchg_release\"", \""atomic_xchg\"", \""atomic_xchg_acquire\"", \""atomic_xchg_relaxed\"", \""atomic_xchg_release\"", \""atomic_xor\""]"", ""oracle_type"": ""wrapper_fix"", ""subject"": ""rust: Introduce atomic API helpers""}], ""evidence_location"": {""file"": ""rust/helpers/atomic.c"", ""line"": """", ""source"": ""changed_files""}, ""pair_id"": ""latest-p017-v6.17-to-v6.18"", ""promotion_reasons"": [""oracle_hit""], ""rust_side"": {""exposure"": {""edge_count"": 1, ""edges"": [{""dst"": ""RustBindingFunction:atomic_dec_and_test"", ""edge_type"": ""GENERATED_FROM"", ""properties"": ""{}"", ""src"": ""CFunction:atomic_dec_and_test"", ""version_id"": ""v6.18""}]}, ""oracle_hits"": [{""changed_files"": ""[\""rust/helpers/atomic.c\"", \""rust/helpers/helpers.c\"", \""scripts/atomic/gen-atomics.sh\"", \""scripts/atomic/gen-rust-atomic-helpers.sh\""]"", ""commit_id"": ""fdd7c7e0d2ab3987882c570612d4622f437292c7"", ""date"": ""2025-09-04T21:41:28-07:00"", ""matched_symbols"": ""[\""atomic64_add\"", \""atomic64_add_negative\"", \""atomic64_add_negative_acquire\"", \""atomic64_add_negative_relaxed\"", \""atomic64_add_negative_release\"", \""atomic64_add_return\"", \""atomic64_add_return_acquire\"", \""atomic64_add_return_relaxed\"", \""atomic64_add_return_release\"", \""atomic64_add_unless\"", \""atomic64_and\"", \""atomic64_andnot\"", \""atomic64_cmpxchg\"", \""atomic64_cmpxchg_acquire\"", \""atomic64_cmpxchg_relaxed\"", \""atomic64_cmpxchg_release\"", \""atomic64_dec\"", \""atomic64_dec_and_test\"", \""atomic64_dec_if_positive\"", \""atomic64_dec_return\"", \""atomic64_dec_return_acquire\"", \""atomic64_dec_return_relaxed\"", \""atomic64_dec_return_release\"", \""atomic64_dec_unless_positive\"", \""atomic64_fetch_add\"", \""atomic64_fetch_add_acquire\"", \""atomic64_fetch_add_relaxed\"", \""atomic64_fetch_add_release\"", \""atomic64_fetch_add_unless\"", \""atomic64_fetch_and\"", \""atomic64_fetch_and_acquire\"", \""atomic64_fetch_and_relaxed\"", \""atomic64_fetch_and_release\"", \""atomic64_fetch_andnot\"", \""atomic64_fetch_andnot_acquire\"", \""atomic64_fetch_andnot_relaxed\"", \""atomic64_fetch_andnot_release\"", \""atomic64_fetch_dec\"", \""atomic64_fetch_dec_acquire\"", \""atomic64_fetch_dec_relaxed\"", \""atomic64_fetch_dec_release\"", \""atomic64_fetch_inc\"", \""atomic64_fetch_inc_acquire\"", \""atomic64_fetch_inc_relaxed\"", \""atomic64_fetch_inc_release\"", \""atomic64_fetch_or\"", \""atomic64_fetch_or_acquire\"", \""atomic64_fetch_or_relaxed\"", \""atomic64_fetch_or_release\"", \""atomic64_fetch_sub\"", \""atomic64_fetch_sub_acquire\"", \""atomic64_fetch_sub_relaxed\"", \""atomic64_fetch_sub_release\"", \""atomic64_fetch_xor\"", \""atomic64_fetch_xor_acquire\"", \""atomic64_fetch_xor_relaxed\"", \""atomic64_fetch_xor_release\"", \""atomic64_inc\"", \""atomic64_inc_and_test\"", \""atomic64_inc_not_zero\"", \""atomic64_inc_return\"", \""atomic64_inc_return_acquire\"", \""atomic64_inc_return_relaxed\"", \""atomic64_inc_return_release\"", \""atomic64_inc_unless_negative\"", \""atomic64_or\"", \""atomic64_read\"", \""atomic64_read_acquire\"", \""atomic64_set\"", \""atomic64_set_release\"", \""atomic64_sub\"", \""atomic64_sub_and_test\"", \""atomic64_sub_return\"", \""atomic64_sub_return_acquire\"", \""atomic64_sub_return_relaxed\"", \""atomic64_sub_return_release\"", \""atomic64_try_cmpxchg\"", \""atomic64_try_cmpxchg_acquire\"", \""atomic64_try_cmpxchg_relaxed\"", \""atomic64_try_cmpxchg_release\"", \""atomic64_xchg\"", \""atomic64_xchg_acquire\"", \""atomic64_xchg_relaxed\"", \""atomic64_xchg_release\"", \""atomic64_xor\"", \""atomic_add\"", \""atomic_add_negative\"", \""atomic_add_negative_acquire\"", \""atomic_add_negative_relaxed\"", \""atomic_add_negative_release\"", \""atomic_add_return\"", \""atomic_add_return_acquire\"", \""atomic_add_return_relaxed\"", \""atomic_add_return_release\"", \""atomic_add_unless\"", \""atomic_and\"", \""atomic_andnot\"", \""atomic_cmpxchg\"", \""atomic_cmpxchg_acquire\"", \""atomic_cmpxchg_relaxed\"", \""atomic_cmpxchg_release\"", \""atomic_dec\"", \""atomic_dec_and_test\"", \""atomic_dec_if_positive\"", \""atomic_dec_return\"", \""atomic_dec_return_acquire\"", \""atomic_dec_return_relaxed\"", \""atomic_dec_return_release\"", \""atomic_dec_unless_positive\"", \""atomic_fetch_add\"", \""atomic_fetch_add_acquire\"", \""atomic_fetch_add_relaxed\"", \""atomic_fetch_add_release\"", \""atomic_fetch_add_unless\"", \""atomic_fetch_and\"", \""atomic_fetch_and_acquire\"", \""atomic_fetch_and_relaxed\"", \""atomic_fetch_and_release\"", \""atomic_fetch_andnot\"", \""atomic_fetch_andnot_acquire\"", \""atomic_fetch_andnot_relaxed\"", \""atomic_fetch_andnot_release\"", \""atomic_fetch_dec\"", \""atomic_fetch_dec_acquire\"", \""atomic_fetch_dec_relaxed\"", \""atomic_fetch_dec_release\"", \""atomic_fetch_inc\"", \""atomic_fetch_inc_acquire\"", \""atomic_fetch_inc_relaxed\"", \""atomic_fetch_inc_release\"", \""atomic_fetch_or\"", \""atomic_fetch_or_acquire\"", \""atomic_fetch_or_relaxed\"", \""atomic_fetch_or_release\"", \""atomic_fetch_sub\"", \""atomic_fetch_sub_acquire\"", \""atomic_fetch_sub_relaxed\"", \""atomic_fetch_sub_release\"", \""atomic_fetch_xor\"", \""atomic_fetch_xor_acquire\"", \""atomic_fetch_xor_relaxed\"", \""atomic_fetch_xor_release\"", \""atomic_inc\"", \""atomic_inc_and_test\"", \""atomic_inc_not_zero\"", \""atomic_inc_return\"", \""atomic_inc_return_acquire\"", \""atomic_inc_return_relaxed\"", \""atomic_inc_return_release\"", \""atomic_inc_unless_negative\"", \""atomic_or\"", \""atomic_read\"", \""atomic_read_acquire\"", \""atomic_set\"", \""atomic_set_release\"", \""atomic_sub\"", \""atomic_sub_and_test\"", \""atomic_sub_return\"", \""atomic_sub_return_acquire\"", \""atomic_sub_return_relaxed\"", \""atomic_sub_return_release\"", \""atomic_try_cmpxchg\"", \""atomic_try_cmpxchg_acquire\"", \""atomic_try_cmpxchg_relaxed\"", \""atomic_try_cmpxchg_release\"", \""atomic_xchg\"", \""atomic_xchg_acquire\"", \""atomic_xchg_relaxed\"", \""atomic_xchg_release\"", \""atomic_xor\""]"", ""oracle_type"": ""wrapper_fix"", ""subject"": ""rust: Introduce atomic API helpers""}]}, ""score"": -8.0, ""type"": ""SignatureDrift"", ""warning_id"": ""W-000105"", ""warning_uid"": ""10f8e2eb920e4fbdb536d60e39165835ee687d1afecb0af5524fc14c9f2e83f0""}",,,,missing concrete evidence line
promoted_warnings-006,promoted_warnings,errno_to_blk_status,.binddrift/worktrees/v6.11/rust/kernel/error.rs,131,"{""c_evidence"": null, ""evidence_chain"": [{""line"": 131, ""nearby_api"": ""Error::to_blk_status"", ""rust_file"": "".binddrift/worktrees/v6.11/rust/kernel/error.rs"", ""text"": ""// SAFETY: `self.0` is a valid error due to its invariant.""}, {""changed_files"": ""[\""rust/kernel/error.rs\""]"", ""commit_id"": ""e9759c5b9ea555d09f426c70c880e9522e9b0576"", ""date"": ""2024-10-05T19:51:23+00:00"", ""matched_symbols"": ""[\""ERR_PTR\"", \""MAX_ERRNO\"", \""blk_status_t\"", \""errname\"", \""errno_to_blk_status\""]"", ""oracle_type"": ""wrapper_fix"", ""subject"": ""rust: error: optimize error type to use nonzero""}], ""evidence_location"": {""file"": "".binddrift/worktrees/v6.11/rust/kernel/error.rs"", ""line"": ""131"", ""source"": ""evidence""}, ""pair_id"": ""latest-p010-v6.10-to-v6.11"", ""promotion_reasons"": [""direct_binding_use"", ""exposes_safe_api"", ""has_safety_comment"", ""oracle_hit""], ""rust_side"": {""exposure"": {""edge_count"": 3, ""edges"": [{""dst"": ""RustBindingFunction:errno_to_blk_status"", ""edge_type"": ""GENERATED_FROM"", ""properties"": ""{}"", ""src"": ""CFunction:errno_to_blk_status"", ""version_id"": ""v6.11""}, {""dst"": ""RustSafetyComment:.binddrift/worktrees/v6.11/rust/kernel/error.rs:131"", ""edge_type"": ""HAS_SAFETY_COMMENT"", ""properties"": ""{}"", ""src"": ""RustBindingFunction:errno_to_blk_status"", ""version_id"": ""v6.11""}, {""dst"": ""RustUnsafeCall:.binddrift/worktrees/v6.11/rust/kernel/error.rs:132:errno_to_blk_status"", ""edge_type"": ""CALLS_BINDING"", ""properties"": ""{}"", ""src"": ""RustBindingFunction:errno_to_blk_status"", ""version_id"": ""v6.11""}]}, ""oracle_hits"": [{""changed_files"": ""[\""rust/kernel/error.rs\""]"", ""commit_id"": ""e9759c5b9ea555d09f426c70c880e9522e9b0576"", ""date"": ""2024-10-05T19:51:23+00:00"", ""matched_symbols"": ""[\""ERR_PTR\"", \""MAX_ERRNO\"", \""blk_status_t\"", \""errname\"", \""errno_to_blk_status\""]"", ""oracle_type"": ""wrapper_fix"", ""subject"": ""rust: error: optimize error type to use nonzero""}], ""safe_apis"": [{""api_name"": ""Error::to_blk_status"", ""line"": 130, ""params"": ""\""self\"""", ""receiver_type"": ""Error"", ""return_type"": ""bindings::blk_status_t"", ""rust_file"": "".binddrift/worktrees/v6.11/rust/kernel/error.rs"", ""uses_bindings"": ""[\""ERR_PTR\"", \""blk_status_t\"", \""errno_to_blk_status\""]"", ""visibility"": ""pub(crate)""}], ""safety_comments"": [{""line"": 131, ""nearby_api"": ""Error::to_blk_status"", ""rust_file"": "".binddrift/worktrees/v6.11/rust/kernel/error.rs"", ""text"": ""// SAFETY: `self.0` is a valid error due to its invariant.""}], ""uses"": [{""enclosing_function"": ""Error::to_blk_status"", ""enclosing_impl"": ""Error"", ""enclosing_type"": ""Error"", ""enclosing_unsafe_block"": 1, ""line"": 132, ""rust_file"": "".binddrift/worktrees/v6.11/rust/kernel/error.rs""}]}, ""score"": 9.0, ""type"": ""SignatureDrift"", ""warning_id"": ""W-000004"", ""warning_uid"": ""d668e025ab0727df4a19529d3eaa4e08a0e8e04c23fa27b5dd2701fb50ba80c6""}",,,,
promoted_warnings-007,promoted_warnings,atomic_fetch_dec_release,rust/helpers/atomic.c,,"{""c_evidence"": null, ""evidence_chain"": [{""changed_files"": ""[\""rust/helpers/atomic.c\"", \""rust/helpers/helpers.c\"", \""scripts/atomic/gen-atomics.sh\"", \""scripts/atomic/gen-rust-atomic-helpers.sh\""]"", ""commit_id"": ""fdd7c7e0d2ab3987882c570612d4622f437292c7"", ""date"": ""2025-09-04T21:41:28-07:00"", ""matched_symbols"": ""[\""atomic64_add\"", \""atomic64_add_negative\"", \""atomic64_add_negative_acquire\"", \""atomic64_add_negative_relaxed\"", \""atomic64_add_negative_release\"", \""atomic64_add_return\"", \""atomic64_add_return_acquire\"", \""atomic64_add_return_relaxed\"", \""atomic64_add_return_release\"", \""atomic64_add_unless\"", \""atomic64_and\"", \""atomic64_andnot\"", \""atomic64_cmpxchg\"", \""atomic64_cmpxchg_acquire\"", \""atomic64_cmpxchg_relaxed\"", \""atomic64_cmpxchg_release\"", \""atomic64_dec\"", \""atomic64_dec_and_test\"", \""atomic64_dec_if_positive\"", \""atomic64_dec_return\"", \""atomic64_dec_return_acquire\"", \""atomic64_dec_return_relaxed\"", \""atomic64_dec_return_release\"", \""atomic64_dec_unless_positive\"", \""atomic64_fetch_add\"", \""atomic64_fetch_add_acquire\"", \""atomic64_fetch_add_relaxed\"", \""atomic64_fetch_add_release\"", \""atomic64_fetch_add_unless\"", \""atomic64_fetch_and\"", \""atomic64_fetch_and_acquire\"", \""atomic64_fetch_and_relaxed\"", \""atomic64_fetch_and_release\"", \""atomic64_fetch_andnot\"", \""atomic64_fetch_andnot_acquire\"", \""atomic64_fetch_andnot_relaxed\"", \""atomic64_fetch_andnot_release\"", \""atomic64_fetch_dec\"", \""atomic64_fetch_dec_acquire\"", \""atomic64_fetch_dec_relaxed\"", \""atomic64_fetch_dec_release\"", \""atomic64_fetch_inc\"", \""atomic64_fetch_inc_acquire\"", \""atomic64_fetch_inc_relaxed\"", \""atomic64_fetch_inc_release\"", \""atomic64_fetch_or\"", \""atomic64_fetch_or_acquire\"", \""atomic64_fetch_or_relaxed\"", \""atomic64_fetch_or_release\"", \""atomic64_fetch_sub\"", \""atomic64_fetch_sub_acquire\"", \""atomic64_fetch_sub_relaxed\"", \""atomic64_fetch_sub_release\"", \""atomic64_fetch_xor\"", \""atomic64_fetch_xor_acquire\"", \""atomic64_fetch_xor_relaxed\"", \""atomic64_fetch_xor_release\"", \""atomic64_inc\"", \""atomic64_inc_and_test\"", \""atomic64_inc_not_zero\"", \""atomic64_inc_return\"", \""atomic64_inc_return_acquire\"", \""atomic64_inc_return_relaxed\"", \""atomic64_inc_return_release\"", \""atomic64_inc_unless_negative\"", \""atomic64_or\"", \""atomic64_read\"", \""atomic64_read_acquire\"", \""atomic64_set\"", \""atomic64_set_release\"", \""atomic64_sub\"", \""atomic64_sub_and_test\"", \""atomic64_sub_return\"", \""atomic64_sub_return_acquire\"", \""atomic64_sub_return_relaxed\"", \""atomic64_sub_return_release\"", \""atomic64_try_cmpxchg\"", \""atomic64_try_cmpxchg_acquire\"", \""atomic64_try_cmpxchg_relaxed\"", \""atomic64_try_cmpxchg_release\"", \""atomic64_xchg\"", \""atomic64_xchg_acquire\"", \""atomic64_xchg_relaxed\"", \""atomic64_xchg_release\"", \""atomic64_xor\"", \""atomic_add\"", \""atomic_add_negative\"", \""atomic_add_negative_acquire\"", \""atomic_add_negative_relaxed\"", \""atomic_add_negative_release\"", \""atomic_add_return\"", \""atomic_add_return_acquire\"", \""atomic_add_return_relaxed\"", \""atomic_add_return_release\"", \""atomic_add_unless\"", \""atomic_and\"", \""atomic_andnot\"", \""atomic_cmpxchg\"", \""atomic_cmpxchg_acquire\"", \""atomic_cmpxchg_relaxed\"", \""atomic_cmpxchg_release\"", \""atomic_dec\"", \""atomic_dec_and_test\"", \""atomic_dec_if_positive\"", \""atomic_dec_return\"", \""atomic_dec_return_acquire\"", \""atomic_dec_return_relaxed\"", \""atomic_dec_return_release\"", \""atomic_dec_unless_positive\"", \""atomic_fetch_add\"", \""atomic_fetch_add_acquire\"", \""atomic_fetch_add_relaxed\"", \""atomic_fetch_add_release\"", \""atomic_fetch_add_unless\"", \""atomic_fetch_and\"", \""atomic_fetch_and_acquire\"", \""atomic_fetch_and_relaxed\"", \""atomic_fetch_and_release\"", \""atomic_fetch_andnot\"", \""atomic_fetch_andnot_acquire\"", \""atomic_fetch_andnot_relaxed\"", \""atomic_fetch_andnot_release\"", \""atomic_fetch_dec\"", \""atomic_fetch_dec_acquire\"", \""atomic_fetch_dec_relaxed\"", \""atomic_fetch_dec_release\"", \""atomic_fetch_inc\"", \""atomic_fetch_inc_acquire\"", \""atomic_fetch_inc_relaxed\"", \""atomic_fetch_inc_release\"", \""atomic_fetch_or\"", \""atomic_fetch_or_acquire\"", \""atomic_fetch_or_relaxed\"", \""atomic_fetch_or_release\"", \""atomic_fetch_sub\"", \""atomic_fetch_sub_acquire\"", \""atomic_fetch_sub_relaxed\"", \""atomic_fetch_sub_release\"", \""atomic_fetch_xor\"", \""atomic_fetch_xor_acquire\"", \""atomic_fetch_xor_relaxed\"", \""atomic_fetch_xor_release\"", \""atomic_inc\"", \""atomic_inc_and_test\"", \""atomic_inc_not_zero\"", \""atomic_inc_return\"", \""atomic_inc_return_acquire\"", \""atomic_inc_return_relaxed\"", \""atomic_inc_return_release\"", \""atomic_inc_unless_negative\"", \""atomic_or\"", \""atomic_read\"", \""atomic_read_acquire\"", \""atomic_set\"", \""atomic_set_release\"", \""atomic_sub\"", \""atomic_sub_and_test\"", \""atomic_sub_return\"", \""atomic_sub_return_acquire\"", \""atomic_sub_return_relaxed\"", \""atomic_sub_return_release\"", \""atomic_try_cmpxchg\"", \""atomic_try_cmpxchg_acquire\"", \""atomic_try_cmpxchg_relaxed\"", \""atomic_try_cmpxchg_release\"", \""atomic_xchg\"", \""atomic_xchg_acquire\"", \""atomic_xchg_relaxed\"", \""atomic_xchg_release\"", \""atomic_xor\""]"", ""oracle_type"": ""wrapper_fix"", ""subject"": ""rust: Introduce atomic API helpers""}], ""evidence_location"": {""file"": ""rust/helpers/atomic.c"", ""line"": """", ""source"": ""changed_files""}, ""pair_id"": ""latest-p017-v6.17-to-v6.18"", ""promotion_reasons"": [""oracle_hit""], ""rust_side"": {""exposure"": {""edge_count"": 1, ""edges"": [{""dst"": ""RustBindingFunction:atomic_fetch_dec_release"", ""edge_type"": ""GENERATED_FROM"", ""properties"": ""{}"", ""src"": ""CFunction:atomic_fetch_dec_release"", ""version_id"": ""v6.18""}]}, ""oracle_hits"": [{""changed_files"": ""[\""rust/helpers/atomic.c\"", \""rust/helpers/helpers.c\"", \""scripts/atomic/gen-atomics.sh\"", \""scripts/atomic/gen-rust-atomic-helpers.sh\""]"", ""commit_id"": ""fdd7c7e0d2ab3987882c570612d4622f437292c7"", ""date"": ""2025-09-04T21:41:28-07:00"", ""matched_symbols"": ""[\""atomic64_add\"", \""atomic64_add_negative\"", \""atomic64_add_negative_acquire\"", \""atomic64_add_negative_relaxed\"", \""atomic64_add_negative_release\"", \""atomic64_add_return\"", \""atomic64_add_return_acquire\"", \""atomic64_add_return_relaxed\"", \""atomic64_add_return_release\"", \""atomic64_add_unless\"", \""atomic64_and\"", \""atomic64_andnot\"", \""atomic64_cmpxchg\"", \""atomic64_cmpxchg_acquire\"", \""atomic64_cmpxchg_relaxed\"", \""atomic64_cmpxchg_release\"", \""atomic64_dec\"", \""atomic64_dec_and_test\"", \""atomic64_dec_if_positive\"", \""atomic64_dec_return\"", \""atomic64_dec_return_acquire\"", \""atomic64_dec_return_relaxed\"", \""atomic64_dec_return_release\"", \""atomic64_dec_unless_positive\"", \""atomic64_fetch_add\"", \""atomic64_fetch_add_acquire\"", \""atomic64_fetch_add_relaxed\"", \""atomic64_fetch_add_release\"", \""atomic64_fetch_add_unless\"", \""atomic64_fetch_and\"", \""atomic64_fetch_and_acquire\"", \""atomic64_fetch_and_relaxed\"", \""atomic64_fetch_and_release\"", \""atomic64_fetch_andnot\"", \""atomic64_fetch_andnot_acquire\"", \""atomic64_fetch_andnot_relaxed\"", \""atomic64_fetch_andnot_release\"", \""atomic64_fetch_dec\"", \""atomic64_fetch_dec_acquire\"", \""atomic64_fetch_dec_relaxed\"", \""atomic64_fetch_dec_release\"", \""atomic64_fetch_inc\"", \""atomic64_fetch_inc_acquire\"", \""atomic64_fetch_inc_relaxed\"", \""atomic64_fetch_inc_release\"", \""atomic64_fetch_or\"", \""atomic64_fetch_or_acquire\"", \""atomic64_fetch_or_relaxed\"", \""atomic64_fetch_or_release\"", \""atomic64_fetch_sub\"", \""atomic64_fetch_sub_acquire\"", \""atomic64_fetch_sub_relaxed\"", \""atomic64_fetch_sub_release\"", \""atomic64_fetch_xor\"", \""atomic64_fetch_xor_acquire\"", \""atomic64_fetch_xor_relaxed\"", \""atomic64_fetch_xor_release\"", \""atomic64_inc\"", \""atomic64_inc_and_test\"", \""atomic64_inc_not_zero\"", \""atomic64_inc_return\"", \""atomic64_inc_return_acquire\"", \""atomic64_inc_return_relaxed\"", \""atomic64_inc_return_release\"", \""atomic64_inc_unless_negative\"", \""atomic64_or\"", \""atomic64_read\"", \""atomic64_read_acquire\"", \""atomic64_set\"", \""atomic64_set_release\"", \""atomic64_sub\"", \""atomic64_sub_and_test\"", \""atomic64_sub_return\"", \""atomic64_sub_return_acquire\"", \""atomic64_sub_return_relaxed\"", \""atomic64_sub_return_release\"", \""atomic64_try_cmpxchg\"", \""atomic64_try_cmpxchg_acquire\"", \""atomic64_try_cmpxchg_relaxed\"", \""atomic64_try_cmpxchg_release\"", \""atomic64_xchg\"", \""atomic64_xchg_acquire\"", \""atomic64_xchg_relaxed\"", \""atomic64_xchg_release\"", \""atomic64_xor\"", \""atomic_add\"", \""atomic_add_negative\"", \""atomic_add_negative_acquire\"", \""atomic_add_negative_relaxed\"", \""atomic_add_negative_release\"", \""atomic_add_return\"", \""atomic_add_return_acquire\"", \""atomic_add_return_relaxed\"", \""atomic_add_return_release\"", \""atomic_add_unless\"", \""atomic_and\"", \""atomic_andnot\"", \""atomic_cmpxchg\"", \""atomic_cmpxchg_acquire\"", \""atomic_cmpxchg_relaxed\"", \""atomic_cmpxchg_release\"", \""atomic_dec\"", \""atomic_dec_and_test\"", \""atomic_dec_if_positive\"", \""atomic_dec_return\"", \""atomic_dec_return_acquire\"", \""atomic_dec_return_relaxed\"", \""atomic_dec_return_release\"", \""atomic_dec_unless_positive\"", \""atomic_fetch_add\"", \""atomic_fetch_add_acquire\"", \""atomic_fetch_add_relaxed\"", \""atomic_fetch_add_release\"", \""atomic_fetch_add_unless\"", \""atomic_fetch_and\"", \""atomic_fetch_and_acquire\"", \""atomic_fetch_and_relaxed\"", \""atomic_fetch_and_release\"", \""atomic_fetch_andnot\"", \""atomic_fetch_andnot_acquire\"", \""atomic_fetch_andnot_relaxed\"", \""atomic_fetch_andnot_release\"", \""atomic_fetch_dec\"", \""atomic_fetch_dec_acquire\"", \""atomic_fetch_dec_relaxed\"", \""atomic_fetch_dec_release\"", \""atomic_fetch_inc\"", \""atomic_fetch_inc_acquire\"", \""atomic_fetch_inc_relaxed\"", \""atomic_fetch_inc_release\"", \""atomic_fetch_or\"", \""atomic_fetch_or_acquire\"", \""atomic_fetch_or_relaxed\"", \""atomic_fetch_or_release\"", \""atomic_fetch_sub\"", \""atomic_fetch_sub_acquire\"", \""atomic_fetch_sub_relaxed\"", \""atomic_fetch_sub_release\"", \""atomic_fetch_xor\"", \""atomic_fetch_xor_acquire\"", \""atomic_fetch_xor_relaxed\"", \""atomic_fetch_xor_release\"", \""atomic_inc\"", \""atomic_inc_and_test\"", \""atomic_inc_not_zero\"", \""atomic_inc_return\"", \""atomic_inc_return_acquire\"", \""atomic_inc_return_relaxed\"", \""atomic_inc_return_release\"", \""atomic_inc_unless_negative\"", \""atomic_or\"", \""atomic_read\"", \""atomic_read_acquire\"", \""atomic_set\"", \""atomic_set_release\"", \""atomic_sub\"", \""atomic_sub_and_test\"", \""atomic_sub_return\"", \""atomic_sub_return_acquire\"", \""atomic_sub_return_relaxed\"", \""atomic_sub_return_release\"", \""atomic_try_cmpxchg\"", \""atomic_try_cmpxchg_acquire\"", \""atomic_try_cmpxchg_relaxed\"", \""atomic_try_cmpxchg_release\"", \""atomic_xchg\"", \""atomic_xchg_acquire\"", \""atomic_xchg_relaxed\"", \""atomic_xchg_release\"", \""atomic_xor\""]"", ""oracle_type"": ""wrapper_fix"", ""subject"": ""rust: Introduce atomic API helpers""}]}, ""score"": -8.0, ""type"": ""SignatureDrift"", ""warning_id"": ""W-000128"", ""warning_uid"": ""0b79a533431401b13b8a18181133ccb5269b84566392fcf704f0a6d5498bc479""}",,,,missing concrete evidence line
promoted_warnings-008,promoted_warnings,atomic_xchg_relaxed,rust/helpers/atomic.c,,"{""c_evidence"": null, ""evidence_chain"": [{""changed_files"": ""[\""rust/helpers/atomic.c\"", \""rust/helpers/helpers.c\"", \""scripts/atomic/gen-atomics.sh\"", \""scripts/atomic/gen-rust-atomic-helpers.sh\""]"", ""commit_id"": ""fdd7c7e0d2ab3987882c570612d4622f437292c7"", ""date"": ""2025-09-04T21:41:28-07:00"", ""matched_symbols"": ""[\""atomic64_add\"", \""atomic64_add_negative\"", \""atomic64_add_negative_acquire\"", \""atomic64_add_negative_relaxed\"", \""atomic64_add_negative_release\"", \""atomic64_add_return\"", \""atomic64_add_return_acquire\"", \""atomic64_add_return_relaxed\"", \""atomic64_add_return_release\"", \""atomic64_add_unless\"", \""atomic64_and\"", \""atomic64_andnot\"", \""atomic64_cmpxchg\"", \""atomic64_cmpxchg_acquire\"", \""atomic64_cmpxchg_relaxed\"", \""atomic64_cmpxchg_release\"", \""atomic64_dec\"", \""atomic64_dec_and_test\"", \""atomic64_dec_if_positive\"", \""atomic64_dec_return\"", \""atomic64_dec_return_acquire\"", \""atomic64_dec_return_relaxed\"", \""atomic64_dec_return_release\"", \""atomic64_dec_unless_positive\"", \""atomic64_fetch_add\"", \""atomic64_fetch_add_acquire\"", \""atomic64_fetch_add_relaxed\"", \""atomic64_fetch_add_release\"", \""atomic64_fetch_add_unless\"", \""atomic64_fetch_and\"", \""atomic64_fetch_and_acquire\"", \""atomic64_fetch_and_relaxed\"", \""atomic64_fetch_and_release\"", \""atomic64_fetch_andnot\"", \""atomic64_fetch_andnot_acquire\"", \""atomic64_fetch_andnot_relaxed\"", \""atomic64_fetch_andnot_release\"", \""atomic64_fetch_dec\"", \""atomic64_fetch_dec_acquire\"", \""atomic64_fetch_dec_relaxed\"", \""atomic64_fetch_dec_release\"", \""atomic64_fetch_inc\"", \""atomic64_fetch_inc_acquire\"", \""atomic64_fetch_inc_relaxed\"", \""atomic64_fetch_inc_release\"", \""atomic64_fetch_or\"", \""atomic64_fetch_or_acquire\"", \""atomic64_fetch_or_relaxed\"", \""atomic64_fetch_or_release\"", \""atomic64_fetch_sub\"", \""atomic64_fetch_sub_acquire\"", \""atomic64_fetch_sub_relaxed\"", \""atomic64_fetch_sub_release\"", \""atomic64_fetch_xor\"", \""atomic64_fetch_xor_acquire\"", \""atomic64_fetch_xor_relaxed\"", \""atomic64_fetch_xor_release\"", \""atomic64_inc\"", \""atomic64_inc_and_test\"", \""atomic64_inc_not_zero\"", \""atomic64_inc_return\"", \""atomic64_inc_return_acquire\"", \""atomic64_inc_return_relaxed\"", \""atomic64_inc_return_release\"", \""atomic64_inc_unless_negative\"", \""atomic64_or\"", \""atomic64_read\"", \""atomic64_read_acquire\"", \""atomic64_set\"", \""atomic64_set_release\"", \""atomic64_sub\"", \""atomic64_sub_and_test\"", \""atomic64_sub_return\"", \""atomic64_sub_return_acquire\"", \""atomic64_sub_return_relaxed\"", \""atomic64_sub_return_release\"", \""atomic64_try_cmpxchg\"", \""atomic64_try_cmpxchg_acquire\"", \""atomic64_try_cmpxchg_relaxed\"", \""atomic64_try_cmpxchg_release\"", \""atomic64_xchg\"", \""atomic64_xchg_acquire\"", \""atomic64_xchg_relaxed\"", \""atomic64_xchg_release\"", \""atomic64_xor\"", \""atomic_add\"", \""atomic_add_negative\"", \""atomic_add_negative_acquire\"", \""atomic_add_negative_relaxed\"", \""atomic_add_negative_release\"", \""atomic_add_return\"", \""atomic_add_return_acquire\"", \""atomic_add_return_relaxed\"", \""atomic_add_return_release\"", \""atomic_add_unless\"", \""atomic_and\"", \""atomic_andnot\"", \""atomic_cmpxchg\"", \""atomic_cmpxchg_acquire\"", \""atomic_cmpxchg_relaxed\"", \""atomic_cmpxchg_release\"", \""atomic_dec\"", \""atomic_dec_and_test\"", \""atomic_dec_if_positive\"", \""atomic_dec_return\"", \""atomic_dec_return_acquire\"", \""atomic_dec_return_relaxed\"", \""atomic_dec_return_release\"", \""atomic_dec_unless_positive\"", \""atomic_fetch_add\"", \""atomic_fetch_add_acquire\"", \""atomic_fetch_add_relaxed\"", \""atomic_fetch_add_release\"", \""atomic_fetch_add_unless\"", \""atomic_fetch_and\"", \""atomic_fetch_and_acquire\"", \""atomic_fetch_and_relaxed\"", \""atomic_fetch_and_release\"", \""atomic_fetch_andnot\"", \""atomic_fetch_andnot_acquire\"", \""atomic_fetch_andnot_relaxed\"", \""atomic_fetch_andnot_release\"", \""atomic_fetch_dec\"", \""atomic_fetch_dec_acquire\"", \""atomic_fetch_dec_relaxed\"", \""atomic_fetch_dec_release\"", \""atomic_fetch_inc\"", \""atomic_fetch_inc_acquire\"", \""atomic_fetch_inc_relaxed\"", \""atomic_fetch_inc_release\"", \""atomic_fetch_or\"", \""atomic_fetch_or_acquire\"", \""atomic_fetch_or_relaxed\"", \""atomic_fetch_or_release\"", \""atomic_fetch_sub\"", \""atomic_fetch_sub_acquire\"", \""atomic_fetch_sub_relaxed\"", \""atomic_fetch_sub_release\"", \""atomic_fetch_xor\"", \""atomic_fetch_xor_acquire\"", \""atomic_fetch_xor_relaxed\"", \""atomic_fetch_xor_release\"", \""atomic_inc\"", \""atomic_inc_and_test\"", \""atomic_inc_not_zero\"", \""atomic_inc_return\"", \""atomic_inc_return_acquire\"", \""atomic_inc_return_relaxed\"", \""atomic_inc_return_release\"", \""atomic_inc_unless_negative\"", \""atomic_or\"", \""atomic_read\"", \""atomic_read_acquire\"", \""atomic_set\"", \""atomic_set_release\"", \""atomic_sub\"", \""atomic_sub_and_test\"", \""atomic_sub_return\"", \""atomic_sub_return_acquire\"", \""atomic_sub_return_relaxed\"", \""atomic_sub_return_release\"", \""atomic_try_cmpxchg\"", \""atomic_try_cmpxchg_acquire\"", \""atomic_try_cmpxchg_relaxed\"", \""atomic_try_cmpxchg_release\"", \""atomic_xchg\"", \""atomic_xchg_acquire\"", \""atomic_xchg_relaxed\"", \""atomic_xchg_release\"", \""atomic_xor\""]"", ""oracle_type"": ""wrapper_fix"", ""subject"": ""rust: Introduce atomic API helpers""}], ""evidence_location"": {""file"": ""rust/helpers/atomic.c"", ""line"": """", ""source"": ""changed_files""}, ""pair_id"": ""latest-p017-v6.17-to-v6.18"", ""promotion_reasons"": [""oracle_hit""], ""rust_side"": {""exposure"": {""edge_count"": 1, ""edges"": [{""dst"": ""RustBindingFunction:atomic_xchg_relaxed"", ""edge_type"": ""GENERATED_FROM"", ""properties"": ""{}"", ""src"": ""CFunction:atomic_xchg_relaxed"", ""version_id"": ""v6.18""}]}, ""oracle_hits"": [{""changed_files"": ""[\""rust/helpers/atomic.c\"", \""rust/helpers/helpers.c\"", \""scripts/atomic/gen-atomics.sh\"", \""scripts/atomic/gen-rust-atomic-helpers.sh\""]"", ""commit_id"": ""fdd7c7e0d2ab3987882c570612d4622f437292c7"", ""date"": ""2025-09-04T21:41:28-07:00"", ""matched_symbols"": ""[\""atomic64_add\"", \""atomic64_add_negative\"", \""atomic64_add_negative_acquire\"", \""atomic64_add_negative_relaxed\"", \""atomic64_add_negative_release\"", \""atomic64_add_return\"", \""atomic64_add_return_acquire\"", \""atomic64_add_return_relaxed\"", \""atomic64_add_return_release\"", \""atomic64_add_unless\"", \""atomic64_and\"", \""atomic64_andnot\"", \""atomic64_cmpxchg\"", \""atomic64_cmpxchg_acquire\"", \""atomic64_cmpxchg_relaxed\"", \""atomic64_cmpxchg_release\"", \""atomic64_dec\"", \""atomic64_dec_and_test\"", \""atomic64_dec_if_positive\"", \""atomic64_dec_return\"", \""atomic64_dec_return_acquire\"", \""atomic64_dec_return_relaxed\"", \""atomic64_dec_return_release\"", \""atomic64_dec_unless_positive\"", \""atomic64_fetch_add\"", \""atomic64_fetch_add_acquire\"", \""atomic64_fetch_add_relaxed\"", \""atomic64_fetch_add_release\"", \""atomic64_fetch_add_unless\"", \""atomic64_fetch_and\"", \""atomic64_fetch_and_acquire\"", \""atomic64_fetch_and_relaxed\"", \""atomic64_fetch_and_release\"", \""atomic64_fetch_andnot\"", \""atomic64_fetch_andnot_acquire\"", \""atomic64_fetch_andnot_relaxed\"", \""atomic64_fetch_andnot_release\"", \""atomic64_fetch_dec\"", \""atomic64_fetch_dec_acquire\"", \""atomic64_fetch_dec_relaxed\"", \""atomic64_fetch_dec_release\"", \""atomic64_fetch_inc\"", \""atomic64_fetch_inc_acquire\"", \""atomic64_fetch_inc_relaxed\"", \""atomic64_fetch_inc_release\"", \""atomic64_fetch_or\"", \""atomic64_fetch_or_acquire\"", \""atomic64_fetch_or_relaxed\"", \""atomic64_fetch_or_release\"", \""atomic64_fetch_sub\"", \""atomic64_fetch_sub_acquire\"", \""atomic64_fetch_sub_relaxed\"", \""atomic64_fetch_sub_release\"", \""atomic64_fetch_xor\"", \""atomic64_fetch_xor_acquire\"", \""atomic64_fetch_xor_relaxed\"", \""atomic64_fetch_xor_release\"", \""atomic64_inc\"", \""atomic64_inc_and_test\"", \""atomic64_inc_not_zero\"", \""atomic64_inc_return\"", \""atomic64_inc_return_acquire\"", \""atomic64_inc_return_relaxed\"", \""atomic64_inc_return_release\"", \""atomic64_inc_unless_negative\"", \""atomic64_or\"", \""atomic64_read\"", \""atomic64_read_acquire\"", \""atomic64_set\"", \""atomic64_set_release\"", \""atomic64_sub\"", \""atomic64_sub_and_test\"", \""atomic64_sub_return\"", \""atomic64_sub_return_acquire\"", \""atomic64_sub_return_relaxed\"", \""atomic64_sub_return_release\"", \""atomic64_try_cmpxchg\"", \""atomic64_try_cmpxchg_acquire\"", \""atomic64_try_cmpxchg_relaxed\"", \""atomic64_try_cmpxchg_release\"", \""atomic64_xchg\"", \""atomic64_xchg_acquire\"", \""atomic64_xchg_relaxed\"", \""atomic64_xchg_release\"", \""atomic64_xor\"", \""atomic_add\"", \""atomic_add_negative\"", \""atomic_add_negative_acquire\"", \""atomic_add_negative_relaxed\"", \""atomic_add_negative_release\"", \""atomic_add_return\"", \""atomic_add_return_acquire\"", \""atomic_add_return_relaxed\"", \""atomic_add_return_release\"", \""atomic_add_unless\"", \""atomic_and\"", \""atomic_andnot\"", \""atomic_cmpxchg\"", \""atomic_cmpxchg_acquire\"", \""atomic_cmpxchg_relaxed\"", \""atomic_cmpxchg_release\"", \""atomic_dec\"", \""atomic_dec_and_test\"", \""atomic_dec_if_positive\"", \""atomic_dec_return\"", \""atomic_dec_return_acquire\"", \""atomic_dec_return_relaxed\"", \""atomic_dec_return_release\"", \""atomic_dec_unless_positive\"", \""atomic_fetch_add\"", \""atomic_fetch_add_acquire\"", \""atomic_fetch_add_relaxed\"", \""atomic_fetch_add_release\"", \""atomic_fetch_add_unless\"", \""atomic_fetch_and\"", \""atomic_fetch_and_acquire\"", \""atomic_fetch_and_relaxed\"", \""atomic_fetch_and_release\"", \""atomic_fetch_andnot\"", \""atomic_fetch_andnot_acquire\"", \""atomic_fetch_andnot_relaxed\"", \""atomic_fetch_andnot_release\"", \""atomic_fetch_dec\"", \""atomic_fetch_dec_acquire\"", \""atomic_fetch_dec_relaxed\"", \""atomic_fetch_dec_release\"", \""atomic_fetch_inc\"", \""atomic_fetch_inc_acquire\"", \""atomic_fetch_inc_relaxed\"", \""atomic_fetch_inc_release\"", \""atomic_fetch_or\"", \""atomic_fetch_or_acquire\"", \""atomic_fetch_or_relaxed\"", \""atomic_fetch_or_release\"", \""atomic_fetch_sub\"", \""atomic_fetch_sub_acquire\"", \""atomic_fetch_sub_relaxed\"", \""atomic_fetch_sub_release\"", \""atomic_fetch_xor\"", \""atomic_fetch_xor_acquire\"", \""atomic_fetch_xor_relaxed\"", \""atomic_fetch_xor_release\"", \""atomic_inc\"", \""atomic_inc_and_test\"", \""atomic_inc_not_zero\"", \""atomic_inc_return\"", \""atomic_inc_return_acquire\"", \""atomic_inc_return_relaxed\"", \""atomic_inc_return_release\"", \""atomic_inc_unless_negative\"", \""atomic_or\"", \""atomic_read\"", \""atomic_read_acquire\"", \""atomic_set\"", \""atomic_set_release\"", \""atomic_sub\"", \""atomic_sub_and_test\"", \""atomic_sub_return\"", \""atomic_sub_return_acquire\"", \""atomic_sub_return_relaxed\"", \""atomic_sub_return_release\"", \""atomic_try_cmpxchg\"", \""atomic_try_cmpxchg_acquire\"", \""atomic_try_cmpxchg_relaxed\"", \""atomic_try_cmpxchg_release\"", \""atomic_xchg\"", \""atomic_xchg_acquire\"", \""atomic_xchg_relaxed\"", \""atomic_xchg_release\"", \""atomic_xor\""]"", ""oracle_type"": ""wrapper_fix"", ""subject"": ""rust: Introduce atomic API helpers""}]}, ""score"": -8.0, ""type"": ""SignatureDrift"", ""warning_id"": ""W-000170"", ""warning_uid"": ""0fca2aca2fb553dc719151d78a274e9385639799a7c4ec24a989f0cd2f6cb07e""}",,,,missing concrete evidence line
promoted_warnings-009,promoted_warnings,atomic64_fetch_add_release,rust/helpers/atomic.c,,"{""c_evidence"": null, ""evidence_chain"": [{""changed_files"": ""[\""rust/helpers/atomic.c\"", \""rust/helpers/helpers.c\"", \""scripts/atomic/gen-atomics.sh\"", \""scripts/atomic/gen-rust-atomic-helpers.sh\""]"", ""commit_id"": ""fdd7c7e0d2ab3987882c570612d4622f437292c7"", ""date"": ""2025-09-04T21:41:28-07:00"", ""matched_symbols"": ""[\""atomic64_add\"", \""atomic64_add_negative\"", \""atomic64_add_negative_acquire\"", \""atomic64_add_negative_relaxed\"", \""atomic64_add_negative_release\"", \""atomic64_add_return\"", \""atomic64_add_return_acquire\"", \""atomic64_add_return_relaxed\"", \""atomic64_add_return_release\"", \""atomic64_add_unless\"", \""atomic64_and\"", \""atomic64_andnot\"", \""atomic64_cmpxchg\"", \""atomic64_cmpxchg_acquire\"", \""atomic64_cmpxchg_relaxed\"", \""atomic64_cmpxchg_release\"", \""atomic64_dec\"", \""atomic64_dec_and_test\"", \""atomic64_dec_if_positive\"", \""atomic64_dec_return\"", \""atomic64_dec_return_acquire\"", \""atomic64_dec_return_relaxed\"", \""atomic64_dec_return_release\"", \""atomic64_dec_unless_positive\"", \""atomic64_fetch_add\"", \""atomic64_fetch_add_acquire\"", \""atomic64_fetch_add_relaxed\"", \""atomic64_fetch_add_release\"", \""atomic64_fetch_add_unless\"", \""atomic64_fetch_and\"", \""atomic64_fetch_and_acquire\"", \""atomic64_fetch_and_relaxed\"", \""atomic64_fetch_and_release\"", \""atomic64_fetch_andnot\"", \""atomic64_fetch_andnot_acquire\"", \""atomic64_fetch_andnot_relaxed\"", \""atomic64_fetch_andnot_release\"", \""atomic64_fetch_dec\"", \""atomic64_fetch_dec_acquire\"", \""atomic64_fetch_dec_relaxed\"", \""atomic64_fetch_dec_release\"", \""atomic64_fetch_inc\"", \""atomic64_fetch_inc_acquire\"", \""atomic64_fetch_inc_relaxed\"", \""atomic64_fetch_inc_release\"", \""atomic64_fetch_or\"", \""atomic64_fetch_or_acquire\"", \""atomic64_fetch_or_relaxed\"", \""atomic64_fetch_or_release\"", \""atomic64_fetch_sub\"", \""atomic64_fetch_sub_acquire\"", \""atomic64_fetch_sub_relaxed\"", \""atomic64_fetch_sub_release\"", \""atomic64_fetch_xor\"", \""atomic64_fetch_xor_acquire\"", \""atomic64_fetch_xor_relaxed\"", \""atomic64_fetch_xor_release\"", \""atomic64_inc\"", \""atomic64_inc_and_test\"", \""atomic64_inc_not_zero\"", \""atomic64_inc_return\"", \""atomic64_inc_return_acquire\"", \""atomic64_inc_return_relaxed\"", \""atomic64_inc_return_release\"", \""atomic64_inc_unless_negative\"", \""atomic64_or\"", \""atomic64_read\"", \""atomic64_read_acquire\"", \""atomic64_set\"", \""atomic64_set_release\"", \""atomic64_sub\"", \""atomic64_sub_and_test\"", \""atomic64_sub_return\"", \""atomic64_sub_return_acquire\"", \""atomic64_sub_return_relaxed\"", \""atomic64_sub_return_release\"", \""atomic64_try_cmpxchg\"", \""atomic64_try_cmpxchg_acquire\"", \""atomic64_try_cmpxchg_relaxed\"", \""atomic64_try_cmpxchg_release\"", \""atomic64_xchg\"", \""atomic64_xchg_acquire\"", \""atomic64_xchg_relaxed\"", \""atomic64_xchg_release\"", \""atomic64_xor\"", \""atomic_add\"", \""atomic_add_negative\"", \""atomic_add_negative_acquire\"", \""atomic_add_negative_relaxed\"", \""atomic_add_negative_release\"", \""atomic_add_return\"", \""atomic_add_return_acquire\"", \""atomic_add_return_relaxed\"", \""atomic_add_return_release\"", \""atomic_add_unless\"", \""atomic_and\"", \""atomic_andnot\"", \""atomic_cmpxchg\"", \""atomic_cmpxchg_acquire\"", \""atomic_cmpxchg_relaxed\"", \""atomic_cmpxchg_release\"", \""atomic_dec\"", \""atomic_dec_and_test\"", \""atomic_dec_if_positive\"", \""atomic_dec_return\"", \""atomic_dec_return_acquire\"", \""atomic_dec_return_relaxed\"", \""atomic_dec_return_release\"", \""atomic_dec_unless_positive\"", \""atomic_fetch_add\"", \""atomic_fetch_add_acquire\"", \""atomic_fetch_add_relaxed\"", \""atomic_fetch_add_release\"", \""atomic_fetch_add_unless\"", \""atomic_fetch_and\"", \""atomic_fetch_and_acquire\"", \""atomic_fetch_and_relaxed\"", \""atomic_fetch_and_release\"", \""atomic_fetch_andnot\"", \""atomic_fetch_andnot_acquire\"", \""atomic_fetch_andnot_relaxed\"", \""atomic_fetch_andnot_release\"", \""atomic_fetch_dec\"", \""atomic_fetch_dec_acquire\"", \""atomic_fetch_dec_relaxed\"", \""atomic_fetch_dec_release\"", \""atomic_fetch_inc\"", \""atomic_fetch_inc_acquire\"", \""atomic_fetch_inc_relaxed\"", \""atomic_fetch_inc_release\"", \""atomic_fetch_or\"", \""atomic_fetch_or_acquire\"", \""atomic_fetch_or_relaxed\"", \""atomic_fetch_or_release\"", \""atomic_fetch_sub\"", \""atomic_fetch_sub_acquire\"", \""atomic_fetch_sub_relaxed\"", \""atomic_fetch_sub_release\"", \""atomic_fetch_xor\"", \""atomic_fetch_xor_acquire\"", \""atomic_fetch_xor_relaxed\"", \""atomic_fetch_xor_release\"", \""atomic_inc\"", \""atomic_inc_and_test\"", \""atomic_inc_not_zero\"", \""atomic_inc_return\"", \""atomic_inc_return_acquire\"", \""atomic_inc_return_relaxed\"", \""atomic_inc_return_release\"", \""atomic_inc_unless_negative\"", \""atomic_or\"", \""atomic_read\"", \""atomic_read_acquire\"", \""atomic_set\"", \""atomic_set_release\"", \""atomic_sub\"", \""atomic_sub_and_test\"", \""atomic_sub_return\"", \""atomic_sub_return_acquire\"", \""atomic_sub_return_relaxed\"", \""atomic_sub_return_release\"", \""atomic_try_cmpxchg\"", \""atomic_try_cmpxchg_acquire\"", \""atomic_try_cmpxchg_relaxed\"", \""atomic_try_cmpxchg_release\"", \""atomic_xchg\"", \""atomic_xchg_acquire\"", \""atomic_xchg_relaxed\"", \""atomic_xchg_release\"", \""atomic_xor\""]"", ""oracle_type"": ""wrapper_fix"", ""subject"": ""rust: Introduce atomic API helpers""}], ""evidence_location"": {""file"": ""rust/helpers/atomic.c"", ""line"": """", ""source"": ""changed_files""}, ""pair_id"": ""latest-p017-v6.17-to-v6.18"", ""promotion_reasons"": [""oracle_hit""], ""rust_side"": {""exposure"": {""edge_count"": 1, ""edges"": [{""dst"": ""RustBindingFunction:atomic64_fetch_add_release"", ""edge_type"": ""GENERATED_FROM"", ""properties"": ""{}"", ""src"": ""CFunction:atomic64_fetch_add_release"", ""version_id"": ""v6.18""}]}, ""oracle_hits"": [{""changed_files"": ""[\""rust/helpers/atomic.c\"", \""rust/helpers/helpers.c\"", \""scripts/atomic/gen-atomics.sh\"", \""scripts/atomic/gen-rust-atomic-helpers.sh\""]"", ""commit_id"": ""fdd7c7e0d2ab3987882c570612d4622f437292c7"", ""date"": ""2025-09-04T21:41:28-07:00"", ""matched_symbols"": ""[\""atomic64_add\"", \""atomic64_add_negative\"", \""atomic64_add_negative_acquire\"", \""atomic64_add_negative_relaxed\"", \""atomic64_add_negative_release\"", \""atomic64_add_return\"", \""atomic64_add_return_acquire\"", \""atomic64_add_return_relaxed\"", \""atomic64_add_return_release\"", \""atomic64_add_unless\"", \""atomic64_and\"", \""atomic64_andnot\"", \""atomic64_cmpxchg\"", \""atomic64_cmpxchg_acquire\"", \""atomic64_cmpxchg_relaxed\"", \""atomic64_cmpxchg_release\"", \""atomic64_dec\"", \""atomic64_dec_and_test\"", \""atomic64_dec_if_positive\"", \""atomic64_dec_return\"", \""atomic64_dec_return_acquire\"", \""atomic64_dec_return_relaxed\"", \""atomic64_dec_return_release\"", \""atomic64_dec_unless_positive\"", \""atomic64_fetch_add\"", \""atomic64_fetch_add_acquire\"", \""atomic64_fetch_add_relaxed\"", \""atomic64_fetch_add_release\"", \""atomic64_fetch_add_unless\"", \""atomic64_fetch_and\"", \""atomic64_fetch_and_acquire\"", \""atomic64_fetch_and_relaxed\"", \""atomic64_fetch_and_release\"", \""atomic64_fetch_andnot\"", \""atomic64_fetch_andnot_acquire\"", \""atomic64_fetch_andnot_relaxed\"", \""atomic64_fetch_andnot_release\"", \""atomic64_fetch_dec\"", \""atomic64_fetch_dec_acquire\"", \""atomic64_fetch_dec_relaxed\"", \""atomic64_fetch_dec_release\"", \""atomic64_fetch_inc\"", \""atomic64_fetch_inc_acquire\"", \""atomic64_fetch_inc_relaxed\"", \""atomic64_fetch_inc_release\"", \""atomic64_fetch_or\"", \""atomic64_fetch_or_acquire\"", \""atomic64_fetch_or_relaxed\"", \""atomic64_fetch_or_release\"", \""atomic64_fetch_sub\"", \""atomic64_fetch_sub_acquire\"", \""atomic64_fetch_sub_relaxed\"", \""atomic64_fetch_sub_release\"", \""atomic64_fetch_xor\"", \""atomic64_fetch_xor_acquire\"", \""atomic64_fetch_xor_relaxed\"", \""atomic64_fetch_xor_release\"", \""atomic64_inc\"", \""atomic64_inc_and_test\"", \""atomic64_inc_not_zero\"", \""atomic64_inc_return\"", \""atomic64_inc_return_acquire\"", \""atomic64_inc_return_relaxed\"", \""atomic64_inc_return_release\"", \""atomic64_inc_unless_negative\"", \""atomic64_or\"", \""atomic64_read\"", \""atomic64_read_acquire\"", \""atomic64_set\"", \""atomic64_set_release\"", \""atomic64_sub\"", \""atomic64_sub_and_test\"", \""atomic64_sub_return\"", \""atomic64_sub_return_acquire\"", \""atomic64_sub_return_relaxed\"", \""atomic64_sub_return_release\"", \""atomic64_try_cmpxchg\"", \""atomic64_try_cmpxchg_acquire\"", \""atomic64_try_cmpxchg_relaxed\"", \""atomic64_try_cmpxchg_release\"", \""atomic64_xchg\"", \""atomic64_xchg_acquire\"", \""atomic64_xchg_relaxed\"", \""atomic64_xchg_release\"", \""atomic64_xor\"", \""atomic_add\"", \""atomic_add_negative\"", \""atomic_add_negative_acquire\"", \""atomic_add_negative_relaxed\"", \""atomic_add_negative_release\"", \""atomic_add_return\"", \""atomic_add_return_acquire\"", \""atomic_add_return_relaxed\"", \""atomic_add_return_release\"", \""atomic_add_unless\"", \""atomic_and\"", \""atomic_andnot\"", \""atomic_cmpxchg\"", \""atomic_cmpxchg_acquire\"", \""atomic_cmpxchg_relaxed\"", \""atomic_cmpxchg_release\"", \""atomic_dec\"", \""atomic_dec_and_test\"", \""atomic_dec_if_positive\"", \""atomic_dec_return\"", \""atomic_dec_return_acquire\"", \""atomic_dec_return_relaxed\"", \""atomic_dec_return_release\"", \""atomic_dec_unless_positive\"", \""atomic_fetch_add\"", \""atomic_fetch_add_acquire\"", \""atomic_fetch_add_relaxed\"", \""atomic_fetch_add_release\"", \""atomic_fetch_add_unless\"", \""atomic_fetch_and\"", \""atomic_fetch_and_acquire\"", \""atomic_fetch_and_relaxed\"", \""atomic_fetch_and_release\"", \""atomic_fetch_andnot\"", \""atomic_fetch_andnot_acquire\"", \""atomic_fetch_andnot_relaxed\"", \""atomic_fetch_andnot_release\"", \""atomic_fetch_dec\"", \""atomic_fetch_dec_acquire\"", \""atomic_fetch_dec_relaxed\"", \""atomic_fetch_dec_release\"", \""atomic_fetch_inc\"", \""atomic_fetch_inc_acquire\"", \""atomic_fetch_inc_relaxed\"", \""atomic_fetch_inc_release\"", \""atomic_fetch_or\"", \""atomic_fetch_or_acquire\"", \""atomic_fetch_or_relaxed\"", \""atomic_fetch_or_release\"", \""atomic_fetch_sub\"", \""atomic_fetch_sub_acquire\"", \""atomic_fetch_sub_relaxed\"", \""atomic_fetch_sub_release\"", \""atomic_fetch_xor\"", \""atomic_fetch_xor_acquire\"", \""atomic_fetch_xor_relaxed\"", \""atomic_fetch_xor_release\"", \""atomic_inc\"", \""atomic_inc_and_test\"", \""atomic_inc_not_zero\"", \""atomic_inc_return\"", \""atomic_inc_return_acquire\"", \""atomic_inc_return_relaxed\"", \""atomic_inc_return_release\"", \""atomic_inc_unless_negative\"", \""atomic_or\"", \""atomic_read\"", \""atomic_read_acquire\"", \""atomic_set\"", \""atomic_set_release\"", \""atomic_sub\"", \""atomic_sub_and_test\"", \""atomic_sub_return\"", \""atomic_sub_return_acquire\"", \""atomic_sub_return_relaxed\"", \""atomic_sub_return_release\"", \""atomic_try_cmpxchg\"", \""atomic_try_cmpxchg_acquire\"", \""atomic_try_cmpxchg_relaxed\"", \""atomic_try_cmpxchg_release\"", \""atomic_xchg\"", \""atomic_xchg_acquire\"", \""atomic_xchg_relaxed\"", \""atomic_xchg_release\"", \""atomic_xor\""]"", ""oracle_type"": ""wrapper_fix"", ""subject"": ""rust: Introduce atomic API helpers""}]}, ""score"": -8.0, ""type"": ""SignatureDrift"", ""warning_id"": ""W-000030"", ""warning_uid"": ""55d4d72e4902aef06509086cb04434e09b3f6303157d47ededa03eb1279e2651""}",,,,missing concrete evidence line
promoted_warnings-010,promoted_warnings,mdiobus_read,.binddrift/worktrees/v6.13/rust/kernel/net/phy/reg.rs,107,"{""c_evidence"": null, ""evidence_chain"": [{""line"": 107, ""nearby_api"": null, ""rust_file"": "".binddrift/worktrees/v6.13/rust/kernel/net/phy/reg.rs"", ""text"": ""// SAFETY: `phydev` is pointing to a valid object by the type invariant of `Device`.""}, {""line"": 113, ""mapping_type"": ""TO_RESULT_MAPPING"", ""nearby_api"": ""read"", ""rust_file"": "".binddrift/worktrees/v6.13/rust/kernel/net/phy/reg.rs"", ""text"": ""to_result(ret)?;""}, {""changed_files"": ""[\""MAINTAINERS\"", \""drivers/net/phy/ax88796b_rust.rs\"", \""rust/kernel/net/phy.rs\"", \""rust/kernel/net/phy/reg.rs\"", \""rust/uapi/uapi_helper.h\""]"", ""commit_id"": ""b2e47002b2350f57bfa8fe1c231e9fbb6baef78b"", ""date"": ""2024-08-28T07:35:14+00:00"", ""matched_symbols"": ""[\""mdiobus_read\"", \""mdiobus_write\"", \""phy_read_mmd\"", \""phy_write_mmd\""]"", ""oracle_type"": ""wrapper_fix"", ""subject"": ""rust: net::phy unified read/write API for C22 and C45 registers""}], ""evidence_location"": {""file"": "".binddrift/worktrees/v6.13/rust/kernel/net/phy/reg.rs"", ""line"": ""107"", ""source"": ""evidence""}, ""pair_id"": ""latest-p012-v6.12-to-v6.13"", ""promotion_reasons"": [""direct_binding_use"", ""has_safety_comment"", ""has_error_mapping"", ""oracle_hit""], ""rust_side"": {""error_mappings"": [{""line"": 113, ""mapping_type"": ""TO_RESULT_MAPPING"", ""nearby_api"": ""read"", ""rust_file"": "".binddrift/worktrees/v6.13/rust/kernel/net/phy/reg.rs"", ""text"": ""to_result(ret)?;""}], ""exposure"": {""edge_count"": 4, ""edges"": [{""dst"": ""RustBindingFunction:mdiobus_read"", ""edge_type"": ""GENERATED_FROM"", ""properties"": ""{}"", ""src"": ""CFunction:mdiobus_read"", ""version_id"": ""v6.13""}, {""dst"": ""RustErrorMapping:.binddrift/worktrees/v6.13/rust/kernel/net/phy/reg.rs:113:TO_RESULT_MAPPING"", ""edge_type"": ""HAS_ERROR_MAPPING"", ""properties"": ""{}"", ""src"": ""RustBindingFunction:mdiobus_read"", ""version_id"": ""v6.13""}, {""dst"": ""RustSafetyComment:.binddrift/worktrees/v6.13/rust/kernel/net/phy/reg.rs:107"", ""edge_type"": ""HAS_SAFETY_COMMENT"", ""properties"": ""{}"", ""src"": ""RustBindingFunction:mdiobus_read"", ""version_id"": ""v6.13""}, {""dst"": ""RustUnsafeCall:.binddrift/worktrees/v6.13/rust/kernel/net/phy/reg.rs:111:mdiobus_read"", ""edge_type"": ""CALLS_BINDING"", ""properties"": ""{}"", ""src"": ""RustBindingFunction:mdiobus_read"", ""version_id"": ""v6.13""}]}, ""oracle_hits"": [{""changed_files"": ""[\""MAINTAINERS\"", \""drivers/net/phy/ax88796b_rust.rs\"", \""rust/kernel/net/phy.rs\"", \""rust/kernel/net/phy/reg.rs\"", \""rust/uapi/uapi_helper.h\""]"", ""commit_id"": ""b2e47002b2350f57bfa8fe1c231e9fbb6baef78b"", ""date"": ""2024-08-28T07:35:14+00:00"", ""matched_symbols"": ""[\""mdiobus_read\"", \""mdiobus_write\"", \""phy_read_mmd\"", \""phy_write_mmd\""]"", ""oracle_type"": ""wrapper_fix"", ""subject"": ""rust: net::phy unified read/write API for C22 and C45 registers""}], ""safety_comments"": [{""line"": 107, ""nearby_api"": null, ""rust_file"": "".binddrift/worktrees/v6.13/rust/kernel/net/phy/reg.rs"", ""text"": ""// SAFETY: `phydev` is pointing to a valid object by the type invariant of `Device`.""}], ""uses"": [{""enclosing_function"": ""read"", ""enclosing_impl"": ""C22"", ""enclosing_type"": ""C22"", ""enclosing_unsafe_block"": 1, ""line"": 111, ""rust_file"": "".binddrift/worktrees/v6.13/rust/kernel/net/phy/reg.rs""}]}, ""score"": 7.0, ""type"": ""SignatureDrift"", ""warning_id"": ""W-000022"", ""warning_uid"": ""29eab9e65c684e7a1cd5032c4f7d5bd8357de1a747e56262f96d1abf66ba74ed""}",,,,
promoted_warnings-011,promoted_warnings,regulator_is_enabled,.binddrift/worktrees/v6.17/rust/kernel/regulator.rs,380,"{""c_evidence"": null, ""evidence_chain"": [{""line"": 380, ""nearby_api"": ""Regulator<Dynamic>::disable"", ""rust_file"": "".binddrift/worktrees/v6.17/rust/kernel/regulator.rs"", ""text"": ""/// Checks if the regulator is enabled.""}, {""line"": 382, ""nearby_api"": ""Regulator<T>::is_enabled"", ""rust_file"": "".binddrift/worktrees/v6.17/rust/kernel/regulator.rs"", ""text"": ""// SAFETY: Safe as per the type invariants of `Regulator`.""}, {""evidence_text"": ""unsafe { bindings::regulator_is_enabled(self.inner.as_ptr()) != 0 }"", ""fact_type"": ""AS_PTR"", ""line"": 383, ""rust_file"": "".binddrift/worktrees/v6.17/rust/kernel/regulator.rs"", ""rust_type"": ""Regulator<T>"", ""uses_bindings"": ""[\""regulator_is_enabled\""]""}, {""changed_files"": ""[\""rust/kernel/regulator.rs\""]"", ""commit_id"": ""8121353a4bf8e38afee26299419a78ec108e14a6"", ""date"": ""2026-03-24T10:49:59+00:00"", ""matched_symbols"": ""[\""regulator\"", \""regulator_disable\"", \""regulator_enable\"", \""regulator_get_voltage\"", \""regulator_is_enabled\"", \""regulator_put\""]"", ""oracle_type"": ""wrapper_fix"", ""subject"": ""rust: regulator: do not assume that regulator_get() returns non-null""}], ""evidence_location"": {""file"": "".binddrift/worktrees/v6.17/rust/kernel/regulator.rs"", ""line"": ""380"", ""source"": ""evidence""}, ""pair_id"": ""latest-p016-v6.16-to-v6.17"", ""promotion_reasons"": [""direct_binding_use"", ""exposes_safe_api"", ""has_safety_comment"", ""has_lifetime_fact"", ""oracle_hit""], ""rust_side"": {""exposure"": {""edge_count"": 5, ""edges"": [{""dst"": ""RustBindingFunction:regulator_is_enabled"", ""edge_type"": ""GENERATED_FROM"", ""properties"": ""{}"", ""src"": ""CFunction:regulator_is_enabled"", ""version_id"": ""v6.17""}, {""dst"": ""RustLifetimeFact:.binddrift/worktrees/v6.17/rust/kernel/regulator.rs:383:AS_PTR"", ""edge_type"": ""AFFECTS_LIFETIME"", ""properties"": ""{}"", ""src"": ""RustBindingFunction:regulator_is_enabled"", ""version_id"": ""v6.17""}, {""dst"": ""RustSafetyComment:.binddrift/worktrees/v6.17/rust/kernel/regulator.rs:380"", ""edge_type"": ""HAS_SAFETY_COMMENT"", ""properties"": ""{}"", ""src"": ""RustBindingFunction:regulator_is_enabled"", ""version_id"": ""v6.17""}, {""dst"": ""RustSafetyComment:.binddrift/worktrees/v6.17/rust/kernel/regulator.rs:382"", ""edge_type"": ""HAS_SAFETY_COMMENT"", ""properties"": ""{}"", ""src"": ""RustBindingFunction:regulator_is_enabled"", ""version_id"": ""v6.17""}, {""dst"": ""RustUnsafeCall:.binddrift/worktrees/v6.17/rust/kernel/regulator.rs:383:regulator_is_enabled"", ""edge_type"": ""CALLS_BINDING"", ""properties"": ""{}"", ""src"": ""RustBindingFunction:regulator_is_enabled"", ""version_id"": ""v6.17""}]}, ""lifetime_facts"": [{""evidence_text"": ""unsafe { bindings::regulator_is_enabled(self.inner.as_ptr()) != 0 }"", ""fact_type"": ""AS_PTR"", ""line"": 383, ""rust_file"": "".binddrift/worktrees/v6.17/rust/kernel/regulator.rs"", ""rust_type"": ""Regulator<T>"", ""uses_bindings"": ""[\""regulator_is_enabled\""]""}], ""oracle_hits"": [{""changed_files"": ""[\""rust/kernel/regulator.rs\""]"", ""commit_id"": ""8121353a4bf8e38afee26299419a78ec108e14a6"", ""date"": ""2026-03-24T10:49:59+00:00"", ""matched_symbols"": ""[\""regulator\"", \""regulator_disable\"", \""regulator_enable\"", \""regulator_get_voltage\"", \""regulator_is_enabled\"", \""regulator_put\""]"", ""oracle_type"": ""wrapper_fix"", ""subject"": ""rust: regulator: do not assume that regulator_get() returns non-null""}], ""safe_apis"": [{""api_name"": ""Regulator<T>::is_enabled"", ""line"": 381, ""params"": ""\""&self\"""", ""receiver_type"": ""Regulator<T>"", ""return_type"": ""bool"", ""rust_file"": "".binddrift/worktrees/v6.17/rust/kernel/regulator.rs"", ""uses_bindings"": ""[\""regulator_is_enabled\""]"", ""visibility"": ""pub""}], ""safety_comments"": [{""line"": 380, ""nearby_api"": ""Regulator<Dynamic>::disable"", ""rust_file"": "".binddrift/worktrees/v6.17/rust/kernel/regulator.rs"", ""text"": ""/// Checks if the regulator is enabled.""}, {""line"": 382, ""nearby_api"": ""Regulator<T>::is_enabled"", ""rust_file"": "".binddrift/worktrees/v6.17/rust/kernel/regulator.rs"", ""text"": ""// SAFETY: Safe as per the type invariants of `Regulator`.""}], ""uses"": [{""enclosing_function"": ""Regulator<T>::is_enabled"", ""enclosing_impl"": ""Regulator<T>"", ""enclosing_type"": ""Regulator<T>"", ""enclosing_unsafe_block"": 1, ""line"": 383, ""rust_file"": "".binddrift/worktrees/v6.17/rust/kernel/regulator.rs""}]}, ""score"": 10.0, ""type"": ""SignatureDrift"", ""warning_id"": ""W-000008"", ""warning_uid"": ""01dd11450aa99f882f988059f9eb79b773dc7d0bc7326804d01ad5b92b812545""}",,,,
promoted_warnings-012,promoted_warnings,request_firmware_direct,rust/kernel/firmware.rs,,"{""c_evidence"": null, ""evidence_chain"": [{""changed_files"": ""[\""rust/kernel/firmware.rs\""]"", ""commit_id"": ""a23b018c3bf646274f02edd46bf448c20c826d94"", ""date"": ""2024-07-08T22:07:21+02:00"", ""matched_symbols"": ""[\""device\"", \""firmware\"", \""firmware_request_nowarn\"", \""firmware_request_platform\"", \""request_firmware\"", \""request_firmware_direct\""]"", ""oracle_type"": ""wrapper_fix"", ""subject"": ""firmware_loader: fix soundness issue in `request_internal`""}], ""evidence_location"": {""file"": ""rust/kernel/firmware.rs"", ""line"": """", ""source"": ""changed_files""}, ""pair_id"": ""latest-p012-v6.12-to-v6.13"", ""promotion_reasons"": [""oracle_hit""], ""rust_side"": {""exposure"": {""edge_count"": 3, ""edges"": [{""dst"": ""CBehaviorIndicator:request_firmware_direct:ERROR_CODE:.binddrift/worktrees/v6.13/include/linux/firmware.h:168"", ""edge_type"": ""HAS_C_INDICATOR"", ""properties"": ""{}"", ""src"": ""CFunction:request_firmware_direct"", ""version_id"": ""v6.13""}, {""dst"": ""RustBindingFunction:request_firmware_direct"", ""edge_type"": ""GENERATED_FROM"", ""properties"": ""{}"", ""src"": ""CFunction:request_firmware_direct"", ""version_id"": ""v6.13""}, {""dst"": ""RustUnsafeCall:.binddrift/worktrees/v6.13/rust/kernel/firmware.rs:13:request_firmware_direct"", ""edge_type"": ""CALLS_BINDING"", ""properties"": ""{}"", ""src"": ""RustBindingFunction:request_firmware_direct"", ""version_id"": ""v6.13""}]}, ""oracle_hits"": [{""changed_files"": ""[\""rust/kernel/firmware.rs\""]"", ""commit_id"": ""a23b018c3bf646274f02edd46bf448c20c826d94"", ""date"": ""2024-07-08T22:07:21+02:00"", ""matched_symbols"": ""[\""device\"", \""firmware\"", \""firmware_request_nowarn\"", \""firmware_request_platform\"", \""request_firmware\"", \""request_firmware_direct\""]"", ""oracle_type"": ""wrapper_fix"", ""subject"": ""firmware_loader: fix soundness issue in `request_internal`""}]}, ""score"": -3.0, ""type"": ""SignatureDrift"", ""warning_id"": ""W-000028"", ""warning_uid"": ""566f88e8dcb1dfb0c2b643fb382f1bce18fd53578c1be90d11dd0e8400b65eaa""}",,,,missing concrete evidence line
promoted_warnings-013,promoted_warnings,atomic_fetch_and,rust/helpers/atomic.c,,"{""c_evidence"": null, ""evidence_chain"": [{""changed_files"": ""[\""rust/helpers/atomic.c\"", \""rust/helpers/helpers.c\"", \""scripts/atomic/gen-atomics.sh\"", \""scripts/atomic/gen-rust-atomic-helpers.sh\""]"", ""commit_id"": ""fdd7c7e0d2ab3987882c570612d4622f437292c7"", ""date"": ""2025-09-04T21:41:28-07:00"", ""matched_symbols"": ""[\""atomic64_add\"", \""atomic64_add_negative\"", \""atomic64_add_negative_acquire\"", \""atomic64_add_negative_relaxed\"", \""atomic64_add_negative_release\"", \""atomic64_add_return\"", \""atomic64_add_return_acquire\"", \""atomic64_add_return_relaxed\"", \""atomic64_add_return_release\"", \""atomic64_add_unless\"", \""atomic64_and\"", \""atomic64_andnot\"", \""atomic64_cmpxchg\"", \""atomic64_cmpxchg_acquire\"", \""atomic64_cmpxchg_relaxed\"", \""atomic64_cmpxchg_release\"", \""atomic64_dec\"", \""atomic64_dec_and_test\"", \""atomic64_dec_if_positive\"", \""atomic64_dec_return\"", \""atomic64_dec_return_acquire\"", \""atomic64_dec_return_relaxed\"", \""atomic64_dec_return_release\"", \""atomic64_dec_unless_positive\"", \""atomic64_fetch_add\"", \""atomic64_fetch_add_acquire\"", \""atomic64_fetch_add_relaxed\"", \""atomic64_fetch_add_release\"", \""atomic64_fetch_add_unless\"", \""atomic64_fetch_and\"", \""atomic64_fetch_and_acquire\"", \""atomic64_fetch_and_relaxed\"", \""atomic64_fetch_and_release\"", \""atomic64_fetch_andnot\"", \""atomic64_fetch_andnot_acquire\"", \""atomic64_fetch_andnot_relaxed\"", \""atomic64_fetch_andnot_release\"", \""atomic64_fetch_dec\"", \""atomic64_fetch_dec_acquire\"", \""atomic64_fetch_dec_relaxed\"", \""atomic64_fetch_dec_release\"", \""atomic64_fetch_inc\"", \""atomic64_fetch_inc_acquire\"", \""atomic64_fetch_inc_relaxed\"", \""atomic64_fetch_inc_release\"", \""atomic64_fetch_or\"", \""atomic64_fetch_or_acquire\"", \""atomic64_fetch_or_relaxed\"", \""atomic64_fetch_or_release\"", \""atomic64_fetch_sub\"", \""atomic64_fetch_sub_acquire\"", \""atomic64_fetch_sub_relaxed\"", \""atomic64_fetch_sub_release\"", \""atomic64_fetch_xor\"", \""atomic64_fetch_xor_acquire\"", \""atomic64_fetch_xor_relaxed\"", \""atomic64_fetch_xor_release\"", \""atomic64_inc\"", \""atomic64_inc_and_test\"", \""atomic64_inc_not_zero\"", \""atomic64_inc_return\"", \""atomic64_inc_return_acquire\"", \""atomic64_inc_return_relaxed\"", \""atomic64_inc_return_release\"", \""atomic64_inc_unless_negative\"", \""atomic64_or\"", \""atomic64_read\"", \""atomic64_read_acquire\"", \""atomic64_set\"", \""atomic64_set_release\"", \""atomic64_sub\"", \""atomic64_sub_and_test\"", \""atomic64_sub_return\"", \""atomic64_sub_return_acquire\"", \""atomic64_sub_return_relaxed\"", \""atomic64_sub_return_release\"", \""atomic64_try_cmpxchg\"", \""atomic64_try_cmpxchg_acquire\"", \""atomic64_try_cmpxchg_relaxed\"", \""atomic64_try_cmpxchg_release\"", \""atomic64_xchg\"", \""atomic64_xchg_acquire\"", \""atomic64_xchg_relaxed\"", \""atomic64_xchg_release\"", \""atomic64_xor\"", \""atomic_add\"", \""atomic_add_negative\"", \""atomic_add_negative_acquire\"", \""atomic_add_negative_relaxed\"", \""atomic_add_negative_release\"", \""atomic_add_return\"", \""atomic_add_return_acquire\"", \""atomic_add_return_relaxed\"", \""atomic_add_return_release\"", \""atomic_add_unless\"", \""atomic_and\"", \""atomic_andnot\"", \""atomic_cmpxchg\"", \""atomic_cmpxchg_acquire\"", \""atomic_cmpxchg_relaxed\"", \""atomic_cmpxchg_release\"", \""atomic_dec\"", \""atomic_dec_and_test\"", \""atomic_dec_if_positive\"", \""atomic_dec_return\"", \""atomic_dec_return_acquire\"", \""atomic_dec_return_relaxed\"", \""atomic_dec_return_release\"", \""atomic_dec_unless_positive\"", \""atomic_fetch_add\"", \""atomic_fetch_add_acquire\"", \""atomic_fetch_add_relaxed\"", \""atomic_fetch_add_release\"", \""atomic_fetch_add_unless\"", \""atomic_fetch_and\"", \""atomic_fetch_and_acquire\"", \""atomic_fetch_and_relaxed\"", \""atomic_fetch_and_release\"", \""atomic_fetch_andnot\"", \""atomic_fetch_andnot_acquire\"", \""atomic_fetch_andnot_relaxed\"", \""atomic_fetch_andnot_release\"", \""atomic_fetch_dec\"", \""atomic_fetch_dec_acquire\"", \""atomic_fetch_dec_relaxed\"", \""atomic_fetch_dec_release\"", \""atomic_fetch_inc\"", \""atomic_fetch_inc_acquire\"", \""atomic_fetch_inc_relaxed\"", \""atomic_fetch_inc_release\"", \""atomic_fetch_or\"", \""atomic_fetch_or_acquire\"", \""atomic_fetch_or_relaxed\"", \""atomic_fetch_or_release\"", \""atomic_fetch_sub\"", \""atomic_fetch_sub_acquire\"", \""atomic_fetch_sub_relaxed\"", \""atomic_fetch_sub_release\"", \""atomic_fetch_xor\"", \""atomic_fetch_xor_acquire\"", \""atomic_fetch_xor_relaxed\"", \""atomic_fetch_xor_release\"", \""atomic_inc\"", \""atomic_inc_and_test\"", \""atomic_inc_not_zero\"", \""atomic_inc_return\"", \""atomic_inc_return_acquire\"", \""atomic_inc_return_relaxed\"", \""atomic_inc_return_release\"", \""atomic_inc_unless_negative\"", \""atomic_or\"", \""atomic_read\"", \""atomic_read_acquire\"", \""atomic_set\"", \""atomic_set_release\"", \""atomic_sub\"", \""atomic_sub_and_test\"", \""atomic_sub_return\"", \""atomic_sub_return_acquire\"", \""atomic_sub_return_relaxed\"", \""atomic_sub_return_release\"", \""atomic_try_cmpxchg\"", \""atomic_try_cmpxchg_acquire\"", \""atomic_try_cmpxchg_relaxed\"", \""atomic_try_cmpxchg_release\"", \""atomic_xchg\"", \""atomic_xchg_acquire\"", \""atomic_xchg_relaxed\"", \""atomic_xchg_release\"", \""atomic_xor\""]"", ""oracle_type"": ""wrapper_fix"", ""subject"": ""rust: Introduce atomic API helpers""}], ""evidence_location"": {""file"": ""rust/helpers/atomic.c"", ""line"": """", ""source"": ""changed_files""}, ""pair_id"": ""latest-p017-v6.17-to-v6.18"", ""promotion_reasons"": [""oracle_hit""], ""rust_side"": {""exposure"": {""edge_count"": 1, ""edges"": [{""dst"": ""RustBindingFunction:atomic_fetch_and"", ""edge_type"": ""GENERATED_FROM"", ""properties"": ""{}"", ""src"": ""CFunction:atomic_fetch_and"", ""version_id"": ""v6.18""}]}, ""oracle_hits"": [{""changed_files"": ""[\""rust/helpers/atomic.c\"", \""rust/helpers/helpers.c\"", \""scripts/atomic/gen-atomics.sh\"", \""scripts/atomic/gen-rust-atomic-helpers.sh\""]"", ""commit_id"": ""fdd7c7e0d2ab3987882c570612d4622f437292c7"", ""date"": ""2025-09-04T21:41:28-07:00"", ""matched_symbols"": ""[\""atomic64_add\"", \""atomic64_add_negative\"", \""atomic64_add_negative_acquire\"", \""atomic64_add_negative_relaxed\"", \""atomic64_add_negative_release\"", \""atomic64_add_return\"", \""atomic64_add_return_acquire\"", \""atomic64_add_return_relaxed\"", \""atomic64_add_return_release\"", \""atomic64_add_unless\"", \""atomic64_and\"", \""atomic64_andnot\"", \""atomic64_cmpxchg\"", \""atomic64_cmpxchg_acquire\"", \""atomic64_cmpxchg_relaxed\"", \""atomic64_cmpxchg_release\"", \""atomic64_dec\"", \""atomic64_dec_and_test\"", \""atomic64_dec_if_positive\"", \""atomic64_dec_return\"", \""atomic64_dec_return_acquire\"", \""atomic64_dec_return_relaxed\"", \""atomic64_dec_return_release\"", \""atomic64_dec_unless_positive\"", \""atomic64_fetch_add\"", \""atomic64_fetch_add_acquire\"", \""atomic64_fetch_add_relaxed\"", \""atomic64_fetch_add_release\"", \""atomic64_fetch_add_unless\"", \""atomic64_fetch_and\"", \""atomic64_fetch_and_acquire\"", \""atomic64_fetch_and_relaxed\"", \""atomic64_fetch_and_release\"", \""atomic64_fetch_andnot\"", \""atomic64_fetch_andnot_acquire\"", \""atomic64_fetch_andnot_relaxed\"", \""atomic64_fetch_andnot_release\"", \""atomic64_fetch_dec\"", \""atomic64_fetch_dec_acquire\"", \""atomic64_fetch_dec_relaxed\"", \""atomic64_fetch_dec_release\"", \""atomic64_fetch_inc\"", \""atomic64_fetch_inc_acquire\"", \""atomic64_fetch_inc_relaxed\"", \""atomic64_fetch_inc_release\"", \""atomic64_fetch_or\"", \""atomic64_fetch_or_acquire\"", \""atomic64_fetch_or_relaxed\"", \""atomic64_fetch_or_release\"", \""atomic64_fetch_sub\"", \""atomic64_fetch_sub_acquire\"", \""atomic64_fetch_sub_relaxed\"", \""atomic64_fetch_sub_release\"", \""atomic64_fetch_xor\"", \""atomic64_fetch_xor_acquire\"", \""atomic64_fetch_xor_relaxed\"", \""atomic64_fetch_xor_release\"", \""atomic64_inc\"", \""atomic64_inc_and_test\"", \""atomic64_inc_not_zero\"", \""atomic64_inc_return\"", \""atomic64_inc_return_acquire\"", \""atomic64_inc_return_relaxed\"", \""atomic64_inc_return_release\"", \""atomic64_inc_unless_negative\"", \""atomic64_or\"", \""atomic64_read\"", \""atomic64_read_acquire\"", \""atomic64_set\"", \""atomic64_set_release\"", \""atomic64_sub\"", \""atomic64_sub_and_test\"", \""atomic64_sub_return\"", \""atomic64_sub_return_acquire\"", \""atomic64_sub_return_relaxed\"", \""atomic64_sub_return_release\"", \""atomic64_try_cmpxchg\"", \""atomic64_try_cmpxchg_acquire\"", \""atomic64_try_cmpxchg_relaxed\"", \""atomic64_try_cmpxchg_release\"", \""atomic64_xchg\"", \""atomic64_xchg_acquire\"", \""atomic64_xchg_relaxed\"", \""atomic64_xchg_release\"", \""atomic64_xor\"", \""atomic_add\"", \""atomic_add_negative\"", \""atomic_add_negative_acquire\"", \""atomic_add_negative_relaxed\"", \""atomic_add_negative_release\"", \""atomic_add_return\"", \""atomic_add_return_acquire\"", \""atomic_add_return_relaxed\"", \""atomic_add_return_release\"", \""atomic_add_unless\"", \""atomic_and\"", \""atomic_andnot\"", \""atomic_cmpxchg\"", \""atomic_cmpxchg_acquire\"", \""atomic_cmpxchg_relaxed\"", \""atomic_cmpxchg_release\"", \""atomic_dec\"", \""atomic_dec_and_test\"", \""atomic_dec_if_positive\"", \""atomic_dec_return\"", \""atomic_dec_return_acquire\"", \""atomic_dec_return_relaxed\"", \""atomic_dec_return_release\"", \""atomic_dec_unless_positive\"", \""atomic_fetch_add\"", \""atomic_fetch_add_acquire\"", \""atomic_fetch_add_relaxed\"", \""atomic_fetch_add_release\"", \""atomic_fetch_add_unless\"", \""atomic_fetch_and\"", \""atomic_fetch_and_acquire\"", \""atomic_fetch_and_relaxed\"", \""atomic_fetch_and_release\"", \""atomic_fetch_andnot\"", \""atomic_fetch_andnot_acquire\"", \""atomic_fetch_andnot_relaxed\"", \""atomic_fetch_andnot_release\"", \""atomic_fetch_dec\"", \""atomic_fetch_dec_acquire\"", \""atomic_fetch_dec_relaxed\"", \""atomic_fetch_dec_release\"", \""atomic_fetch_inc\"", \""atomic_fetch_inc_acquire\"", \""atomic_fetch_inc_relaxed\"", \""atomic_fetch_inc_release\"", \""atomic_fetch_or\"", \""atomic_fetch_or_acquire\"", \""atomic_fetch_or_relaxed\"", \""atomic_fetch_or_release\"", \""atomic_fetch_sub\"", \""atomic_fetch_sub_acquire\"", \""atomic_fetch_sub_relaxed\"", \""atomic_fetch_sub_release\"", \""atomic_fetch_xor\"", \""atomic_fetch_xor_acquire\"", \""atomic_fetch_xor_relaxed\"", \""atomic_fetch_xor_release\"", \""atomic_inc\"", \""atomic_inc_and_test\"", \""atomic_inc_not_zero\"", \""atomic_inc_return\"", \""atomic_inc_return_acquire\"", \""atomic_inc_return_relaxed\"", \""atomic_inc_return_release\"", \""atomic_inc_unless_negative\"", \""atomic_or\"", \""atomic_read\"", \""atomic_read_acquire\"", \""atomic_set\"", \""atomic_set_release\"", \""atomic_sub\"", \""atomic_sub_and_test\"", \""atomic_sub_return\"", \""atomic_sub_return_acquire\"", \""atomic_sub_return_relaxed\"", \""atomic_sub_return_release\"", \""atomic_try_cmpxchg\"", \""atomic_try_cmpxchg_acquire\"", \""atomic_try_cmpxchg_relaxed\"", \""atomic_try_cmpxchg_release\"", \""atomic_xchg\"", \""atomic_xchg_acquire\"", \""atomic_xchg_relaxed\"", \""atomic_xchg_release\"", \""atomic_xor\""]"", ""oracle_type"": ""wrapper_fix"", ""subject"": ""rust: Introduce atomic API helpers""}]}, ""score"": -8.0, ""type"": ""SignatureDrift"", ""warning_id"": ""W-000117"", ""warning_uid"": ""2bf0432414d233c8598a3319e86f9bfdfe955d0257a27ab21de45e1057f54c3f""}",,,,missing concrete evidence line
promoted_warnings-014,promoted_warnings,ERR_PTR,.binddrift/worktrees/v6.4/rust/kernel/error.rs,110,"{""c_evidence"": null, ""evidence_chain"": [{""line"": 110, ""nearby_api"": ""Error::to_errno"", ""rust_file"": "".binddrift/worktrees/v6.4/rust/kernel/error.rs"", ""text"": ""/// Returns the error encoded as a pointer.""}, {""line"": 113, ""nearby_api"": ""Error::to_errno"", ""rust_file"": "".binddrift/worktrees/v6.4/rust/kernel/error.rs"", ""text"": ""// SAFETY: self.0 is a valid error due to its invariant.""}, {""changed_files"": ""[\""rust/helpers.c\"", \""rust/kernel/error.rs\""]"", ""commit_id"": ""c7e20faa5fcad7a177cf6c306138010343dd6d3e"", ""date"": ""2023-04-03T18:48:11+09:00"", ""matched_symbols"": ""[\""ERR_PTR\""]"", ""oracle_type"": ""wrapper_fix"", ""subject"": ""rust: error: Add Error::to_ptr()""}, {""changed_files"": ""[\""rust/kernel/error.rs\""]"", ""commit_id"": ""7bc186731e87482662c4f86da455f435fe838fb6"", ""date"": ""2024-07-30T17:57:02+02:00"", ""matched_symbols"": ""[\""ERR_PTR\""]"", ""oracle_type"": ""wrapper_fix"", ""subject"": ""rust: error: allow `useless_conversion` for 32-bit builds""}, {""changed_files"": ""[\""rust/kernel/error.rs\""]"", ""commit_id"": ""e9759c5b9ea555d09f426c70c880e9522e9b0576"", ""date"": ""2024-10-05T19:51:23+00:00"", ""matched_symbols"": ""[\""ERR_PTR\"", \""MAX_ERRNO\"", \""blk_status_t\"", \""errname\"", \""errno_to_blk_status\""]"", ""oracle_type"": ""wrapper_fix"", ""subject"": ""rust: error: optimize error type to use nonzero""}], ""evidence_location"": {""file"": "".binddrift/worktrees/v6.4/rust/kernel/error.rs"", ""line"": ""110"", ""source"": ""evidence""}, ""pair_id"": ""latest-p003-v6.3-to-v6.4"", ""promotion_reasons"": [""direct_binding_use"", ""exposes_safe_api"", ""has_safety_comment"", ""oracle_hit""], ""rust_side"": {""exposure"": {""edge_count"": 4, ""edges"": [{""dst"": ""RustBindingFunction:ERR_PTR"", ""edge_type"": ""GENERATED_FROM"", ""properties"": ""{}"", ""src"": ""CFunction:ERR_PTR"", ""version_id"": ""v6.4""}, {""dst"": ""RustSafetyComment:.binddrift/worktrees/v6.4/rust/kernel/error.rs:110"", ""edge_type"": ""HAS_SAFETY_COMMENT"", ""properties"": ""{}"", ""src"": ""RustBindingFunction:ERR_PTR"", ""version_id"": ""v6.4""}, {""dst"": ""RustSafetyComment:.binddrift/worktrees/v6.4/rust/kernel/error.rs:113"", ""edge_type"": ""HAS_SAFETY_COMMENT"", ""properties"": ""{}"", ""src"": ""RustBindingFunction:ERR_PTR"", ""version_id"": ""v6.4""}, {""dst"": ""RustUnsafeCall:.binddrift/worktrees/v6.4/rust/kernel/error.rs:114:ERR_PTR"", ""edge_type"": ""CALLS_BINDING"", ""properties"": ""{}"", ""src"": ""RustBindingFunction:ERR_PTR"", ""version_id"": ""v6.4""}]}, ""oracle_hits"": [{""changed_files"": ""[\""rust/helpers.c\"", \""rust/kernel/error.rs\""]"", ""commit_id"": ""c7e20faa5fcad7a177cf6c306138010343dd6d3e"", ""date"": ""2023-04-03T18:48:11+09:00"", ""matched_symbols"": ""[\""ERR_PTR\""]"", ""oracle_type"": ""wrapper_fix"", ""subject"": ""rust: error: Add Error::to_ptr()""}, {""changed_files"": ""[\""rust/kernel/error.rs\""]"", ""commit_id"": ""7bc186731e87482662c4f86da455f435fe838fb6"", ""date"": ""2024-07-30T17:57:02+02:00"", ""matched_symbols"": ""[\""ERR_PTR\""]"", ""oracle_type"": ""wrapper_fix"", ""subject"": ""rust: error: allow `useless_conversion` for 32-bit builds""}, {""changed_files"": ""[\""rust/kernel/error.rs\""]"", ""commit_id"": ""e9759c5b9ea555d09f426c70c880e9522e9b0576"", ""date"": ""2024-10-05T19:51:23+00:00"", ""matched_symbols"": ""[\""ERR_PTR\"", \""MAX_ERRNO\"", \""blk_status_t\"", \""errname\"", \""errno_to_blk_status\""]"", ""oracle_type"": ""wrapper_fix"", ""subject"": ""rust: error: optimize error type to use nonzero""}], ""safe_apis"": [{""api_name"": ""Error::to_errno"", ""line"": 106, ""params"": ""\""self\"""", ""receiver_type"": ""Error"", ""return_type"": ""core::ffi::c_int"", ""rust_file"": "".binddrift/worktrees/v6.4/rust/kernel/error.rs"", ""uses_bindings"": ""[\""ERR_PTR\""]"", ""visibility"": ""pub""}], ""safety_comments"": [{""line"": 110, ""nearby_api"": ""Error::to_errno"", ""rust_file"": "".binddrift/worktrees/v6.4/rust/kernel/error.rs"", ""text"": ""/// Returns the error encoded as a pointer.""}, {""line"": 113, ""nearby_api"": ""Error::to_errno"", ""rust_file"": "".binddrift/worktrees/v6.4/rust/kernel/error.rs"", ""text"": ""// SAFETY: self.0 is a valid error due to its invariant.""}], ""uses"": [{""enclosing_function"": ""Error::to_errno"", ""enclosing_impl"": ""Error"", ""enclosing_type"": ""Error"", ""enclosing_unsafe_block"": 1, ""line"": 114, ""rust_file"": "".binddrift/worktrees/v6.4/rust/kernel/error.rs""}]}, ""score"": 9.0, ""type"": ""SignatureDrift"", ""warning_id"": ""W-000001"", ""warning_uid"": ""54225f142a952eea67a81b5b332ef77b7114b75ce97453c238d1110be97165d5""}",,,,
promoted_warnings-015,promoted_warnings,atomic_inc_not_zero,rust/helpers/atomic.c,,"{""c_evidence"": null, ""evidence_chain"": [{""changed_files"": ""[\""rust/helpers/atomic.c\"", \""rust/helpers/helpers.c\"", \""scripts/atomic/gen-atomics.sh\"", \""scripts/atomic/gen-rust-atomic-helpers.sh\""]"", ""commit_id"": ""fdd7c7e0d2ab3987882c570612d4622f437292c7"", ""date"": ""2025-09-04T21:41:28-07:00"", ""matched_symbols"": ""[\""atomic64_add\"", \""atomic64_add_negative\"", \""atomic64_add_negative_acquire\"", \""atomic64_add_negative_relaxed\"", \""atomic64_add_negative_release\"", \""atomic64_add_return\"", \""atomic64_add_return_acquire\"", \""atomic64_add_return_relaxed\"", \""atomic64_add_return_release\"", \""atomic64_add_unless\"", \""atomic64_and\"", \""atomic64_andnot\"", \""atomic64_cmpxchg\"", \""atomic64_cmpxchg_acquire\"", \""atomic64_cmpxchg_relaxed\"", \""atomic64_cmpxchg_release\"", \""atomic64_dec\"", \""atomic64_dec_and_test\"", \""atomic64_dec_if_positive\"", \""atomic64_dec_return\"", \""atomic64_dec_return_acquire\"", \""atomic64_dec_return_relaxed\"", \""atomic64_dec_return_release\"", \""atomic64_dec_unless_positive\"", \""atomic64_fetch_add\"", \""atomic64_fetch_add_acquire\"", \""atomic64_fetch_add_relaxed\"", \""atomic64_fetch_add_release\"", \""atomic64_fetch_add_unless\"", \""atomic64_fetch_and\"", \""atomic64_fetch_and_acquire\"", \""atomic64_fetch_and_relaxed\"", \""atomic64_fetch_and_release\"", \""atomic64_fetch_andnot\"", \""atomic64_fetch_andnot_acquire\"", \""atomic64_fetch_andnot_relaxed\"", \""atomic64_fetch_andnot_release\"", \""atomic64_fetch_dec\"", \""atomic64_fetch_dec_acquire\"", \""atomic64_fetch_dec_relaxed\"", \""atomic64_fetch_dec_release\"", \""atomic64_fetch_inc\"", \""atomic64_fetch_inc_acquire\"", \""atomic64_fetch_inc_relaxed\"", \""atomic64_fetch_inc_release\"", \""atomic64_fetch_or\"", \""atomic64_fetch_or_acquire\"", \""atomic64_fetch_or_relaxed\"", \""atomic64_fetch_or_release\"", \""atomic64_fetch_sub\"", \""atomic64_fetch_sub_acquire\"", \""atomic64_fetch_sub_relaxed\"", \""atomic64_fetch_sub_release\"", \""atomic64_fetch_xor\"", \""atomic64_fetch_xor_acquire\"", \""atomic64_fetch_xor_relaxed\"", \""atomic64_fetch_xor_release\"", \""atomic64_inc\"", \""atomic64_inc_and_test\"", \""atomic64_inc_not_zero\"", \""atomic64_inc_return\"", \""atomic64_inc_return_acquire\"", \""atomic64_inc_return_relaxed\"", \""atomic64_inc_return_release\"", \""atomic64_inc_unless_negative\"", \""atomic64_or\"", \""atomic64_read\"", \""atomic64_read_acquire\"", \""atomic64_set\"", \""atomic64_set_release\"", \""atomic64_sub\"", \""atomic64_sub_and_test\"", \""atomic64_sub_return\"", \""atomic64_sub_return_acquire\"", \""atomic64_sub_return_relaxed\"", \""atomic64_sub_return_release\"", \""atomic64_try_cmpxchg\"", \""atomic64_try_cmpxchg_acquire\"", \""atomic64_try_cmpxchg_relaxed\"", \""atomic64_try_cmpxchg_release\"", \""atomic64_xchg\"", \""atomic64_xchg_acquire\"", \""atomic64_xchg_relaxed\"", \""atomic64_xchg_release\"", \""atomic64_xor\"", \""atomic_add\"", \""atomic_add_negative\"", \""atomic_add_negative_acquire\"", \""atomic_add_negative_relaxed\"", \""atomic_add_negative_release\"", \""atomic_add_return\"", \""atomic_add_return_acquire\"", \""atomic_add_return_relaxed\"", \""atomic_add_return_release\"", \""atomic_add_unless\"", \""atomic_and\"", \""atomic_andnot\"", \""atomic_cmpxchg\"", \""atomic_cmpxchg_acquire\"", \""atomic_cmpxchg_relaxed\"", \""atomic_cmpxchg_release\"", \""atomic_dec\"", \""atomic_dec_and_test\"", \""atomic_dec_if_positive\"", \""atomic_dec_return\"", \""atomic_dec_return_acquire\"", \""atomic_dec_return_relaxed\"", \""atomic_dec_return_release\"", \""atomic_dec_unless_positive\"", \""atomic_fetch_add\"", \""atomic_fetch_add_acquire\"", \""atomic_fetch_add_relaxed\"", \""atomic_fetch_add_release\"", \""atomic_fetch_add_unless\"", \""atomic_fetch_and\"", \""atomic_fetch_and_acquire\"", \""atomic_fetch_and_relaxed\"", \""atomic_fetch_and_release\"", \""atomic_fetch_andnot\"", \""atomic_fetch_andnot_acquire\"", \""atomic_fetch_andnot_relaxed\"", \""atomic_fetch_andnot_release\"", \""atomic_fetch_dec\"", \""atomic_fetch_dec_acquire\"", \""atomic_fetch_dec_relaxed\"", \""atomic_fetch_dec_release\"", \""atomic_fetch_inc\"", \""atomic_fetch_inc_acquire\"", \""atomic_fetch_inc_relaxed\"", \""atomic_fetch_inc_release\"", \""atomic_fetch_or\"", \""atomic_fetch_or_acquire\"", \""atomic_fetch_or_relaxed\"", \""atomic_fetch_or_release\"", \""atomic_fetch_sub\"", \""atomic_fetch_sub_acquire\"", \""atomic_fetch_sub_relaxed\"", \""atomic_fetch_sub_release\"", \""atomic_fetch_xor\"", \""atomic_fetch_xor_acquire\"", \""atomic_fetch_xor_relaxed\"", \""atomic_fetch_xor_release\"", \""atomic_inc\"", \""atomic_inc_and_test\"", \""atomic_inc_not_zero\"", \""atomic_inc_return\"", \""atomic_inc_return_acquire\"", \""atomic_inc_return_relaxed\"", \""atomic_inc_return_release\"", \""atomic_inc_unless_negative\"", \""atomic_or\"", \""atomic_read\"", \""atomic_read_acquire\"", \""atomic_set\"", \""atomic_set_release\"", \""atomic_sub\"", \""atomic_sub_and_test\"", \""atomic_sub_return\"", \""atomic_sub_return_acquire\"", \""atomic_sub_return_relaxed\"", \""atomic_sub_return_release\"", \""atomic_try_cmpxchg\"", \""atomic_try_cmpxchg_acquire\"", \""atomic_try_cmpxchg_relaxed\"", \""atomic_try_cmpxchg_release\"", \""atomic_xchg\"", \""atomic_xchg_acquire\"", \""atomic_xchg_relaxed\"", \""atomic_xchg_release\"", \""atomic_xor\""]"", ""oracle_type"": ""wrapper_fix"", ""subject"": ""rust: Introduce atomic API helpers""}], ""evidence_location"": {""file"": ""rust/helpers/atomic.c"", ""line"": """", ""source"": ""changed_files""}, ""pair_id"": ""latest-p017-v6.17-to-v6.18"", ""promotion_reasons"": [""oracle_hit""], ""rust_side"": {""exposure"": {""edge_count"": 1, ""edges"": [{""dst"": ""RustBindingFunction:atomic_inc_not_zero"", ""edge_type"": ""GENERATED_FROM"", ""properties"": ""{}"", ""src"": ""CFunction:atomic_inc_not_zero"", ""version_id"": ""v6.18""}]}, ""oracle_hits"": [{""changed_files"": ""[\""rust/helpers/atomic.c\"", \""rust/helpers/helpers.c\"", \""scripts/atomic/gen-atomics.sh\"", \""scripts/atomic/gen-rust-atomic-helpers.sh\""]"", ""commit_id"": ""fdd7c7e0d2ab3987882c570612d4622f437292c7"", ""date"": ""2025-09-04T21:41:28-07:00"", ""matched_symbols"": ""[\""atomic64_add\"", \""atomic64_add_negative\"", \""atomic64_add_negative_acquire\"", \""atomic64_add_negative_relaxed\"", \""atomic64_add_negative_release\"", \""atomic64_add_return\"", \""atomic64_add_return_acquire\"", \""atomic64_add_return_relaxed\"", \""atomic64_add_return_release\"", \""atomic64_add_unless\"", \""atomic64_and\"", \""atomic64_andnot\"", \""atomic64_cmpxchg\"", \""atomic64_cmpxchg_acquire\"", \""atomic64_cmpxchg_relaxed\"", \""atomic64_cmpxchg_release\"", \""atomic64_dec\"", \""atomic64_dec_and_test\"", \""atomic64_dec_if_positive\"", \""atomic64_dec_return\"", \""atomic64_dec_return_acquire\"", \""atomic64_dec_return_relaxed\"", \""atomic64_dec_return_release\"", \""atomic64_dec_unless_positive\"", \""atomic64_fetch_add\"", \""atomic64_fetch_add_acquire\"", \""atomic64_fetch_add_relaxed\"", \""atomic64_fetch_add_release\"", \""atomic64_fetch_add_unless\"", \""atomic64_fetch_and\"", \""atomic64_fetch_and_acquire\"", \""atomic64_fetch_and_relaxed\"", \""atomic64_fetch_and_release\"", \""atomic64_fetch_andnot\"", \""atomic64_fetch_andnot_acquire\"", \""atomic64_fetch_andnot_relaxed\"", \""atomic64_fetch_andnot_release\"", \""atomic64_fetch_dec\"", \""atomic64_fetch_dec_acquire\"", \""atomic64_fetch_dec_relaxed\"", \""atomic64_fetch_dec_release\"", \""atomic64_fetch_inc\"", \""atomic64_fetch_inc_acquire\"", \""atomic64_fetch_inc_relaxed\"", \""atomic64_fetch_inc_release\"", \""atomic64_fetch_or\"", \""atomic64_fetch_or_acquire\"", \""atomic64_fetch_or_relaxed\"", \""atomic64_fetch_or_release\"", \""atomic64_fetch_sub\"", \""atomic64_fetch_sub_acquire\"", \""atomic64_fetch_sub_relaxed\"", \""atomic64_fetch_sub_release\"", \""atomic64_fetch_xor\"", \""atomic64_fetch_xor_acquire\"", \""atomic64_fetch_xor_relaxed\"", \""atomic64_fetch_xor_release\"", \""atomic64_inc\"", \""atomic64_inc_and_test\"", \""atomic64_inc_not_zero\"", \""atomic64_inc_return\"", \""atomic64_inc_return_acquire\"", \""atomic64_inc_return_relaxed\"", \""atomic64_inc_return_release\"", \""atomic64_inc_unless_negative\"", \""atomic64_or\"", \""atomic64_read\"", \""atomic64_read_acquire\"", \""atomic64_set\"", \""atomic64_set_release\"", \""atomic64_sub\"", \""atomic64_sub_and_test\"", \""atomic64_sub_return\"", \""atomic64_sub_return_acquire\"", \""atomic64_sub_return_relaxed\"", \""atomic64_sub_return_release\"", \""atomic64_try_cmpxchg\"", \""atomic64_try_cmpxchg_acquire\"", \""atomic64_try_cmpxchg_relaxed\"", \""atomic64_try_cmpxchg_release\"", \""atomic64_xchg\"", \""atomic64_xchg_acquire\"", \""atomic64_xchg_relaxed\"", \""atomic64_xchg_release\"", \""atomic64_xor\"", \""atomic_add\"", \""atomic_add_negative\"", \""atomic_add_negative_acquire\"", \""atomic_add_negative_relaxed\"", \""atomic_add_negative_release\"", \""atomic_add_return\"", \""atomic_add_return_acquire\"", \""atomic_add_return_relaxed\"", \""atomic_add_return_release\"", \""atomic_add_unless\"", \""atomic_and\"", \""atomic_andnot\"", \""atomic_cmpxchg\"", \""atomic_cmpxchg_acquire\"", \""atomic_cmpxchg_relaxed\"", \""atomic_cmpxchg_release\"", \""atomic_dec\"", \""atomic_dec_and_test\"", \""atomic_dec_if_positive\"", \""atomic_dec_return\"", \""atomic_dec_return_acquire\"", \""atomic_dec_return_relaxed\"", \""atomic_dec_return_release\"", \""atomic_dec_unless_positive\"", \""atomic_fetch_add\"", \""atomic_fetch_add_acquire\"", \""atomic_fetch_add_relaxed\"", \""atomic_fetch_add_release\"", \""atomic_fetch_add_unless\"", \""atomic_fetch_and\"", \""atomic_fetch_and_acquire\"", \""atomic_fetch_and_relaxed\"", \""atomic_fetch_and_release\"", \""atomic_fetch_andnot\"", \""atomic_fetch_andnot_acquire\"", \""atomic_fetch_andnot_relaxed\"", \""atomic_fetch_andnot_release\"", \""atomic_fetch_dec\"", \""atomic_fetch_dec_acquire\"", \""atomic_fetch_dec_relaxed\"", \""atomic_fetch_dec_release\"", \""atomic_fetch_inc\"", \""atomic_fetch_inc_acquire\"", \""atomic_fetch_inc_relaxed\"", \""atomic_fetch_inc_release\"", \""atomic_fetch_or\"", \""atomic_fetch_or_acquire\"", \""atomic_fetch_or_relaxed\"", \""atomic_fetch_or_release\"", \""atomic_fetch_sub\"", \""atomic_fetch_sub_acquire\"", \""atomic_fetch_sub_relaxed\"", \""atomic_fetch_sub_release\"", \""atomic_fetch_xor\"", \""atomic_fetch_xor_acquire\"", \""atomic_fetch_xor_relaxed\"", \""atomic_fetch_xor_release\"", \""atomic_inc\"", \""atomic_inc_and_test\"", \""atomic_inc_not_zero\"", \""atomic_inc_return\"", \""atomic_inc_return_acquire\"", \""atomic_inc_return_relaxed\"", \""atomic_inc_return_release\"", \""atomic_inc_unless_negative\"", \""atomic_or\"", \""atomic_read\"", \""atomic_read_acquire\"", \""atomic_set\"", \""atomic_set_release\"", \""atomic_sub\"", \""atomic_sub_and_test\"", \""atomic_sub_return\"", \""atomic_sub_return_acquire\"", \""atomic_sub_return_relaxed\"", \""atomic_sub_return_release\"", \""atomic_try_cmpxchg\"", \""atomic_try_cmpxchg_acquire\"", \""atomic_try_cmpxchg_relaxed\"", \""atomic_try_cmpxchg_release\"", \""atomic_xchg\"", \""atomic_xchg_acquire\"", \""atomic_xchg_relaxed\"", \""atomic_xchg_release\"", \""atomic_xor\""]"", ""oracle_type"": ""wrapper_fix"", ""subject"": ""rust: Introduce atomic API helpers""}]}, ""score"": -8.0, ""type"": ""SignatureDrift"", ""warning_id"": ""W-000147"", ""warning_uid"": ""91b303cdf6c137d0f7d482c038b897d2f65db944e3378bd02950a0e674864f98""}",,,,missing concrete evidence line
promoted_warnings-016,promoted_warnings,mdiobus_read,.binddrift/worktrees/v6.8/rust/kernel/net/phy.rs,182,"{""c_evidence"": null, ""evidence_chain"": [{""line"": 182, ""nearby_api"": ""Device::read"", ""rust_file"": "".binddrift/worktrees/v6.8/rust/kernel/net/phy.rs"", ""text"": ""// SAFETY: `phydev` is pointing to a valid object by the type invariant of `Self`.""}, {""changed_files"": ""[\""MAINTAINERS\"", \""drivers/net/phy/ax88796b_rust.rs\"", \""rust/kernel/net/phy.rs\"", \""rust/kernel/net/phy/reg.rs\"", \""rust/uapi/uapi_helper.h\""]"", ""commit_id"": ""b2e47002b2350f57bfa8fe1c231e9fbb6baef78b"", ""date"": ""2024-08-28T07:35:14+00:00"", ""matched_symbols"": ""[\""mdiobus_read\"", \""mdiobus_write\"", \""phy_read_mmd\"", \""phy_write_mmd\""]"", ""oracle_type"": ""wrapper_fix"", ""subject"": ""rust: net::phy unified read/write API for C22 and C45 registers""}], ""evidence_location"": {""file"": "".binddrift/worktrees/v6.8/rust/kernel/net/phy.rs"", ""line"": ""182"", ""source"": ""evidence""}, ""pair_id"": ""latest-p007-v6.7-to-v6.8"", ""promotion_reasons"": [""direct_binding_use"", ""exposes_safe_api"", ""has_safety_comment"", ""oracle_hit""], ""rust_side"": {""exposure"": {""edge_count"": 3, ""edges"": [{""dst"": ""RustBindingFunction:mdiobus_read"", ""edge_type"": ""GENERATED_FROM"", ""properties"": ""{}"", ""src"": ""CFunction:mdiobus_read"", ""version_id"": ""v6.8""}, {""dst"": ""RustSafetyComment:.binddrift/worktrees/v6.8/rust/kernel/net/phy.rs:182"", ""edge_type"": ""HAS_SAFETY_COMMENT"", ""properties"": ""{}"", ""src"": ""RustBindingFunction:mdiobus_read"", ""version_id"": ""v6.8""}, {""dst"": ""RustUnsafeCall:.binddrift/worktrees/v6.8/rust/kernel/net/phy.rs:186:mdiobus_read"", ""edge_type"": ""CALLS_BINDING"", ""properties"": ""{}"", ""src"": ""RustBindingFunction:mdiobus_read"", ""version_id"": ""v6.8""}]}, ""oracle_hits"": [{""changed_files"": ""[\""MAINTAINERS\"", \""drivers/net/phy/ax88796b_rust.rs\"", \""rust/kernel/net/phy.rs\"", \""rust/kernel/net/phy/reg.rs\"", \""rust/uapi/uapi_helper.h\""]"", ""commit_id"": ""b2e47002b2350f57bfa8fe1c231e9fbb6baef78b"", ""date"": ""2024-08-28T07:35:14+00:00"", ""matched_symbols"": ""[\""mdiobus_read\"", \""mdiobus_write\"", \""phy_read_mmd\"", \""phy_write_mmd\""]"", ""oracle_type"": ""wrapper_fix"", ""subject"": ""rust: net::phy unified read/write API for C22 and C45 registers""}], ""safe_apis"": [{""api_name"": ""Device::read"", ""line"": 180, ""params"": ""\""&mut self, regnum: u16\"""", ""receiver_type"": ""Device"", ""return_type"": ""Result<u16>"", ""rust_file"": "".binddrift/worktrees/v6.8/rust/kernel/net/phy.rs"", ""uses_bindings"": ""[\""mdiobus_read\""]"", ""visibility"": ""pub""}], ""safety_comments"": [{""line"": 182, ""nearby_api"": ""Device::read"", ""rust_file"": "".binddrift/worktrees/v6.8/rust/kernel/net/phy.rs"", ""text"": ""// SAFETY: `phydev` is pointing to a valid object by the type invariant of `Self`.""}], ""uses"": [{""enclosing_function"": ""Device::read"", ""enclosing_impl"": ""Device"", ""enclosing_type"": ""Device"", ""enclosing_unsafe_block"": 1, ""line"": 186, ""rust_file"": "".binddrift/worktrees/v6.8/rust/kernel/net/phy.rs""}]}, ""score"": 9.0, ""type"": ""SignatureDrift"", ""warning_id"": ""W-000002"", ""warning_uid"": ""766106ed6eaed336d0656735e443dc9de1b0bf707559141278aabb3dd4ff9f64""}",,,,
promoted_warnings-017,promoted_warnings,atomic_sub,rust/helpers/atomic.c,,"{""c_evidence"": null, ""evidence_chain"": [{""changed_files"": ""[\""rust/helpers/atomic.c\"", \""rust/helpers/helpers.c\"", \""scripts/atomic/gen-atomics.sh\"", \""scripts/atomic/gen-rust-atomic-helpers.sh\""]"", ""commit_id"": ""fdd7c7e0d2ab3987882c570612d4622f437292c7"", ""date"": ""2025-09-04T21:41:28-07:00"", ""matched_symbols"": ""[\""atomic64_add\"", \""atomic64_add_negative\"", \""atomic64_add_negative_acquire\"", \""atomic64_add_negative_relaxed\"", \""atomic64_add_negative_release\"", \""atomic64_add_return\"", \""atomic64_add_return_acquire\"", \""atomic64_add_return_relaxed\"", \""atomic64_add_return_release\"", \""atomic64_add_unless\"", \""atomic64_and\"", \""atomic64_andnot\"", \""atomic64_cmpxchg\"", \""atomic64_cmpxchg_acquire\"", \""atomic64_cmpxchg_relaxed\"", \""atomic64_cmpxchg_release\"", \""atomic64_dec\"", \""atomic64_dec_and_test\"", \""atomic64_dec_if_positive\"", \""atomic64_dec_return\"", \""atomic64_dec_return_acquire\"", \""atomic64_dec_return_relaxed\"", \""atomic64_dec_return_release\"", \""atomic64_dec_unless_positive\"", \""atomic64_fetch_add\"", \""atomic64_fetch_add_acquire\"", \""atomic64_fetch_add_relaxed\"", \""atomic64_fetch_add_release\"", \""atomic64_fetch_add_unless\"", \""atomic64_fetch_and\"", \""atomic64_fetch_and_acquire\"", \""atomic64_fetch_and_relaxed\"", \""atomic64_fetch_and_release\"", \""atomic64_fetch_andnot\"", \""atomic64_fetch_andnot_acquire\"", \""atomic64_fetch_andnot_relaxed\"", \""atomic64_fetch_andnot_release\"", \""atomic64_fetch_dec\"", \""atomic64_fetch_dec_acquire\"", \""atomic64_fetch_dec_relaxed\"", \""atomic64_fetch_dec_release\"", \""atomic64_fetch_inc\"", \""atomic64_fetch_inc_acquire\"", \""atomic64_fetch_inc_relaxed\"", \""atomic64_fetch_inc_release\"", \""atomic64_fetch_or\"", \""atomic64_fetch_or_acquire\"", \""atomic64_fetch_or_relaxed\"", \""atomic64_fetch_or_release\"", \""atomic64_fetch_sub\"", \""atomic64_fetch_sub_acquire\"", \""atomic64_fetch_sub_relaxed\"", \""atomic64_fetch_sub_release\"", \""atomic64_fetch_xor\"", \""atomic64_fetch_xor_acquire\"", \""atomic64_fetch_xor_relaxed\"", \""atomic64_fetch_xor_release\"", \""atomic64_inc\"", \""atomic64_inc_and_test\"", \""atomic64_inc_not_zero\"", \""atomic64_inc_return\"", \""atomic64_inc_return_acquire\"", \""atomic64_inc_return_relaxed\"", \""atomic64_inc_return_release\"", \""atomic64_inc_unless_negative\"", \""atomic64_or\"", \""atomic64_read\"", \""atomic64_read_acquire\"", \""atomic64_set\"", \""atomic64_set_release\"", \""atomic64_sub\"", \""atomic64_sub_and_test\"", \""atomic64_sub_return\"", \""atomic64_sub_return_acquire\"", \""atomic64_sub_return_relaxed\"", \""atomic64_sub_return_release\"", \""atomic64_try_cmpxchg\"", \""atomic64_try_cmpxchg_acquire\"", \""atomic64_try_cmpxchg_relaxed\"", \""atomic64_try_cmpxchg_release\"", \""atomic64_xchg\"", \""atomic64_xchg_acquire\"", \""atomic64_xchg_relaxed\"", \""atomic64_xchg_release\"", \""atomic64_xor\"", \""atomic_add\"", \""atomic_add_negative\"", \""atomic_add_negative_acquire\"", \""atomic_add_negative_relaxed\"", \""atomic_add_negative_release\"", \""atomic_add_return\"", \""atomic_add_return_acquire\"", \""atomic_add_return_relaxed\"", \""atomic_add_return_release\"", \""atomic_add_unless\"", \""atomic_and\"", \""atomic_andnot\"", \""atomic_cmpxchg\"", \""atomic_cmpxchg_acquire\"", \""atomic_cmpxchg_relaxed\"", \""atomic_cmpxchg_release\"", \""atomic_dec\"", \""atomic_dec_and_test\"", \""atomic_dec_if_positive\"", \""atomic_dec_return\"", \""atomic_dec_return_acquire\"", \""atomic_dec_return_relaxed\"", \""atomic_dec_return_release\"", \""atomic_dec_unless_positive\"", \""atomic_fetch_add\"", \""atomic_fetch_add_acquire\"", \""atomic_fetch_add_relaxed\"", \""atomic_fetch_add_release\"", \""atomic_fetch_add_unless\"", \""atomic_fetch_and\"", \""atomic_fetch_and_acquire\"", \""atomic_fetch_and_relaxed\"", \""atomic_fetch_and_release\"", \""atomic_fetch_andnot\"", \""atomic_fetch_andnot_acquire\"", \""atomic_fetch_andnot_relaxed\"", \""atomic_fetch_andnot_release\"", \""atomic_fetch_dec\"", \""atomic_fetch_dec_acquire\"", \""atomic_fetch_dec_relaxed\"", \""atomic_fetch_dec_release\"", \""atomic_fetch_inc\"", \""atomic_fetch_inc_acquire\"", \""atomic_fetch_inc_relaxed\"", \""atomic_fetch_inc_release\"", \""atomic_fetch_or\"", \""atomic_fetch_or_acquire\"", \""atomic_fetch_or_relaxed\"", \""atomic_fetch_or_release\"", \""atomic_fetch_sub\"", \""atomic_fetch_sub_acquire\"", \""atomic_fetch_sub_relaxed\"", \""atomic_fetch_sub_release\"", \""atomic_fetch_xor\"", \""atomic_fetch_xor_acquire\"", \""atomic_fetch_xor_relaxed\"", \""atomic_fetch_xor_release\"", \""atomic_inc\"", \""atomic_inc_and_test\"", \""atomic_inc_not_zero\"", \""atomic_inc_return\"", \""atomic_inc_return_acquire\"", \""atomic_inc_return_relaxed\"", \""atomic_inc_return_release\"", \""atomic_inc_unless_negative\"", \""atomic_or\"", \""atomic_read\"", \""atomic_read_acquire\"", \""atomic_set\"", \""atomic_set_release\"", \""atomic_sub\"", \""atomic_sub_and_test\"", \""atomic_sub_return\"", \""atomic_sub_return_acquire\"", \""atomic_sub_return_relaxed\"", \""atomic_sub_return_release\"", \""atomic_try_cmpxchg\"", \""atomic_try_cmpxchg_acquire\"", \""atomic_try_cmpxchg_relaxed\"", \""atomic_try_cmpxchg_release\"", \""atomic_xchg\"", \""atomic_xchg_acquire\"", \""atomic_xchg_relaxed\"", \""atomic_xchg_release\"", \""atomic_xor\""]"", ""oracle_type"": ""wrapper_fix"", ""subject"": ""rust: Introduce atomic API helpers""}], ""evidence_location"": {""file"": ""rust/helpers/atomic.c"", ""line"": """", ""source"": ""changed_files""}, ""pair_id"": ""latest-p017-v6.17-to-v6.18"", ""promotion_reasons"": [""oracle_hit""], ""rust_side"": {""exposure"": {""edge_count"": 1, ""edges"": [{""dst"": ""RustBindingFunction:atomic_sub"", ""edge_type"": ""GENERATED_FROM"", ""properties"": ""{}"", ""src"": ""CFunction:atomic_sub"", ""version_id"": ""v6.18""}]}, ""oracle_hits"": [{""changed_files"": ""[\""rust/helpers/atomic.c\"", \""rust/helpers/helpers.c\"", \""scripts/atomic/gen-atomics.sh\"", \""scripts/atomic/gen-rust-atomic-helpers.sh\""]"", ""commit_id"": ""fdd7c7e0d2ab3987882c570612d4622f437292c7"", ""date"": ""2025-09-04T21:41:28-07:00"", ""matched_symbols"": ""[\""atomic64_add\"", \""atomic64_add_negative\"", \""atomic64_add_negative_acquire\"", \""atomic64_add_negative_relaxed\"", \""atomic64_add_negative_release\"", \""atomic64_add_return\"", \""atomic64_add_return_acquire\"", \""atomic64_add_return_relaxed\"", \""atomic64_add_return_release\"", \""atomic64_add_unless\"", \""atomic64_and\"", \""atomic64_andnot\"", \""atomic64_cmpxchg\"", \""atomic64_cmpxchg_acquire\"", \""atomic64_cmpxchg_relaxed\"", \""atomic64_cmpxchg_release\"", \""atomic64_dec\"", \""atomic64_dec_and_test\"", \""atomic64_dec_if_positive\"", \""atomic64_dec_return\"", \""atomic64_dec_return_acquire\"", \""atomic64_dec_return_relaxed\"", \""atomic64_dec_return_release\"", \""atomic64_dec_unless_positive\"", \""atomic64_fetch_add\"", \""atomic64_fetch_add_acquire\"", \""atomic64_fetch_add_relaxed\"", \""atomic64_fetch_add_release\"", \""atomic64_fetch_add_unless\"", \""atomic64_fetch_and\"", \""atomic64_fetch_and_acquire\"", \""atomic64_fetch_and_relaxed\"", \""atomic64_fetch_and_release\"", \""atomic64_fetch_andnot\"", \""atomic64_fetch_andnot_acquire\"", \""atomic64_fetch_andnot_relaxed\"", \""atomic64_fetch_andnot_release\"", \""atomic64_fetch_dec\"", \""atomic64_fetch_dec_acquire\"", \""atomic64_fetch_dec_relaxed\"", \""atomic64_fetch_dec_release\"", \""atomic64_fetch_inc\"", \""atomic64_fetch_inc_acquire\"", \""atomic64_fetch_inc_relaxed\"", \""atomic64_fetch_inc_release\"", \""atomic64_fetch_or\"", \""atomic64_fetch_or_acquire\"", \""atomic64_fetch_or_relaxed\"", \""atomic64_fetch_or_release\"", \""atomic64_fetch_sub\"", \""atomic64_fetch_sub_acquire\"", \""atomic64_fetch_sub_relaxed\"", \""atomic64_fetch_sub_release\"", \""atomic64_fetch_xor\"", \""atomic64_fetch_xor_acquire\"", \""atomic64_fetch_xor_relaxed\"", \""atomic64_fetch_xor_release\"", \""atomic64_inc\"", \""atomic64_inc_and_test\"", \""atomic64_inc_not_zero\"", \""atomic64_inc_return\"", \""atomic64_inc_return_acquire\"", \""atomic64_inc_return_relaxed\"", \""atomic64_inc_return_release\"", \""atomic64_inc_unless_negative\"", \""atomic64_or\"", \""atomic64_read\"", \""atomic64_read_acquire\"", \""atomic64_set\"", \""atomic64_set_release\"", \""atomic64_sub\"", \""atomic64_sub_and_test\"", \""atomic64_sub_return\"", \""atomic64_sub_return_acquire\"", \""atomic64_sub_return_relaxed\"", \""atomic64_sub_return_release\"", \""atomic64_try_cmpxchg\"", \""atomic64_try_cmpxchg_acquire\"", \""atomic64_try_cmpxchg_relaxed\"", \""atomic64_try_cmpxchg_release\"", \""atomic64_xchg\"", \""atomic64_xchg_acquire\"", \""atomic64_xchg_relaxed\"", \""atomic64_xchg_release\"", \""atomic64_xor\"", \""atomic_add\"", \""atomic_add_negative\"", \""atomic_add_negative_acquire\"", \""atomic_add_negative_relaxed\"", \""atomic_add_negative_release\"", \""atomic_add_return\"", \""atomic_add_return_acquire\"", \""atomic_add_return_relaxed\"", \""atomic_add_return_release\"", \""atomic_add_unless\"", \""atomic_and\"", \""atomic_andnot\"", \""atomic_cmpxchg\"", \""atomic_cmpxchg_acquire\"", \""atomic_cmpxchg_relaxed\"", \""atomic_cmpxchg_release\"", \""atomic_dec\"", \""atomic_dec_and_test\"", \""atomic_dec_if_positive\"", \""atomic_dec_return\"", \""atomic_dec_return_acquire\"", \""atomic_dec_return_relaxed\"", \""atomic_dec_return_release\"", \""atomic_dec_unless_positive\"", \""atomic_fetch_add\"", \""atomic_fetch_add_acquire\"", \""atomic_fetch_add_relaxed\"", \""atomic_fetch_add_release\"", \""atomic_fetch_add_unless\"", \""atomic_fetch_and\"", \""atomic_fetch_and_acquire\"", \""atomic_fetch_and_relaxed\"", \""atomic_fetch_and_release\"", \""atomic_fetch_andnot\"", \""atomic_fetch_andnot_acquire\"", \""atomic_fetch_andnot_relaxed\"", \""atomic_fetch_andnot_release\"", \""atomic_fetch_dec\"", \""atomic_fetch_dec_acquire\"", \""atomic_fetch_dec_relaxed\"", \""atomic_fetch_dec_release\"", \""atomic_fetch_inc\"", \""atomic_fetch_inc_acquire\"", \""atomic_fetch_inc_relaxed\"", \""atomic_fetch_inc_release\"", \""atomic_fetch_or\"", \""atomic_fetch_or_acquire\"", \""atomic_fetch_or_relaxed\"", \""atomic_fetch_or_release\"", \""atomic_fetch_sub\"", \""atomic_fetch_sub_acquire\"", \""atomic_fetch_sub_relaxed\"", \""atomic_fetch_sub_release\"", \""atomic_fetch_xor\"", \""atomic_fetch_xor_acquire\"", \""atomic_fetch_xor_relaxed\"", \""atomic_fetch_xor_release\"", \""atomic_inc\"", \""atomic_inc_and_test\"", \""atomic_inc_not_zero\"", \""atomic_inc_return\"", \""atomic_inc_return_acquire\"", \""atomic_inc_return_relaxed\"", \""atomic_inc_return_release\"", \""atomic_inc_unless_negative\"", \""atomic_or\"", \""atomic_read\"", \""atomic_read_acquire\"", \""atomic_set\"", \""atomic_set_release\"", \""atomic_sub\"", \""atomic_sub_and_test\"", \""atomic_sub_return\"", \""atomic_sub_return_acquire\"", \""atomic_sub_return_relaxed\"", \""atomic_sub_return_release\"", \""atomic_try_cmpxchg\"", \""atomic_try_cmpxchg_acquire\"", \""atomic_try_cmpxchg_relaxed\"", \""atomic_try_cmpxchg_release\"", \""atomic_xchg\"", \""atomic_xchg_acquire\"", \""atomic_xchg_relaxed\"", \""atomic_xchg_release\"", \""atomic_xor\""]"", ""oracle_type"": ""wrapper_fix"", ""subject"": ""rust: Introduce atomic API helpers""}]}, ""score"": -8.0, ""type"": ""SignatureDrift"", ""warning_id"": ""W-000158"", ""warning_uid"": ""2e44ad18795b20aab776483acb94bd38bb01a878989948f1dadb2b5c287599c4""}",,,,missing concrete evidence line
promoted_warnings-018,promoted_warnings,atomic64_try_cmpxchg_acquire,rust/helpers/atomic.c,,"{""c_evidence"": null, ""evidence_chain"": [{""changed_files"": ""[\""rust/helpers/atomic.c\"", \""rust/helpers/helpers.c\"", \""scripts/atomic/gen-atomics.sh\"", \""scripts/atomic/gen-rust-atomic-helpers.sh\""]"", ""commit_id"": ""fdd7c7e0d2ab3987882c570612d4622f437292c7"", ""date"": ""2025-09-04T21:41:28-07:00"", ""matched_symbols"": ""[\""atomic64_add\"", \""atomic64_add_negative\"", \""atomic64_add_negative_acquire\"", \""atomic64_add_negative_relaxed\"", \""atomic64_add_negative_release\"", \""atomic64_add_return\"", \""atomic64_add_return_acquire\"", \""atomic64_add_return_relaxed\"", \""atomic64_add_return_release\"", \""atomic64_add_unless\"", \""atomic64_and\"", \""atomic64_andnot\"", \""atomic64_cmpxchg\"", \""atomic64_cmpxchg_acquire\"", \""atomic64_cmpxchg_relaxed\"", \""atomic64_cmpxchg_release\"", \""atomic64_dec\"", \""atomic64_dec_and_test\"", \""atomic64_dec_if_positive\"", \""atomic64_dec_return\"", \""atomic64_dec_return_acquire\"", \""atomic64_dec_return_relaxed\"", \""atomic64_dec_return_release\"", \""atomic64_dec_unless_positive\"", \""atomic64_fetch_add\"", \""atomic64_fetch_add_acquire\"", \""atomic64_fetch_add_relaxed\"", \""atomic64_fetch_add_release\"", \""atomic64_fetch_add_unless\"", \""atomic64_fetch_and\"", \""atomic64_fetch_and_acquire\"", \""atomic64_fetch_and_relaxed\"", \""atomic64_fetch_and_release\"", \""atomic64_fetch_andnot\"", \""atomic64_fetch_andnot_acquire\"", \""atomic64_fetch_andnot_relaxed\"", \""atomic64_fetch_andnot_release\"", \""atomic64_fetch_dec\"", \""atomic64_fetch_dec_acquire\"", \""atomic64_fetch_dec_relaxed\"", \""atomic64_fetch_dec_release\"", \""atomic64_fetch_inc\"", \""atomic64_fetch_inc_acquire\"", \""atomic64_fetch_inc_relaxed\"", \""atomic64_fetch_inc_release\"", \""atomic64_fetch_or\"", \""atomic64_fetch_or_acquire\"", \""atomic64_fetch_or_relaxed\"", \""atomic64_fetch_or_release\"", \""atomic64_fetch_sub\"", \""atomic64_fetch_sub_acquire\"", \""atomic64_fetch_sub_relaxed\"", \""atomic64_fetch_sub_release\"", \""atomic64_fetch_xor\"", \""atomic64_fetch_xor_acquire\"", \""atomic64_fetch_xor_relaxed\"", \""atomic64_fetch_xor_release\"", \""atomic64_inc\"", \""atomic64_inc_and_test\"", \""atomic64_inc_not_zero\"", \""atomic64_inc_return\"", \""atomic64_inc_return_acquire\"", \""atomic64_inc_return_relaxed\"", \""atomic64_inc_return_release\"", \""atomic64_inc_unless_negative\"", \""atomic64_or\"", \""atomic64_read\"", \""atomic64_read_acquire\"", \""atomic64_set\"", \""atomic64_set_release\"", \""atomic64_sub\"", \""atomic64_sub_and_test\"", \""atomic64_sub_return\"", \""atomic64_sub_return_acquire\"", \""atomic64_sub_return_relaxed\"", \""atomic64_sub_return_release\"", \""atomic64_try_cmpxchg\"", \""atomic64_try_cmpxchg_acquire\"", \""atomic64_try_cmpxchg_relaxed\"", \""atomic64_try_cmpxchg_release\"", \""atomic64_xchg\"", \""atomic64_xchg_acquire\"", \""atomic64_xchg_relaxed\"", \""atomic64_xchg_release\"", \""atomic64_xor\"", \""atomic_add\"", \""atomic_add_negative\"", \""atomic_add_negative_acquire\"", \""atomic_add_negative_relaxed\"", \""atomic_add_negative_release\"", \""atomic_add_return\"", \""atomic_add_return_acquire\"", \""atomic_add_return_relaxed\"", \""atomic_add_return_release\"", \""atomic_add_unless\"", \""atomic_and\"", \""atomic_andnot\"", \""atomic_cmpxchg\"", \""atomic_cmpxchg_acquire\"", \""atomic_cmpxchg_relaxed\"", \""atomic_cmpxchg_release\"", \""atomic_dec\"", \""atomic_dec_and_test\"", \""atomic_dec_if_positive\"", \""atomic_dec_return\"", \""atomic_dec_return_acquire\"", \""atomic_dec_return_relaxed\"", \""atomic_dec_return_release\"", \""atomic_dec_unless_positive\"", \""atomic_fetch_add\"", \""atomic_fetch_add_acquire\"", \""atomic_fetch_add_relaxed\"", \""atomic_fetch_add_release\"", \""atomic_fetch_add_unless\"", \""atomic_fetch_and\"", \""atomic_fetch_and_acquire\"", \""atomic_fetch_and_relaxed\"", \""atomic_fetch_and_release\"", \""atomic_fetch_andnot\"", \""atomic_fetch_andnot_acquire\"", \""atomic_fetch_andnot_relaxed\"", \""atomic_fetch_andnot_release\"", \""atomic_fetch_dec\"", \""atomic_fetch_dec_acquire\"", \""atomic_fetch_dec_relaxed\"", \""atomic_fetch_dec_release\"", \""atomic_fetch_inc\"", \""atomic_fetch_inc_acquire\"", \""atomic_fetch_inc_relaxed\"", \""atomic_fetch_inc_release\"", \""atomic_fetch_or\"", \""atomic_fetch_or_acquire\"", \""atomic_fetch_or_relaxed\"", \""atomic_fetch_or_release\"", \""atomic_fetch_sub\"", \""atomic_fetch_sub_acquire\"", \""atomic_fetch_sub_relaxed\"", \""atomic_fetch_sub_release\"", \""atomic_fetch_xor\"", \""atomic_fetch_xor_acquire\"", \""atomic_fetch_xor_relaxed\"", \""atomic_fetch_xor_release\"", \""atomic_inc\"", \""atomic_inc_and_test\"", \""atomic_inc_not_zero\"", \""atomic_inc_return\"", \""atomic_inc_return_acquire\"", \""atomic_inc_return_relaxed\"", \""atomic_inc_return_release\"", \""atomic_inc_unless_negative\"", \""atomic_or\"", \""atomic_read\"", \""atomic_read_acquire\"", \""atomic_set\"", \""atomic_set_release\"", \""atomic_sub\"", \""atomic_sub_and_test\"", \""atomic_sub_return\"", \""atomic_sub_return_acquire\"", \""atomic_sub_return_relaxed\"", \""atomic_sub_return_release\"", \""atomic_try_cmpxchg\"", \""atomic_try_cmpxchg_acquire\"", \""atomic_try_cmpxchg_relaxed\"", \""atomic_try_cmpxchg_release\"", \""atomic_xchg\"", \""atomic_xchg_acquire\"", \""atomic_xchg_relaxed\"", \""atomic_xchg_release\"", \""atomic_xor\""]"", ""oracle_type"": ""wrapper_fix"", ""subject"": ""rust: Introduce atomic API helpers""}], ""evidence_location"": {""file"": ""rust/helpers/atomic.c"", ""line"": """", ""source"": ""changed_files""}, ""pair_id"": ""latest-p017-v6.17-to-v6.18"", ""promotion_reasons"": [""oracle_hit""], ""rust_side"": {""exposure"": {""edge_count"": 1, ""edges"": [{""dst"": ""RustBindingFunction:atomic64_try_cmpxchg_acquire"", ""edge_type"": ""GENERATED_FROM"", ""properties"": ""{}"", ""src"": ""CFunction:atomic64_try_cmpxchg_acquire"", ""version_id"": ""v6.18""}]}, ""oracle_hits"": [{""changed_files"": ""[\""rust/helpers/atomic.c\"", \""rust/helpers/helpers.c\"", \""scripts/atomic/gen-atomics.sh\"", \""scripts/atomic/gen-rust-atomic-helpers.sh\""]"", ""commit_id"": ""fdd7c7e0d2ab3987882c570612d4622f437292c7"", ""date"": ""2025-09-04T21:41:28-07:00"", ""matched_symbols"": ""[\""atomic64_add\"", \""atomic64_add_negative\"", \""atomic64_add_negative_acquire\"", \""atomic64_add_negative_relaxed\"", \""atomic64_add_negative_release\"", \""atomic64_add_return\"", \""atomic64_add_return_acquire\"", \""atomic64_add_return_relaxed\"", \""atomic64_add_return_release\"", \""atomic64_add_unless\"", \""atomic64_and\"", \""atomic64_andnot\"", \""atomic64_cmpxchg\"", \""atomic64_cmpxchg_acquire\"", \""atomic64_cmpxchg_relaxed\"", \""atomic64_cmpxchg_release\"", \""atomic64_dec\"", \""atomic64_dec_and_test\"", \""atomic64_dec_if_positive\"", \""atomic64_dec_return\"", \""atomic64_dec_return_acquire\"", \""atomic64_dec_return_relaxed\"", \""atomic64_dec_return_release\"", \""atomic64_dec_unless_positive\"", \""atomic64_fetch_add\"", \""atomic64_fetch_add_acquire\"", \""atomic64_fetch_add_relaxed\"", \""atomic64_fetch_add_release\"", \""atomic64_fetch_add_unless\"", \""atomic64_fetch_and\"", \""atomic64_fetch_and_acquire\"", \""atomic64_fetch_and_relaxed\"", \""atomic64_fetch_and_release\"", \""atomic64_fetch_andnot\"", \""atomic64_fetch_andnot_acquire\"", \""atomic64_fetch_andnot_relaxed\"", \""atomic64_fetch_andnot_release\"", \""atomic64_fetch_dec\"", \""atomic64_fetch_dec_acquire\"", \""atomic64_fetch_dec_relaxed\"", \""atomic64_fetch_dec_release\"", \""atomic64_fetch_inc\"", \""atomic64_fetch_inc_acquire\"", \""atomic64_fetch_inc_relaxed\"", \""atomic64_fetch_inc_release\"", \""atomic64_fetch_or\"", \""atomic64_fetch_or_acquire\"", \""atomic64_fetch_or_relaxed\"", \""atomic64_fetch_or_release\"", \""atomic64_fetch_sub\"", \""atomic64_fetch_sub_acquire\"", \""atomic64_fetch_sub_relaxed\"", \""atomic64_fetch_sub_release\"", \""atomic64_fetch_xor\"", \""atomic64_fetch_xor_acquire\"", \""atomic64_fetch_xor_relaxed\"", \""atomic64_fetch_xor_release\"", \""atomic64_inc\"", \""atomic64_inc_and_test\"", \""atomic64_inc_not_zero\"", \""atomic64_inc_return\"", \""atomic64_inc_return_acquire\"", \""atomic64_inc_return_relaxed\"", \""atomic64_inc_return_release\"", \""atomic64_inc_unless_negative\"", \""atomic64_or\"", \""atomic64_read\"", \""atomic64_read_acquire\"", \""atomic64_set\"", \""atomic64_set_release\"", \""atomic64_sub\"", \""atomic64_sub_and_test\"", \""atomic64_sub_return\"", \""atomic64_sub_return_acquire\"", \""atomic64_sub_return_relaxed\"", \""atomic64_sub_return_release\"", \""atomic64_try_cmpxchg\"", \""atomic64_try_cmpxchg_acquire\"", \""atomic64_try_cmpxchg_relaxed\"", \""atomic64_try_cmpxchg_release\"", \""atomic64_xchg\"", \""atomic64_xchg_acquire\"", \""atomic64_xchg_relaxed\"", \""atomic64_xchg_release\"", \""atomic64_xor\"", \""atomic_add\"", \""atomic_add_negative\"", \""atomic_add_negative_acquire\"", \""atomic_add_negative_relaxed\"", \""atomic_add_negative_release\"", \""atomic_add_return\"", \""atomic_add_return_acquire\"", \""atomic_add_return_relaxed\"", \""atomic_add_return_release\"", \""atomic_add_unless\"", \""atomic_and\"", \""atomic_andnot\"", \""atomic_cmpxchg\"", \""atomic_cmpxchg_acquire\"", \""atomic_cmpxchg_relaxed\"", \""atomic_cmpxchg_release\"", \""atomic_dec\"", \""atomic_dec_and_test\"", \""atomic_dec_if_positive\"", \""atomic_dec_return\"", \""atomic_dec_return_acquire\"", \""atomic_dec_return_relaxed\"", \""atomic_dec_return_release\"", \""atomic_dec_unless_positive\"", \""atomic_fetch_add\"", \""atomic_fetch_add_acquire\"", \""atomic_fetch_add_relaxed\"", \""atomic_fetch_add_release\"", \""atomic_fetch_add_unless\"", \""atomic_fetch_and\"", \""atomic_fetch_and_acquire\"", \""atomic_fetch_and_relaxed\"", \""atomic_fetch_and_release\"", \""atomic_fetch_andnot\"", \""atomic_fetch_andnot_acquire\"", \""atomic_fetch_andnot_relaxed\"", \""atomic_fetch_andnot_release\"", \""atomic_fetch_dec\"", \""atomic_fetch_dec_acquire\"", \""atomic_fetch_dec_relaxed\"", \""atomic_fetch_dec_release\"", \""atomic_fetch_inc\"", \""atomic_fetch_inc_acquire\"", \""atomic_fetch_inc_relaxed\"", \""atomic_fetch_inc_release\"", \""atomic_fetch_or\"", \""atomic_fetch_or_acquire\"", \""atomic_fetch_or_relaxed\"", \""atomic_fetch_or_release\"", \""atomic_fetch_sub\"", \""atomic_fetch_sub_acquire\"", \""atomic_fetch_sub_relaxed\"", \""atomic_fetch_sub_release\"", \""atomic_fetch_xor\"", \""atomic_fetch_xor_acquire\"", \""atomic_fetch_xor_relaxed\"", \""atomic_fetch_xor_release\"", \""atomic_inc\"", \""atomic_inc_and_test\"", \""atomic_inc_not_zero\"", \""atomic_inc_return\"", \""atomic_inc_return_acquire\"", \""atomic_inc_return_relaxed\"", \""atomic_inc_return_release\"", \""atomic_inc_unless_negative\"", \""atomic_or\"", \""atomic_read\"", \""atomic_read_acquire\"", \""atomic_set\"", \""atomic_set_release\"", \""atomic_sub\"", \""atomic_sub_and_test\"", \""atomic_sub_return\"", \""atomic_sub_return_acquire\"", \""atomic_sub_return_relaxed\"", \""atomic_sub_return_release\"", \""atomic_try_cmpxchg\"", \""atomic_try_cmpxchg_acquire\"", \""atomic_try_cmpxchg_relaxed\"", \""atomic_try_cmpxchg_release\"", \""atomic_xchg\"", \""atomic_xchg_acquire\"", \""atomic_xchg_relaxed\"", \""atomic_xchg_release\"", \""atomic_xor\""]"", ""oracle_type"": ""wrapper_fix"", ""subject"": ""rust: Introduce atomic API helpers""}]}, ""score"": -8.0, ""type"": ""SignatureDrift"", ""warning_id"": ""W-000080"", ""warning_uid"": ""237d06dece37b75ca4424dba30dfd98c33eca7b680109f960c3a14cff2e4e2c4""}",,,,missing concrete evidence line
promoted_warnings-019,promoted_warnings,mdiobus_write,.binddrift/worktrees/v6.13/rust/kernel/net/phy/reg.rs,119,"{""c_evidence"": null, ""evidence_chain"": [{""line"": 119, ""nearby_api"": null, ""rust_file"": "".binddrift/worktrees/v6.13/rust/kernel/net/phy/reg.rs"", ""text"": ""// SAFETY: `phydev` is pointing to a valid object by the type invariant of `Device`.""}, {""line"": 122, ""mapping_type"": ""TO_RESULT_MAPPING"", ""nearby_api"": ""write"", ""rust_file"": "".binddrift/worktrees/v6.13/rust/kernel/net/phy/reg.rs"", ""text"": ""to_result(unsafe {""}, {""changed_files"": ""[\""MAINTAINERS\"", \""drivers/net/phy/ax88796b_rust.rs\"", \""rust/kernel/net/phy.rs\"", \""rust/kernel/net/phy/reg.rs\"", \""rust/uapi/uapi_helper.h\""]"", ""commit_id"": ""b2e47002b2350f57bfa8fe1c231e9fbb6baef78b"", ""date"": ""2024-08-28T07:35:14+00:00"", ""matched_symbols"": ""[\""mdiobus_read\"", \""mdiobus_write\"", \""phy_read_mmd\"", \""phy_write_mmd\""]"", ""oracle_type"": ""wrapper_fix"", ""subject"": ""rust: net::phy unified read/write API for C22 and C45 registers""}], ""evidence_location"": {""file"": "".binddrift/worktrees/v6.13/rust/kernel/net/phy/reg.rs"", ""line"": ""119"", ""source"": ""evidence""}, ""pair_id"": ""latest-p012-v6.12-to-v6.13"", ""promotion_reasons"": [""direct_binding_use"", ""has_safety_comment"", ""has_error_mapping"", ""oracle_hit""], ""rust_side"": {""error_mappings"": [{""line"": 122, ""mapping_type"": ""TO_RESULT_MAPPING"", ""nearby_api"": ""write"", ""rust_file"": "".binddrift/worktrees/v6.13/rust/kernel/net/phy/reg.rs"", ""text"": ""to_result(unsafe {""}], ""exposure"": {""edge_count"": 4, ""edges"": [{""dst"": ""RustBindingFunction:mdiobus_write"", ""edge_type"": ""GENERATED_FROM"", ""properties"": ""{}"", ""src"": ""CFunction:mdiobus_write"", ""version_id"": ""v6.13""}, {""dst"": ""RustErrorMapping:.binddrift/worktrees/v6.13/rust/kernel/net/phy/reg.rs:122:TO_RESULT_MAPPING"", ""edge_type"": ""HAS_ERROR_MAPPING"", ""properties"": ""{}"", ""src"": ""RustBindingFunction:mdiobus_write"", ""version_id"": ""v6.13""}, {""dst"": ""RustSafetyComment:.binddrift/worktrees/v6.13/rust/kernel/net/phy/reg.rs:119"", ""edge_type"": ""HAS_SAFETY_COMMENT"", ""properties"": ""{}"", ""src"": ""RustBindingFunction:mdiobus_write"", ""version_id"": ""v6.13""}, {""dst"": ""RustUnsafeCall:.binddrift/worktrees/v6.13/rust/kernel/net/phy/reg.rs:123:mdiobus_write"", ""edge_type"": ""CALLS_BINDING"", ""properties"": ""{}"", ""src"": ""RustBindingFunction:mdiobus_write"", ""version_id"": ""v6.13""}]}, ""oracle_hits"": [{""changed_files"": ""[\""MAINTAINERS\"", \""drivers/net/phy/ax88796b_rust.rs\"", \""rust/kernel/net/phy.rs\"", \""rust/kernel/net/phy/reg.rs\"", \""rust/uapi/uapi_helper.h\""]"", ""commit_id"": ""b2e47002b2350f57bfa8fe1c231e9fbb6baef78b"", ""date"": ""2024-08-28T07:35:14+00:00"", ""matched_symbols"": ""[\""mdiobus_read\"", \""mdiobus_write\"", \""phy_read_mmd\"", \""phy_write_mmd\""]"", ""oracle_type"": ""wrapper_fix"", ""subject"": ""rust: net::phy unified read/write API for C22 and C45 registers""}], ""safety_comments"": [{""line"": 119, ""nearby_api"": null, ""rust_file"": "".binddrift/worktrees/v6.13/rust/kernel/net/phy/reg.rs"", ""text"": ""// SAFETY: `phydev` is pointing to a valid object by the type invariant of `Device`.""}], ""uses"": [{""enclosing_function"": ""write"", ""enclosing_impl"": ""C22"", ""enclosing_type"": ""C22"", ""enclosing_unsafe_block"": 1, ""line"": 123, ""rust_file"": "".binddrift/worktrees/v6.13/rust/kernel/net/phy/reg.rs""}]}, ""score"": 7.0, ""type"": ""SignatureDrift"", ""warning_id"": ""W-000023"", ""warning_uid"": ""faa9658fa81ce32c32088c814a76f9f395e38e9703ed634251125933ad168efb""}",,,,
promoted_warnings-020,promoted_warnings,atomic64_cmpxchg,rust/helpers/atomic.c,,"{""c_evidence"": null, ""evidence_chain"": [{""changed_files"": ""[\""rust/helpers/atomic.c\"", \""rust/helpers/helpers.c\"", \""scripts/atomic/gen-atomics.sh\"", \""scripts/atomic/gen-rust-atomic-helpers.sh\""]"", ""commit_id"": ""fdd7c7e0d2ab3987882c570612d4622f437292c7"", ""date"": ""2025-09-04T21:41:28-07:00"", ""matched_symbols"": ""[\""atomic64_add\"", \""atomic64_add_negative\"", \""atomic64_add_negative_acquire\"", \""atomic64_add_negative_relaxed\"", \""atomic64_add_negative_release\"", \""atomic64_add_return\"", \""atomic64_add_return_acquire\"", \""atomic64_add_return_relaxed\"", \""atomic64_add_return_release\"", \""atomic64_add_unless\"", \""atomic64_and\"", \""atomic64_andnot\"", \""atomic64_cmpxchg\"", \""atomic64_cmpxchg_acquire\"", \""atomic64_cmpxchg_relaxed\"", \""atomic64_cmpxchg_release\"", \""atomic64_dec\"", \""atomic64_dec_and_test\"", \""atomic64_dec_if_positive\"", \""atomic64_dec_return\"", \""atomic64_dec_return_acquire\"", \""atomic64_dec_return_relaxed\"", \""atomic64_dec_return_release\"", \""atomic64_dec_unless_positive\"", \""atomic64_fetch_add\"", \""atomic64_fetch_add_acquire\"", \""atomic64_fetch_add_relaxed\"", \""atomic64_fetch_add_release\"", \""atomic64_fetch_add_unless\"", \""atomic64_fetch_and\"", \""atomic64_fetch_and_acquire\"", \""atomic64_fetch_and_relaxed\"", \""atomic64_fetch_and_release\"", \""atomic64_fetch_andnot\"", \""atomic64_fetch_andnot_acquire\"", \""atomic64_fetch_andnot_relaxed\"", \""atomic64_fetch_andnot_release\"", \""atomic64_fetch_dec\"", \""atomic64_fetch_dec_acquire\"", \""atomic64_fetch_dec_relaxed\"", \""atomic64_fetch_dec_release\"", \""atomic64_fetch_inc\"", \""atomic64_fetch_inc_acquire\"", \""atomic64_fetch_inc_relaxed\"", \""atomic64_fetch_inc_release\"", \""atomic64_fetch_or\"", \""atomic64_fetch_or_acquire\"", \""atomic64_fetch_or_relaxed\"", \""atomic64_fetch_or_release\"", \""atomic64_fetch_sub\"", \""atomic64_fetch_sub_acquire\"", \""atomic64_fetch_sub_relaxed\"", \""atomic64_fetch_sub_release\"", \""atomic64_fetch_xor\"", \""atomic64_fetch_xor_acquire\"", \""atomic64_fetch_xor_relaxed\"", \""atomic64_fetch_xor_release\"", \""atomic64_inc\"", \""atomic64_inc_and_test\"", \""atomic64_inc_not_zero\"", \""atomic64_inc_return\"", \""atomic64_inc_return_acquire\"", \""atomic64_inc_return_relaxed\"", \""atomic64_inc_return_release\"", \""atomic64_inc_unless_negative\"", \""atomic64_or\"", \""atomic64_read\"", \""atomic64_read_acquire\"", \""atomic64_set\"", \""atomic64_set_release\"", \""atomic64_sub\"", \""atomic64_sub_and_test\"", \""atomic64_sub_return\"", \""atomic64_sub_return_acquire\"", \""atomic64_sub_return_relaxed\"", \""atomic64_sub_return_release\"", \""atomic64_try_cmpxchg\"", \""atomic64_try_cmpxchg_acquire\"", \""atomic64_try_cmpxchg_relaxed\"", \""atomic64_try_cmpxchg_release\"", \""atomic64_xchg\"", \""atomic64_xchg_acquire\"", \""atomic64_xchg_relaxed\"", \""atomic64_xchg_release\"", \""atomic64_xor\"", \""atomic_add\"", \""atomic_add_negative\"", \""atomic_add_negative_acquire\"", \""atomic_add_negative_relaxed\"", \""atomic_add_negative_release\"", \""atomic_add_return\"", \""atomic_add_return_acquire\"", \""atomic_add_return_relaxed\"", \""atomic_add_return_release\"", \""atomic_add_unless\"", \""atomic_and\"", \""atomic_andnot\"", \""atomic_cmpxchg\"", \""atomic_cmpxchg_acquire\"", \""atomic_cmpxchg_relaxed\"", \""atomic_cmpxchg_release\"", \""atomic_dec\"", \""atomic_dec_and_test\"", \""atomic_dec_if_positive\"", \""atomic_dec_return\"", \""atomic_dec_return_acquire\"", \""atomic_dec_return_relaxed\"", \""atomic_dec_return_release\"", \""atomic_dec_unless_positive\"", \""atomic_fetch_add\"", \""atomic_fetch_add_acquire\"", \""atomic_fetch_add_relaxed\"", \""atomic_fetch_add_release\"", \""atomic_fetch_add_unless\"", \""atomic_fetch_and\"", \""atomic_fetch_and_acquire\"", \""atomic_fetch_and_relaxed\"", \""atomic_fetch_and_release\"", \""atomic_fetch_andnot\"", \""atomic_fetch_andnot_acquire\"", \""atomic_fetch_andnot_relaxed\"", \""atomic_fetch_andnot_release\"", \""atomic_fetch_dec\"", \""atomic_fetch_dec_acquire\"", \""atomic_fetch_dec_relaxed\"", \""atomic_fetch_dec_release\"", \""atomic_fetch_inc\"", \""atomic_fetch_inc_acquire\"", \""atomic_fetch_inc_relaxed\"", \""atomic_fetch_inc_release\"", \""atomic_fetch_or\"", \""atomic_fetch_or_acquire\"", \""atomic_fetch_or_relaxed\"", \""atomic_fetch_or_release\"", \""atomic_fetch_sub\"", \""atomic_fetch_sub_acquire\"", \""atomic_fetch_sub_relaxed\"", \""atomic_fetch_sub_release\"", \""atomic_fetch_xor\"", \""atomic_fetch_xor_acquire\"", \""atomic_fetch_xor_relaxed\"", \""atomic_fetch_xor_release\"", \""atomic_inc\"", \""atomic_inc_and_test\"", \""atomic_inc_not_zero\"", \""atomic_inc_return\"", \""atomic_inc_return_acquire\"", \""atomic_inc_return_relaxed\"", \""atomic_inc_return_release\"", \""atomic_inc_unless_negative\"", \""atomic_or\"", \""atomic_read\"", \""atomic_read_acquire\"", \""atomic_set\"", \""atomic_set_release\"", \""atomic_sub\"", \""atomic_sub_and_test\"", \""atomic_sub_return\"", \""atomic_sub_return_acquire\"", \""atomic_sub_return_relaxed\"", \""atomic_sub_return_release\"", \""atomic_try_cmpxchg\"", \""atomic_try_cmpxchg_acquire\"", \""atomic_try_cmpxchg_relaxed\"", \""atomic_try_cmpxchg_release\"", \""atomic_xchg\"", \""atomic_xchg_acquire\"", \""atomic_xchg_relaxed\"", \""atomic_xchg_release\"", \""atomic_xor\""]"", ""oracle_type"": ""wrapper_fix"", ""subject"": ""rust: Introduce atomic API helpers""}], ""evidence_location"": {""file"": ""rust/helpers/atomic.c"", ""line"": """", ""source"": ""changed_files""}, ""pair_id"": ""latest-p017-v6.17-to-v6.18"", ""promotion_reasons"": [""oracle_hit""], ""rust_side"": {""exposure"": {""edge_count"": 1, ""edges"": [{""dst"": ""RustBindingFunction:atomic64_cmpxchg"", ""edge_type"": ""GENERATED_FROM"", ""properties"": ""{}"", ""src"": ""CFunction:atomic64_cmpxchg"", ""version_id"": ""v6.18""}]}, ""oracle_hits"": [{""changed_files"": ""[\""rust/helpers/atomic.c\"", \""rust/helpers/helpers.c\"", \""scripts/atomic/gen-atomics.sh\"", \""scripts/atomic/gen-rust-atomic-helpers.sh\""]"", ""commit_id"": ""fdd7c7e0d2ab3987882c570612d4622f437292c7"", ""date"": ""2025-09-04T21:41:28-07:00"", ""matched_symbols"": ""[\""atomic64_add\"", \""atomic64_add_negative\"", \""atomic64_add_negative_acquire\"", \""atomic64_add_negative_relaxed\"", \""atomic64_add_negative_release\"", \""atomic64_add_return\"", \""atomic64_add_return_acquire\"", \""atomic64_add_return_relaxed\"", \""atomic64_add_return_release\"", \""atomic64_add_unless\"", \""atomic64_and\"", \""atomic64_andnot\"", \""atomic64_cmpxchg\"", \""atomic64_cmpxchg_acquire\"", \""atomic64_cmpxchg_relaxed\"", \""atomic64_cmpxchg_release\"", \""atomic64_dec\"", \""atomic64_dec_and_test\"", \""atomic64_dec_if_positive\"", \""atomic64_dec_return\"", \""atomic64_dec_return_acquire\"", \""atomic64_dec_return_relaxed\"", \""atomic64_dec_return_release\"", \""atomic64_dec_unless_positive\"", \""atomic64_fetch_add\"", \""atomic64_fetch_add_acquire\"", \""atomic64_fetch_add_relaxed\"", \""atomic64_fetch_add_release\"", \""atomic64_fetch_add_unless\"", \""atomic64_fetch_and\"", \""atomic64_fetch_and_acquire\"", \""atomic64_fetch_and_relaxed\"", \""atomic64_fetch_and_release\"", \""atomic64_fetch_andnot\"", \""atomic64_fetch_andnot_acquire\"", \""atomic64_fetch_andnot_relaxed\"", \""atomic64_fetch_andnot_release\"", \""atomic64_fetch_dec\"", \""atomic64_fetch_dec_acquire\"", \""atomic64_fetch_dec_relaxed\"", \""atomic64_fetch_dec_release\"", \""atomic64_fetch_inc\"", \""atomic64_fetch_inc_acquire\"", \""atomic64_fetch_inc_relaxed\"", \""atomic64_fetch_inc_release\"", \""atomic64_fetch_or\"", \""atomic64_fetch_or_acquire\"", \""atomic64_fetch_or_relaxed\"", \""atomic64_fetch_or_release\"", \""atomic64_fetch_sub\"", \""atomic64_fetch_sub_acquire\"", \""atomic64_fetch_sub_relaxed\"", \""atomic64_fetch_sub_release\"", \""atomic64_fetch_xor\"", \""atomic64_fetch_xor_acquire\"", \""atomic64_fetch_xor_relaxed\"", \""atomic64_fetch_xor_release\"", \""atomic64_inc\"", \""atomic64_inc_and_test\"", \""atomic64_inc_not_zero\"", \""atomic64_inc_return\"", \""atomic64_inc_return_acquire\"", \""atomic64_inc_return_relaxed\"", \""atomic64_inc_return_release\"", \""atomic64_inc_unless_negative\"", \""atomic64_or\"", \""atomic64_read\"", \""atomic64_read_acquire\"", \""atomic64_set\"", \""atomic64_set_release\"", \""atomic64_sub\"", \""atomic64_sub_and_test\"", \""atomic64_sub_return\"", \""atomic64_sub_return_acquire\"", \""atomic64_sub_return_relaxed\"", \""atomic64_sub_return_release\"", \""atomic64_try_cmpxchg\"", \""atomic64_try_cmpxchg_acquire\"", \""atomic64_try_cmpxchg_relaxed\"", \""atomic64_try_cmpxchg_release\"", \""atomic64_xchg\"", \""atomic64_xchg_acquire\"", \""atomic64_xchg_relaxed\"", \""atomic64_xchg_release\"", \""atomic64_xor\"", \""atomic_add\"", \""atomic_add_negative\"", \""atomic_add_negative_acquire\"", \""atomic_add_negative_relaxed\"", \""atomic_add_negative_release\"", \""atomic_add_return\"", \""atomic_add_return_acquire\"", \""atomic_add_return_relaxed\"", \""atomic_add_return_release\"", \""atomic_add_unless\"", \""atomic_and\"", \""atomic_andnot\"", \""atomic_cmpxchg\"", \""atomic_cmpxchg_acquire\"", \""atomic_cmpxchg_relaxed\"", \""atomic_cmpxchg_release\"", \""atomic_dec\"", \""atomic_dec_and_test\"", \""atomic_dec_if_positive\"", \""atomic_dec_return\"", \""atomic_dec_return_acquire\"", \""atomic_dec_return_relaxed\"", \""atomic_dec_return_release\"", \""atomic_dec_unless_positive\"", \""atomic_fetch_add\"", \""atomic_fetch_add_acquire\"", \""atomic_fetch_add_relaxed\"", \""atomic_fetch_add_release\"", \""atomic_fetch_add_unless\"", \""atomic_fetch_and\"", \""atomic_fetch_and_acquire\"", \""atomic_fetch_and_relaxed\"", \""atomic_fetch_and_release\"", \""atomic_fetch_andnot\"", \""atomic_fetch_andnot_acquire\"", \""atomic_fetch_andnot_relaxed\"", \""atomic_fetch_andnot_release\"", \""atomic_fetch_dec\"", \""atomic_fetch_dec_acquire\"", \""atomic_fetch_dec_relaxed\"", \""atomic_fetch_dec_release\"", \""atomic_fetch_inc\"", \""atomic_fetch_inc_acquire\"", \""atomic_fetch_inc_relaxed\"", \""atomic_fetch_inc_release\"", \""atomic_fetch_or\"", \""atomic_fetch_or_acquire\"", \""atomic_fetch_or_relaxed\"", \""atomic_fetch_or_release\"", \""atomic_fetch_sub\"", \""atomic_fetch_sub_acquire\"", \""atomic_fetch_sub_relaxed\"", \""atomic_fetch_sub_release\"", \""atomic_fetch_xor\"", \""atomic_fetch_xor_acquire\"", \""atomic_fetch_xor_relaxed\"", \""atomic_fetch_xor_release\"", \""atomic_inc\"", \""atomic_inc_and_test\"", \""atomic_inc_not_zero\"", \""atomic_inc_return\"", \""atomic_inc_return_acquire\"", \""atomic_inc_return_relaxed\"", \""atomic_inc_return_release\"", \""atomic_inc_unless_negative\"", \""atomic_or\"", \""atomic_read\"", \""atomic_read_acquire\"", \""atomic_set\"", \""atomic_set_release\"", \""atomic_sub\"", \""atomic_sub_and_test\"", \""atomic_sub_return\"", \""atomic_sub_return_acquire\"", \""atomic_sub_return_relaxed\"", \""atomic_sub_return_release\"", \""atomic_try_cmpxchg\"", \""atomic_try_cmpxchg_acquire\"", \""atomic_try_cmpxchg_relaxed\"", \""atomic_try_cmpxchg_release\"", \""atomic_xchg\"", \""atomic_xchg_acquire\"", \""atomic_xchg_relaxed\"", \""atomic_xchg_release\"", \""atomic_xor\""]"", ""oracle_type"": ""wrapper_fix"", ""subject"": ""rust: Introduce atomic API helpers""}]}, ""score"": -8.0, ""type"": ""SignatureDrift"", ""warning_id"": ""W-000015"", ""warning_uid"": ""abbbce556560f9aed8da240863d93a929e939c74ae8b84fe0156a18903c8dab1""}",,,,missing concrete evidence line
promoted_warnings-021,promoted_warnings,atomic_add_return_release,rust/helpers/atomic.c,,"{""c_evidence"": null, ""evidence_chain"": [{""changed_files"": ""[\""rust/helpers/atomic.c\"", \""rust/helpers/helpers.c\"", \""scripts/atomic/gen-atomics.sh\"", \""scripts/atomic/gen-rust-atomic-helpers.sh\""]"", ""commit_id"": ""fdd7c7e0d2ab3987882c570612d4622f437292c7"", ""date"": ""2025-09-04T21:41:28-07:00"", ""matched_symbols"": ""[\""atomic64_add\"", \""atomic64_add_negative\"", \""atomic64_add_negative_acquire\"", \""atomic64_add_negative_relaxed\"", \""atomic64_add_negative_release\"", \""atomic64_add_return\"", \""atomic64_add_return_acquire\"", \""atomic64_add_return_relaxed\"", \""atomic64_add_return_release\"", \""atomic64_add_unless\"", \""atomic64_and\"", \""atomic64_andnot\"", \""atomic64_cmpxchg\"", \""atomic64_cmpxchg_acquire\"", \""atomic64_cmpxchg_relaxed\"", \""atomic64_cmpxchg_release\"", \""atomic64_dec\"", \""atomic64_dec_and_test\"", \""atomic64_dec_if_positive\"", \""atomic64_dec_return\"", \""atomic64_dec_return_acquire\"", \""atomic64_dec_return_relaxed\"", \""atomic64_dec_return_release\"", \""atomic64_dec_unless_positive\"", \""atomic64_fetch_add\"", \""atomic64_fetch_add_acquire\"", \""atomic64_fetch_add_relaxed\"", \""atomic64_fetch_add_release\"", \""atomic64_fetch_add_unless\"", \""atomic64_fetch_and\"", \""atomic64_fetch_and_acquire\"", \""atomic64_fetch_and_relaxed\"", \""atomic64_fetch_and_release\"", \""atomic64_fetch_andnot\"", \""atomic64_fetch_andnot_acquire\"", \""atomic64_fetch_andnot_relaxed\"", \""atomic64_fetch_andnot_release\"", \""atomic64_fetch_dec\"", \""atomic64_fetch_dec_acquire\"", \""atomic64_fetch_dec_relaxed\"", \""atomic64_fetch_dec_release\"", \""atomic64_fetch_inc\"", \""atomic64_fetch_inc_acquire\"", \""atomic64_fetch_inc_relaxed\"", \""atomic64_fetch_inc_release\"", \""atomic64_fetch_or\"", \""atomic64_fetch_or_acquire\"", \""atomic64_fetch_or_relaxed\"", \""atomic64_fetch_or_release\"", \""atomic64_fetch_sub\"", \""atomic64_fetch_sub_acquire\"", \""atomic64_fetch_sub_relaxed\"", \""atomic64_fetch_sub_release\"", \""atomic64_fetch_xor\"", \""atomic64_fetch_xor_acquire\"", \""atomic64_fetch_xor_relaxed\"", \""atomic64_fetch_xor_release\"", \""atomic64_inc\"", \""atomic64_inc_and_test\"", \""atomic64_inc_not_zero\"", \""atomic64_inc_return\"", \""atomic64_inc_return_acquire\"", \""atomic64_inc_return_relaxed\"", \""atomic64_inc_return_release\"", \""atomic64_inc_unless_negative\"", \""atomic64_or\"", \""atomic64_read\"", \""atomic64_read_acquire\"", \""atomic64_set\"", \""atomic64_set_release\"", \""atomic64_sub\"", \""atomic64_sub_and_test\"", \""atomic64_sub_return\"", \""atomic64_sub_return_acquire\"", \""atomic64_sub_return_relaxed\"", \""atomic64_sub_return_release\"", \""atomic64_try_cmpxchg\"", \""atomic64_try_cmpxchg_acquire\"", \""atomic64_try_cmpxchg_relaxed\"", \""atomic64_try_cmpxchg_release\"", \""atomic64_xchg\"", \""atomic64_xchg_acquire\"", \""atomic64_xchg_relaxed\"", \""atomic64_xchg_release\"", \""atomic64_xor\"", \""atomic_add\"", \""atomic_add_negative\"", \""atomic_add_negative_acquire\"", \""atomic_add_negative_relaxed\"", \""atomic_add_negative_release\"", \""atomic_add_return\"", \""atomic_add_return_acquire\"", \""atomic_add_return_relaxed\"", \""atomic_add_return_release\"", \""atomic_add_unless\"", \""atomic_and\"", \""atomic_andnot\"", \""atomic_cmpxchg\"", \""atomic_cmpxchg_acquire\"", \""atomic_cmpxchg_relaxed\"", \""atomic_cmpxchg_release\"", \""atomic_dec\"", \""atomic_dec_and_test\"", \""atomic_dec_if_positive\"", \""atomic_dec_return\"", \""atomic_dec_return_acquire\"", \""atomic_dec_return_relaxed\"", \""atomic_dec_return_release\"", \""atomic_dec_unless_positive\"", \""atomic_fetch_add\"", \""atomic_fetch_add_acquire\"", \""atomic_fetch_add_relaxed\"", \""atomic_fetch_add_release\"", \""atomic_fetch_add_unless\"", \""atomic_fetch_and\"", \""atomic_fetch_and_acquire\"", \""atomic_fetch_and_relaxed\"", \""atomic_fetch_and_release\"", \""atomic_fetch_andnot\"", \""atomic_fetch_andnot_acquire\"", \""atomic_fetch_andnot_relaxed\"", \""atomic_fetch_andnot_release\"", \""atomic_fetch_dec\"", \""atomic_fetch_dec_acquire\"", \""atomic_fetch_dec_relaxed\"", \""atomic_fetch_dec_release\"", \""atomic_fetch_inc\"", \""atomic_fetch_inc_acquire\"", \""atomic_fetch_inc_relaxed\"", \""atomic_fetch_inc_release\"", \""atomic_fetch_or\"", \""atomic_fetch_or_acquire\"", \""atomic_fetch_or_relaxed\"", \""atomic_fetch_or_release\"", \""atomic_fetch_sub\"", \""atomic_fetch_sub_acquire\"", \""atomic_fetch_sub_relaxed\"", \""atomic_fetch_sub_release\"", \""atomic_fetch_xor\"", \""atomic_fetch_xor_acquire\"", \""atomic_fetch_xor_relaxed\"", \""atomic_fetch_xor_release\"", \""atomic_inc\"", \""atomic_inc_and_test\"", \""atomic_inc_not_zero\"", \""atomic_inc_return\"", \""atomic_inc_return_acquire\"", \""atomic_inc_return_relaxed\"", \""atomic_inc_return_release\"", \""atomic_inc_unless_negative\"", \""atomic_or\"", \""atomic_read\"", \""atomic_read_acquire\"", \""atomic_set\"", \""atomic_set_release\"", \""atomic_sub\"", \""atomic_sub_and_test\"", \""atomic_sub_return\"", \""atomic_sub_return_acquire\"", \""atomic_sub_return_relaxed\"", \""atomic_sub_return_release\"", \""atomic_try_cmpxchg\"", \""atomic_try_cmpxchg_acquire\"", \""atomic_try_cmpxchg_relaxed\"", \""atomic_try_cmpxchg_release\"", \""atomic_xchg\"", \""atomic_xchg_acquire\"", \""atomic_xchg_relaxed\"", \""atomic_xchg_release\"", \""atomic_xor\""]"", ""oracle_type"": ""wrapper_fix"", ""subject"": ""rust: Introduce atomic API helpers""}], ""evidence_location"": {""file"": ""rust/helpers/atomic.c"", ""line"": """", ""source"": ""changed_files""}, ""pair_id"": ""latest-p017-v6.17-to-v6.18"", ""promotion_reasons"": [""oracle_hit""], ""rust_side"": {""exposure"": {""edge_count"": 1, ""edges"": [{""dst"": ""RustBindingFunction:atomic_add_return_release"", ""edge_type"": ""GENERATED_FROM"", ""properties"": ""{}"", ""src"": ""CFunction:atomic_add_return_release"", ""version_id"": ""v6.18""}]}, ""oracle_hits"": [{""changed_files"": ""[\""rust/helpers/atomic.c\"", \""rust/helpers/helpers.c\"", \""scripts/atomic/gen-atomics.sh\"", \""scripts/atomic/gen-rust-atomic-helpers.sh\""]"", ""commit_id"": ""fdd7c7e0d2ab3987882c570612d4622f437292c7"", ""date"": ""2025-09-04T21:41:28-07:00"", ""matched_symbols"": ""[\""atomic64_add\"", \""atomic64_add_negative\"", \""atomic64_add_negative_acquire\"", \""atomic64_add_negative_relaxed\"", \""atomic64_add_negative_release\"", \""atomic64_add_return\"", \""atomic64_add_return_acquire\"", \""atomic64_add_return_relaxed\"", \""atomic64_add_return_release\"", \""atomic64_add_unless\"", \""atomic64_and\"", \""atomic64_andnot\"", \""atomic64_cmpxchg\"", \""atomic64_cmpxchg_acquire\"", \""atomic64_cmpxchg_relaxed\"", \""atomic64_cmpxchg_release\"", \""atomic64_dec\"", \""atomic64_dec_and_test\"", \""atomic64_dec_if_positive\"", \""atomic64_dec_return\"", \""atomic64_dec_return_acquire\"", \""atomic64_dec_return_relaxed\"", \""atomic64_dec_return_release\"", \""atomic64_dec_unless_positive\"", \""atomic64_fetch_add\"", \""atomic64_fetch_add_acquire\"", \""atomic64_fetch_add_relaxed\"", \""atomic64_fetch_add_release\"", \""atomic64_fetch_add_unless\"", \""atomic64_fetch_and\"", \""atomic64_fetch_and_acquire\"", \""atomic64_fetch_and_relaxed\"", \""atomic64_fetch_and_release\"", \""atomic64_fetch_andnot\"", \""atomic64_fetch_andnot_acquire\"", \""atomic64_fetch_andnot_relaxed\"", \""atomic64_fetch_andnot_release\"", \""atomic64_fetch_dec\"", \""atomic64_fetch_dec_acquire\"", \""atomic64_fetch_dec_relaxed\"", \""atomic64_fetch_dec_release\"", \""atomic64_fetch_inc\"", \""atomic64_fetch_inc_acquire\"", \""atomic64_fetch_inc_relaxed\"", \""atomic64_fetch_inc_release\"", \""atomic64_fetch_or\"", \""atomic64_fetch_or_acquire\"", \""atomic64_fetch_or_relaxed\"", \""atomic64_fetch_or_release\"", \""atomic64_fetch_sub\"", \""atomic64_fetch_sub_acquire\"", \""atomic64_fetch_sub_relaxed\"", \""atomic64_fetch_sub_release\"", \""atomic64_fetch_xor\"", \""atomic64_fetch_xor_acquire\"", \""atomic64_fetch_xor_relaxed\"", \""atomic64_fetch_xor_release\"", \""atomic64_inc\"", \""atomic64_inc_and_test\"", \""atomic64_inc_not_zero\"", \""atomic64_inc_return\"", \""atomic64_inc_return_acquire\"", \""atomic64_inc_return_relaxed\"", \""atomic64_inc_return_release\"", \""atomic64_inc_unless_negative\"", \""atomic64_or\"", \""atomic64_read\"", \""atomic64_read_acquire\"", \""atomic64_set\"", \""atomic64_set_release\"", \""atomic64_sub\"", \""atomic64_sub_and_test\"", \""atomic64_sub_return\"", \""atomic64_sub_return_acquire\"", \""atomic64_sub_return_relaxed\"", \""atomic64_sub_return_release\"", \""atomic64_try_cmpxchg\"", \""atomic64_try_cmpxchg_acquire\"", \""atomic64_try_cmpxchg_relaxed\"", \""atomic64_try_cmpxchg_release\"", \""atomic64_xchg\"", \""atomic64_xchg_acquire\"", \""atomic64_xchg_relaxed\"", \""atomic64_xchg_release\"", \""atomic64_xor\"", \""atomic_add\"", \""atomic_add_negative\"", \""atomic_add_negative_acquire\"", \""atomic_add_negative_relaxed\"", \""atomic_add_negative_release\"", \""atomic_add_return\"", \""atomic_add_return_acquire\"", \""atomic_add_return_relaxed\"", \""atomic_add_return_release\"", \""atomic_add_unless\"", \""atomic_and\"", \""atomic_andnot\"", \""atomic_cmpxchg\"", \""atomic_cmpxchg_acquire\"", \""atomic_cmpxchg_relaxed\"", \""atomic_cmpxchg_release\"", \""atomic_dec\"", \""atomic_dec_and_test\"", \""atomic_dec_if_positive\"", \""atomic_dec_return\"", \""atomic_dec_return_acquire\"", \""atomic_dec_return_relaxed\"", \""atomic_dec_return_release\"", \""atomic_dec_unless_positive\"", \""atomic_fetch_add\"", \""atomic_fetch_add_acquire\"", \""atomic_fetch_add_relaxed\"", \""atomic_fetch_add_release\"", \""atomic_fetch_add_unless\"", \""atomic_fetch_and\"", \""atomic_fetch_and_acquire\"", \""atomic_fetch_and_relaxed\"", \""atomic_fetch_and_release\"", \""atomic_fetch_andnot\"", \""atomic_fetch_andnot_acquire\"", \""atomic_fetch_andnot_relaxed\"", \""atomic_fetch_andnot_release\"", \""atomic_fetch_dec\"", \""atomic_fetch_dec_acquire\"", \""atomic_fetch_dec_relaxed\"", \""atomic_fetch_dec_release\"", \""atomic_fetch_inc\"", \""atomic_fetch_inc_acquire\"", \""atomic_fetch_inc_relaxed\"", \""atomic_fetch_inc_release\"", \""atomic_fetch_or\"", \""atomic_fetch_or_acquire\"", \""atomic_fetch_or_relaxed\"", \""atomic_fetch_or_release\"", \""atomic_fetch_sub\"", \""atomic_fetch_sub_acquire\"", \""atomic_fetch_sub_relaxed\"", \""atomic_fetch_sub_release\"", \""atomic_fetch_xor\"", \""atomic_fetch_xor_acquire\"", \""atomic_fetch_xor_relaxed\"", \""atomic_fetch_xor_release\"", \""atomic_inc\"", \""atomic_inc_and_test\"", \""atomic_inc_not_zero\"", \""atomic_inc_return\"", \""atomic_inc_return_acquire\"", \""atomic_inc_return_relaxed\"", \""atomic_inc_return_release\"", \""atomic_inc_unless_negative\"", \""atomic_or\"", \""atomic_read\"", \""atomic_read_acquire\"", \""atomic_set\"", \""atomic_set_release\"", \""atomic_sub\"", \""atomic_sub_and_test\"", \""atomic_sub_return\"", \""atomic_sub_return_acquire\"", \""atomic_sub_return_relaxed\"", \""atomic_sub_return_release\"", \""atomic_try_cmpxchg\"", \""atomic_try_cmpxchg_acquire\"", \""atomic_try_cmpxchg_relaxed\"", \""atomic_try_cmpxchg_release\"", \""atomic_xchg\"", \""atomic_xchg_acquire\"", \""atomic_xchg_relaxed\"", \""atomic_xchg_release\"", \""atomic_xor\""]"", ""oracle_type"": ""wrapper_fix"", ""subject"": ""rust: Introduce atomic API helpers""}]}, ""score"": -8.0, ""type"": ""SignatureDrift"", ""warning_id"": ""W-000096"", ""warning_uid"": ""837395783f66817a906b595cca5cb289bfb1a0624e585a8c976a0a018e49ed32""}",,,,missing concrete evidence line
promoted_warnings-022,promoted_warnings,atomic64_add_unless,rust/helpers/atomic.c,,"{""c_evidence"": null, ""evidence_chain"": [{""changed_files"": ""[\""rust/helpers/atomic.c\"", \""rust/helpers/helpers.c\"", \""scripts/atomic/gen-atomics.sh\"", \""scripts/atomic/gen-rust-atomic-helpers.sh\""]"", ""commit_id"": ""fdd7c7e0d2ab3987882c570612d4622f437292c7"", ""date"": ""2025-09-04T21:41:28-07:00"", ""matched_symbols"": ""[\""atomic64_add\"", \""atomic64_add_negative\"", \""atomic64_add_negative_acquire\"", \""atomic64_add_negative_relaxed\"", \""atomic64_add_negative_release\"", \""atomic64_add_return\"", \""atomic64_add_return_acquire\"", \""atomic64_add_return_relaxed\"", \""atomic64_add_return_release\"", \""atomic64_add_unless\"", \""atomic64_and\"", \""atomic64_andnot\"", \""atomic64_cmpxchg\"", \""atomic64_cmpxchg_acquire\"", \""atomic64_cmpxchg_relaxed\"", \""atomic64_cmpxchg_release\"", \""atomic64_dec\"", \""atomic64_dec_and_test\"", \""atomic64_dec_if_positive\"", \""atomic64_dec_return\"", \""atomic64_dec_return_acquire\"", \""atomic64_dec_return_relaxed\"", \""atomic64_dec_return_release\"", \""atomic64_dec_unless_positive\"", \""atomic64_fetch_add\"", \""atomic64_fetch_add_acquire\"", \""atomic64_fetch_add_relaxed\"", \""atomic64_fetch_add_release\"", \""atomic64_fetch_add_unless\"", \""atomic64_fetch_and\"", \""atomic64_fetch_and_acquire\"", \""atomic64_fetch_and_relaxed\"", \""atomic64_fetch_and_release\"", \""atomic64_fetch_andnot\"", \""atomic64_fetch_andnot_acquire\"", \""atomic64_fetch_andnot_relaxed\"", \""atomic64_fetch_andnot_release\"", \""atomic64_fetch_dec\"", \""atomic64_fetch_dec_acquire\"", \""atomic64_fetch_dec_relaxed\"", \""atomic64_fetch_dec_release\"", \""atomic64_fetch_inc\"", \""atomic64_fetch_inc_acquire\"", \""atomic64_fetch_inc_relaxed\"", \""atomic64_fetch_inc_release\"", \""atomic64_fetch_or\"", \""atomic64_fetch_or_acquire\"", \""atomic64_fetch_or_relaxed\"", \""atomic64_fetch_or_release\"", \""atomic64_fetch_sub\"", \""atomic64_fetch_sub_acquire\"", \""atomic64_fetch_sub_relaxed\"", \""atomic64_fetch_sub_release\"", \""atomic64_fetch_xor\"", \""atomic64_fetch_xor_acquire\"", \""atomic64_fetch_xor_relaxed\"", \""atomic64_fetch_xor_release\"", \""atomic64_inc\"", \""atomic64_inc_and_test\"", \""atomic64_inc_not_zero\"", \""atomic64_inc_return\"", \""atomic64_inc_return_acquire\"", \""atomic64_inc_return_relaxed\"", \""atomic64_inc_return_release\"", \""atomic64_inc_unless_negative\"", \""atomic64_or\"", \""atomic64_read\"", \""atomic64_read_acquire\"", \""atomic64_set\"", \""atomic64_set_release\"", \""atomic64_sub\"", \""atomic64_sub_and_test\"", \""atomic64_sub_return\"", \""atomic64_sub_return_acquire\"", \""atomic64_sub_return_relaxed\"", \""atomic64_sub_return_release\"", \""atomic64_try_cmpxchg\"", \""atomic64_try_cmpxchg_acquire\"", \""atomic64_try_cmpxchg_relaxed\"", \""atomic64_try_cmpxchg_release\"", \""atomic64_xchg\"", \""atomic64_xchg_acquire\"", \""atomic64_xchg_relaxed\"", \""atomic64_xchg_release\"", \""atomic64_xor\"", \""atomic_add\"", \""atomic_add_negative\"", \""atomic_add_negative_acquire\"", \""atomic_add_negative_relaxed\"", \""atomic_add_negative_release\"", \""atomic_add_return\"", \""atomic_add_return_acquire\"", \""atomic_add_return_relaxed\"", \""atomic_add_return_release\"", \""atomic_add_unless\"", \""atomic_and\"", \""atomic_andnot\"", \""atomic_cmpxchg\"", \""atomic_cmpxchg_acquire\"", \""atomic_cmpxchg_relaxed\"", \""atomic_cmpxchg_release\"", \""atomic_dec\"", \""atomic_dec_and_test\"", \""atomic_dec_if_positive\"", \""atomic_dec_return\"", \""atomic_dec_return_acquire\"", \""atomic_dec_return_relaxed\"", \""atomic_dec_return_release\"", \""atomic_dec_unless_positive\"", \""atomic_fetch_add\"", \""atomic_fetch_add_acquire\"", \""atomic_fetch_add_relaxed\"", \""atomic_fetch_add_release\"", \""atomic_fetch_add_unless\"", \""atomic_fetch_and\"", \""atomic_fetch_and_acquire\"", \""atomic_fetch_and_relaxed\"", \""atomic_fetch_and_release\"", \""atomic_fetch_andnot\"", \""atomic_fetch_andnot_acquire\"", \""atomic_fetch_andnot_relaxed\"", \""atomic_fetch_andnot_release\"", \""atomic_fetch_dec\"", \""atomic_fetch_dec_acquire\"", \""atomic_fetch_dec_relaxed\"", \""atomic_fetch_dec_release\"", \""atomic_fetch_inc\"", \""atomic_fetch_inc_acquire\"", \""atomic_fetch_inc_relaxed\"", \""atomic_fetch_inc_release\"", \""atomic_fetch_or\"", \""atomic_fetch_or_acquire\"", \""atomic_fetch_or_relaxed\"", \""atomic_fetch_or_release\"", \""atomic_fetch_sub\"", \""atomic_fetch_sub_acquire\"", \""atomic_fetch_sub_relaxed\"", \""atomic_fetch_sub_release\"", \""atomic_fetch_xor\"", \""atomic_fetch_xor_acquire\"", \""atomic_fetch_xor_relaxed\"", \""atomic_fetch_xor_release\"", \""atomic_inc\"", \""atomic_inc_and_test\"", \""atomic_inc_not_zero\"", \""atomic_inc_return\"", \""atomic_inc_return_acquire\"", \""atomic_inc_return_relaxed\"", \""atomic_inc_return_release\"", \""atomic_inc_unless_negative\"", \""atomic_or\"", \""atomic_read\"", \""atomic_read_acquire\"", \""atomic_set\"", \""atomic_set_release\"", \""atomic_sub\"", \""atomic_sub_and_test\"", \""atomic_sub_return\"", \""atomic_sub_return_acquire\"", \""atomic_sub_return_relaxed\"", \""atomic_sub_return_release\"", \""atomic_try_cmpxchg\"", \""atomic_try_cmpxchg_acquire\"", \""atomic_try_cmpxchg_relaxed\"", \""atomic_try_cmpxchg_release\"", \""atomic_xchg\"", \""atomic_xchg_acquire\"", \""atomic_xchg_relaxed\"", \""atomic_xchg_release\"", \""atomic_xor\""]"", ""oracle_type"": ""wrapper_fix"", ""subject"": ""rust: Introduce atomic API helpers""}], ""evidence_location"": {""file"": ""rust/helpers/atomic.c"", ""line"": """", ""source"": ""changed_files""}, ""pair_id"": ""latest-p017-v6.17-to-v6.18"", ""promotion_reasons"": [""oracle_hit""], ""rust_side"": {""exposure"": {""edge_count"": 1, ""edges"": [{""dst"": ""RustBindingFunction:atomic64_add_unless"", ""edge_type"": ""GENERATED_FROM"", ""properties"": ""{}"", ""src"": ""CFunction:atomic64_add_unless"", ""version_id"": ""v6.18""}]}, ""oracle_hits"": [{""changed_files"": ""[\""rust/helpers/atomic.c\"", \""rust/helpers/helpers.c\"", \""scripts/atomic/gen-atomics.sh\"", \""scripts/atomic/gen-rust-atomic-helpers.sh\""]"", ""commit_id"": ""fdd7c7e0d2ab3987882c570612d4622f437292c7"", ""date"": ""2025-09-04T21:41:28-07:00"", ""matched_symbols"": ""[\""atomic64_add\"", \""atomic64_add_negative\"", \""atomic64_add_negative_acquire\"", \""atomic64_add_negative_relaxed\"", \""atomic64_add_negative_release\"", \""atomic64_add_return\"", \""atomic64_add_return_acquire\"", \""atomic64_add_return_relaxed\"", \""atomic64_add_return_release\"", \""atomic64_add_unless\"", \""atomic64_and\"", \""atomic64_andnot\"", \""atomic64_cmpxchg\"", \""atomic64_cmpxchg_acquire\"", \""atomic64_cmpxchg_relaxed\"", \""atomic64_cmpxchg_release\"", \""atomic64_dec\"", \""atomic64_dec_and_test\"", \""atomic64_dec_if_positive\"", \""atomic64_dec_return\"", \""atomic64_dec_return_acquire\"", \""atomic64_dec_return_relaxed\"", \""atomic64_dec_return_release\"", \""atomic64_dec_unless_positive\"", \""atomic64_fetch_add\"", \""atomic64_fetch_add_acquire\"", \""atomic64_fetch_add_relaxed\"", \""atomic64_fetch_add_release\"", \""atomic64_fetch_add_unless\"", \""atomic64_fetch_and\"", \""atomic64_fetch_and_acquire\"", \""atomic64_fetch_and_relaxed\"", \""atomic64_fetch_and_release\"", \""atomic64_fetch_andnot\"", \""atomic64_fetch_andnot_acquire\"", \""atomic64_fetch_andnot_relaxed\"", \""atomic64_fetch_andnot_release\"", \""atomic64_fetch_dec\"", \""atomic64_fetch_dec_acquire\"", \""atomic64_fetch_dec_relaxed\"", \""atomic64_fetch_dec_release\"", \""atomic64_fetch_inc\"", \""atomic64_fetch_inc_acquire\"", \""atomic64_fetch_inc_relaxed\"", \""atomic64_fetch_inc_release\"", \""atomic64_fetch_or\"", \""atomic64_fetch_or_acquire\"", \""atomic64_fetch_or_relaxed\"", \""atomic64_fetch_or_release\"", \""atomic64_fetch_sub\"", \""atomic64_fetch_sub_acquire\"", \""atomic64_fetch_sub_relaxed\"", \""atomic64_fetch_sub_release\"", \""atomic64_fetch_xor\"", \""atomic64_fetch_xor_acquire\"", \""atomic64_fetch_xor_relaxed\"", \""atomic64_fetch_xor_release\"", \""atomic64_inc\"", \""atomic64_inc_and_test\"", \""atomic64_inc_not_zero\"", \""atomic64_inc_return\"", \""atomic64_inc_return_acquire\"", \""atomic64_inc_return_relaxed\"", \""atomic64_inc_return_release\"", \""atomic64_inc_unless_negative\"", \""atomic64_or\"", \""atomic64_read\"", \""atomic64_read_acquire\"", \""atomic64_set\"", \""atomic64_set_release\"", \""atomic64_sub\"", \""atomic64_sub_and_test\"", \""atomic64_sub_return\"", \""atomic64_sub_return_acquire\"", \""atomic64_sub_return_relaxed\"", \""atomic64_sub_return_release\"", \""atomic64_try_cmpxchg\"", \""atomic64_try_cmpxchg_acquire\"", \""atomic64_try_cmpxchg_relaxed\"", \""atomic64_try_cmpxchg_release\"", \""atomic64_xchg\"", \""atomic64_xchg_acquire\"", \""atomic64_xchg_relaxed\"", \""atomic64_xchg_release\"", \""atomic64_xor\"", \""atomic_add\"", \""atomic_add_negative\"", \""atomic_add_negative_acquire\"", \""atomic_add_negative_relaxed\"", \""atomic_add_negative_release\"", \""atomic_add_return\"", \""atomic_add_return_acquire\"", \""atomic_add_return_relaxed\"", \""atomic_add_return_release\"", \""atomic_add_unless\"", \""atomic_and\"", \""atomic_andnot\"", \""atomic_cmpxchg\"", \""atomic_cmpxchg_acquire\"", \""atomic_cmpxchg_relaxed\"", \""atomic_cmpxchg_release\"", \""atomic_dec\"", \""atomic_dec_and_test\"", \""atomic_dec_if_positive\"", \""atomic_dec_return\"", \""atomic_dec_return_acquire\"", \""atomic_dec_return_relaxed\"", \""atomic_dec_return_release\"", \""atomic_dec_unless_positive\"", \""atomic_fetch_add\"", \""atomic_fetch_add_acquire\"", \""atomic_fetch_add_relaxed\"", \""atomic_fetch_add_release\"", \""atomic_fetch_add_unless\"", \""atomic_fetch_and\"", \""atomic_fetch_and_acquire\"", \""atomic_fetch_and_relaxed\"", \""atomic_fetch_and_release\"", \""atomic_fetch_andnot\"", \""atomic_fetch_andnot_acquire\"", \""atomic_fetch_andnot_relaxed\"", \""atomic_fetch_andnot_release\"", \""atomic_fetch_dec\"", \""atomic_fetch_dec_acquire\"", \""atomic_fetch_dec_relaxed\"", \""atomic_fetch_dec_release\"", \""atomic_fetch_inc\"", \""atomic_fetch_inc_acquire\"", \""atomic_fetch_inc_relaxed\"", \""atomic_fetch_inc_release\"", \""atomic_fetch_or\"", \""atomic_fetch_or_acquire\"", \""atomic_fetch_or_relaxed\"", \""atomic_fetch_or_release\"", \""atomic_fetch_sub\"", \""atomic_fetch_sub_acquire\"", \""atomic_fetch_sub_relaxed\"", \""atomic_fetch_sub_release\"", \""atomic_fetch_xor\"", \""atomic_fetch_xor_acquire\"", \""atomic_fetch_xor_relaxed\"", \""atomic_fetch_xor_release\"", \""atomic_inc\"", \""atomic_inc_and_test\"", \""atomic_inc_not_zero\"", \""atomic_inc_return\"", \""atomic_inc_return_acquire\"", \""atomic_inc_return_relaxed\"", \""atomic_inc_return_release\"", \""atomic_inc_unless_negative\"", \""atomic_or\"", \""atomic_read\"", \""atomic_read_acquire\"", \""atomic_set\"", \""atomic_set_release\"", \""atomic_sub\"", \""atomic_sub_and_test\"", \""atomic_sub_return\"", \""atomic_sub_return_acquire\"", \""atomic_sub_return_relaxed\"", \""atomic_sub_return_release\"", \""atomic_try_cmpxchg\"", \""atomic_try_cmpxchg_acquire\"", \""atomic_try_cmpxchg_relaxed\"", \""atomic_try_cmpxchg_release\"", \""atomic_xchg\"", \""atomic_xchg_acquire\"", \""atomic_xchg_relaxed\"", \""atomic_xchg_release\"", \""atomic_xor\""]"", ""oracle_type"": ""wrapper_fix"", ""subject"": ""rust: Introduce atomic API helpers""}]}, ""score"": -8.0, ""type"": ""SignatureDrift"", ""warning_id"": ""W-000012"", ""warning_uid"": ""43b77c22d4fd1ea10c3faa3915a857ca541834113b700012b324f1b679a5126c""}",,,,missing concrete evidence line
promoted_warnings-023,promoted_warnings,VM_SYNC,.binddrift/worktrees/v6.19/rust/kernel/mm/virt.rs,443,"{""c_evidence"": null, ""evidence_chain"": [{""line"": 443, ""nearby_api"": ""VmaNew::try_clear_mayexec"", ""rust_file"": "".binddrift/worktrees/v6.19/rust/kernel/mm/virt.rs"", ""text"": ""/// Huge TLB Page VM.""}], ""evidence_location"": {""file"": "".binddrift/worktrees/v6.19/rust/kernel/mm/virt.rs"", ""line"": ""443"", ""source"": ""evidence""}, ""pair_id"": ""latest-p018-v6.18-to-v6.19"", ""promotion_reasons"": [""direct_binding_use"", ""has_safety_comment""], ""rust_side"": {""exposure"": {""edge_count"": 3, ""edges"": [{""dst"": ""RustBindingConst:VM_SYNC"", ""edge_type"": ""GENERATED_FROM"", ""properties"": ""{}"", ""src"": ""CMacro:VM_SYNC"", ""version_id"": ""v6.19""}, {""dst"": ""RustSafetyComment:.binddrift/worktrees/v6.19/rust/kernel/mm/virt.rs:443"", ""edge_type"": ""HAS_SAFETY_COMMENT"", ""properties"": ""{}"", ""src"": ""RustBindingFunction:VM_SYNC"", ""version_id"": ""v6.19""}, {""dst"": ""RustUnsafeCall:.binddrift/worktrees/v6.19/rust/kernel/mm/virt.rs:447:VM_SYNC"", ""edge_type"": ""CALLS_BINDING"", ""properties"": ""{}"", ""src"": ""RustBindingFunction:VM_SYNC"", ""version_id"": ""v6.19""}]}, ""safety_comments"": [{""line"": 443, ""nearby_api"": ""VmaNew::try_clear_mayexec"", ""rust_file"": "".binddrift/worktrees/v6.19/rust/kernel/mm/virt.rs"", ""text"": ""/// Huge TLB Page VM.""}], ""uses"": [{""enclosing_function"": null, ""enclosing_impl"": null, ""enclosing_type"": null, ""enclosing_unsafe_block"": 0, ""line"": 447, ""rust_file"": "".binddrift/worktrees/v6.19/rust/kernel/mm/virt.rs""}]}, ""score"": 10.0, ""type"": ""MacroConstDrift"", ""warning_id"": ""W-000025"", ""warning_uid"": ""e51f428dfdc64b9b37d47e53eaa5a8f2c689753cfe2e244b05edc251d61d0287""}",,,,
promoted_warnings-024,promoted_warnings,atomic64_fetch_and,rust/helpers/atomic.c,,"{""c_evidence"": null, ""evidence_chain"": [{""changed_files"": ""[\""rust/helpers/atomic.c\"", \""rust/helpers/helpers.c\"", \""scripts/atomic/gen-atomics.sh\"", \""scripts/atomic/gen-rust-atomic-helpers.sh\""]"", ""commit_id"": ""fdd7c7e0d2ab3987882c570612d4622f437292c7"", ""date"": ""2025-09-04T21:41:28-07:00"", ""matched_symbols"": ""[\""atomic64_add\"", \""atomic64_add_negative\"", \""atomic64_add_negative_acquire\"", \""atomic64_add_negative_relaxed\"", \""atomic64_add_negative_release\"", \""atomic64_add_return\"", \""atomic64_add_return_acquire\"", \""atomic64_add_return_relaxed\"", \""atomic64_add_return_release\"", \""atomic64_add_unless\"", \""atomic64_and\"", \""atomic64_andnot\"", \""atomic64_cmpxchg\"", \""atomic64_cmpxchg_acquire\"", \""atomic64_cmpxchg_relaxed\"", \""atomic64_cmpxchg_release\"", \""atomic64_dec\"", \""atomic64_dec_and_test\"", \""atomic64_dec_if_positive\"", \""atomic64_dec_return\"", \""atomic64_dec_return_acquire\"", \""atomic64_dec_return_relaxed\"", \""atomic64_dec_return_release\"", \""atomic64_dec_unless_positive\"", \""atomic64_fetch_add\"", \""atomic64_fetch_add_acquire\"", \""atomic64_fetch_add_relaxed\"", \""atomic64_fetch_add_release\"", \""atomic64_fetch_add_unless\"", \""atomic64_fetch_and\"", \""atomic64_fetch_and_acquire\"", \""atomic64_fetch_and_relaxed\"", \""atomic64_fetch_and_release\"", \""atomic64_fetch_andnot\"", \""atomic64_fetch_andnot_acquire\"", \""atomic64_fetch_andnot_relaxed\"", \""atomic64_fetch_andnot_release\"", \""atomic64_fetch_dec\"", \""atomic64_fetch_dec_acquire\"", \""atomic64_fetch_dec_relaxed\"", \""atomic64_fetch_dec_release\"", \""atomic64_fetch_inc\"", \""atomic64_fetch_inc_acquire\"", \""atomic64_fetch_inc_relaxed\"", \""atomic64_fetch_inc_release\"", \""atomic64_fetch_or\"", \""atomic64_fetch_or_acquire\"", \""atomic64_fetch_or_relaxed\"", \""atomic64_fetch_or_release\"", \""atomic64_fetch_sub\"", \""atomic64_fetch_sub_acquire\"", \""atomic64_fetch_sub_relaxed\"", \""atomic64_fetch_sub_release\"", \""atomic64_fetch_xor\"", \""atomic64_fetch_xor_acquire\"", \""atomic64_fetch_xor_relaxed\"", \""atomic64_fetch_xor_release\"", \""atomic64_inc\"", \""atomic64_inc_and_test\"", \""atomic64_inc_not_zero\"", \""atomic64_inc_return\"", \""atomic64_inc_return_acquire\"", \""atomic64_inc_return_relaxed\"", \""atomic64_inc_return_release\"", \""atomic64_inc_unless_negative\"", \""atomic64_or\"", \""atomic64_read\"", \""atomic64_read_acquire\"", \""atomic64_set\"", \""atomic64_set_release\"", \""atomic64_sub\"", \""atomic64_sub_and_test\"", \""atomic64_sub_return\"", \""atomic64_sub_return_acquire\"", \""atomic64_sub_return_relaxed\"", \""atomic64_sub_return_release\"", \""atomic64_try_cmpxchg\"", \""atomic64_try_cmpxchg_acquire\"", \""atomic64_try_cmpxchg_relaxed\"", \""atomic64_try_cmpxchg_release\"", \""atomic64_xchg\"", \""atomic64_xchg_acquire\"", \""atomic64_xchg_relaxed\"", \""atomic64_xchg_release\"", \""atomic64_xor\"", \""atomic_add\"", \""atomic_add_negative\"", \""atomic_add_negative_acquire\"", \""atomic_add_negative_relaxed\"", \""atomic_add_negative_release\"", \""atomic_add_return\"", \""atomic_add_return_acquire\"", \""atomic_add_return_relaxed\"", \""atomic_add_return_release\"", \""atomic_add_unless\"", \""atomic_and\"", \""atomic_andnot\"", \""atomic_cmpxchg\"", \""atomic_cmpxchg_acquire\"", \""atomic_cmpxchg_relaxed\"", \""atomic_cmpxchg_release\"", \""atomic_dec\"", \""atomic_dec_and_test\"", \""atomic_dec_if_positive\"", \""atomic_dec_return\"", \""atomic_dec_return_acquire\"", \""atomic_dec_return_relaxed\"", \""atomic_dec_return_release\"", \""atomic_dec_unless_positive\"", \""atomic_fetch_add\"", \""atomic_fetch_add_acquire\"", \""atomic_fetch_add_relaxed\"", \""atomic_fetch_add_release\"", \""atomic_fetch_add_unless\"", \""atomic_fetch_and\"", \""atomic_fetch_and_acquire\"", \""atomic_fetch_and_relaxed\"", \""atomic_fetch_and_release\"", \""atomic_fetch_andnot\"", \""atomic_fetch_andnot_acquire\"", \""atomic_fetch_andnot_relaxed\"", \""atomic_fetch_andnot_release\"", \""atomic_fetch_dec\"", \""atomic_fetch_dec_acquire\"", \""atomic_fetch_dec_relaxed\"", \""atomic_fetch_dec_release\"", \""atomic_fetch_inc\"", \""atomic_fetch_inc_acquire\"", \""atomic_fetch_inc_relaxed\"", \""atomic_fetch_inc_release\"", \""atomic_fetch_or\"", \""atomic_fetch_or_acquire\"", \""atomic_fetch_or_relaxed\"", \""atomic_fetch_or_release\"", \""atomic_fetch_sub\"", \""atomic_fetch_sub_acquire\"", \""atomic_fetch_sub_relaxed\"", \""atomic_fetch_sub_release\"", \""atomic_fetch_xor\"", \""atomic_fetch_xor_acquire\"", \""atomic_fetch_xor_relaxed\"", \""atomic_fetch_xor_release\"", \""atomic_inc\"", \""atomic_inc_and_test\"", \""atomic_inc_not_zero\"", \""atomic_inc_return\"", \""atomic_inc_return_acquire\"", \""atomic_inc_return_relaxed\"", \""atomic_inc_return_release\"", \""atomic_inc_unless_negative\"", \""atomic_or\"", \""atomic_read\"", \""atomic_read_acquire\"", \""atomic_set\"", \""atomic_set_release\"", \""atomic_sub\"", \""atomic_sub_and_test\"", \""atomic_sub_return\"", \""atomic_sub_return_acquire\"", \""atomic_sub_return_relaxed\"", \""atomic_sub_return_release\"", \""atomic_try_cmpxchg\"", \""atomic_try_cmpxchg_acquire\"", \""atomic_try_cmpxchg_relaxed\"", \""atomic_try_cmpxchg_release\"", \""atomic_xchg\"", \""atomic_xchg_acquire\"", \""atomic_xchg_relaxed\"", \""atomic_xchg_release\"", \""atomic_xor\""]"", ""oracle_type"": ""wrapper_fix"", ""subject"": ""rust: Introduce atomic API helpers""}], ""evidence_location"": {""file"": ""rust/helpers/atomic.c"", ""line"": """", ""source"": ""changed_files""}, ""pair_id"": ""latest-p017-v6.17-to-v6.18"", ""promotion_reasons"": [""oracle_hit""], ""rust_side"": {""exposure"": {""edge_count"": 1, ""edges"": [{""dst"": ""RustBindingFunction:atomic64_fetch_and"", ""edge_type"": ""GENERATED_FROM"", ""properties"": ""{}"", ""src"": ""CFunction:atomic64_fetch_and"", ""version_id"": ""v6.18""}]}, ""oracle_hits"": [{""changed_files"": ""[\""rust/helpers/atomic.c\"", \""rust/helpers/helpers.c\"", \""scripts/atomic/gen-atomics.sh\"", \""scripts/atomic/gen-rust-atomic-helpers.sh\""]"", ""commit_id"": ""fdd7c7e0d2ab3987882c570612d4622f437292c7"", ""date"": ""2025-09-04T21:41:28-07:00"", ""matched_symbols"": ""[\""atomic64_add\"", \""atomic64_add_negative\"", \""atomic64_add_negative_acquire\"", \""atomic64_add_negative_relaxed\"", \""atomic64_add_negative_release\"", \""atomic64_add_return\"", \""atomic64_add_return_acquire\"", \""atomic64_add_return_relaxed\"", \""atomic64_add_return_release\"", \""atomic64_add_unless\"", \""atomic64_and\"", \""atomic64_andnot\"", \""atomic64_cmpxchg\"", \""atomic64_cmpxchg_acquire\"", \""atomic64_cmpxchg_relaxed\"", \""atomic64_cmpxchg_release\"", \""atomic64_dec\"", \""atomic64_dec_and_test\"", \""atomic64_dec_if_positive\"", \""atomic64_dec_return\"", \""atomic64_dec_return_acquire\"", \""atomic64_dec_return_relaxed\"", \""atomic64_dec_return_release\"", \""atomic64_dec_unless_positive\"", \""atomic64_fetch_add\"", \""atomic64_fetch_add_acquire\"", \""atomic64_fetch_add_relaxed\"", \""atomic64_fetch_add_release\"", \""atomic64_fetch_add_unless\"", \""atomic64_fetch_and\"", \""atomic64_fetch_and_acquire\"", \""atomic64_fetch_and_relaxed\"", \""atomic64_fetch_and_release\"", \""atomic64_fetch_andnot\"", \""atomic64_fetch_andnot_acquire\"", \""atomic64_fetch_andnot_relaxed\"", \""atomic64_fetch_andnot_release\"", \""atomic64_fetch_dec\"", \""atomic64_fetch_dec_acquire\"", \""atomic64_fetch_dec_relaxed\"", \""atomic64_fetch_dec_release\"", \""atomic64_fetch_inc\"", \""atomic64_fetch_inc_acquire\"", \""atomic64_fetch_inc_relaxed\"", \""atomic64_fetch_inc_release\"", \""atomic64_fetch_or\"", \""atomic64_fetch_or_acquire\"", \""atomic64_fetch_or_relaxed\"", \""atomic64_fetch_or_release\"", \""atomic64_fetch_sub\"", \""atomic64_fetch_sub_acquire\"", \""atomic64_fetch_sub_relaxed\"", \""atomic64_fetch_sub_release\"", \""atomic64_fetch_xor\"", \""atomic64_fetch_xor_acquire\"", \""atomic64_fetch_xor_relaxed\"", \""atomic64_fetch_xor_release\"", \""atomic64_inc\"", \""atomic64_inc_and_test\"", \""atomic64_inc_not_zero\"", \""atomic64_inc_return\"", \""atomic64_inc_return_acquire\"", \""atomic64_inc_return_relaxed\"", \""atomic64_inc_return_release\"", \""atomic64_inc_unless_negative\"", \""atomic64_or\"", \""atomic64_read\"", \""atomic64_read_acquire\"", \""atomic64_set\"", \""atomic64_set_release\"", \""atomic64_sub\"", \""atomic64_sub_and_test\"", \""atomic64_sub_return\"", \""atomic64_sub_return_acquire\"", \""atomic64_sub_return_relaxed\"", \""atomic64_sub_return_release\"", \""atomic64_try_cmpxchg\"", \""atomic64_try_cmpxchg_acquire\"", \""atomic64_try_cmpxchg_relaxed\"", \""atomic64_try_cmpxchg_release\"", \""atomic64_xchg\"", \""atomic64_xchg_acquire\"", \""atomic64_xchg_relaxed\"", \""atomic64_xchg_release\"", \""atomic64_xor\"", \""atomic_add\"", \""atomic_add_negative\"", \""atomic_add_negative_acquire\"", \""atomic_add_negative_relaxed\"", \""atomic_add_negative_release\"", \""atomic_add_return\"", \""atomic_add_return_acquire\"", \""atomic_add_return_relaxed\"", \""atomic_add_return_release\"", \""atomic_add_unless\"", \""atomic_and\"", \""atomic_andnot\"", \""atomic_cmpxchg\"", \""atomic_cmpxchg_acquire\"", \""atomic_cmpxchg_relaxed\"", \""atomic_cmpxchg_release\"", \""atomic_dec\"", \""atomic_dec_and_test\"", \""atomic_dec_if_positive\"", \""atomic_dec_return\"", \""atomic_dec_return_acquire\"", \""atomic_dec_return_relaxed\"", \""atomic_dec_return_release\"", \""atomic_dec_unless_positive\"", \""atomic_fetch_add\"", \""atomic_fetch_add_acquire\"", \""atomic_fetch_add_relaxed\"", \""atomic_fetch_add_release\"", \""atomic_fetch_add_unless\"", \""atomic_fetch_and\"", \""atomic_fetch_and_acquire\"", \""atomic_fetch_and_relaxed\"", \""atomic_fetch_and_release\"", \""atomic_fetch_andnot\"", \""atomic_fetch_andnot_acquire\"", \""atomic_fetch_andnot_relaxed\"", \""atomic_fetch_andnot_release\"", \""atomic_fetch_dec\"", \""atomic_fetch_dec_acquire\"", \""atomic_fetch_dec_relaxed\"", \""atomic_fetch_dec_release\"", \""atomic_fetch_inc\"", \""atomic_fetch_inc_acquire\"", \""atomic_fetch_inc_relaxed\"", \""atomic_fetch_inc_release\"", \""atomic_fetch_or\"", \""atomic_fetch_or_acquire\"", \""atomic_fetch_or_relaxed\"", \""atomic_fetch_or_release\"", \""atomic_fetch_sub\"", \""atomic_fetch_sub_acquire\"", \""atomic_fetch_sub_relaxed\"", \""atomic_fetch_sub_release\"", \""atomic_fetch_xor\"", \""atomic_fetch_xor_acquire\"", \""atomic_fetch_xor_relaxed\"", \""atomic_fetch_xor_release\"", \""atomic_inc\"", \""atomic_inc_and_test\"", \""atomic_inc_not_zero\"", \""atomic_inc_return\"", \""atomic_inc_return_acquire\"", \""atomic_inc_return_relaxed\"", \""atomic_inc_return_release\"", \""atomic_inc_unless_negative\"", \""atomic_or\"", \""atomic_read\"", \""atomic_read_acquire\"", \""atomic_set\"", \""atomic_set_release\"", \""atomic_sub\"", \""atomic_sub_and_test\"", \""atomic_sub_return\"", \""atomic_sub_return_acquire\"", \""atomic_sub_return_relaxed\"", \""atomic_sub_return_release\"", \""atomic_try_cmpxchg\"", \""atomic_try_cmpxchg_acquire\"", \""atomic_try_cmpxchg_relaxed\"", \""atomic_try_cmpxchg_release\"", \""atomic_xchg\"", \""atomic_xchg_acquire\"", \""atomic_xchg_relaxed\"", \""atomic_xchg_release\"", \""atomic_xor\""]"", ""oracle_type"": ""wrapper_fix"", ""subject"": ""rust: Introduce atomic API helpers""}]}, ""score"": -8.0, ""type"": ""SignatureDrift"", ""warning_id"": ""W-000032"", ""warning_uid"": ""1f29ba94291925b1e7db45b558205f9007d44a5f1d078d7d7fb55d242dd2aa60""}",,,,missing concrete evidence line
promoted_warnings-025,promoted_warnings,refcount_inc,.binddrift/worktrees/v6.3/rust/kernel/sync/arc.rs,235,"{""c_evidence"": null, ""evidence_chain"": [{""line"": 235, ""nearby_api"": ""Arc<T>::as_arc_borrow"", ""rust_file"": "".binddrift/worktrees/v6.3/rust/kernel/sync/arc.rs"", ""text"": ""// SAFETY: By the type invariant, there is necessarily a reference to the object, so it is""}, {""line"": 239, ""nearby_api"": ""Arc<T>::as_arc_borrow"", ""rust_file"": "".binddrift/worktrees/v6.3/rust/kernel/sync/arc.rs"", ""text"": ""// SAFETY: We just incremented the refcount. This increment is now owned by the new `Arc`.""}, {""changed_files"": ""[\""rust/helpers/refcount.c\"", \""rust/kernel/sync.rs\"", \""rust/kernel/sync/refcount.rs\""]"", ""commit_id"": ""bb38f35b35f9de0cebc4d62ea73482454e38cef3"", ""date"": ""2025-09-04T21:41:37-07:00"", ""matched_symbols"": ""[\""REFCOUNT_INIT\"", \""refcount_dec\"", \""refcount_dec_and_test\"", \""refcount_inc\"", \""refcount_set\"", \""refcount_t\""]"", ""oracle_type"": ""wrapper_fix"", ""subject"": ""rust: implement `kernel::sync::Refcount`""}, {""changed_files"": ""[\""rust/kernel/sync/arc.rs\""]"", ""commit_id"": ""076acb647c1f448177d8b3b0e4f33de959713d7d"", ""date"": ""2025-09-04T21:41:39-07:00"", ""matched_symbols"": ""[\""REFCOUNT_INIT\"", \""refcount_dec_and_test\"", \""refcount_inc\"", \""refcount_t\""]"", ""oracle_type"": ""wrapper_fix"", ""subject"": ""rust: convert `Arc` to use `Refcount`""}, {""changed_files"": ""[\""rust/helpers/refcount.c\""]"", ""commit_id"": ""9ba1aaf25ab7dadb910348b6857865e87b4c5689"", ""date"": ""2026-01-05T12:42:30+00:00"", ""matched_symbols"": ""[\""REFCOUNT_INIT\"", \""refcount_dec\"", \""refcount_dec_and_test\"", \""refcount_inc\"", \""refcount_set\""]"", ""oracle_type"": ""wrapper_fix"", ""subject"": ""rust: refcount: Add __rust_helper to helpers""}], ""evidence_location"": {""file"": "".binddrift/worktrees/v6.3/rust/kernel/sync/arc.rs"", ""line"": ""235"", ""source"": ""evidence""}, ""pair_id"": ""latest-p002-v6.2-to-v6.3"", ""promotion_reasons"": [""direct_binding_use"", ""has_safety_comment"", ""oracle_hit""], ""rust_side"": {""exposure"": {""edge_count"": 5, ""edges"": [{""dst"": ""CBehaviorIndicator:refcount_inc:REFCOUNT_GET:.binddrift/worktrees/v6.3/include/linux/refcount.h:267"", ""edge_type"": ""HAS_C_INDICATOR"", ""properties"": ""{}"", ""src"": ""CFunction:refcount_inc"", ""version_id"": ""v6.3""}, {""dst"": ""RustBindingFunction:refcount_inc"", ""edge_type"": ""GENERATED_FROM"", ""properties"": ""{}"", ""src"": ""CFunction:refcount_inc"", ""version_id"": ""v6.3""}, {""dst"": ""RustSafetyComment:.binddrift/worktrees/v6.3/rust/kernel/sync/arc.rs:235"", ""edge_type"": ""HAS_SAFETY_COMMENT"", ""properties"": ""{}"", ""src"": ""RustBindingFunction:refcount_inc"", ""version_id"": ""v6.3""}, {""dst"": ""RustSafetyComment:.binddrift/worktrees/v6.3/rust/kernel/sync/arc.rs:239"", ""edge_type"": ""HAS_SAFETY_COMMENT"", ""properties"": ""{}"", ""src"": ""RustBindingFunction:refcount_inc"", ""version_id"": ""v6.3""}, {""dst"": ""RustUnsafeCall:.binddrift/worktrees/v6.3/rust/kernel/sync/arc.rs:237:refcount_inc"", ""edge_type"": ""CALLS_BINDING"", ""properties"": ""{}"", ""src"": ""RustBindingFunction:refcount_inc"", ""version_id"": ""v6.3""}]}, ""oracle_hits"": [{""changed_files"": ""[\""rust/helpers/refcount.c\"", \""rust/kernel/sync.rs\"", \""rust/kernel/sync/refcount.rs\""]"", ""commit_id"": ""bb38f35b35f9de0cebc4d62ea73482454e38cef3"", ""date"": ""2025-09-04T21:41:37-07:00"", ""matched_symbols"": ""[\""REFCOUNT_INIT\"", \""refcount_dec\"", \""refcount_dec_and_test\"", \""refcount_inc\"", \""refcount_set\"", \""refcount_t\""]"", ""oracle_type"": ""wrapper_fix"", ""subject"": ""rust: implement `kernel::sync::Refcount`""}, {""changed_files"": ""[\""rust/kernel/sync/arc.rs\""]"", ""commit_id"": ""076acb647c1f448177d8b3b0e4f33de959713d7d"", ""date"": ""2025-09-04T21:41:39-07:00"", ""matched_symbols"": ""[\""REFCOUNT_INIT\"", \""refcount_dec_and_test\"", \""refcount_inc\"", \""refcount_t\""]"", ""oracle_type"": ""wrapper_fix"", ""subject"": ""rust: convert `Arc` to use `Refcount`""}, {""changed_files"": ""[\""rust/helpers/refcount.c\""]"", ""commit_id"": ""9ba1aaf25ab7dadb910348b6857865e87b4c5689"", ""date"": ""2026-01-05T12:42:30+00:00"", ""matched_symbols"": ""[\""REFCOUNT_INIT\"", \""refcount_dec\"", \""refcount_dec_and_test\"", \""refcount_inc\"", \""refcount_set\""]"", ""oracle_type"": ""wrapper_fix"", ""subject"": ""rust: refcount: Add __rust_helper to helpers""}], ""safety_comments"": [{""line"": 235, ""nearby_api"": ""Arc<T>::as_arc_borrow"", ""rust_file"": "".binddrift/worktrees/v6.3/rust/kernel/sync/arc.rs"", ""text"": ""// SAFETY: By the type invariant, there is necessarily a reference to the object, so it is""}, {""line"": 239, ""nearby_api"": ""Arc<T>::as_arc_borrow"", ""rust_file"": "".binddrift/worktrees/v6.3/rust/kernel/sync/arc.rs"", ""text"": ""// SAFETY: We just incremented the refcount. This increment is now owned by the new `Arc`.""}], ""uses"": [{""enclosing_function"": ""clone"", ""enclosing_impl"": ""Arc<T>"", ""enclosing_type"": ""Arc<T>"", ""enclosing_unsafe_block"": 1, ""line"": 237, ""rust_file"": "".binddrift/worktrees/v6.3/rust/kernel/sync/arc.rs""}], ""weak_lifetime_facts"": [{""evidence_text"": ""clone"", ""fact_type"": ""LIFETIME_NAMING_PATTERN"", ""line"": 237, ""rust_file"": "".binddrift/worktrees/v6.3/rust/kernel/sync/arc.rs"", ""rust_type"": ""Arc<T>"", ""weak"": true}]}, ""score"": 3.0, ""type"": ""SignatureDrift"", ""warning_id"": ""W-000003"", ""warning_uid"": ""245a9fa4c37d85bac85d5ac5375b3cc0ed4b091e9611d29dbf08beec8f3258d2""}",,,,
promoted_warnings-026,promoted_warnings,atomic64_sub_return_relaxed,rust/helpers/atomic.c,,"{""c_evidence"": null, ""evidence_chain"": [{""changed_files"": ""[\""rust/helpers/atomic.c\"", \""rust/helpers/helpers.c\"", \""scripts/atomic/gen-atomics.sh\"", \""scripts/atomic/gen-rust-atomic-helpers.sh\""]"", ""commit_id"": ""fdd7c7e0d2ab3987882c570612d4622f437292c7"", ""date"": ""2025-09-04T21:41:28-07:00"", ""matched_symbols"": ""[\""atomic64_add\"", \""atomic64_add_negative\"", \""atomic64_add_negative_acquire\"", \""atomic64_add_negative_relaxed\"", \""atomic64_add_negative_release\"", \""atomic64_add_return\"", \""atomic64_add_return_acquire\"", \""atomic64_add_return_relaxed\"", \""atomic64_add_return_release\"", \""atomic64_add_unless\"", \""atomic64_and\"", \""atomic64_andnot\"", \""atomic64_cmpxchg\"", \""atomic64_cmpxchg_acquire\"", \""atomic64_cmpxchg_relaxed\"", \""atomic64_cmpxchg_release\"", \""atomic64_dec\"", \""atomic64_dec_and_test\"", \""atomic64_dec_if_positive\"", \""atomic64_dec_return\"", \""atomic64_dec_return_acquire\"", \""atomic64_dec_return_relaxed\"", \""atomic64_dec_return_release\"", \""atomic64_dec_unless_positive\"", \""atomic64_fetch_add\"", \""atomic64_fetch_add_acquire\"", \""atomic64_fetch_add_relaxed\"", \""atomic64_fetch_add_release\"", \""atomic64_fetch_add_unless\"", \""atomic64_fetch_and\"", \""atomic64_fetch_and_acquire\"", \""atomic64_fetch_and_relaxed\"", \""atomic64_fetch_and_release\"", \""atomic64_fetch_andnot\"", \""atomic64_fetch_andnot_acquire\"", \""atomic64_fetch_andnot_relaxed\"", \""atomic64_fetch_andnot_release\"", \""atomic64_fetch_dec\"", \""atomic64_fetch_dec_acquire\"", \""atomic64_fetch_dec_relaxed\"", \""atomic64_fetch_dec_release\"", \""atomic64_fetch_inc\"", \""atomic64_fetch_inc_acquire\"", \""atomic64_fetch_inc_relaxed\"", \""atomic64_fetch_inc_release\"", \""atomic64_fetch_or\"", \""atomic64_fetch_or_acquire\"", \""atomic64_fetch_or_relaxed\"", \""atomic64_fetch_or_release\"", \""atomic64_fetch_sub\"", \""atomic64_fetch_sub_acquire\"", \""atomic64_fetch_sub_relaxed\"", \""atomic64_fetch_sub_release\"", \""atomic64_fetch_xor\"", \""atomic64_fetch_xor_acquire\"", \""atomic64_fetch_xor_relaxed\"", \""atomic64_fetch_xor_release\"", \""atomic64_inc\"", \""atomic64_inc_and_test\"", \""atomic64_inc_not_zero\"", \""atomic64_inc_return\"", \""atomic64_inc_return_acquire\"", \""atomic64_inc_return_relaxed\"", \""atomic64_inc_return_release\"", \""atomic64_inc_unless_negative\"", \""atomic64_or\"", \""atomic64_read\"", \""atomic64_read_acquire\"", \""atomic64_set\"", \""atomic64_set_release\"", \""atomic64_sub\"", \""atomic64_sub_and_test\"", \""atomic64_sub_return\"", \""atomic64_sub_return_acquire\"", \""atomic64_sub_return_relaxed\"", \""atomic64_sub_return_release\"", \""atomic64_try_cmpxchg\"", \""atomic64_try_cmpxchg_acquire\"", \""atomic64_try_cmpxchg_relaxed\"", \""atomic64_try_cmpxchg_release\"", \""atomic64_xchg\"", \""atomic64_xchg_acquire\"", \""atomic64_xchg_relaxed\"", \""atomic64_xchg_release\"", \""atomic64_xor\"", \""atomic_add\"", \""atomic_add_negative\"", \""atomic_add_negative_acquire\"", \""atomic_add_negative_relaxed\"", \""atomic_add_negative_release\"", \""atomic_add_return\"", \""atomic_add_return_acquire\"", \""atomic_add_return_relaxed\"", \""atomic_add_return_release\"", \""atomic_add_unless\"", \""atomic_and\"", \""atomic_andnot\"", \""atomic_cmpxchg\"", \""atomic_cmpxchg_acquire\"", \""atomic_cmpxchg_relaxed\"", \""atomic_cmpxchg_release\"", \""atomic_dec\"", \""atomic_dec_and_test\"", \""atomic_dec_if_positive\"", \""atomic_dec_return\"", \""atomic_dec_return_acquire\"", \""atomic_dec_return_relaxed\"", \""atomic_dec_return_release\"", \""atomic_dec_unless_positive\"", \""atomic_fetch_add\"", \""atomic_fetch_add_acquire\"", \""atomic_fetch_add_relaxed\"", \""atomic_fetch_add_release\"", \""atomic_fetch_add_unless\"", \""atomic_fetch_and\"", \""atomic_fetch_and_acquire\"", \""atomic_fetch_and_relaxed\"", \""atomic_fetch_and_release\"", \""atomic_fetch_andnot\"", \""atomic_fetch_andnot_acquire\"", \""atomic_fetch_andnot_relaxed\"", \""atomic_fetch_andnot_release\"", \""atomic_fetch_dec\"", \""atomic_fetch_dec_acquire\"", \""atomic_fetch_dec_relaxed\"", \""atomic_fetch_dec_release\"", \""atomic_fetch_inc\"", \""atomic_fetch_inc_acquire\"", \""atomic_fetch_inc_relaxed\"", \""atomic_fetch_inc_release\"", \""atomic_fetch_or\"", \""atomic_fetch_or_acquire\"", \""atomic_fetch_or_relaxed\"", \""atomic_fetch_or_release\"", \""atomic_fetch_sub\"", \""atomic_fetch_sub_acquire\"", \""atomic_fetch_sub_relaxed\"", \""atomic_fetch_sub_release\"", \""atomic_fetch_xor\"", \""atomic_fetch_xor_acquire\"", \""atomic_fetch_xor_relaxed\"", \""atomic_fetch_xor_release\"", \""atomic_inc\"", \""atomic_inc_and_test\"", \""atomic_inc_not_zero\"", \""atomic_inc_return\"", \""atomic_inc_return_acquire\"", \""atomic_inc_return_relaxed\"", \""atomic_inc_return_release\"", \""atomic_inc_unless_negative\"", \""atomic_or\"", \""atomic_read\"", \""atomic_read_acquire\"", \""atomic_set\"", \""atomic_set_release\"", \""atomic_sub\"", \""atomic_sub_and_test\"", \""atomic_sub_return\"", \""atomic_sub_return_acquire\"", \""atomic_sub_return_relaxed\"", \""atomic_sub_return_release\"", \""atomic_try_cmpxchg\"", \""atomic_try_cmpxchg_acquire\"", \""atomic_try_cmpxchg_relaxed\"", \""atomic_try_cmpxchg_release\"", \""atomic_xchg\"", \""atomic_xchg_acquire\"", \""atomic_xchg_relaxed\"", \""atomic_xchg_release\"", \""atomic_xor\""]"", ""oracle_type"": ""wrapper_fix"", ""subject"": ""rust: Introduce atomic API helpers""}], ""evidence_location"": {""file"": ""rust/helpers/atomic.c"", ""line"": """", ""source"": ""changed_files""}, ""pair_id"": ""latest-p017-v6.17-to-v6.18"", ""promotion_reasons"": [""oracle_hit""], ""rust_side"": {""exposure"": {""edge_count"": 1, ""edges"": [{""dst"": ""RustBindingFunction:atomic64_sub_return_relaxed"", ""edge_type"": ""GENERATED_FROM"", ""properties"": ""{}"", ""src"": ""CFunction:atomic64_sub_return_relaxed"", ""version_id"": ""v6.18""}]}, ""oracle_hits"": [{""changed_files"": ""[\""rust/helpers/atomic.c\"", \""rust/helpers/helpers.c\"", \""scripts/atomic/gen-atomics.sh\"", \""scripts/atomic/gen-rust-atomic-helpers.sh\""]"", ""commit_id"": ""fdd7c7e0d2ab3987882c570612d4622f437292c7"", ""date"": ""2025-09-04T21:41:28-07:00"", ""matched_symbols"": ""[\""atomic64_add\"", \""atomic64_add_negative\"", \""atomic64_add_negative_acquire\"", \""atomic64_add_negative_relaxed\"", \""atomic64_add_negative_release\"", \""atomic64_add_return\"", \""atomic64_add_return_acquire\"", \""atomic64_add_return_relaxed\"", \""atomic64_add_return_release\"", \""atomic64_add_unless\"", \""atomic64_and\"", \""atomic64_andnot\"", \""atomic64_cmpxchg\"", \""atomic64_cmpxchg_acquire\"", \""atomic64_cmpxchg_relaxed\"", \""atomic64_cmpxchg_release\"", \""atomic64_dec\"", \""atomic64_dec_and_test\"", \""atomic64_dec_if_positive\"", \""atomic64_dec_return\"", \""atomic64_dec_return_acquire\"", \""atomic64_dec_return_relaxed\"", \""atomic64_dec_return_release\"", \""atomic64_dec_unless_positive\"", \""atomic64_fetch_add\"", \""atomic64_fetch_add_acquire\"", \""atomic64_fetch_add_relaxed\"", \""atomic64_fetch_add_release\"", \""atomic64_fetch_add_unless\"", \""atomic64_fetch_and\"", \""atomic64_fetch_and_acquire\"", \""atomic64_fetch_and_relaxed\"", \""atomic64_fetch_and_release\"", \""atomic64_fetch_andnot\"", \""atomic64_fetch_andnot_acquire\"", \""atomic64_fetch_andnot_relaxed\"", \""atomic64_fetch_andnot_release\"", \""atomic64_fetch_dec\"", \""atomic64_fetch_dec_acquire\"", \""atomic64_fetch_dec_relaxed\"", \""atomic64_fetch_dec_release\"", \""atomic64_fetch_inc\"", \""atomic64_fetch_inc_acquire\"", \""atomic64_fetch_inc_relaxed\"", \""atomic64_fetch_inc_release\"", \""atomic64_fetch_or\"", \""atomic64_fetch_or_acquire\"", \""atomic64_fetch_or_relaxed\"", \""atomic64_fetch_or_release\"", \""atomic64_fetch_sub\"", \""atomic64_fetch_sub_acquire\"", \""atomic64_fetch_sub_relaxed\"", \""atomic64_fetch_sub_release\"", \""atomic64_fetch_xor\"", \""atomic64_fetch_xor_acquire\"", \""atomic64_fetch_xor_relaxed\"", \""atomic64_fetch_xor_release\"", \""atomic64_inc\"", \""atomic64_inc_and_test\"", \""atomic64_inc_not_zero\"", \""atomic64_inc_return\"", \""atomic64_inc_return_acquire\"", \""atomic64_inc_return_relaxed\"", \""atomic64_inc_return_release\"", \""atomic64_inc_unless_negative\"", \""atomic64_or\"", \""atomic64_read\"", \""atomic64_read_acquire\"", \""atomic64_set\"", \""atomic64_set_release\"", \""atomic64_sub\"", \""atomic64_sub_and_test\"", \""atomic64_sub_return\"", \""atomic64_sub_return_acquire\"", \""atomic64_sub_return_relaxed\"", \""atomic64_sub_return_release\"", \""atomic64_try_cmpxchg\"", \""atomic64_try_cmpxchg_acquire\"", \""atomic64_try_cmpxchg_relaxed\"", \""atomic64_try_cmpxchg_release\"", \""atomic64_xchg\"", \""atomic64_xchg_acquire\"", \""atomic64_xchg_relaxed\"", \""atomic64_xchg_release\"", \""atomic64_xor\"", \""atomic_add\"", \""atomic_add_negative\"", \""atomic_add_negative_acquire\"", \""atomic_add_negative_relaxed\"", \""atomic_add_negative_release\"", \""atomic_add_return\"", \""atomic_add_return_acquire\"", \""atomic_add_return_relaxed\"", \""atomic_add_return_release\"", \""atomic_add_unless\"", \""atomic_and\"", \""atomic_andnot\"", \""atomic_cmpxchg\"", \""atomic_cmpxchg_acquire\"", \""atomic_cmpxchg_relaxed\"", \""atomic_cmpxchg_release\"", \""atomic_dec\"", \""atomic_dec_and_test\"", \""atomic_dec_if_positive\"", \""atomic_dec_return\"", \""atomic_dec_return_acquire\"", \""atomic_dec_return_relaxed\"", \""atomic_dec_return_release\"", \""atomic_dec_unless_positive\"", \""atomic_fetch_add\"", \""atomic_fetch_add_acquire\"", \""atomic_fetch_add_relaxed\"", \""atomic_fetch_add_release\"", \""atomic_fetch_add_unless\"", \""atomic_fetch_and\"", \""atomic_fetch_and_acquire\"", \""atomic_fetch_and_relaxed\"", \""atomic_fetch_and_release\"", \""atomic_fetch_andnot\"", \""atomic_fetch_andnot_acquire\"", \""atomic_fetch_andnot_relaxed\"", \""atomic_fetch_andnot_release\"", \""atomic_fetch_dec\"", \""atomic_fetch_dec_acquire\"", \""atomic_fetch_dec_relaxed\"", \""atomic_fetch_dec_release\"", \""atomic_fetch_inc\"", \""atomic_fetch_inc_acquire\"", \""atomic_fetch_inc_relaxed\"", \""atomic_fetch_inc_release\"", \""atomic_fetch_or\"", \""atomic_fetch_or_acquire\"", \""atomic_fetch_or_relaxed\"", \""atomic_fetch_or_release\"", \""atomic_fetch_sub\"", \""atomic_fetch_sub_acquire\"", \""atomic_fetch_sub_relaxed\"", \""atomic_fetch_sub_release\"", \""atomic_fetch_xor\"", \""atomic_fetch_xor_acquire\"", \""atomic_fetch_xor_relaxed\"", \""atomic_fetch_xor_release\"", \""atomic_inc\"", \""atomic_inc_and_test\"", \""atomic_inc_not_zero\"", \""atomic_inc_return\"", \""atomic_inc_return_acquire\"", \""atomic_inc_return_relaxed\"", \""atomic_inc_return_release\"", \""atomic_inc_unless_negative\"", \""atomic_or\"", \""atomic_read\"", \""atomic_read_acquire\"", \""atomic_set\"", \""atomic_set_release\"", \""atomic_sub\"", \""atomic_sub_and_test\"", \""atomic_sub_return\"", \""atomic_sub_return_acquire\"", \""atomic_sub_return_relaxed\"", \""atomic_sub_return_release\"", \""atomic_try_cmpxchg\"", \""atomic_try_cmpxchg_acquire\"", \""atomic_try_cmpxchg_relaxed\"", \""atomic_try_cmpxchg_release\"", \""atomic_xchg\"", \""atomic_xchg_acquire\"", \""atomic_xchg_relaxed\"", \""atomic_xchg_release\"", \""atomic_xor\""]"", ""oracle_type"": ""wrapper_fix"", ""subject"": ""rust: Introduce atomic API helpers""}]}, ""score"": -8.0, ""type"": ""SignatureDrift"", ""warning_id"": ""W-000077"", ""warning_uid"": ""49f273c00dd435f6c4bbbd3a5dd6d4d3ae7d9fbcc0bd77209b2993f403fee1cd""}",,,,missing concrete evidence line
promoted_warnings-027,promoted_warnings,atomic64_or,rust/helpers/atomic.c,,"{""c_evidence"": null, ""evidence_chain"": [{""changed_files"": ""[\""rust/helpers/atomic.c\"", \""rust/helpers/helpers.c\"", \""scripts/atomic/gen-atomics.sh\"", \""scripts/atomic/gen-rust-atomic-helpers.sh\""]"", ""commit_id"": ""fdd7c7e0d2ab3987882c570612d4622f437292c7"", ""date"": ""2025-09-04T21:41:28-07:00"", ""matched_symbols"": ""[\""atomic64_add\"", \""atomic64_add_negative\"", \""atomic64_add_negative_acquire\"", \""atomic64_add_negative_relaxed\"", \""atomic64_add_negative_release\"", \""atomic64_add_return\"", \""atomic64_add_return_acquire\"", \""atomic64_add_return_relaxed\"", \""atomic64_add_return_release\"", \""atomic64_add_unless\"", \""atomic64_and\"", \""atomic64_andnot\"", \""atomic64_cmpxchg\"", \""atomic64_cmpxchg_acquire\"", \""atomic64_cmpxchg_relaxed\"", \""atomic64_cmpxchg_release\"", \""atomic64_dec\"", \""atomic64_dec_and_test\"", \""atomic64_dec_if_positive\"", \""atomic64_dec_return\"", \""atomic64_dec_return_acquire\"", \""atomic64_dec_return_relaxed\"", \""atomic64_dec_return_release\"", \""atomic64_dec_unless_positive\"", \""atomic64_fetch_add\"", \""atomic64_fetch_add_acquire\"", \""atomic64_fetch_add_relaxed\"", \""atomic64_fetch_add_release\"", \""atomic64_fetch_add_unless\"", \""atomic64_fetch_and\"", \""atomic64_fetch_and_acquire\"", \""atomic64_fetch_and_relaxed\"", \""atomic64_fetch_and_release\"", \""atomic64_fetch_andnot\"", \""atomic64_fetch_andnot_acquire\"", \""atomic64_fetch_andnot_relaxed\"", \""atomic64_fetch_andnot_release\"", \""atomic64_fetch_dec\"", \""atomic64_fetch_dec_acquire\"", \""atomic64_fetch_dec_relaxed\"", \""atomic64_fetch_dec_release\"", \""atomic64_fetch_inc\"", \""atomic64_fetch_inc_acquire\"", \""atomic64_fetch_inc_relaxed\"", \""atomic64_fetch_inc_release\"", \""atomic64_fetch_or\"", \""atomic64_fetch_or_acquire\"", \""atomic64_fetch_or_relaxed\"", \""atomic64_fetch_or_release\"", \""atomic64_fetch_sub\"", \""atomic64_fetch_sub_acquire\"", \""atomic64_fetch_sub_relaxed\"", \""atomic64_fetch_sub_release\"", \""atomic64_fetch_xor\"", \""atomic64_fetch_xor_acquire\"", \""atomic64_fetch_xor_relaxed\"", \""atomic64_fetch_xor_release\"", \""atomic64_inc\"", \""atomic64_inc_and_test\"", \""atomic64_inc_not_zero\"", \""atomic64_inc_return\"", \""atomic64_inc_return_acquire\"", \""atomic64_inc_return_relaxed\"", \""atomic64_inc_return_release\"", \""atomic64_inc_unless_negative\"", \""atomic64_or\"", \""atomic64_read\"", \""atomic64_read_acquire\"", \""atomic64_set\"", \""atomic64_set_release\"", \""atomic64_sub\"", \""atomic64_sub_and_test\"", \""atomic64_sub_return\"", \""atomic64_sub_return_acquire\"", \""atomic64_sub_return_relaxed\"", \""atomic64_sub_return_release\"", \""atomic64_try_cmpxchg\"", \""atomic64_try_cmpxchg_acquire\"", \""atomic64_try_cmpxchg_relaxed\"", \""atomic64_try_cmpxchg_release\"", \""atomic64_xchg\"", \""atomic64_xchg_acquire\"", \""atomic64_xchg_relaxed\"", \""atomic64_xchg_release\"", \""atomic64_xor\"", \""atomic_add\"", \""atomic_add_negative\"", \""atomic_add_negative_acquire\"", \""atomic_add_negative_relaxed\"", \""atomic_add_negative_release\"", \""atomic_add_return\"", \""atomic_add_return_acquire\"", \""atomic_add_return_relaxed\"", \""atomic_add_return_release\"", \""atomic_add_unless\"", \""atomic_and\"", \""atomic_andnot\"", \""atomic_cmpxchg\"", \""atomic_cmpxchg_acquire\"", \""atomic_cmpxchg_relaxed\"", \""atomic_cmpxchg_release\"", \""atomic_dec\"", \""atomic_dec_and_test\"", \""atomic_dec_if_positive\"", \""atomic_dec_return\"", \""atomic_dec_return_acquire\"", \""atomic_dec_return_relaxed\"", \""atomic_dec_return_release\"", \""atomic_dec_unless_positive\"", \""atomic_fetch_add\"", \""atomic_fetch_add_acquire\"", \""atomic_fetch_add_relaxed\"", \""atomic_fetch_add_release\"", \""atomic_fetch_add_unless\"", \""atomic_fetch_and\"", \""atomic_fetch_and_acquire\"", \""atomic_fetch_and_relaxed\"", \""atomic_fetch_and_release\"", \""atomic_fetch_andnot\"", \""atomic_fetch_andnot_acquire\"", \""atomic_fetch_andnot_relaxed\"", \""atomic_fetch_andnot_release\"", \""atomic_fetch_dec\"", \""atomic_fetch_dec_acquire\"", \""atomic_fetch_dec_relaxed\"", \""atomic_fetch_dec_release\"", \""atomic_fetch_inc\"", \""atomic_fetch_inc_acquire\"", \""atomic_fetch_inc_relaxed\"", \""atomic_fetch_inc_release\"", \""atomic_fetch_or\"", \""atomic_fetch_or_acquire\"", \""atomic_fetch_or_relaxed\"", \""atomic_fetch_or_release\"", \""atomic_fetch_sub\"", \""atomic_fetch_sub_acquire\"", \""atomic_fetch_sub_relaxed\"", \""atomic_fetch_sub_release\"", \""atomic_fetch_xor\"", \""atomic_fetch_xor_acquire\"", \""atomic_fetch_xor_relaxed\"", \""atomic_fetch_xor_release\"", \""atomic_inc\"", \""atomic_inc_and_test\"", \""atomic_inc_not_zero\"", \""atomic_inc_return\"", \""atomic_inc_return_acquire\"", \""atomic_inc_return_relaxed\"", \""atomic_inc_return_release\"", \""atomic_inc_unless_negative\"", \""atomic_or\"", \""atomic_read\"", \""atomic_read_acquire\"", \""atomic_set\"", \""atomic_set_release\"", \""atomic_sub\"", \""atomic_sub_and_test\"", \""atomic_sub_return\"", \""atomic_sub_return_acquire\"", \""atomic_sub_return_relaxed\"", \""atomic_sub_return_release\"", \""atomic_try_cmpxchg\"", \""atomic_try_cmpxchg_acquire\"", \""atomic_try_cmpxchg_relaxed\"", \""atomic_try_cmpxchg_release\"", \""atomic_xchg\"", \""atomic_xchg_acquire\"", \""atomic_xchg_relaxed\"", \""atomic_xchg_release\"", \""atomic_xor\""]"", ""oracle_type"": ""wrapper_fix"", ""subject"": ""rust: Introduce atomic API helpers""}], ""evidence_location"": {""file"": ""rust/helpers/atomic.c"", ""line"": """", ""source"": ""changed_files""}, ""pair_id"": ""latest-p017-v6.17-to-v6.18"", ""promotion_reasons"": [""oracle_hit""], ""rust_side"": {""exposure"": {""edge_count"": 1, ""edges"": [{""dst"": ""RustBindingFunction:atomic64_or"", ""edge_type"": ""GENERATED_FROM"", ""properties"": ""{}"", ""src"": ""CFunction:atomic64_or"", ""version_id"": ""v6.18""}]}, ""oracle_hits"": [{""changed_files"": ""[\""rust/helpers/atomic.c\"", \""rust/helpers/helpers.c\"", \""scripts/atomic/gen-atomics.sh\"", \""scripts/atomic/gen-rust-atomic-helpers.sh\""]"", ""commit_id"": ""fdd7c7e0d2ab3987882c570612d4622f437292c7"", ""date"": ""2025-09-04T21:41:28-07:00"", ""matched_symbols"": ""[\""atomic64_add\"", \""atomic64_add_negative\"", \""atomic64_add_negative_acquire\"", \""atomic64_add_negative_relaxed\"", \""atomic64_add_negative_release\"", \""atomic64_add_return\"", \""atomic64_add_return_acquire\"", \""atomic64_add_return_relaxed\"", \""atomic64_add_return_release\"", \""atomic64_add_unless\"", \""atomic64_and\"", \""atomic64_andnot\"", \""atomic64_cmpxchg\"", \""atomic64_cmpxchg_acquire\"", \""atomic64_cmpxchg_relaxed\"", \""atomic64_cmpxchg_release\"", \""atomic64_dec\"", \""atomic64_dec_and_test\"", \""atomic64_dec_if_positive\"", \""atomic64_dec_return\"", \""atomic64_dec_return_acquire\"", \""atomic64_dec_return_relaxed\"", \""atomic64_dec_return_release\"", \""atomic64_dec_unless_positive\"", \""atomic64_fetch_add\"", \""atomic64_fetch_add_acquire\"", \""atomic64_fetch_add_relaxed\"", \""atomic64_fetch_add_release\"", \""atomic64_fetch_add_unless\"", \""atomic64_fetch_and\"", \""atomic64_fetch_and_acquire\"", \""atomic64_fetch_and_relaxed\"", \""atomic64_fetch_and_release\"", \""atomic64_fetch_andnot\"", \""atomic64_fetch_andnot_acquire\"", \""atomic64_fetch_andnot_relaxed\"", \""atomic64_fetch_andnot_release\"", \""atomic64_fetch_dec\"", \""atomic64_fetch_dec_acquire\"", \""atomic64_fetch_dec_relaxed\"", \""atomic64_fetch_dec_release\"", \""atomic64_fetch_inc\"", \""atomic64_fetch_inc_acquire\"", \""atomic64_fetch_inc_relaxed\"", \""atomic64_fetch_inc_release\"", \""atomic64_fetch_or\"", \""atomic64_fetch_or_acquire\"", \""atomic64_fetch_or_relaxed\"", \""atomic64_fetch_or_release\"", \""atomic64_fetch_sub\"", \""atomic64_fetch_sub_acquire\"", \""atomic64_fetch_sub_relaxed\"", \""atomic64_fetch_sub_release\"", \""atomic64_fetch_xor\"", \""atomic64_fetch_xor_acquire\"", \""atomic64_fetch_xor_relaxed\"", \""atomic64_fetch_xor_release\"", \""atomic64_inc\"", \""atomic64_inc_and_test\"", \""atomic64_inc_not_zero\"", \""atomic64_inc_return\"", \""atomic64_inc_return_acquire\"", \""atomic64_inc_return_relaxed\"", \""atomic64_inc_return_release\"", \""atomic64_inc_unless_negative\"", \""atomic64_or\"", \""atomic64_read\"", \""atomic64_read_acquire\"", \""atomic64_set\"", \""atomic64_set_release\"", \""atomic64_sub\"", \""atomic64_sub_and_test\"", \""atomic64_sub_return\"", \""atomic64_sub_return_acquire\"", \""atomic64_sub_return_relaxed\"", \""atomic64_sub_return_release\"", \""atomic64_try_cmpxchg\"", \""atomic64_try_cmpxchg_acquire\"", \""atomic64_try_cmpxchg_relaxed\"", \""atomic64_try_cmpxchg_release\"", \""atomic64_xchg\"", \""atomic64_xchg_acquire\"", \""atomic64_xchg_relaxed\"", \""atomic64_xchg_release\"", \""atomic64_xor\"", \""atomic_add\"", \""atomic_add_negative\"", \""atomic_add_negative_acquire\"", \""atomic_add_negative_relaxed\"", \""atomic_add_negative_release\"", \""atomic_add_return\"", \""atomic_add_return_acquire\"", \""atomic_add_return_relaxed\"", \""atomic_add_return_release\"", \""atomic_add_unless\"", \""atomic_and\"", \""atomic_andnot\"", \""atomic_cmpxchg\"", \""atomic_cmpxchg_acquire\"", \""atomic_cmpxchg_relaxed\"", \""atomic_cmpxchg_release\"", \""atomic_dec\"", \""atomic_dec_and_test\"", \""atomic_dec_if_positive\"", \""atomic_dec_return\"", \""atomic_dec_return_acquire\"", \""atomic_dec_return_relaxed\"", \""atomic_dec_return_release\"", \""atomic_dec_unless_positive\"", \""atomic_fetch_add\"", \""atomic_fetch_add_acquire\"", \""atomic_fetch_add_relaxed\"", \""atomic_fetch_add_release\"", \""atomic_fetch_add_unless\"", \""atomic_fetch_and\"", \""atomic_fetch_and_acquire\"", \""atomic_fetch_and_relaxed\"", \""atomic_fetch_and_release\"", \""atomic_fetch_andnot\"", \""atomic_fetch_andnot_acquire\"", \""atomic_fetch_andnot_relaxed\"", \""atomic_fetch_andnot_release\"", \""atomic_fetch_dec\"", \""atomic_fetch_dec_acquire\"", \""atomic_fetch_dec_relaxed\"", \""atomic_fetch_dec_release\"", \""atomic_fetch_inc\"", \""atomic_fetch_inc_acquire\"", \""atomic_fetch_inc_relaxed\"", \""atomic_fetch_inc_release\"", \""atomic_fetch_or\"", \""atomic_fetch_or_acquire\"", \""atomic_fetch_or_relaxed\"", \""atomic_fetch_or_release\"", \""atomic_fetch_sub\"", \""atomic_fetch_sub_acquire\"", \""atomic_fetch_sub_relaxed\"", \""atomic_fetch_sub_release\"", \""atomic_fetch_xor\"", \""atomic_fetch_xor_acquire\"", \""atomic_fetch_xor_relaxed\"", \""atomic_fetch_xor_release\"", \""atomic_inc\"", \""atomic_inc_and_test\"", \""atomic_inc_not_zero\"", \""atomic_inc_return\"", \""atomic_inc_return_acquire\"", \""atomic_inc_return_relaxed\"", \""atomic_inc_return_release\"", \""atomic_inc_unless_negative\"", \""atomic_or\"", \""atomic_read\"", \""atomic_read_acquire\"", \""atomic_set\"", \""atomic_set_release\"", \""atomic_sub\"", \""atomic_sub_and_test\"", \""atomic_sub_return\"", \""atomic_sub_return_acquire\"", \""atomic_sub_return_relaxed\"", \""atomic_sub_return_release\"", \""atomic_try_cmpxchg\"", \""atomic_try_cmpxchg_acquire\"", \""atomic_try_cmpxchg_relaxed\"", \""atomic_try_cmpxchg_release\"", \""atomic_xchg\"", \""atomic_xchg_acquire\"", \""atomic_xchg_relaxed\"", \""atomic_xchg_release\"", \""atomic_xor\""]"", ""oracle_type"": ""wrapper_fix"", ""subject"": ""rust: Introduce atomic API helpers""}]}, ""score"": -8.0, ""type"": ""SignatureDrift"", ""warning_id"": ""W-000068"", ""warning_uid"": ""18e8ac3295791512e605f73e9d87d76f16a7f10f67990dd70e3ed5a11331dadd""}",,,,missing concrete evidence line
promoted_warnings-028,promoted_warnings,pci_enable_device_mem,.binddrift/worktrees/v6.14/rust/kernel/pci.rs,382,"{""c_evidence"": null, ""evidence_chain"": [{""line"": 382, ""nearby_api"": ""Device::device_id"", ""rust_file"": "".binddrift/worktrees/v6.14/rust/kernel/pci.rs"", ""text"": ""/// Enable memory resources for this device.""}, {""line"": 384, ""nearby_api"": ""Device::enable_device_mem"", ""rust_file"": "".binddrift/worktrees/v6.14/rust/kernel/pci.rs"", ""text"": ""// SAFETY: `self.as_raw` is guaranteed to be a pointer to a valid `struct pci_dev`.""}, {""line"": 383, ""mapping_type"": ""RESULT_RETURN"", ""nearby_api"": ""Device::enable_device_mem"", ""rust_file"": "".binddrift/worktrees/v6.14/rust/kernel/pci.rs"", ""text"": ""pub fn enable_device_mem(&self) -> Result {""}, {""changed_files"": ""[\""rust/kernel/pci.rs\"", \""samples/rust/rust_driver_pci.rs\""]"", ""commit_id"": ""7b948a2af6b5d64a25c14da8f63d8084ea527cd9"", ""date"": ""2025-03-14T17:09:06+01:00"", ""matched_symbols"": ""[\""device\"", \""pci_dev\"", \""pci_dev_get\"", \""pci_dev_put\"", \""pci_enable_device_mem\"", \""pci_set_master\""]"", ""oracle_type"": ""wrapper_fix"", ""subject"": ""rust: pci: fix unrestricted &mut pci::Device""}], ""evidence_location"": {""file"": "".binddrift/worktrees/v6.14/rust/kernel/pci.rs"", ""line"": ""382"", ""source"": ""evidence""}, ""pair_id"": ""latest-p013-v6.13-to-v6.14"", ""promotion_reasons"": [""direct_binding_use"", ""exposes_safe_api"", ""has_safety_comment"", ""has_error_mapping"", ""oracle_hit""], ""rust_side"": {""error_mappings"": [{""line"": 383, ""mapping_type"": ""RESULT_RETURN"", ""nearby_api"": ""Device::enable_device_mem"", ""rust_file"": "".binddrift/worktrees/v6.14/rust/kernel/pci.rs"", ""text"": ""pub fn enable_device_mem(&self) -> Result {""}], ""exposure"": {""edge_count"": 5, ""edges"": [{""dst"": ""RustBindingFunction:pci_enable_device_mem"", ""edge_type"": ""GENERATED_FROM"", ""properties"": ""{}"", ""src"": ""CFunction:pci_enable_device_mem"", ""version_id"": ""v6.14""}, {""dst"": ""RustErrorMapping:.binddrift/worktrees/v6.14/rust/kernel/pci.rs:383:RESULT_RETURN"", ""edge_type"": ""HAS_ERROR_MAPPING"", ""properties"": ""{}"", ""src"": ""RustBindingFunction:pci_enable_device_mem"", ""version_id"": ""v6.14""}, {""dst"": ""RustSafetyComment:.binddrift/worktrees/v6.14/rust/kernel/pci.rs:382"", ""edge_type"": ""HAS_SAFETY_COMMENT"", ""properties"": ""{}"", ""src"": ""RustBindingFunction:pci_enable_device_mem"", ""version_id"": ""v6.14""}, {""dst"": ""RustSafetyComment:.binddrift/worktrees/v6.14/rust/kernel/pci.rs:384"", ""edge_type"": ""HAS_SAFETY_COMMENT"", ""properties"": ""{}"", ""src"": ""RustBindingFunction:pci_enable_device_mem"", ""version_id"": ""v6.14""}, {""dst"": ""RustUnsafeCall:.binddrift/worktrees/v6.14/rust/kernel/pci.rs:385:pci_enable_device_mem"", ""edge_type"": ""CALLS_BINDING"", ""properties"": ""{}"", ""src"": ""RustBindingFunction:pci_enable_device_mem"", ""version_id"": ""v6.14""}]}, ""oracle_hits"": [{""changed_files"": ""[\""rust/kernel/pci.rs\"", \""samples/rust/rust_driver_pci.rs\""]"", ""commit_id"": ""7b948a2af6b5d64a25c14da8f63d8084ea527cd9"", ""date"": ""2025-03-14T17:09:06+01:00"", ""matched_symbols"": ""[\""device\"", \""pci_dev\"", \""pci_dev_get\"", \""pci_dev_put\"", \""pci_enable_device_mem\"", \""pci_set_master\""]"", ""oracle_type"": ""wrapper_fix"", ""subject"": ""rust: pci: fix unrestricted &mut pci::Device""}], ""safe_apis"": [{""api_name"": ""Device::enable_device_mem"", ""line"": 383, ""params"": ""\""&self\"""", ""receiver_type"": ""Device"", ""return_type"": ""Result"", ""rust_file"": "".binddrift/worktrees/v6.14/rust/kernel/pci.rs"", ""uses_bindings"": ""[\""pci_enable_device_mem\""]"", ""visibility"": ""pub""}], ""safety_comments"": [{""line"": 382, ""nearby_api"": ""Device::device_id"", ""rust_file"": "".binddrift/worktrees/v6.14/rust/kernel/pci.rs"", ""text"": ""/// Enable memory resources for this device.""}, {""line"": 384, ""nearby_api"": ""Device::enable_device_mem"", ""rust_file"": "".binddrift/worktrees/v6.14/rust/kernel/pci.rs"", ""text"": ""// SAFETY: `self.as_raw` is guaranteed to be a pointer to a valid `struct pci_dev`.""}], ""uses"": [{""enclosing_function"": ""Device::enable_device_mem"", ""enclosing_impl"": ""Device"", ""enclosing_type"": ""Device"", ""enclosing_unsafe_block"": 1, ""line"": 385, ""rust_file"": "".binddrift/worktrees/v6.14/rust/kernel/pci.rs""}]}, ""score"": 10.0, ""type"": ""SignatureDrift"", ""warning_id"": ""W-000008"", ""warning_uid"": ""ceec60364681244ca5b696b5e694638302c96fdf2b65b32ac43ecff8c29ae0ab""}",,,,
promoted_warnings-029,promoted_warnings,put_task_struct,.binddrift/worktrees/v6.4/rust/kernel/task.rs,152,"{""c_evidence"": null, ""evidence_chain"": [{""line"": 152, ""nearby_api"": ""Task::wake_up"", ""rust_file"": "".binddrift/worktrees/v6.4/rust/kernel/task.rs"", ""text"": ""// SAFETY: The safety requirements guarantee that the refcount is nonzero.""}, {""evidence_text"": ""unsafe { bindings::put_task_struct(obj.cast().as_ptr()) }"", ""fact_type"": ""AS_PTR"", ""line"": 153, ""rust_file"": "".binddrift/worktrees/v6.4/rust/kernel/task.rs"", ""rust_type"": null, ""uses_bindings"": ""[\""put_task_struct\""]""}, {""changed_files"": ""[\""rust/bindings/bindings_helper.h\"", \""rust/helpers/task.c\"", \""rust/kernel/cred.rs\"", \""rust/kernel/task.rs\""]"", ""commit_id"": ""8ad1a41f7e23287f07a3516c700bc32501d4f104"", ""date"": ""2024-09-15T14:31:33+00:00"", ""matched_symbols"": ""[\""current_euid\"", \""current_user_ns\"", \""from_kuid\"", \""kuid_t\"", \""put_task_struct\"", \""task_euid\"", \""task_tgid_nr_ns\"", \""task_uid\"", \""uid_eq\"", \""uid_t\""]"", ""oracle_type"": ""wrapper_fix"", ""subject"": ""rust: file: add `Kuid` wrapper""}], ""evidence_location"": {""file"": "".binddrift/worktrees/v6.4/rust/kernel/task.rs"", ""line"": ""152"", ""source"": ""evidence""}, ""pair_id"": ""latest-p003-v6.3-to-v6.4"", ""promotion_reasons"": [""direct_binding_use"", ""has_safety_comment"", ""has_lifetime_fact"", ""oracle_hit""], ""rust_side"": {""exposure"": {""edge_count"": 4, ""edges"": [{""dst"": ""RustBindingFunction:put_task_struct"", ""edge_type"": ""GENERATED_FROM"", ""properties"": ""{}"", ""src"": ""CFunction:put_task_struct"", ""version_id"": ""v6.4""}, {""dst"": ""RustLifetimeFact:.binddrift/worktrees/v6.4/rust/kernel/task.rs:153:AS_PTR"", ""edge_type"": ""AFFECTS_LIFETIME"", ""properties"": ""{}"", ""src"": ""RustBindingFunction:put_task_struct"", ""version_id"": ""v6.4""}, {""dst"": ""RustSafetyComment:.binddrift/worktrees/v6.4/rust/kernel/task.rs:152"", ""edge_type"": ""HAS_SAFETY_COMMENT"", ""properties"": ""{}"", ""src"": ""RustBindingFunction:put_task_struct"", ""version_id"": ""v6.4""}, {""dst"": ""RustUnsafeCall:.binddrift/worktrees/v6.4/rust/kernel/task.rs:153:put_task_struct"", ""edge_type"": ""CALLS_BINDING"", ""properties"": ""{}"", ""src"": ""RustBindingFunction:put_task_struct"", ""version_id"": ""v6.4""}]}, ""lifetime_facts"": [{""evidence_text"": ""unsafe { bindings::put_task_struct(obj.cast().as_ptr()) }"", ""fact_type"": ""AS_PTR"", ""line"": 153, ""rust_file"": "".binddrift/worktrees/v6.4/rust/kernel/task.rs"", ""rust_type"": null, ""uses_bindings"": ""[\""put_task_struct\""]""}], ""oracle_hits"": [{""changed_files"": ""[\""rust/bindings/bindings_helper.h\"", \""rust/helpers/task.c\"", \""rust/kernel/cred.rs\"", \""rust/kernel/task.rs\""]"", ""commit_id"": ""8ad1a41f7e23287f07a3516c700bc32501d4f104"", ""date"": ""2024-09-15T14:31:33+00:00"", ""matched_symbols"": ""[\""current_euid\"", \""current_user_ns\"", \""from_kuid\"", \""kuid_t\"", \""put_task_struct\"", \""task_euid\"", \""task_tgid_nr_ns\"", \""task_uid\"", \""uid_eq\"", \""uid_t\""]"", ""oracle_type"": ""wrapper_fix"", ""subject"": ""rust: file: add `Kuid` wrapper""}], ""safety_comments"": [{""line"": 152, ""nearby_api"": ""Task::wake_up"", ""rust_file"": "".binddrift/worktrees/v6.4/rust/kernel/task.rs"", ""text"": ""// SAFETY: The safety requirements guarantee that the refcount is nonzero.""}], ""uses"": [{""enclosing_function"": ""dec_ref"", ""enclosing_impl"": null, ""enclosing_type"": null, ""enclosing_unsafe_block"": 1, ""line"": 153, ""rust_file"": "".binddrift/worktrees/v6.4/rust/kernel/task.rs""}]}, ""score"": 6.0, ""type"": ""SignatureDrift"", ""warning_id"": ""W-000004"", ""warning_uid"": ""645685a5c968de23773c34ab2cd333aa890e9e4e353eb5a2e3e8a0fc653fdaef""}",,,,
promoted_warnings-030,promoted_warnings,device,.binddrift/worktrees/v6.12/rust/kernel/device.rs,36,"{""c_evidence"": null, ""evidence_chain"": [{""line"": 36, ""nearby_api"": null, ""rust_file"": "".binddrift/worktrees/v6.12/rust/kernel/device.rs"", ""text"": ""/// that the allocation remains valid at least until the matching call to `put_device`.""}, {""line"": 37, ""nearby_api"": null, ""rust_file"": "".binddrift/worktrees/v6.12/rust/kernel/device.rs"", ""text"": ""///""}, {""line"": 38, ""nearby_api"": null, ""rust_file"": "".binddrift/worktrees/v6.12/rust/kernel/device.rs"", ""text"": ""/// `bindings::device::release` is valid to be called from any thread, hence `ARef<Device>` can be""}, {""line"": 39, ""nearby_api"": null, ""rust_file"": "".binddrift/worktrees/v6.12/rust/kernel/device.rs"", ""text"": ""/// dropped from any thread.""}, {""line"": 44, ""nearby_api"": null, ""rust_file"": "".binddrift/worktrees/v6.12/rust/kernel/device.rs"", ""text"": ""/// Creates a new reference-counted abstraction instance of an existing `struct device` pointer.""}, {""line"": 45, ""nearby_api"": null, ""rust_file"": "".binddrift/worktrees/v6.12/rust/kernel/device.rs"", ""text"": ""///""}, {""line"": 46, ""nearby_api"": null, ""rust_file"": "".binddrift/worktrees/v6.12/rust/kernel/device.rs"", ""text"": ""/// # Safety""}, {""line"": 49, ""nearby_api"": null, ""rust_file"": "".binddrift/worktrees/v6.12/rust/kernel/device.rs"", ""text"": ""/// i.e. it must be ensured that the reference count of the C `struct device` `ptr` points to""}, {""line"": 50, ""nearby_api"": null, ""rust_file"": "".binddrift/worktrees/v6.12/rust/kernel/device.rs"", ""text"": ""/// can't drop to zero, for the duration of this function call.""}, {""line"": 51, ""nearby_api"": null, ""rust_file"": "".binddrift/worktrees/v6.12/rust/kernel/device.rs"", ""text"": ""///""}, {""line"": 52, ""nearby_api"": null, ""rust_file"": "".binddrift/worktrees/v6.12/rust/kernel/device.rs"", ""text"": ""/// It must also be ensured that `bindings::device::release` can be called from any thread.""}, {""line"": 53, ""nearby_api"": null, ""rust_file"": "".binddrift/worktrees/v6.12/rust/kernel/device.rs"", ""text"": ""/// While not officially documented, this should be the case for any `struct device`.""}, {""line"": 55, ""nearby_api"": ""Device::get_device"", ""rust_file"": "".binddrift/worktrees/v6.12/rust/kernel/device.rs"", ""text"": ""// SAFETY: By the safety requirements ptr is valid""}, {""line"": 59, ""nearby_api"": ""Device::get_device"", ""rust_file"": "".binddrift/worktrees/v6.12/rust/kernel/device.rs"", ""text"": ""/// Obtain the raw `struct device *`.""}, {""line"": 64, ""nearby_api"": ""Device::as_raw"", ""rust_file"": "".binddrift/worktrees/v6.12/rust/kernel/device.rs"", ""text"": ""/// Convert a raw C `struct device` pointer to a `&'a Device`.""}, {""line"": 65, ""nearby_api"": ""Device::as_raw"", ""rust_file"": "".binddrift/worktrees/v6.12/rust/kernel/device.rs"", ""text"": ""///""}, {""line"": 67, ""nearby_api"": ""Device::as_raw"", ""rust_file"": "".binddrift/worktrees/v6.12/rust/kernel/device.rs"", ""text"": ""///""}, {""line"": 68, ""nearby_api"": ""Device::as_raw"", ""rust_file"": "".binddrift/worktrees/v6.12/rust/kernel/device.rs"", ""text"": ""/// Callers must ensure that `ptr` is valid, non-null, and has a non-zero reference count,""}, {""line"": 69, ""nearby_api"": ""Device::as_raw"", ""rust_file"": "".binddrift/worktrees/v6.12/rust/kernel/device.rs"", ""text"": ""/// i.e. it must be ensured that the reference count of the C `struct device` `ptr` points to""}, {""line"": 70, ""nearby_api"": ""Device::as_raw"", ""rust_file"": "".binddrift/worktrees/v6.12/rust/kernel/device.rs"", ""text"": ""/// can't drop to zero, for the duration of this function call and the entire duration when the""}, {""evidence_text"": ""/// `bindings::device::release` is valid to be called from any thread, hence `ARef<Device>` can be"", ""fact_type"": ""AREF"", ""line"": 38, ""rust_file"": "".binddrift/worktrees/v6.12/rust/kernel/device.rs"", ""rust_type"": null, ""uses_bindings"": ""[\""device\""]""}, {""evidence_text"": ""pub struct Device(Opaque<bindings::device>);"", ""fact_type"": ""OPAQUE"", ""line"": 41, ""rust_file"": "".binddrift/worktrees/v6.12/rust/kernel/device.rs"", ""rust_type"": null, ""uses_bindings"": ""[\""device\""]""}, {""evidence_text"": ""pub unsafe fn get_device(ptr: *mut bindings::device) -> ARef<Self> {"", ""fact_type"": ""AREF"", ""line"": 54, ""rust_file"": "".binddrift/worktrees/v6.12/rust/kernel/device.rs"", ""rust_type"": ""Device"", ""uses_bindings"": ""[\""device\""]""}, {""changed_files"": ""[\""rust/kernel/firmware.rs\""]"", ""commit_id"": ""a23b018c3bf646274f02edd46bf448c20c826d94"", ""date"": ""2024-07-08T22:07:21+02:00"", ""matched_symbols"": ""[\""device\"", \""firmware\"", \""firmware_request_nowarn\"", \""firmware_request_platform\"", \""request_firmware\"", \""request_firmware_direct\""]"", ""oracle_type"": ""wrapper_fix"", ""subject"": ""firmware_loader: fix soundness issue in `request_internal`""}, {""changed_files"": ""[\""rust/kernel/pci.rs\"", \""samples/rust/rust_driver_pci.rs\""]"", ""commit_id"": ""7b948a2af6b5d64a25c14da8f63d8084ea527cd9"", ""date"": ""2025-03-14T17:09:06+01:00"", ""matched_symbols"": ""[\""device\"", \""pci_dev\"", \""pci_dev_get\"", \""pci_dev_put\"", \""pci_enable_device_mem\"", \""pci_set_master\""]"", ""oracle_type"": ""wrapper_fix"", ""subject"": ""rust: pci: fix unrestricted &mut pci::Device""}, {""changed_files"": ""[\""rust/kernel/platform.rs\"", \""samples/rust/rust_driver_platform.rs\""]"", ""commit_id"": ""4d320e30ee04c25c660eca2bb33e846ebb71a79a"", ""date"": ""2025-03-14T17:09:07+01:00"", ""matched_symbols"": ""[\""device\"", \""get_device\"", \""platform_device\"", \""platform_device_put\""]"", ""oracle_type"": ""wrapper_fix"", ""subject"": ""rust: platform: fix unrestricted &mut platform::Device""}, {""changed_files"": ""[\""rust/kernel/auxiliary.rs\"", \""rust/kernel/device.rs\""]"", ""commit_id"": ""cfec502b3d091ff7c24df6ccf8079470584315a0"", ""date"": ""2025-10-16T15:31:44+02:00"", ""matched_symbols"": ""[\""device\""]"", ""oracle_type"": ""wrapper_fix"", ""subject"": ""rust: device: fix device context of Device::parent()""}], ""evidence_location"": {""file"": "".binddrift/worktrees/v6.12/rust/kernel/device.rs"", ""line"": ""36"", ""source"": ""evidence""}, ""pair_id"": ""latest-p011-v6.11-to-v6.12"", ""promotion_reasons"": [""exposes_safe_api"", ""has_safety_comment"", ""has_lifetime_fact"", ""oracle_hit""], ""rust_side"": {""exposure"": {""edge_count"": 42, ""edges"": [{""dst"": ""RustBindingStruct:device"", ""edge_type"": ""GENERATED_FROM"", ""properties"": ""{}"", ""src"": ""CStruct:device"", ""version_id"": ""v6.12""}, {""dst"": ""RustLifetimeFact:.binddrift/worktrees/v6.12/rust/kernel/device.rs:38:AREF"", ""edge_type"": ""AFFECTS_LIFETIME"", ""properties"": ""{}"", ""src"": ""RustBindingFunction:device"", ""version_id"": ""v6.12""}, {""dst"": ""RustLifetimeFact:.binddrift/worktrees/v6.12/rust/kernel/device.rs:41:OPAQUE"", ""edge_type"": ""AFFECTS_LIFETIME"", ""properties"": ""{}"", ""src"": ""RustBindingFunction:device"", ""version_id"": ""v6.12""}, {""dst"": ""RustLifetimeFact:.binddrift/worktrees/v6.12/rust/kernel/device.rs:54:AREF"", ""edge_type"": ""AFFECTS_LIFETIME"", ""properties"": ""{}"", ""src"": ""RustBindingFunction:device"", ""version_id"": ""v6.12""}, {""dst"": ""RustSafetyComment:.binddrift/worktrees/v6.12/rust/kernel/device.rs:33"", ""edge_type"": ""HAS_SAFETY_COMMENT"", ""properties"": ""{}"", ""src"": ""RustBindingFunction:device"", ""version_id"": ""v6.12""}, {""dst"": ""RustSafetyComment:.binddrift/worktrees/v6.12/rust/kernel/device.rs:34"", ""edge_type"": ""HAS_SAFETY_COMMENT"", ""properties"": ""{}"", ""src"": ""RustBindingFunction:device"", ""version_id"": ""v6.12""}, {""dst"": ""RustSafetyComment:.binddrift/worktrees/v6.12/rust/kernel/device.rs:35"", ""edge_type"": ""HAS_SAFETY_COMMENT"", ""properties"": ""{}"", ""src"": ""RustBindingFunction:device"", ""version_id"": ""v6.12""}, {""dst"": ""RustSafetyComment:.binddrift/worktrees/v6.12/rust/kernel/device.rs:36"", ""edge_type"": ""HAS_SAFETY_COMMENT"", ""properties"": ""{}"", ""src"": ""RustBindingFunction:device"", ""version_id"": ""v6.12""}, {""dst"": ""RustSafetyComment:.binddrift/worktrees/v6.12/rust/kernel/device.rs:37"", ""edge_type"": ""HAS_SAFETY_COMMENT"", ""properties"": ""{}"", ""src"": ""RustBindingFunction:device"", ""version_id"": ""v6.12""}, {""dst"": ""RustSafetyComment:.binddrift/worktrees/v6.12/rust/kernel/device.rs:38"", ""edge_type"": ""HAS_SAFETY_COMMENT"", ""properties"": ""{}"", ""src"": ""RustBindingFunction:device"", ""version_id"": ""v6.12""}]}, ""lifetime_facts"": [{""evidence_text"": ""/// `bindings::device::release` is valid to be called from any thread, hence `ARef<Device>` can be"", ""fact_type"": ""AREF"", ""line"": 38, ""rust_file"": "".binddrift/worktrees/v6.12/rust/kernel/device.rs"", ""rust_type"": null, ""uses_bindings"": ""[\""device\""]""}, {""evidence_text"": ""pub struct Device(Opaque<bindings::device>);"", ""fact_type"": ""OPAQUE"", ""line"": 41, ""rust_file"": "".binddrift/worktrees/v6.12/rust/kernel/device.rs"", ""rust_type"": null, ""uses_bindings"": ""[\""device\""]""}, {""evidence_text"": ""pub unsafe fn get_device(ptr: *mut bindings::device) -> ARef<Self> {"", ""fact_type"": ""AREF"", ""line"": 54, ""rust_file"": "".binddrift/worktrees/v6.12/rust/kernel/device.rs"", ""rust_type"": ""Device"", ""uses_bindings"": ""[\""device\""]""}], ""oracle_hits"": [{""changed_files"": ""[\""rust/kernel/firmware.rs\""]"", ""commit_id"": ""a23b018c3bf646274f02edd46bf448c20c826d94"", ""date"": ""2024-07-08T22:07:21+02:00"", ""matched_symbols"": ""[\""device\"", \""firmware\"", \""firmware_request_nowarn\"", \""firmware_request_platform\"", \""request_firmware\"", \""request_firmware_direct\""]"", ""oracle_type"": ""wrapper_fix"", ""subject"": ""firmware_loader: fix soundness issue in `request_internal`""}, {""changed_files"": ""[\""rust/kernel/pci.rs\"", \""samples/rust/rust_driver_pci.rs\""]"", ""commit_id"": ""7b948a2af6b5d64a25c14da8f63d8084ea527cd9"", ""date"": ""2025-03-14T17:09:06+01:00"", ""matched_symbols"": ""[\""device\"", \""pci_dev\"", \""pci_dev_get\"", \""pci_dev_put\"", \""pci_enable_device_mem\"", \""pci_set_master\""]"", ""oracle_type"": ""wrapper_fix"", ""subject"": ""rust: pci: fix unrestricted &mut pci::Device""}, {""changed_files"": ""[\""rust/kernel/platform.rs\"", \""samples/rust/rust_driver_platform.rs\""]"", ""commit_id"": ""4d320e30ee04c25c660eca2bb33e846ebb71a79a"", ""date"": ""2025-03-14T17:09:07+01:00"", ""matched_symbols"": ""[\""device\"", \""get_device\"", \""platform_device\"", \""platform_device_put\""]"", ""oracle_type"": ""wrapper_fix"", ""subject"": ""rust: platform: fix unrestricted &mut platform::Device""}, {""changed_files"": ""[\""rust/kernel/auxiliary.rs\"", \""rust/kernel/device.rs\""]"", ""commit_id"": ""cfec502b3d091ff7c24df6ccf8079470584315a0"", ""date"": ""2025-10-16T15:31:44+02:00"", ""matched_symbols"": ""[\""device\""]"", ""oracle_type"": ""wrapper_fix"", ""subject"": ""rust: device: fix device context of Device::parent()""}], ""safe_apis"": [{""api_name"": ""Device::get_device"", ""line"": 54, ""params"": ""\""ptr: *mut bindings::device\"""", ""receiver_type"": ""Device"", ""return_type"": ""ARef<Self>"", ""rust_file"": "".binddrift/worktrees/v6.12/rust/kernel/device.rs"", ""uses_bindings"": ""[\""device\""]"", ""visibility"": ""pub""}, {""api_name"": ""Device::as_raw"", ""line"": 60, ""params"": ""\""&self\"""", ""receiver_type"": ""Device"", ""return_type"": ""*mut bindings::device"", ""rust_file"": "".binddrift/worktrees/v6.12/rust/kernel/device.rs"", ""uses_bindings"": ""[\""device\""]"", ""visibility"": ""pub(crate)""}], ""safety_comments"": [{""line"": 36, ""nearby_api"": null, ""rust_file"": "".binddrift/worktrees/v6.12/rust/kernel/device.rs"", ""text"": ""/// that the allocation remains valid at least until the matching call to `put_device`.""}, {""line"": 37, ""nearby_api"": null, ""rust_file"": "".binddrift/worktrees/v6.12/rust/kernel/device.rs"", ""text"": ""///""}, {""line"": 38, ""nearby_api"": null, ""rust_file"": "".binddrift/worktrees/v6.12/rust/kernel/device.rs"", ""text"": ""/// `bindings::device::release` is valid to be called from any thread, hence `ARef<Device>` can be""}, {""line"": 39, ""nearby_api"": null, ""rust_file"": "".binddrift/worktrees/v6.12/rust/kernel/device.rs"", ""text"": ""/// dropped from any thread.""}, {""line"": 44, ""nearby_api"": null, ""rust_file"": "".binddrift/worktrees/v6.12/rust/kernel/device.rs"", ""text"": ""/// Creates a new reference-counted abstraction instance of an existing `struct device` pointer.""}, {""line"": 45, ""nearby_api"": null, ""rust_file"": "".binddrift/worktrees/v6.12/rust/kernel/device.rs"", ""text"": ""///""}, {""line"": 46, ""nearby_api"": null, ""rust_file"": "".binddrift/worktrees/v6.12/rust/kernel/device.rs"", ""text"": ""/// # Safety""}, {""line"": 49, ""nearby_api"": null, ""rust_file"": "".binddrift/worktrees/v6.12/rust/kernel/device.rs"", ""text"": ""/// i.e. it must be ensured that the reference count of the C `struct device` `ptr` points to""}, {""line"": 50, ""nearby_api"": null, ""rust_file"": "".binddrift/worktrees/v6.12/rust/kernel/device.rs"", ""text"": ""/// can't drop to zero, for the duration of this function call.""}, {""line"": 51, ""nearby_api"": null, ""rust_file"": "".binddrift/worktrees/v6.12/rust/kernel/device.rs"", ""text"": ""///""}, {""line"": 52, ""nearby_api"": null, ""rust_file"": "".binddrift/worktrees/v6.12/rust/kernel/device.rs"", ""text"": ""/// It must also be ensured that `bindings::device::release` can be called from any thread.""}, {""line"": 53, ""nearby_api"": null, ""rust_file"": "".binddrift/worktrees/v6.12/rust/kernel/device.rs"", ""text"": ""/// While not officially documented, this should be the case for any `struct device`.""}, {""line"": 55, ""nearby_api"": ""Device::get_device"", ""rust_file"": "".binddrift/worktrees/v6.12/rust/kernel/device.rs"", ""text"": ""// SAFETY: By the safety requirements ptr is valid""}, {""line"": 59, ""nearby_api"": ""Device::get_device"", ""rust_file"": "".binddrift/worktrees/v6.12/rust/kernel/device.rs"", ""text"": ""/// Obtain the raw `struct device *`.""}, {""line"": 64, ""nearby_api"": ""Device::as_raw"", ""rust_file"": "".binddrift/worktrees/v6.12/rust/kernel/device.rs"", ""text"": ""/// Convert a raw C `struct device` pointer to a `&'a Device`.""}, {""line"": 65, ""nearby_api"": ""Device::as_raw"", ""rust_file"": "".binddrift/worktrees/v6.12/rust/kernel/device.rs"", ""text"": ""///""}, {""line"": 67, ""nearby_api"": ""Device::as_raw"", ""rust_file"": "".binddrift/worktrees/v6.12/rust/kernel/device.rs"", ""text"": ""///""}, {""line"": 68, ""nearby_api"": ""Device::as_raw"", ""rust_file"": "".binddrift/worktrees/v6.12/rust/kernel/device.rs"", ""text"": ""/// Callers must ensure that `ptr` is valid, non-null, and has a non-zero reference count,""}, {""line"": 69, ""nearby_api"": ""Device::as_raw"", ""rust_file"": "".binddrift/worktrees/v6.12/rust/kernel/device.rs"", ""text"": ""/// i.e. it must be ensured that the reference count of the C `struct device` `ptr` points to""}, {""line"": 70, ""nearby_api"": ""Device::as_raw"", ""rust_file"": "".binddrift/worktrees/v6.12/rust/kernel/device.rs"", ""text"": ""/// can't drop to zero, for the duration of this function call and the entire duration when the""}], ""uses"": [{""enclosing_function"": null, ""enclosing_impl"": null, ""enclosing_type"": null, ""enclosing_unsafe_block"": 0, ""line"": 41, ""rust_file"": "".binddrift/worktrees/v6.12/rust/kernel/device.rs""}, {""enclosing_function"": ""Device::get_device"", ""enclosing_impl"": ""Device"", ""enclosing_type"": ""Device"", ""enclosing_unsafe_block"": 0, ""line"": 54, ""rust_file"": "".binddrift/worktrees/v6.12/rust/kernel/device.rs""}, {""enclosing_function"": ""Device::as_raw"", ""enclosing_impl"": ""Device"", ""enclosing_type"": ""Device"", ""enclosing_unsafe_block"": 0, ""line"": 60, ""rust_file"": "".binddrift/worktrees/v6.12/rust/kernel/device.rs""}, {""enclosing_function"": ""Device::as_raw"", ""enclosing_impl"": ""Device"", ""enclosing_type"": ""Device"", ""enclosing_unsafe_block"": 0, ""line"": 72, ""rust_file"": "".binddrift/worktrees/v6.12/rust/kernel/device.rs""}, {""enclosing_function"": null, ""enclosing_impl"": null, ""enclosing_type"": null, ""enclosing_unsafe_block"": 0, ""line"": 15, ""rust_file"": "".binddrift/worktrees/v6.12/rust/kernel/firmware.rs""}]}, ""score"": 15.0, ""type"": ""FieldDrift"", ""warning_id"": ""W-000002"", ""warning_uid"": ""9b0fab9032f10591b94c1553e93299be447812eb458702d58e7081b01787ba14""}",,,,
promoted_warnings-031,promoted_warnings,atomic64_cmpxchg_acquire,rust/helpers/atomic.c,,"{""c_evidence"": null, ""evidence_chain"": [{""changed_files"": ""[\""rust/helpers/atomic.c\"", \""rust/helpers/helpers.c\"", \""scripts/atomic/gen-atomics.sh\"", \""scripts/atomic/gen-rust-atomic-helpers.sh\""]"", ""commit_id"": ""fdd7c7e0d2ab3987882c570612d4622f437292c7"", ""date"": ""2025-09-04T21:41:28-07:00"", ""matched_symbols"": ""[\""atomic64_add\"", \""atomic64_add_negative\"", \""atomic64_add_negative_acquire\"", \""atomic64_add_negative_relaxed\"", \""atomic64_add_negative_release\"", \""atomic64_add_return\"", \""atomic64_add_return_acquire\"", \""atomic64_add_return_relaxed\"", \""atomic64_add_return_release\"", \""atomic64_add_unless\"", \""atomic64_and\"", \""atomic64_andnot\"", \""atomic64_cmpxchg\"", \""atomic64_cmpxchg_acquire\"", \""atomic64_cmpxchg_relaxed\"", \""atomic64_cmpxchg_release\"", \""atomic64_dec\"", \""atomic64_dec_and_test\"", \""atomic64_dec_if_positive\"", \""atomic64_dec_return\"", \""atomic64_dec_return_acquire\"", \""atomic64_dec_return_relaxed\"", \""atomic64_dec_return_release\"", \""atomic64_dec_unless_positive\"", \""atomic64_fetch_add\"", \""atomic64_fetch_add_acquire\"", \""atomic64_fetch_add_relaxed\"", \""atomic64_fetch_add_release\"", \""atomic64_fetch_add_unless\"", \""atomic64_fetch_and\"", \""atomic64_fetch_and_acquire\"", \""atomic64_fetch_and_relaxed\"", \""atomic64_fetch_and_release\"", \""atomic64_fetch_andnot\"", \""atomic64_fetch_andnot_acquire\"", \""atomic64_fetch_andnot_relaxed\"", \""atomic64_fetch_andnot_release\"", \""atomic64_fetch_dec\"", \""atomic64_fetch_dec_acquire\"", \""atomic64_fetch_dec_relaxed\"", \""atomic64_fetch_dec_release\"", \""atomic64_fetch_inc\"", \""atomic64_fetch_inc_acquire\"", \""atomic64_fetch_inc_relaxed\"", \""atomic64_fetch_inc_release\"", \""atomic64_fetch_or\"", \""atomic64_fetch_or_acquire\"", \""atomic64_fetch_or_relaxed\"", \""atomic64_fetch_or_release\"", \""atomic64_fetch_sub\"", \""atomic64_fetch_sub_acquire\"", \""atomic64_fetch_sub_relaxed\"", \""atomic64_fetch_sub_release\"", \""atomic64_fetch_xor\"", \""atomic64_fetch_xor_acquire\"", \""atomic64_fetch_xor_relaxed\"", \""atomic64_fetch_xor_release\"", \""atomic64_inc\"", \""atomic64_inc_and_test\"", \""atomic64_inc_not_zero\"", \""atomic64_inc_return\"", \""atomic64_inc_return_acquire\"", \""atomic64_inc_return_relaxed\"", \""atomic64_inc_return_release\"", \""atomic64_inc_unless_negative\"", \""atomic64_or\"", \""atomic64_read\"", \""atomic64_read_acquire\"", \""atomic64_set\"", \""atomic64_set_release\"", \""atomic64_sub\"", \""atomic64_sub_and_test\"", \""atomic64_sub_return\"", \""atomic64_sub_return_acquire\"", \""atomic64_sub_return_relaxed\"", \""atomic64_sub_return_release\"", \""atomic64_try_cmpxchg\"", \""atomic64_try_cmpxchg_acquire\"", \""atomic64_try_cmpxchg_relaxed\"", \""atomic64_try_cmpxchg_release\"", \""atomic64_xchg\"", \""atomic64_xchg_acquire\"", \""atomic64_xchg_relaxed\"", \""atomic64_xchg_release\"", \""atomic64_xor\"", \""atomic_add\"", \""atomic_add_negative\"", \""atomic_add_negative_acquire\"", \""atomic_add_negative_relaxed\"", \""atomic_add_negative_release\"", \""atomic_add_return\"", \""atomic_add_return_acquire\"", \""atomic_add_return_relaxed\"", \""atomic_add_return_release\"", \""atomic_add_unless\"", \""atomic_and\"", \""atomic_andnot\"", \""atomic_cmpxchg\"", \""atomic_cmpxchg_acquire\"", \""atomic_cmpxchg_relaxed\"", \""atomic_cmpxchg_release\"", \""atomic_dec\"", \""atomic_dec_and_test\"", \""atomic_dec_if_positive\"", \""atomic_dec_return\"", \""atomic_dec_return_acquire\"", \""atomic_dec_return_relaxed\"", \""atomic_dec_return_release\"", \""atomic_dec_unless_positive\"", \""atomic_fetch_add\"", \""atomic_fetch_add_acquire\"", \""atomic_fetch_add_relaxed\"", \""atomic_fetch_add_release\"", \""atomic_fetch_add_unless\"", \""atomic_fetch_and\"", \""atomic_fetch_and_acquire\"", \""atomic_fetch_and_relaxed\"", \""atomic_fetch_and_release\"", \""atomic_fetch_andnot\"", \""atomic_fetch_andnot_acquire\"", \""atomic_fetch_andnot_relaxed\"", \""atomic_fetch_andnot_release\"", \""atomic_fetch_dec\"", \""atomic_fetch_dec_acquire\"", \""atomic_fetch_dec_relaxed\"", \""atomic_fetch_dec_release\"", \""atomic_fetch_inc\"", \""atomic_fetch_inc_acquire\"", \""atomic_fetch_inc_relaxed\"", \""atomic_fetch_inc_release\"", \""atomic_fetch_or\"", \""atomic_fetch_or_acquire\"", \""atomic_fetch_or_relaxed\"", \""atomic_fetch_or_release\"", \""atomic_fetch_sub\"", \""atomic_fetch_sub_acquire\"", \""atomic_fetch_sub_relaxed\"", \""atomic_fetch_sub_release\"", \""atomic_fetch_xor\"", \""atomic_fetch_xor_acquire\"", \""atomic_fetch_xor_relaxed\"", \""atomic_fetch_xor_release\"", \""atomic_inc\"", \""atomic_inc_and_test\"", \""atomic_inc_not_zero\"", \""atomic_inc_return\"", \""atomic_inc_return_acquire\"", \""atomic_inc_return_relaxed\"", \""atomic_inc_return_release\"", \""atomic_inc_unless_negative\"", \""atomic_or\"", \""atomic_read\"", \""atomic_read_acquire\"", \""atomic_set\"", \""atomic_set_release\"", \""atomic_sub\"", \""atomic_sub_and_test\"", \""atomic_sub_return\"", \""atomic_sub_return_acquire\"", \""atomic_sub_return_relaxed\"", \""atomic_sub_return_release\"", \""atomic_try_cmpxchg\"", \""atomic_try_cmpxchg_acquire\"", \""atomic_try_cmpxchg_relaxed\"", \""atomic_try_cmpxchg_release\"", \""atomic_xchg\"", \""atomic_xchg_acquire\"", \""atomic_xchg_relaxed\"", \""atomic_xchg_release\"", \""atomic_xor\""]"", ""oracle_type"": ""wrapper_fix"", ""subject"": ""rust: Introduce atomic API helpers""}], ""evidence_location"": {""file"": ""rust/helpers/atomic.c"", ""line"": """", ""source"": ""changed_files""}, ""pair_id"": ""latest-p017-v6.17-to-v6.18"", ""promotion_reasons"": [""oracle_hit""], ""rust_side"": {""exposure"": {""edge_count"": 1, ""edges"": [{""dst"": ""RustBindingFunction:atomic64_cmpxchg_acquire"", ""edge_type"": ""GENERATED_FROM"", ""properties"": ""{}"", ""src"": ""CFunction:atomic64_cmpxchg_acquire"", ""version_id"": ""v6.18""}]}, ""oracle_hits"": [{""changed_files"": ""[\""rust/helpers/atomic.c\"", \""rust/helpers/helpers.c\"", \""scripts/atomic/gen-atomics.sh\"", \""scripts/atomic/gen-rust-atomic-helpers.sh\""]"", ""commit_id"": ""fdd7c7e0d2ab3987882c570612d4622f437292c7"", ""date"": ""2025-09-04T21:41:28-07:00"", ""matched_symbols"": ""[\""atomic64_add\"", \""atomic64_add_negative\"", \""atomic64_add_negative_acquire\"", \""atomic64_add_negative_relaxed\"", \""atomic64_add_negative_release\"", \""atomic64_add_return\"", \""atomic64_add_return_acquire\"", \""atomic64_add_return_relaxed\"", \""atomic64_add_return_release\"", \""atomic64_add_unless\"", \""atomic64_and\"", \""atomic64_andnot\"", \""atomic64_cmpxchg\"", \""atomic64_cmpxchg_acquire\"", \""atomic64_cmpxchg_relaxed\"", \""atomic64_cmpxchg_release\"", \""atomic64_dec\"", \""atomic64_dec_and_test\"", \""atomic64_dec_if_positive\"", \""atomic64_dec_return\"", \""atomic64_dec_return_acquire\"", \""atomic64_dec_return_relaxed\"", \""atomic64_dec_return_release\"", \""atomic64_dec_unless_positive\"", \""atomic64_fetch_add\"", \""atomic64_fetch_add_acquire\"", \""atomic64_fetch_add_relaxed\"", \""atomic64_fetch_add_release\"", \""atomic64_fetch_add_unless\"", \""atomic64_fetch_and\"", \""atomic64_fetch_and_acquire\"", \""atomic64_fetch_and_relaxed\"", \""atomic64_fetch_and_release\"", \""atomic64_fetch_andnot\"", \""atomic64_fetch_andnot_acquire\"", \""atomic64_fetch_andnot_relaxed\"", \""atomic64_fetch_andnot_release\"", \""atomic64_fetch_dec\"", \""atomic64_fetch_dec_acquire\"", \""atomic64_fetch_dec_relaxed\"", \""atomic64_fetch_dec_release\"", \""atomic64_fetch_inc\"", \""atomic64_fetch_inc_acquire\"", \""atomic64_fetch_inc_relaxed\"", \""atomic64_fetch_inc_release\"", \""atomic64_fetch_or\"", \""atomic64_fetch_or_acquire\"", \""atomic64_fetch_or_relaxed\"", \""atomic64_fetch_or_release\"", \""atomic64_fetch_sub\"", \""atomic64_fetch_sub_acquire\"", \""atomic64_fetch_sub_relaxed\"", \""atomic64_fetch_sub_release\"", \""atomic64_fetch_xor\"", \""atomic64_fetch_xor_acquire\"", \""atomic64_fetch_xor_relaxed\"", \""atomic64_fetch_xor_release\"", \""atomic64_inc\"", \""atomic64_inc_and_test\"", \""atomic64_inc_not_zero\"", \""atomic64_inc_return\"", \""atomic64_inc_return_acquire\"", \""atomic64_inc_return_relaxed\"", \""atomic64_inc_return_release\"", \""atomic64_inc_unless_negative\"", \""atomic64_or\"", \""atomic64_read\"", \""atomic64_read_acquire\"", \""atomic64_set\"", \""atomic64_set_release\"", \""atomic64_sub\"", \""atomic64_sub_and_test\"", \""atomic64_sub_return\"", \""atomic64_sub_return_acquire\"", \""atomic64_sub_return_relaxed\"", \""atomic64_sub_return_release\"", \""atomic64_try_cmpxchg\"", \""atomic64_try_cmpxchg_acquire\"", \""atomic64_try_cmpxchg_relaxed\"", \""atomic64_try_cmpxchg_release\"", \""atomic64_xchg\"", \""atomic64_xchg_acquire\"", \""atomic64_xchg_relaxed\"", \""atomic64_xchg_release\"", \""atomic64_xor\"", \""atomic_add\"", \""atomic_add_negative\"", \""atomic_add_negative_acquire\"", \""atomic_add_negative_relaxed\"", \""atomic_add_negative_release\"", \""atomic_add_return\"", \""atomic_add_return_acquire\"", \""atomic_add_return_relaxed\"", \""atomic_add_return_release\"", \""atomic_add_unless\"", \""atomic_and\"", \""atomic_andnot\"", \""atomic_cmpxchg\"", \""atomic_cmpxchg_acquire\"", \""atomic_cmpxchg_relaxed\"", \""atomic_cmpxchg_release\"", \""atomic_dec\"", \""atomic_dec_and_test\"", \""atomic_dec_if_positive\"", \""atomic_dec_return\"", \""atomic_dec_return_acquire\"", \""atomic_dec_return_relaxed\"", \""atomic_dec_return_release\"", \""atomic_dec_unless_positive\"", \""atomic_fetch_add\"", \""atomic_fetch_add_acquire\"", \""atomic_fetch_add_relaxed\"", \""atomic_fetch_add_release\"", \""atomic_fetch_add_unless\"", \""atomic_fetch_and\"", \""atomic_fetch_and_acquire\"", \""atomic_fetch_and_relaxed\"", \""atomic_fetch_and_release\"", \""atomic_fetch_andnot\"", \""atomic_fetch_andnot_acquire\"", \""atomic_fetch_andnot_relaxed\"", \""atomic_fetch_andnot_release\"", \""atomic_fetch_dec\"", \""atomic_fetch_dec_acquire\"", \""atomic_fetch_dec_relaxed\"", \""atomic_fetch_dec_release\"", \""atomic_fetch_inc\"", \""atomic_fetch_inc_acquire\"", \""atomic_fetch_inc_relaxed\"", \""atomic_fetch_inc_release\"", \""atomic_fetch_or\"", \""atomic_fetch_or_acquire\"", \""atomic_fetch_or_relaxed\"", \""atomic_fetch_or_release\"", \""atomic_fetch_sub\"", \""atomic_fetch_sub_acquire\"", \""atomic_fetch_sub_relaxed\"", \""atomic_fetch_sub_release\"", \""atomic_fetch_xor\"", \""atomic_fetch_xor_acquire\"", \""atomic_fetch_xor_relaxed\"", \""atomic_fetch_xor_release\"", \""atomic_inc\"", \""atomic_inc_and_test\"", \""atomic_inc_not_zero\"", \""atomic_inc_return\"", \""atomic_inc_return_acquire\"", \""atomic_inc_return_relaxed\"", \""atomic_inc_return_release\"", \""atomic_inc_unless_negative\"", \""atomic_or\"", \""atomic_read\"", \""atomic_read_acquire\"", \""atomic_set\"", \""atomic_set_release\"", \""atomic_sub\"", \""atomic_sub_and_test\"", \""atomic_sub_return\"", \""atomic_sub_return_acquire\"", \""atomic_sub_return_relaxed\"", \""atomic_sub_return_release\"", \""atomic_try_cmpxchg\"", \""atomic_try_cmpxchg_acquire\"", \""atomic_try_cmpxchg_relaxed\"", \""atomic_try_cmpxchg_release\"", \""atomic_xchg\"", \""atomic_xchg_acquire\"", \""atomic_xchg_relaxed\"", \""atomic_xchg_release\"", \""atomic_xor\""]"", ""oracle_type"": ""wrapper_fix"", ""subject"": ""rust: Introduce atomic API helpers""}]}, ""score"": -8.0, ""type"": ""SignatureDrift"", ""warning_id"": ""W-000016"", ""warning_uid"": ""e31379c6267f1a98b51cc3bc6296181629d872ea7e138ce16cd144d23adbad3f""}",,,,missing concrete evidence line
promoted_warnings-032,promoted_warnings,atomic64_fetch_and_release,rust/helpers/atomic.c,,"{""c_evidence"": null, ""evidence_chain"": [{""changed_files"": ""[\""rust/helpers/atomic.c\"", \""rust/helpers/helpers.c\"", \""scripts/atomic/gen-atomics.sh\"", \""scripts/atomic/gen-rust-atomic-helpers.sh\""]"", ""commit_id"": ""fdd7c7e0d2ab3987882c570612d4622f437292c7"", ""date"": ""2025-09-04T21:41:28-07:00"", ""matched_symbols"": ""[\""atomic64_add\"", \""atomic64_add_negative\"", \""atomic64_add_negative_acquire\"", \""atomic64_add_negative_relaxed\"", \""atomic64_add_negative_release\"", \""atomic64_add_return\"", \""atomic64_add_return_acquire\"", \""atomic64_add_return_relaxed\"", \""atomic64_add_return_release\"", \""atomic64_add_unless\"", \""atomic64_and\"", \""atomic64_andnot\"", \""atomic64_cmpxchg\"", \""atomic64_cmpxchg_acquire\"", \""atomic64_cmpxchg_relaxed\"", \""atomic64_cmpxchg_release\"", \""atomic64_dec\"", \""atomic64_dec_and_test\"", \""atomic64_dec_if_positive\"", \""atomic64_dec_return\"", \""atomic64_dec_return_acquire\"", \""atomic64_dec_return_relaxed\"", \""atomic64_dec_return_release\"", \""atomic64_dec_unless_positive\"", \""atomic64_fetch_add\"", \""atomic64_fetch_add_acquire\"", \""atomic64_fetch_add_relaxed\"", \""atomic64_fetch_add_release\"", \""atomic64_fetch_add_unless\"", \""atomic64_fetch_and\"", \""atomic64_fetch_and_acquire\"", \""atomic64_fetch_and_relaxed\"", \""atomic64_fetch_and_release\"", \""atomic64_fetch_andnot\"", \""atomic64_fetch_andnot_acquire\"", \""atomic64_fetch_andnot_relaxed\"", \""atomic64_fetch_andnot_release\"", \""atomic64_fetch_dec\"", \""atomic64_fetch_dec_acquire\"", \""atomic64_fetch_dec_relaxed\"", \""atomic64_fetch_dec_release\"", \""atomic64_fetch_inc\"", \""atomic64_fetch_inc_acquire\"", \""atomic64_fetch_inc_relaxed\"", \""atomic64_fetch_inc_release\"", \""atomic64_fetch_or\"", \""atomic64_fetch_or_acquire\"", \""atomic64_fetch_or_relaxed\"", \""atomic64_fetch_or_release\"", \""atomic64_fetch_sub\"", \""atomic64_fetch_sub_acquire\"", \""atomic64_fetch_sub_relaxed\"", \""atomic64_fetch_sub_release\"", \""atomic64_fetch_xor\"", \""atomic64_fetch_xor_acquire\"", \""atomic64_fetch_xor_relaxed\"", \""atomic64_fetch_xor_release\"", \""atomic64_inc\"", \""atomic64_inc_and_test\"", \""atomic64_inc_not_zero\"", \""atomic64_inc_return\"", \""atomic64_inc_return_acquire\"", \""atomic64_inc_return_relaxed\"", \""atomic64_inc_return_release\"", \""atomic64_inc_unless_negative\"", \""atomic64_or\"", \""atomic64_read\"", \""atomic64_read_acquire\"", \""atomic64_set\"", \""atomic64_set_release\"", \""atomic64_sub\"", \""atomic64_sub_and_test\"", \""atomic64_sub_return\"", \""atomic64_sub_return_acquire\"", \""atomic64_sub_return_relaxed\"", \""atomic64_sub_return_release\"", \""atomic64_try_cmpxchg\"", \""atomic64_try_cmpxchg_acquire\"", \""atomic64_try_cmpxchg_relaxed\"", \""atomic64_try_cmpxchg_release\"", \""atomic64_xchg\"", \""atomic64_xchg_acquire\"", \""atomic64_xchg_relaxed\"", \""atomic64_xchg_release\"", \""atomic64_xor\"", \""atomic_add\"", \""atomic_add_negative\"", \""atomic_add_negative_acquire\"", \""atomic_add_negative_relaxed\"", \""atomic_add_negative_release\"", \""atomic_add_return\"", \""atomic_add_return_acquire\"", \""atomic_add_return_relaxed\"", \""atomic_add_return_release\"", \""atomic_add_unless\"", \""atomic_and\"", \""atomic_andnot\"", \""atomic_cmpxchg\"", \""atomic_cmpxchg_acquire\"", \""atomic_cmpxchg_relaxed\"", \""atomic_cmpxchg_release\"", \""atomic_dec\"", \""atomic_dec_and_test\"", \""atomic_dec_if_positive\"", \""atomic_dec_return\"", \""atomic_dec_return_acquire\"", \""atomic_dec_return_relaxed\"", \""atomic_dec_return_release\"", \""atomic_dec_unless_positive\"", \""atomic_fetch_add\"", \""atomic_fetch_add_acquire\"", \""atomic_fetch_add_relaxed\"", \""atomic_fetch_add_release\"", \""atomic_fetch_add_unless\"", \""atomic_fetch_and\"", \""atomic_fetch_and_acquire\"", \""atomic_fetch_and_relaxed\"", \""atomic_fetch_and_release\"", \""atomic_fetch_andnot\"", \""atomic_fetch_andnot_acquire\"", \""atomic_fetch_andnot_relaxed\"", \""atomic_fetch_andnot_release\"", \""atomic_fetch_dec\"", \""atomic_fetch_dec_acquire\"", \""atomic_fetch_dec_relaxed\"", \""atomic_fetch_dec_release\"", \""atomic_fetch_inc\"", \""atomic_fetch_inc_acquire\"", \""atomic_fetch_inc_relaxed\"", \""atomic_fetch_inc_release\"", \""atomic_fetch_or\"", \""atomic_fetch_or_acquire\"", \""atomic_fetch_or_relaxed\"", \""atomic_fetch_or_release\"", \""atomic_fetch_sub\"", \""atomic_fetch_sub_acquire\"", \""atomic_fetch_sub_relaxed\"", \""atomic_fetch_sub_release\"", \""atomic_fetch_xor\"", \""atomic_fetch_xor_acquire\"", \""atomic_fetch_xor_relaxed\"", \""atomic_fetch_xor_release\"", \""atomic_inc\"", \""atomic_inc_and_test\"", \""atomic_inc_not_zero\"", \""atomic_inc_return\"", \""atomic_inc_return_acquire\"", \""atomic_inc_return_relaxed\"", \""atomic_inc_return_release\"", \""atomic_inc_unless_negative\"", \""atomic_or\"", \""atomic_read\"", \""atomic_read_acquire\"", \""atomic_set\"", \""atomic_set_release\"", \""atomic_sub\"", \""atomic_sub_and_test\"", \""atomic_sub_return\"", \""atomic_sub_return_acquire\"", \""atomic_sub_return_relaxed\"", \""atomic_sub_return_release\"", \""atomic_try_cmpxchg\"", \""atomic_try_cmpxchg_acquire\"", \""atomic_try_cmpxchg_relaxed\"", \""atomic_try_cmpxchg_release\"", \""atomic_xchg\"", \""atomic_xchg_acquire\"", \""atomic_xchg_relaxed\"", \""atomic_xchg_release\"", \""atomic_xor\""]"", ""oracle_type"": ""wrapper_fix"", ""subject"": ""rust: Introduce atomic API helpers""}], ""evidence_location"": {""file"": ""rust/helpers/atomic.c"", ""line"": """", ""source"": ""changed_files""}, ""pair_id"": ""latest-p017-v6.17-to-v6.18"", ""promotion_reasons"": [""oracle_hit""], ""rust_side"": {""exposure"": {""edge_count"": 1, ""edges"": [{""dst"": ""RustBindingFunction:atomic64_fetch_and_release"", ""edge_type"": ""GENERATED_FROM"", ""properties"": ""{}"", ""src"": ""CFunction:atomic64_fetch_and_release"", ""version_id"": ""v6.18""}]}, ""oracle_hits"": [{""changed_files"": ""[\""rust/helpers/atomic.c\"", \""rust/helpers/helpers.c\"", \""scripts/atomic/gen-atomics.sh\"", \""scripts/atomic/gen-rust-atomic-helpers.sh\""]"", ""commit_id"": ""fdd7c7e0d2ab3987882c570612d4622f437292c7"", ""date"": ""2025-09-04T21:41:28-07:00"", ""matched_symbols"": ""[\""atomic64_add\"", \""atomic64_add_negative\"", \""atomic64_add_negative_acquire\"", \""atomic64_add_negative_relaxed\"", \""atomic64_add_negative_release\"", \""atomic64_add_return\"", \""atomic64_add_return_acquire\"", \""atomic64_add_return_relaxed\"", \""atomic64_add_return_release\"", \""atomic64_add_unless\"", \""atomic64_and\"", \""atomic64_andnot\"", \""atomic64_cmpxchg\"", \""atomic64_cmpxchg_acquire\"", \""atomic64_cmpxchg_relaxed\"", \""atomic64_cmpxchg_release\"", \""atomic64_dec\"", \""atomic64_dec_and_test\"", \""atomic64_dec_if_positive\"", \""atomic64_dec_return\"", \""atomic64_dec_return_acquire\"", \""atomic64_dec_return_relaxed\"", \""atomic64_dec_return_release\"", \""atomic64_dec_unless_positive\"", \""atomic64_fetch_add\"", \""atomic64_fetch_add_acquire\"", \""atomic64_fetch_add_relaxed\"", \""atomic64_fetch_add_release\"", \""atomic64_fetch_add_unless\"", \""atomic64_fetch_and\"", \""atomic64_fetch_and_acquire\"", \""atomic64_fetch_and_relaxed\"", \""atomic64_fetch_and_release\"", \""atomic64_fetch_andnot\"", \""atomic64_fetch_andnot_acquire\"", \""atomic64_fetch_andnot_relaxed\"", \""atomic64_fetch_andnot_release\"", \""atomic64_fetch_dec\"", \""atomic64_fetch_dec_acquire\"", \""atomic64_fetch_dec_relaxed\"", \""atomic64_fetch_dec_release\"", \""atomic64_fetch_inc\"", \""atomic64_fetch_inc_acquire\"", \""atomic64_fetch_inc_relaxed\"", \""atomic64_fetch_inc_release\"", \""atomic64_fetch_or\"", \""atomic64_fetch_or_acquire\"", \""atomic64_fetch_or_relaxed\"", \""atomic64_fetch_or_release\"", \""atomic64_fetch_sub\"", \""atomic64_fetch_sub_acquire\"", \""atomic64_fetch_sub_relaxed\"", \""atomic64_fetch_sub_release\"", \""atomic64_fetch_xor\"", \""atomic64_fetch_xor_acquire\"", \""atomic64_fetch_xor_relaxed\"", \""atomic64_fetch_xor_release\"", \""atomic64_inc\"", \""atomic64_inc_and_test\"", \""atomic64_inc_not_zero\"", \""atomic64_inc_return\"", \""atomic64_inc_return_acquire\"", \""atomic64_inc_return_relaxed\"", \""atomic64_inc_return_release\"", \""atomic64_inc_unless_negative\"", \""atomic64_or\"", \""atomic64_read\"", \""atomic64_read_acquire\"", \""atomic64_set\"", \""atomic64_set_release\"", \""atomic64_sub\"", \""atomic64_sub_and_test\"", \""atomic64_sub_return\"", \""atomic64_sub_return_acquire\"", \""atomic64_sub_return_relaxed\"", \""atomic64_sub_return_release\"", \""atomic64_try_cmpxchg\"", \""atomic64_try_cmpxchg_acquire\"", \""atomic64_try_cmpxchg_relaxed\"", \""atomic64_try_cmpxchg_release\"", \""atomic64_xchg\"", \""atomic64_xchg_acquire\"", \""atomic64_xchg_relaxed\"", \""atomic64_xchg_release\"", \""atomic64_xor\"", \""atomic_add\"", \""atomic_add_negative\"", \""atomic_add_negative_acquire\"", \""atomic_add_negative_relaxed\"", \""atomic_add_negative_release\"", \""atomic_add_return\"", \""atomic_add_return_acquire\"", \""atomic_add_return_relaxed\"", \""atomic_add_return_release\"", \""atomic_add_unless\"", \""atomic_and\"", \""atomic_andnot\"", \""atomic_cmpxchg\"", \""atomic_cmpxchg_acquire\"", \""atomic_cmpxchg_relaxed\"", \""atomic_cmpxchg_release\"", \""atomic_dec\"", \""atomic_dec_and_test\"", \""atomic_dec_if_positive\"", \""atomic_dec_return\"", \""atomic_dec_return_acquire\"", \""atomic_dec_return_relaxed\"", \""atomic_dec_return_release\"", \""atomic_dec_unless_positive\"", \""atomic_fetch_add\"", \""atomic_fetch_add_acquire\"", \""atomic_fetch_add_relaxed\"", \""atomic_fetch_add_release\"", \""atomic_fetch_add_unless\"", \""atomic_fetch_and\"", \""atomic_fetch_and_acquire\"", \""atomic_fetch_and_relaxed\"", \""atomic_fetch_and_release\"", \""atomic_fetch_andnot\"", \""atomic_fetch_andnot_acquire\"", \""atomic_fetch_andnot_relaxed\"", \""atomic_fetch_andnot_release\"", \""atomic_fetch_dec\"", \""atomic_fetch_dec_acquire\"", \""atomic_fetch_dec_relaxed\"", \""atomic_fetch_dec_release\"", \""atomic_fetch_inc\"", \""atomic_fetch_inc_acquire\"", \""atomic_fetch_inc_relaxed\"", \""atomic_fetch_inc_release\"", \""atomic_fetch_or\"", \""atomic_fetch_or_acquire\"", \""atomic_fetch_or_relaxed\"", \""atomic_fetch_or_release\"", \""atomic_fetch_sub\"", \""atomic_fetch_sub_acquire\"", \""atomic_fetch_sub_relaxed\"", \""atomic_fetch_sub_release\"", \""atomic_fetch_xor\"", \""atomic_fetch_xor_acquire\"", \""atomic_fetch_xor_relaxed\"", \""atomic_fetch_xor_release\"", \""atomic_inc\"", \""atomic_inc_and_test\"", \""atomic_inc_not_zero\"", \""atomic_inc_return\"", \""atomic_inc_return_acquire\"", \""atomic_inc_return_relaxed\"", \""atomic_inc_return_release\"", \""atomic_inc_unless_negative\"", \""atomic_or\"", \""atomic_read\"", \""atomic_read_acquire\"", \""atomic_set\"", \""atomic_set_release\"", \""atomic_sub\"", \""atomic_sub_and_test\"", \""atomic_sub_return\"", \""atomic_sub_return_acquire\"", \""atomic_sub_return_relaxed\"", \""atomic_sub_return_release\"", \""atomic_try_cmpxchg\"", \""atomic_try_cmpxchg_acquire\"", \""atomic_try_cmpxchg_relaxed\"", \""atomic_try_cmpxchg_release\"", \""atomic_xchg\"", \""atomic_xchg_acquire\"", \""atomic_xchg_relaxed\"", \""atomic_xchg_release\"", \""atomic_xor\""]"", ""oracle_type"": ""wrapper_fix"", ""subject"": ""rust: Introduce atomic API helpers""}]}, ""score"": -8.0, ""type"": ""SignatureDrift"", ""warning_id"": ""W-000035"", ""warning_uid"": ""1ac05ab129e01bebfb732cd85cb6f07410b0264da27607261fbee75d19124cbc""}",,,,missing concrete evidence line
promoted_warnings-033,promoted_warnings,bitmap_free,MAINTAINERS,,"{""c_evidence"": null, ""evidence_chain"": [{""changed_files"": ""[\""MAINTAINERS\"", \""rust/kernel/bitmap.rs\"", \""rust/kernel/lib.rs\"", \""security/Kconfig.hardening\""]"", ""commit_id"": ""11eca92a2caebcc2b3b65ca290385ff4b0498946"", ""date"": ""2025-09-08T07:21:53+00:00"", ""matched_symbols"": ""[\""BITS_PER_LONG\"", \""__clear_bit\"", \""__set_bit\"", \""_find_last_bit\"", \""_find_next_bit\"", \""_find_next_zero_bit\"", \""bitmap_copy_and_extend\"", \""bitmap_free\"", \""bitmap_zalloc\"", \""clear_bit\"", \""set_bit\""]"", ""oracle_type"": ""wrapper_fix"", ""subject"": ""rust: add bitmap API.""}], ""evidence_location"": {""file"": ""MAINTAINERS"", ""line"": """", ""source"": ""changed_files""}, ""pair_id"": ""latest-p012-v6.12-to-v6.13"", ""promotion_reasons"": [""oracle_hit""], ""rust_side"": {""exposure"": {""edge_count"": 1, ""edges"": [{""dst"": ""RustBindingFunction:bitmap_free"", ""edge_type"": ""GENERATED_FROM"", ""properties"": ""{}"", ""src"": ""CFunction:bitmap_free"", ""version_id"": ""v6.13""}]}, ""oracle_hits"": [{""changed_files"": ""[\""MAINTAINERS\"", \""rust/kernel/bitmap.rs\"", \""rust/kernel/lib.rs\"", \""security/Kconfig.hardening\""]"", ""commit_id"": ""11eca92a2caebcc2b3b65ca290385ff4b0498946"", ""date"": ""2025-09-08T07:21:53+00:00"", ""matched_symbols"": ""[\""BITS_PER_LONG\"", \""__clear_bit\"", \""__set_bit\"", \""_find_last_bit\"", \""_find_next_bit\"", \""_find_next_zero_bit\"", \""bitmap_copy_and_extend\"", \""bitmap_free\"", \""bitmap_zalloc\"", \""clear_bit\"", \""set_bit\""]"", ""oracle_type"": ""wrapper_fix"", ""subject"": ""rust: add bitmap API.""}]}, ""score"": -1.0, ""type"": ""SignatureDrift"", ""warning_id"": ""W-000009"", ""warning_uid"": ""a86174671991035fdb0fa8c7c8ed70a477aceabe75ed091cc9c6b1a6696c5270""}",,,,missing concrete evidence line
promoted_warnings-034,promoted_warnings,atomic64_fetch_inc_relaxed,rust/helpers/atomic.c,,"{""c_evidence"": null, ""evidence_chain"": [{""changed_files"": ""[\""rust/helpers/atomic.c\"", \""rust/helpers/helpers.c\"", \""scripts/atomic/gen-atomics.sh\"", \""scripts/atomic/gen-rust-atomic-helpers.sh\""]"", ""commit_id"": ""fdd7c7e0d2ab3987882c570612d4622f437292c7"", ""date"": ""2025-09-04T21:41:28-07:00"", ""matched_symbols"": ""[\""atomic64_add\"", \""atomic64_add_negative\"", \""atomic64_add_negative_acquire\"", \""atomic64_add_negative_relaxed\"", \""atomic64_add_negative_release\"", \""atomic64_add_return\"", \""atomic64_add_return_acquire\"", \""atomic64_add_return_relaxed\"", \""atomic64_add_return_release\"", \""atomic64_add_unless\"", \""atomic64_and\"", \""atomic64_andnot\"", \""atomic64_cmpxchg\"", \""atomic64_cmpxchg_acquire\"", \""atomic64_cmpxchg_relaxed\"", \""atomic64_cmpxchg_release\"", \""atomic64_dec\"", \""atomic64_dec_and_test\"", \""atomic64_dec_if_positive\"", \""atomic64_dec_return\"", \""atomic64_dec_return_acquire\"", \""atomic64_dec_return_relaxed\"", \""atomic64_dec_return_release\"", \""atomic64_dec_unless_positive\"", \""atomic64_fetch_add\"", \""atomic64_fetch_add_acquire\"", \""atomic64_fetch_add_relaxed\"", \""atomic64_fetch_add_release\"", \""atomic64_fetch_add_unless\"", \""atomic64_fetch_and\"", \""atomic64_fetch_and_acquire\"", \""atomic64_fetch_and_relaxed\"", \""atomic64_fetch_and_release\"", \""atomic64_fetch_andnot\"", \""atomic64_fetch_andnot_acquire\"", \""atomic64_fetch_andnot_relaxed\"", \""atomic64_fetch_andnot_release\"", \""atomic64_fetch_dec\"", \""atomic64_fetch_dec_acquire\"", \""atomic64_fetch_dec_relaxed\"", \""atomic64_fetch_dec_release\"", \""atomic64_fetch_inc\"", \""atomic64_fetch_inc_acquire\"", \""atomic64_fetch_inc_relaxed\"", \""atomic64_fetch_inc_release\"", \""atomic64_fetch_or\"", \""atomic64_fetch_or_acquire\"", \""atomic64_fetch_or_relaxed\"", \""atomic64_fetch_or_release\"", \""atomic64_fetch_sub\"", \""atomic64_fetch_sub_acquire\"", \""atomic64_fetch_sub_relaxed\"", \""atomic64_fetch_sub_release\"", \""atomic64_fetch_xor\"", \""atomic64_fetch_xor_acquire\"", \""atomic64_fetch_xor_relaxed\"", \""atomic64_fetch_xor_release\"", \""atomic64_inc\"", \""atomic64_inc_and_test\"", \""atomic64_inc_not_zero\"", \""atomic64_inc_return\"", \""atomic64_inc_return_acquire\"", \""atomic64_inc_return_relaxed\"", \""atomic64_inc_return_release\"", \""atomic64_inc_unless_negative\"", \""atomic64_or\"", \""atomic64_read\"", \""atomic64_read_acquire\"", \""atomic64_set\"", \""atomic64_set_release\"", \""atomic64_sub\"", \""atomic64_sub_and_test\"", \""atomic64_sub_return\"", \""atomic64_sub_return_acquire\"", \""atomic64_sub_return_relaxed\"", \""atomic64_sub_return_release\"", \""atomic64_try_cmpxchg\"", \""atomic64_try_cmpxchg_acquire\"", \""atomic64_try_cmpxchg_relaxed\"", \""atomic64_try_cmpxchg_release\"", \""atomic64_xchg\"", \""atomic64_xchg_acquire\"", \""atomic64_xchg_relaxed\"", \""atomic64_xchg_release\"", \""atomic64_xor\"", \""atomic_add\"", \""atomic_add_negative\"", \""atomic_add_negative_acquire\"", \""atomic_add_negative_relaxed\"", \""atomic_add_negative_release\"", \""atomic_add_return\"", \""atomic_add_return_acquire\"", \""atomic_add_return_relaxed\"", \""atomic_add_return_release\"", \""atomic_add_unless\"", \""atomic_and\"", \""atomic_andnot\"", \""atomic_cmpxchg\"", \""atomic_cmpxchg_acquire\"", \""atomic_cmpxchg_relaxed\"", \""atomic_cmpxchg_release\"", \""atomic_dec\"", \""atomic_dec_and_test\"", \""atomic_dec_if_positive\"", \""atomic_dec_return\"", \""atomic_dec_return_acquire\"", \""atomic_dec_return_relaxed\"", \""atomic_dec_return_release\"", \""atomic_dec_unless_positive\"", \""atomic_fetch_add\"", \""atomic_fetch_add_acquire\"", \""atomic_fetch_add_relaxed\"", \""atomic_fetch_add_release\"", \""atomic_fetch_add_unless\"", \""atomic_fetch_and\"", \""atomic_fetch_and_acquire\"", \""atomic_fetch_and_relaxed\"", \""atomic_fetch_and_release\"", \""atomic_fetch_andnot\"", \""atomic_fetch_andnot_acquire\"", \""atomic_fetch_andnot_relaxed\"", \""atomic_fetch_andnot_release\"", \""atomic_fetch_dec\"", \""atomic_fetch_dec_acquire\"", \""atomic_fetch_dec_relaxed\"", \""atomic_fetch_dec_release\"", \""atomic_fetch_inc\"", \""atomic_fetch_inc_acquire\"", \""atomic_fetch_inc_relaxed\"", \""atomic_fetch_inc_release\"", \""atomic_fetch_or\"", \""atomic_fetch_or_acquire\"", \""atomic_fetch_or_relaxed\"", \""atomic_fetch_or_release\"", \""atomic_fetch_sub\"", \""atomic_fetch_sub_acquire\"", \""atomic_fetch_sub_relaxed\"", \""atomic_fetch_sub_release\"", \""atomic_fetch_xor\"", \""atomic_fetch_xor_acquire\"", \""atomic_fetch_xor_relaxed\"", \""atomic_fetch_xor_release\"", \""atomic_inc\"", \""atomic_inc_and_test\"", \""atomic_inc_not_zero\"", \""atomic_inc_return\"", \""atomic_inc_return_acquire\"", \""atomic_inc_return_relaxed\"", \""atomic_inc_return_release\"", \""atomic_inc_unless_negative\"", \""atomic_or\"", \""atomic_read\"", \""atomic_read_acquire\"", \""atomic_set\"", \""atomic_set_release\"", \""atomic_sub\"", \""atomic_sub_and_test\"", \""atomic_sub_return\"", \""atomic_sub_return_acquire\"", \""atomic_sub_return_relaxed\"", \""atomic_sub_return_release\"", \""atomic_try_cmpxchg\"", \""atomic_try_cmpxchg_acquire\"", \""atomic_try_cmpxchg_relaxed\"", \""atomic_try_cmpxchg_release\"", \""atomic_xchg\"", \""atomic_xchg_acquire\"", \""atomic_xchg_relaxed\"", \""atomic_xchg_release\"", \""atomic_xor\""]"", ""oracle_type"": ""wrapper_fix"", ""subject"": ""rust: Introduce atomic API helpers""}], ""evidence_location"": {""file"": ""rust/helpers/atomic.c"", ""line"": """", ""source"": ""changed_files""}, ""pair_id"": ""latest-p017-v6.17-to-v6.18"", ""promotion_reasons"": [""oracle_hit""], ""rust_side"": {""exposure"": {""edge_count"": 1, ""edges"": [{""dst"": ""RustBindingFunction:atomic64_fetch_inc_relaxed"", ""edge_type"": ""GENERATED_FROM"", ""properties"": ""{}"", ""src"": ""CFunction:atomic64_fetch_inc_relaxed"", ""version_id"": ""v6.18""}]}, ""oracle_hits"": [{""changed_files"": ""[\""rust/helpers/atomic.c\"", \""rust/helpers/helpers.c\"", \""scripts/atomic/gen-atomics.sh\"", \""scripts/atomic/gen-rust-atomic-helpers.sh\""]"", ""commit_id"": ""fdd7c7e0d2ab3987882c570612d4622f437292c7"", ""date"": ""2025-09-04T21:41:28-07:00"", ""matched_symbols"": ""[\""atomic64_add\"", \""atomic64_add_negative\"", \""atomic64_add_negative_acquire\"", \""atomic64_add_negative_relaxed\"", \""atomic64_add_negative_release\"", \""atomic64_add_return\"", \""atomic64_add_return_acquire\"", \""atomic64_add_return_relaxed\"", \""atomic64_add_return_release\"", \""atomic64_add_unless\"", \""atomic64_and\"", \""atomic64_andnot\"", \""atomic64_cmpxchg\"", \""atomic64_cmpxchg_acquire\"", \""atomic64_cmpxchg_relaxed\"", \""atomic64_cmpxchg_release\"", \""atomic64_dec\"", \""atomic64_dec_and_test\"", \""atomic64_dec_if_positive\"", \""atomic64_dec_return\"", \""atomic64_dec_return_acquire\"", \""atomic64_dec_return_relaxed\"", \""atomic64_dec_return_release\"", \""atomic64_dec_unless_positive\"", \""atomic64_fetch_add\"", \""atomic64_fetch_add_acquire\"", \""atomic64_fetch_add_relaxed\"", \""atomic64_fetch_add_release\"", \""atomic64_fetch_add_unless\"", \""atomic64_fetch_and\"", \""atomic64_fetch_and_acquire\"", \""atomic64_fetch_and_relaxed\"", \""atomic64_fetch_and_release\"", \""atomic64_fetch_andnot\"", \""atomic64_fetch_andnot_acquire\"", \""atomic64_fetch_andnot_relaxed\"", \""atomic64_fetch_andnot_release\"", \""atomic64_fetch_dec\"", \""atomic64_fetch_dec_acquire\"", \""atomic64_fetch_dec_relaxed\"", \""atomic64_fetch_dec_release\"", \""atomic64_fetch_inc\"", \""atomic64_fetch_inc_acquire\"", \""atomic64_fetch_inc_relaxed\"", \""atomic64_fetch_inc_release\"", \""atomic64_fetch_or\"", \""atomic64_fetch_or_acquire\"", \""atomic64_fetch_or_relaxed\"", \""atomic64_fetch_or_release\"", \""atomic64_fetch_sub\"", \""atomic64_fetch_sub_acquire\"", \""atomic64_fetch_sub_relaxed\"", \""atomic64_fetch_sub_release\"", \""atomic64_fetch_xor\"", \""atomic64_fetch_xor_acquire\"", \""atomic64_fetch_xor_relaxed\"", \""atomic64_fetch_xor_release\"", \""atomic64_inc\"", \""atomic64_inc_and_test\"", \""atomic64_inc_not_zero\"", \""atomic64_inc_return\"", \""atomic64_inc_return_acquire\"", \""atomic64_inc_return_relaxed\"", \""atomic64_inc_return_release\"", \""atomic64_inc_unless_negative\"", \""atomic64_or\"", \""atomic64_read\"", \""atomic64_read_acquire\"", \""atomic64_set\"", \""atomic64_set_release\"", \""atomic64_sub\"", \""atomic64_sub_and_test\"", \""atomic64_sub_return\"", \""atomic64_sub_return_acquire\"", \""atomic64_sub_return_relaxed\"", \""atomic64_sub_return_release\"", \""atomic64_try_cmpxchg\"", \""atomic64_try_cmpxchg_acquire\"", \""atomic64_try_cmpxchg_relaxed\"", \""atomic64_try_cmpxchg_release\"", \""atomic64_xchg\"", \""atomic64_xchg_acquire\"", \""atomic64_xchg_relaxed\"", \""atomic64_xchg_release\"", \""atomic64_xor\"", \""atomic_add\"", \""atomic_add_negative\"", \""atomic_add_negative_acquire\"", \""atomic_add_negative_relaxed\"", \""atomic_add_negative_release\"", \""atomic_add_return\"", \""atomic_add_return_acquire\"", \""atomic_add_return_relaxed\"", \""atomic_add_return_release\"", \""atomic_add_unless\"", \""atomic_and\"", \""atomic_andnot\"", \""atomic_cmpxchg\"", \""atomic_cmpxchg_acquire\"", \""atomic_cmpxchg_relaxed\"", \""atomic_cmpxchg_release\"", \""atomic_dec\"", \""atomic_dec_and_test\"", \""atomic_dec_if_positive\"", \""atomic_dec_return\"", \""atomic_dec_return_acquire\"", \""atomic_dec_return_relaxed\"", \""atomic_dec_return_release\"", \""atomic_dec_unless_positive\"", \""atomic_fetch_add\"", \""atomic_fetch_add_acquire\"", \""atomic_fetch_add_relaxed\"", \""atomic_fetch_add_release\"", \""atomic_fetch_add_unless\"", \""atomic_fetch_and\"", \""atomic_fetch_and_acquire\"", \""atomic_fetch_and_relaxed\"", \""atomic_fetch_and_release\"", \""atomic_fetch_andnot\"", \""atomic_fetch_andnot_acquire\"", \""atomic_fetch_andnot_relaxed\"", \""atomic_fetch_andnot_release\"", \""atomic_fetch_dec\"", \""atomic_fetch_dec_acquire\"", \""atomic_fetch_dec_relaxed\"", \""atomic_fetch_dec_release\"", \""atomic_fetch_inc\"", \""atomic_fetch_inc_acquire\"", \""atomic_fetch_inc_relaxed\"", \""atomic_fetch_inc_release\"", \""atomic_fetch_or\"", \""atomic_fetch_or_acquire\"", \""atomic_fetch_or_relaxed\"", \""atomic_fetch_or_release\"", \""atomic_fetch_sub\"", \""atomic_fetch_sub_acquire\"", \""atomic_fetch_sub_relaxed\"", \""atomic_fetch_sub_release\"", \""atomic_fetch_xor\"", \""atomic_fetch_xor_acquire\"", \""atomic_fetch_xor_relaxed\"", \""atomic_fetch_xor_release\"", \""atomic_inc\"", \""atomic_inc_and_test\"", \""atomic_inc_not_zero\"", \""atomic_inc_return\"", \""atomic_inc_return_acquire\"", \""atomic_inc_return_relaxed\"", \""atomic_inc_return_release\"", \""atomic_inc_unless_negative\"", \""atomic_or\"", \""atomic_read\"", \""atomic_read_acquire\"", \""atomic_set\"", \""atomic_set_release\"", \""atomic_sub\"", \""atomic_sub_and_test\"", \""atomic_sub_return\"", \""atomic_sub_return_acquire\"", \""atomic_sub_return_relaxed\"", \""atomic_sub_return_release\"", \""atomic_try_cmpxchg\"", \""atomic_try_cmpxchg_acquire\"", \""atomic_try_cmpxchg_relaxed\"", \""atomic_try_cmpxchg_release\"", \""atomic_xchg\"", \""atomic_xchg_acquire\"", \""atomic_xchg_relaxed\"", \""atomic_xchg_release\"", \""atomic_xor\""]"", ""oracle_type"": ""wrapper_fix"", ""subject"": ""rust: Introduce atomic API helpers""}]}, ""score"": -8.0, ""type"": ""SignatureDrift"", ""warning_id"": ""W-000046"", ""warning_uid"": ""00258ffaecfaa8b6bd0e79eaf9194b5a5e78ddccccf059576da8d479e05ae525""}",,,,missing concrete evidence line
promoted_warnings-035,promoted_warnings,VM_MERGEABLE,.binddrift/worktrees/v6.19/rust/kernel/mm/virt.rs,467,"{""c_evidence"": null, ""evidence_chain"": [{""line"": 467, ""nearby_api"": ""VmaNew::try_clear_mayexec"", ""rust_file"": "".binddrift/worktrees/v6.19/rust/kernel/mm/virt.rs"", ""text"": ""/// MADV_NOHUGEPAGE marked this vma.""}, {""line"": 470, ""nearby_api"": ""VmaNew::try_clear_mayexec"", ""rust_file"": "".binddrift/worktrees/v6.19/rust/kernel/mm/virt.rs"", ""text"": ""/// KSM may merge identical pages.""}], ""evidence_location"": {""file"": "".binddrift/worktrees/v6.19/rust/kernel/mm/virt.rs"", ""line"": ""467"", ""source"": ""evidence""}, ""pair_id"": ""latest-p018-v6.18-to-v6.19"", ""promotion_reasons"": [""direct_binding_use"", ""has_safety_comment""], ""rust_side"": {""exposure"": {""edge_count"": 4, ""edges"": [{""dst"": ""RustBindingConst:VM_MERGEABLE"", ""edge_type"": ""GENERATED_FROM"", ""properties"": ""{}"", ""src"": ""CMacro:VM_MERGEABLE"", ""version_id"": ""v6.19""}, {""dst"": ""RustSafetyComment:.binddrift/worktrees/v6.19/rust/kernel/mm/virt.rs:467"", ""edge_type"": ""HAS_SAFETY_COMMENT"", ""properties"": ""{}"", ""src"": ""RustBindingFunction:VM_MERGEABLE"", ""version_id"": ""v6.19""}, {""dst"": ""RustSafetyComment:.binddrift/worktrees/v6.19/rust/kernel/mm/virt.rs:470"", ""edge_type"": ""HAS_SAFETY_COMMENT"", ""properties"": ""{}"", ""src"": ""RustBindingFunction:VM_MERGEABLE"", ""version_id"": ""v6.19""}, {""dst"": ""RustUnsafeCall:.binddrift/worktrees/v6.19/rust/kernel/mm/virt.rs:471:VM_MERGEABLE"", ""edge_type"": ""CALLS_BINDING"", ""properties"": ""{}"", ""src"": ""RustBindingFunction:VM_MERGEABLE"", ""version_id"": ""v6.19""}]}, ""safety_comments"": [{""line"": 467, ""nearby_api"": ""VmaNew::try_clear_mayexec"", ""rust_file"": "".binddrift/worktrees/v6.19/rust/kernel/mm/virt.rs"", ""text"": ""/// MADV_NOHUGEPAGE marked this vma.""}, {""line"": 470, ""nearby_api"": ""VmaNew::try_clear_mayexec"", ""rust_file"": "".binddrift/worktrees/v6.19/rust/kernel/mm/virt.rs"", ""text"": ""/// KSM may merge identical pages.""}], ""uses"": [{""enclosing_function"": null, ""enclosing_impl"": null, ""enclosing_type"": null, ""enclosing_unsafe_block"": 0, ""line"": 471, ""rust_file"": "".binddrift/worktrees/v6.19/rust/kernel/mm/virt.rs""}]}, ""score"": 10.0, ""type"": ""MacroConstDrift"", ""warning_id"": ""W-000017"", ""warning_uid"": ""dfdc55818054bf16b7c570ac751154f3402cdc817b7c3cebba0736c96df16a6f""}",,,,
promoted_warnings-036,promoted_warnings,firmware_request_platform,rust/kernel/firmware.rs,,"{""c_evidence"": null, ""evidence_chain"": [{""changed_files"": ""[\""rust/kernel/firmware.rs\""]"", ""commit_id"": ""a23b018c3bf646274f02edd46bf448c20c826d94"", ""date"": ""2024-07-08T22:07:21+02:00"", ""matched_symbols"": ""[\""device\"", \""firmware\"", \""firmware_request_nowarn\"", \""firmware_request_platform\"", \""request_firmware\"", \""request_firmware_direct\""]"", ""oracle_type"": ""wrapper_fix"", ""subject"": ""firmware_loader: fix soundness issue in `request_internal`""}], ""evidence_location"": {""file"": ""rust/kernel/firmware.rs"", ""line"": """", ""source"": ""changed_files""}, ""pair_id"": ""latest-p012-v6.12-to-v6.13"", ""promotion_reasons"": [""oracle_hit""], ""rust_side"": {""exposure"": {""edge_count"": 3, ""edges"": [{""dst"": ""CBehaviorIndicator:firmware_request_platform:ERROR_CODE:.binddrift/worktrees/v6.13/include/linux/firmware.h:149"", ""edge_type"": ""HAS_C_INDICATOR"", ""properties"": ""{}"", ""src"": ""CFunction:firmware_request_platform"", ""version_id"": ""v6.13""}, {""dst"": ""RustBindingFunction:firmware_request_platform"", ""edge_type"": ""GENERATED_FROM"", ""properties"": ""{}"", ""src"": ""CFunction:firmware_request_platform"", ""version_id"": ""v6.13""}, {""dst"": ""RustUnsafeCall:.binddrift/worktrees/v6.13/rust/kernel/firmware.rs:13:firmware_request_platform"", ""edge_type"": ""CALLS_BINDING"", ""properties"": ""{}"", ""src"": ""RustBindingFunction:firmware_request_platform"", ""version_id"": ""v6.13""}]}, ""oracle_hits"": [{""changed_files"": ""[\""rust/kernel/firmware.rs\""]"", ""commit_id"": ""a23b018c3bf646274f02edd46bf448c20c826d94"", ""date"": ""2024-07-08T22:07:21+02:00"", ""matched_symbols"": ""[\""device\"", \""firmware\"", \""firmware_request_nowarn\"", \""firmware_request_platform\"", \""request_firmware\"", \""request_firmware_direct\""]"", ""oracle_type"": ""wrapper_fix"", ""subject"": ""firmware_loader: fix soundness issue in `request_internal`""}]}, ""score"": -3.0, ""type"": ""SignatureDrift"", ""warning_id"": ""W-000020"", ""warning_uid"": ""02c26309c1f80248feeb3e7cbc990a809a103a62661b24c1797a3e44bc1f8ad6""}",,,,missing concrete evidence line
promoted_warnings-037,promoted_warnings,atomic_try_cmpxchg_acquire,rust/helpers/atomic.c,,"{""c_evidence"": null, ""evidence_chain"": [{""changed_files"": ""[\""rust/helpers/atomic.c\"", \""rust/helpers/helpers.c\"", \""scripts/atomic/gen-atomics.sh\"", \""scripts/atomic/gen-rust-atomic-helpers.sh\""]"", ""commit_id"": ""fdd7c7e0d2ab3987882c570612d4622f437292c7"", ""date"": ""2025-09-04T21:41:28-07:00"", ""matched_symbols"": ""[\""atomic64_add\"", \""atomic64_add_negative\"", \""atomic64_add_negative_acquire\"", \""atomic64_add_negative_relaxed\"", \""atomic64_add_negative_release\"", \""atomic64_add_return\"", \""atomic64_add_return_acquire\"", \""atomic64_add_return_relaxed\"", \""atomic64_add_return_release\"", \""atomic64_add_unless\"", \""atomic64_and\"", \""atomic64_andnot\"", \""atomic64_cmpxchg\"", \""atomic64_cmpxchg_acquire\"", \""atomic64_cmpxchg_relaxed\"", \""atomic64_cmpxchg_release\"", \""atomic64_dec\"", \""atomic64_dec_and_test\"", \""atomic64_dec_if_positive\"", \""atomic64_dec_return\"", \""atomic64_dec_return_acquire\"", \""atomic64_dec_return_relaxed\"", \""atomic64_dec_return_release\"", \""atomic64_dec_unless_positive\"", \""atomic64_fetch_add\"", \""atomic64_fetch_add_acquire\"", \""atomic64_fetch_add_relaxed\"", \""atomic64_fetch_add_release\"", \""atomic64_fetch_add_unless\"", \""atomic64_fetch_and\"", \""atomic64_fetch_and_acquire\"", \""atomic64_fetch_and_relaxed\"", \""atomic64_fetch_and_release\"", \""atomic64_fetch_andnot\"", \""atomic64_fetch_andnot_acquire\"", \""atomic64_fetch_andnot_relaxed\"", \""atomic64_fetch_andnot_release\"", \""atomic64_fetch_dec\"", \""atomic64_fetch_dec_acquire\"", \""atomic64_fetch_dec_relaxed\"", \""atomic64_fetch_dec_release\"", \""atomic64_fetch_inc\"", \""atomic64_fetch_inc_acquire\"", \""atomic64_fetch_inc_relaxed\"", \""atomic64_fetch_inc_release\"", \""atomic64_fetch_or\"", \""atomic64_fetch_or_acquire\"", \""atomic64_fetch_or_relaxed\"", \""atomic64_fetch_or_release\"", \""atomic64_fetch_sub\"", \""atomic64_fetch_sub_acquire\"", \""atomic64_fetch_sub_relaxed\"", \""atomic64_fetch_sub_release\"", \""atomic64_fetch_xor\"", \""atomic64_fetch_xor_acquire\"", \""atomic64_fetch_xor_relaxed\"", \""atomic64_fetch_xor_release\"", \""atomic64_inc\"", \""atomic64_inc_and_test\"", \""atomic64_inc_not_zero\"", \""atomic64_inc_return\"", \""atomic64_inc_return_acquire\"", \""atomic64_inc_return_relaxed\"", \""atomic64_inc_return_release\"", \""atomic64_inc_unless_negative\"", \""atomic64_or\"", \""atomic64_read\"", \""atomic64_read_acquire\"", \""atomic64_set\"", \""atomic64_set_release\"", \""atomic64_sub\"", \""atomic64_sub_and_test\"", \""atomic64_sub_return\"", \""atomic64_sub_return_acquire\"", \""atomic64_sub_return_relaxed\"", \""atomic64_sub_return_release\"", \""atomic64_try_cmpxchg\"", \""atomic64_try_cmpxchg_acquire\"", \""atomic64_try_cmpxchg_relaxed\"", \""atomic64_try_cmpxchg_release\"", \""atomic64_xchg\"", \""atomic64_xchg_acquire\"", \""atomic64_xchg_relaxed\"", \""atomic64_xchg_release\"", \""atomic64_xor\"", \""atomic_add\"", \""atomic_add_negative\"", \""atomic_add_negative_acquire\"", \""atomic_add_negative_relaxed\"", \""atomic_add_negative_release\"", \""atomic_add_return\"", \""atomic_add_return_acquire\"", \""atomic_add_return_relaxed\"", \""atomic_add_return_release\"", \""atomic_add_unless\"", \""atomic_and\"", \""atomic_andnot\"", \""atomic_cmpxchg\"", \""atomic_cmpxchg_acquire\"", \""atomic_cmpxchg_relaxed\"", \""atomic_cmpxchg_release\"", \""atomic_dec\"", \""atomic_dec_and_test\"", \""atomic_dec_if_positive\"", \""atomic_dec_return\"", \""atomic_dec_return_acquire\"", \""atomic_dec_return_relaxed\"", \""atomic_dec_return_release\"", \""atomic_dec_unless_positive\"", \""atomic_fetch_add\"", \""atomic_fetch_add_acquire\"", \""atomic_fetch_add_relaxed\"", \""atomic_fetch_add_release\"", \""atomic_fetch_add_unless\"", \""atomic_fetch_and\"", \""atomic_fetch_and_acquire\"", \""atomic_fetch_and_relaxed\"", \""atomic_fetch_and_release\"", \""atomic_fetch_andnot\"", \""atomic_fetch_andnot_acquire\"", \""atomic_fetch_andnot_relaxed\"", \""atomic_fetch_andnot_release\"", \""atomic_fetch_dec\"", \""atomic_fetch_dec_acquire\"", \""atomic_fetch_dec_relaxed\"", \""atomic_fetch_dec_release\"", \""atomic_fetch_inc\"", \""atomic_fetch_inc_acquire\"", \""atomic_fetch_inc_relaxed\"", \""atomic_fetch_inc_release\"", \""atomic_fetch_or\"", \""atomic_fetch_or_acquire\"", \""atomic_fetch_or_relaxed\"", \""atomic_fetch_or_release\"", \""atomic_fetch_sub\"", \""atomic_fetch_sub_acquire\"", \""atomic_fetch_sub_relaxed\"", \""atomic_fetch_sub_release\"", \""atomic_fetch_xor\"", \""atomic_fetch_xor_acquire\"", \""atomic_fetch_xor_relaxed\"", \""atomic_fetch_xor_release\"", \""atomic_inc\"", \""atomic_inc_and_test\"", \""atomic_inc_not_zero\"", \""atomic_inc_return\"", \""atomic_inc_return_acquire\"", \""atomic_inc_return_relaxed\"", \""atomic_inc_return_release\"", \""atomic_inc_unless_negative\"", \""atomic_or\"", \""atomic_read\"", \""atomic_read_acquire\"", \""atomic_set\"", \""atomic_set_release\"", \""atomic_sub\"", \""atomic_sub_and_test\"", \""atomic_sub_return\"", \""atomic_sub_return_acquire\"", \""atomic_sub_return_relaxed\"", \""atomic_sub_return_release\"", \""atomic_try_cmpxchg\"", \""atomic_try_cmpxchg_acquire\"", \""atomic_try_cmpxchg_relaxed\"", \""atomic_try_cmpxchg_release\"", \""atomic_xchg\"", \""atomic_xchg_acquire\"", \""atomic_xchg_relaxed\"", \""atomic_xchg_release\"", \""atomic_xor\""]"", ""oracle_type"": ""wrapper_fix"", ""subject"": ""rust: Introduce atomic API helpers""}], ""evidence_location"": {""file"": ""rust/helpers/atomic.c"", ""line"": """", ""source"": ""changed_files""}, ""pair_id"": ""latest-p017-v6.17-to-v6.18"", ""promotion_reasons"": [""oracle_hit""], ""rust_side"": {""exposure"": {""edge_count"": 1, ""edges"": [{""dst"": ""RustBindingFunction:atomic_try_cmpxchg_acquire"", ""edge_type"": ""GENERATED_FROM"", ""properties"": ""{}"", ""src"": ""CFunction:atomic_try_cmpxchg_acquire"", ""version_id"": ""v6.18""}]}, ""oracle_hits"": [{""changed_files"": ""[\""rust/helpers/atomic.c\"", \""rust/helpers/helpers.c\"", \""scripts/atomic/gen-atomics.sh\"", \""scripts/atomic/gen-rust-atomic-helpers.sh\""]"", ""commit_id"": ""fdd7c7e0d2ab3987882c570612d4622f437292c7"", ""date"": ""2025-09-04T21:41:28-07:00"", ""matched_symbols"": ""[\""atomic64_add\"", \""atomic64_add_negative\"", \""atomic64_add_negative_acquire\"", \""atomic64_add_negative_relaxed\"", \""atomic64_add_negative_release\"", \""atomic64_add_return\"", \""atomic64_add_return_acquire\"", \""atomic64_add_return_relaxed\"", \""atomic64_add_return_release\"", \""atomic64_add_unless\"", \""atomic64_and\"", \""atomic64_andnot\"", \""atomic64_cmpxchg\"", \""atomic64_cmpxchg_acquire\"", \""atomic64_cmpxchg_relaxed\"", \""atomic64_cmpxchg_release\"", \""atomic64_dec\"", \""atomic64_dec_and_test\"", \""atomic64_dec_if_positive\"", \""atomic64_dec_return\"", \""atomic64_dec_return_acquire\"", \""atomic64_dec_return_relaxed\"", \""atomic64_dec_return_release\"", \""atomic64_dec_unless_positive\"", \""atomic64_fetch_add\"", \""atomic64_fetch_add_acquire\"", \""atomic64_fetch_add_relaxed\"", \""atomic64_fetch_add_release\"", \""atomic64_fetch_add_unless\"", \""atomic64_fetch_and\"", \""atomic64_fetch_and_acquire\"", \""atomic64_fetch_and_relaxed\"", \""atomic64_fetch_and_release\"", \""atomic64_fetch_andnot\"", \""atomic64_fetch_andnot_acquire\"", \""atomic64_fetch_andnot_relaxed\"", \""atomic64_fetch_andnot_release\"", \""atomic64_fetch_dec\"", \""atomic64_fetch_dec_acquire\"", \""atomic64_fetch_dec_relaxed\"", \""atomic64_fetch_dec_release\"", \""atomic64_fetch_inc\"", \""atomic64_fetch_inc_acquire\"", \""atomic64_fetch_inc_relaxed\"", \""atomic64_fetch_inc_release\"", \""atomic64_fetch_or\"", \""atomic64_fetch_or_acquire\"", \""atomic64_fetch_or_relaxed\"", \""atomic64_fetch_or_release\"", \""atomic64_fetch_sub\"", \""atomic64_fetch_sub_acquire\"", \""atomic64_fetch_sub_relaxed\"", \""atomic64_fetch_sub_release\"", \""atomic64_fetch_xor\"", \""atomic64_fetch_xor_acquire\"", \""atomic64_fetch_xor_relaxed\"", \""atomic64_fetch_xor_release\"", \""atomic64_inc\"", \""atomic64_inc_and_test\"", \""atomic64_inc_not_zero\"", \""atomic64_inc_return\"", \""atomic64_inc_return_acquire\"", \""atomic64_inc_return_relaxed\"", \""atomic64_inc_return_release\"", \""atomic64_inc_unless_negative\"", \""atomic64_or\"", \""atomic64_read\"", \""atomic64_read_acquire\"", \""atomic64_set\"", \""atomic64_set_release\"", \""atomic64_sub\"", \""atomic64_sub_and_test\"", \""atomic64_sub_return\"", \""atomic64_sub_return_acquire\"", \""atomic64_sub_return_relaxed\"", \""atomic64_sub_return_release\"", \""atomic64_try_cmpxchg\"", \""atomic64_try_cmpxchg_acquire\"", \""atomic64_try_cmpxchg_relaxed\"", \""atomic64_try_cmpxchg_release\"", \""atomic64_xchg\"", \""atomic64_xchg_acquire\"", \""atomic64_xchg_relaxed\"", \""atomic64_xchg_release\"", \""atomic64_xor\"", \""atomic_add\"", \""atomic_add_negative\"", \""atomic_add_negative_acquire\"", \""atomic_add_negative_relaxed\"", \""atomic_add_negative_release\"", \""atomic_add_return\"", \""atomic_add_return_acquire\"", \""atomic_add_return_relaxed\"", \""atomic_add_return_release\"", \""atomic_add_unless\"", \""atomic_and\"", \""atomic_andnot\"", \""atomic_cmpxchg\"", \""atomic_cmpxchg_acquire\"", \""atomic_cmpxchg_relaxed\"", \""atomic_cmpxchg_release\"", \""atomic_dec\"", \""atomic_dec_and_test\"", \""atomic_dec_if_positive\"", \""atomic_dec_return\"", \""atomic_dec_return_acquire\"", \""atomic_dec_return_relaxed\"", \""atomic_dec_return_release\"", \""atomic_dec_unless_positive\"", \""atomic_fetch_add\"", \""atomic_fetch_add_acquire\"", \""atomic_fetch_add_relaxed\"", \""atomic_fetch_add_release\"", \""atomic_fetch_add_unless\"", \""atomic_fetch_and\"", \""atomic_fetch_and_acquire\"", \""atomic_fetch_and_relaxed\"", \""atomic_fetch_and_release\"", \""atomic_fetch_andnot\"", \""atomic_fetch_andnot_acquire\"", \""atomic_fetch_andnot_relaxed\"", \""atomic_fetch_andnot_release\"", \""atomic_fetch_dec\"", \""atomic_fetch_dec_acquire\"", \""atomic_fetch_dec_relaxed\"", \""atomic_fetch_dec_release\"", \""atomic_fetch_inc\"", \""atomic_fetch_inc_acquire\"", \""atomic_fetch_inc_relaxed\"", \""atomic_fetch_inc_release\"", \""atomic_fetch_or\"", \""atomic_fetch_or_acquire\"", \""atomic_fetch_or_relaxed\"", \""atomic_fetch_or_release\"", \""atomic_fetch_sub\"", \""atomic_fetch_sub_acquire\"", \""atomic_fetch_sub_relaxed\"", \""atomic_fetch_sub_release\"", \""atomic_fetch_xor\"", \""atomic_fetch_xor_acquire\"", \""atomic_fetch_xor_relaxed\"", \""atomic_fetch_xor_release\"", \""atomic_inc\"", \""atomic_inc_and_test\"", \""atomic_inc_not_zero\"", \""atomic_inc_return\"", \""atomic_inc_return_acquire\"", \""atomic_inc_return_relaxed\"", \""atomic_inc_return_release\"", \""atomic_inc_unless_negative\"", \""atomic_or\"", \""atomic_read\"", \""atomic_read_acquire\"", \""atomic_set\"", \""atomic_set_release\"", \""atomic_sub\"", \""atomic_sub_and_test\"", \""atomic_sub_return\"", \""atomic_sub_return_acquire\"", \""atomic_sub_return_relaxed\"", \""atomic_sub_return_release\"", \""atomic_try_cmpxchg\"", \""atomic_try_cmpxchg_acquire\"", \""atomic_try_cmpxchg_relaxed\"", \""atomic_try_cmpxchg_release\"", \""atomic_xchg\"", \""atomic_xchg_acquire\"", \""atomic_xchg_relaxed\"", \""atomic_xchg_release\"", \""atomic_xor\""]"", ""oracle_type"": ""wrapper_fix"", ""subject"": ""rust: Introduce atomic API helpers""}]}, ""score"": -8.0, ""type"": ""SignatureDrift"", ""warning_id"": ""W-000165"", ""warning_uid"": ""2db6cc9260220082184450d92abdd94f32ffd36db9bb16efbe6fea9e253f41de""}",,,,missing concrete evidence line
promoted_warnings-038,promoted_warnings,_find_next_bit,MAINTAINERS,,"{""c_evidence"": null, ""evidence_chain"": [{""changed_files"": ""[\""MAINTAINERS\"", \""rust/kernel/bitmap.rs\"", \""rust/kernel/lib.rs\"", \""security/Kconfig.hardening\""]"", ""commit_id"": ""11eca92a2caebcc2b3b65ca290385ff4b0498946"", ""date"": ""2025-09-08T07:21:53+00:00"", ""matched_symbols"": ""[\""BITS_PER_LONG\"", \""__clear_bit\"", \""__set_bit\"", \""_find_last_bit\"", \""_find_next_bit\"", \""_find_next_zero_bit\"", \""bitmap_copy_and_extend\"", \""bitmap_free\"", \""bitmap_zalloc\"", \""clear_bit\"", \""set_bit\""]"", ""oracle_type"": ""wrapper_fix"", ""subject"": ""rust: add bitmap API.""}], ""evidence_location"": {""file"": ""MAINTAINERS"", ""line"": """", ""source"": ""changed_files""}, ""pair_id"": ""latest-p012-v6.12-to-v6.13"", ""promotion_reasons"": [""oracle_hit""], ""rust_side"": {""exposure"": {""edge_count"": 1, ""edges"": [{""dst"": ""RustBindingFunction:_find_next_bit"", ""edge_type"": ""GENERATED_FROM"", ""properties"": ""{}"", ""src"": ""CFunction:_find_next_bit"", ""version_id"": ""v6.13""}]}, ""oracle_hits"": [{""changed_files"": ""[\""MAINTAINERS\"", \""rust/kernel/bitmap.rs\"", \""rust/kernel/lib.rs\"", \""security/Kconfig.hardening\""]"", ""commit_id"": ""11eca92a2caebcc2b3b65ca290385ff4b0498946"", ""date"": ""2025-09-08T07:21:53+00:00"", ""matched_symbols"": ""[\""BITS_PER_LONG\"", \""__clear_bit\"", \""__set_bit\"", \""_find_last_bit\"", \""_find_next_bit\"", \""_find_next_zero_bit\"", \""bitmap_copy_and_extend\"", \""bitmap_free\"", \""bitmap_zalloc\"", \""clear_bit\"", \""set_bit\""]"", ""oracle_type"": ""wrapper_fix"", ""subject"": ""rust: add bitmap API.""}]}, ""score"": -1.0, ""type"": ""SignatureDrift"", ""warning_id"": ""W-000007"", ""warning_uid"": ""58210dc814875f913fa841577c3e8ea6c39ef2448c7a52fd32b63a2e19151881""}",,,,missing concrete evidence line
promoted_warnings-039,promoted_warnings,atomic_fetch_or_release,rust/helpers/atomic.c,,"{""c_evidence"": null, ""evidence_chain"": [{""changed_files"": ""[\""rust/helpers/atomic.c\"", \""rust/helpers/helpers.c\"", \""scripts/atomic/gen-atomics.sh\"", \""scripts/atomic/gen-rust-atomic-helpers.sh\""]"", ""commit_id"": ""fdd7c7e0d2ab3987882c570612d4622f437292c7"", ""date"": ""2025-09-04T21:41:28-07:00"", ""matched_symbols"": ""[\""atomic64_add\"", \""atomic64_add_negative\"", \""atomic64_add_negative_acquire\"", \""atomic64_add_negative_relaxed\"", \""atomic64_add_negative_release\"", \""atomic64_add_return\"", \""atomic64_add_return_acquire\"", \""atomic64_add_return_relaxed\"", \""atomic64_add_return_release\"", \""atomic64_add_unless\"", \""atomic64_and\"", \""atomic64_andnot\"", \""atomic64_cmpxchg\"", \""atomic64_cmpxchg_acquire\"", \""atomic64_cmpxchg_relaxed\"", \""atomic64_cmpxchg_release\"", \""atomic64_dec\"", \""atomic64_dec_and_test\"", \""atomic64_dec_if_positive\"", \""atomic64_dec_return\"", \""atomic64_dec_return_acquire\"", \""atomic64_dec_return_relaxed\"", \""atomic64_dec_return_release\"", \""atomic64_dec_unless_positive\"", \""atomic64_fetch_add\"", \""atomic64_fetch_add_acquire\"", \""atomic64_fetch_add_relaxed\"", \""atomic64_fetch_add_release\"", \""atomic64_fetch_add_unless\"", \""atomic64_fetch_and\"", \""atomic64_fetch_and_acquire\"", \""atomic64_fetch_and_relaxed\"", \""atomic64_fetch_and_release\"", \""atomic64_fetch_andnot\"", \""atomic64_fetch_andnot_acquire\"", \""atomic64_fetch_andnot_relaxed\"", \""atomic64_fetch_andnot_release\"", \""atomic64_fetch_dec\"", \""atomic64_fetch_dec_acquire\"", \""atomic64_fetch_dec_relaxed\"", \""atomic64_fetch_dec_release\"", \""atomic64_fetch_inc\"", \""atomic64_fetch_inc_acquire\"", \""atomic64_fetch_inc_relaxed\"", \""atomic64_fetch_inc_release\"", \""atomic64_fetch_or\"", \""atomic64_fetch_or_acquire\"", \""atomic64_fetch_or_relaxed\"", \""atomic64_fetch_or_release\"", \""atomic64_fetch_sub\"", \""atomic64_fetch_sub_acquire\"", \""atomic64_fetch_sub_relaxed\"", \""atomic64_fetch_sub_release\"", \""atomic64_fetch_xor\"", \""atomic64_fetch_xor_acquire\"", \""atomic64_fetch_xor_relaxed\"", \""atomic64_fetch_xor_release\"", \""atomic64_inc\"", \""atomic64_inc_and_test\"", \""atomic64_inc_not_zero\"", \""atomic64_inc_return\"", \""atomic64_inc_return_acquire\"", \""atomic64_inc_return_relaxed\"", \""atomic64_inc_return_release\"", \""atomic64_inc_unless_negative\"", \""atomic64_or\"", \""atomic64_read\"", \""atomic64_read_acquire\"", \""atomic64_set\"", \""atomic64_set_release\"", \""atomic64_sub\"", \""atomic64_sub_and_test\"", \""atomic64_sub_return\"", \""atomic64_sub_return_acquire\"", \""atomic64_sub_return_relaxed\"", \""atomic64_sub_return_release\"", \""atomic64_try_cmpxchg\"", \""atomic64_try_cmpxchg_acquire\"", \""atomic64_try_cmpxchg_relaxed\"", \""atomic64_try_cmpxchg_release\"", \""atomic64_xchg\"", \""atomic64_xchg_acquire\"", \""atomic64_xchg_relaxed\"", \""atomic64_xchg_release\"", \""atomic64_xor\"", \""atomic_add\"", \""atomic_add_negative\"", \""atomic_add_negative_acquire\"", \""atomic_add_negative_relaxed\"", \""atomic_add_negative_release\"", \""atomic_add_return\"", \""atomic_add_return_acquire\"", \""atomic_add_return_relaxed\"", \""atomic_add_return_release\"", \""atomic_add_unless\"", \""atomic_and\"", \""atomic_andnot\"", \""atomic_cmpxchg\"", \""atomic_cmpxchg_acquire\"", \""atomic_cmpxchg_relaxed\"", \""atomic_cmpxchg_release\"", \""atomic_dec\"", \""atomic_dec_and_test\"", \""atomic_dec_if_positive\"", \""atomic_dec_return\"", \""atomic_dec_return_acquire\"", \""atomic_dec_return_relaxed\"", \""atomic_dec_return_release\"", \""atomic_dec_unless_positive\"", \""atomic_fetch_add\"", \""atomic_fetch_add_acquire\"", \""atomic_fetch_add_relaxed\"", \""atomic_fetch_add_release\"", \""atomic_fetch_add_unless\"", \""atomic_fetch_and\"", \""atomic_fetch_and_acquire\"", \""atomic_fetch_and_relaxed\"", \""atomic_fetch_and_release\"", \""atomic_fetch_andnot\"", \""atomic_fetch_andnot_acquire\"", \""atomic_fetch_andnot_relaxed\"", \""atomic_fetch_andnot_release\"", \""atomic_fetch_dec\"", \""atomic_fetch_dec_acquire\"", \""atomic_fetch_dec_relaxed\"", \""atomic_fetch_dec_release\"", \""atomic_fetch_inc\"", \""atomic_fetch_inc_acquire\"", \""atomic_fetch_inc_relaxed\"", \""atomic_fetch_inc_release\"", \""atomic_fetch_or\"", \""atomic_fetch_or_acquire\"", \""atomic_fetch_or_relaxed\"", \""atomic_fetch_or_release\"", \""atomic_fetch_sub\"", \""atomic_fetch_sub_acquire\"", \""atomic_fetch_sub_relaxed\"", \""atomic_fetch_sub_release\"", \""atomic_fetch_xor\"", \""atomic_fetch_xor_acquire\"", \""atomic_fetch_xor_relaxed\"", \""atomic_fetch_xor_release\"", \""atomic_inc\"", \""atomic_inc_and_test\"", \""atomic_inc_not_zero\"", \""atomic_inc_return\"", \""atomic_inc_return_acquire\"", \""atomic_inc_return_relaxed\"", \""atomic_inc_return_release\"", \""atomic_inc_unless_negative\"", \""atomic_or\"", \""atomic_read\"", \""atomic_read_acquire\"", \""atomic_set\"", \""atomic_set_release\"", \""atomic_sub\"", \""atomic_sub_and_test\"", \""atomic_sub_return\"", \""atomic_sub_return_acquire\"", \""atomic_sub_return_relaxed\"", \""atomic_sub_return_release\"", \""atomic_try_cmpxchg\"", \""atomic_try_cmpxchg_acquire\"", \""atomic_try_cmpxchg_relaxed\"", \""atomic_try_cmpxchg_release\"", \""atomic_xchg\"", \""atomic_xchg_acquire\"", \""atomic_xchg_relaxed\"", \""atomic_xchg_release\"", \""atomic_xor\""]"", ""oracle_type"": ""wrapper_fix"", ""subject"": ""rust: Introduce atomic API helpers""}], ""evidence_location"": {""file"": ""rust/helpers/atomic.c"", ""line"": """", ""source"": ""changed_files""}, ""pair_id"": ""latest-p017-v6.17-to-v6.18"", ""promotion_reasons"": [""oracle_hit""], ""rust_side"": {""exposure"": {""edge_count"": 1, ""edges"": [{""dst"": ""RustBindingFunction:atomic_fetch_or_release"", ""edge_type"": ""GENERATED_FROM"", ""properties"": ""{}"", ""src"": ""CFunction:atomic_fetch_or_release"", ""version_id"": ""v6.18""}]}, ""oracle_hits"": [{""changed_files"": ""[\""rust/helpers/atomic.c\"", \""rust/helpers/helpers.c\"", \""scripts/atomic/gen-atomics.sh\"", \""scripts/atomic/gen-rust-atomic-helpers.sh\""]"", ""commit_id"": ""fdd7c7e0d2ab3987882c570612d4622f437292c7"", ""date"": ""2025-09-04T21:41:28-07:00"", ""matched_symbols"": ""[\""atomic64_add\"", \""atomic64_add_negative\"", \""atomic64_add_negative_acquire\"", \""atomic64_add_negative_relaxed\"", \""atomic64_add_negative_release\"", \""atomic64_add_return\"", \""atomic64_add_return_acquire\"", \""atomic64_add_return_relaxed\"", \""atomic64_add_return_release\"", \""atomic64_add_unless\"", \""atomic64_and\"", \""atomic64_andnot\"", \""atomic64_cmpxchg\"", \""atomic64_cmpxchg_acquire\"", \""atomic64_cmpxchg_relaxed\"", \""atomic64_cmpxchg_release\"", \""atomic64_dec\"", \""atomic64_dec_and_test\"", \""atomic64_dec_if_positive\"", \""atomic64_dec_return\"", \""atomic64_dec_return_acquire\"", \""atomic64_dec_return_relaxed\"", \""atomic64_dec_return_release\"", \""atomic64_dec_unless_positive\"", \""atomic64_fetch_add\"", \""atomic64_fetch_add_acquire\"", \""atomic64_fetch_add_relaxed\"", \""atomic64_fetch_add_release\"", \""atomic64_fetch_add_unless\"", \""atomic64_fetch_and\"", \""atomic64_fetch_and_acquire\"", \""atomic64_fetch_and_relaxed\"", \""atomic64_fetch_and_release\"", \""atomic64_fetch_andnot\"", \""atomic64_fetch_andnot_acquire\"", \""atomic64_fetch_andnot_relaxed\"", \""atomic64_fetch_andnot_release\"", \""atomic64_fetch_dec\"", \""atomic64_fetch_dec_acquire\"", \""atomic64_fetch_dec_relaxed\"", \""atomic64_fetch_dec_release\"", \""atomic64_fetch_inc\"", \""atomic64_fetch_inc_acquire\"", \""atomic64_fetch_inc_relaxed\"", \""atomic64_fetch_inc_release\"", \""atomic64_fetch_or\"", \""atomic64_fetch_or_acquire\"", \""atomic64_fetch_or_relaxed\"", \""atomic64_fetch_or_release\"", \""atomic64_fetch_sub\"", \""atomic64_fetch_sub_acquire\"", \""atomic64_fetch_sub_relaxed\"", \""atomic64_fetch_sub_release\"", \""atomic64_fetch_xor\"", \""atomic64_fetch_xor_acquire\"", \""atomic64_fetch_xor_relaxed\"", \""atomic64_fetch_xor_release\"", \""atomic64_inc\"", \""atomic64_inc_and_test\"", \""atomic64_inc_not_zero\"", \""atomic64_inc_return\"", \""atomic64_inc_return_acquire\"", \""atomic64_inc_return_relaxed\"", \""atomic64_inc_return_release\"", \""atomic64_inc_unless_negative\"", \""atomic64_or\"", \""atomic64_read\"", \""atomic64_read_acquire\"", \""atomic64_set\"", \""atomic64_set_release\"", \""atomic64_sub\"", \""atomic64_sub_and_test\"", \""atomic64_sub_return\"", \""atomic64_sub_return_acquire\"", \""atomic64_sub_return_relaxed\"", \""atomic64_sub_return_release\"", \""atomic64_try_cmpxchg\"", \""atomic64_try_cmpxchg_acquire\"", \""atomic64_try_cmpxchg_relaxed\"", \""atomic64_try_cmpxchg_release\"", \""atomic64_xchg\"", \""atomic64_xchg_acquire\"", \""atomic64_xchg_relaxed\"", \""atomic64_xchg_release\"", \""atomic64_xor\"", \""atomic_add\"", \""atomic_add_negative\"", \""atomic_add_negative_acquire\"", \""atomic_add_negative_relaxed\"", \""atomic_add_negative_release\"", \""atomic_add_return\"", \""atomic_add_return_acquire\"", \""atomic_add_return_relaxed\"", \""atomic_add_return_release\"", \""atomic_add_unless\"", \""atomic_and\"", \""atomic_andnot\"", \""atomic_cmpxchg\"", \""atomic_cmpxchg_acquire\"", \""atomic_cmpxchg_relaxed\"", \""atomic_cmpxchg_release\"", \""atomic_dec\"", \""atomic_dec_and_test\"", \""atomic_dec_if_positive\"", \""atomic_dec_return\"", \""atomic_dec_return_acquire\"", \""atomic_dec_return_relaxed\"", \""atomic_dec_return_release\"", \""atomic_dec_unless_positive\"", \""atomic_fetch_add\"", \""atomic_fetch_add_acquire\"", \""atomic_fetch_add_relaxed\"", \""atomic_fetch_add_release\"", \""atomic_fetch_add_unless\"", \""atomic_fetch_and\"", \""atomic_fetch_and_acquire\"", \""atomic_fetch_and_relaxed\"", \""atomic_fetch_and_release\"", \""atomic_fetch_andnot\"", \""atomic_fetch_andnot_acquire\"", \""atomic_fetch_andnot_relaxed\"", \""atomic_fetch_andnot_release\"", \""atomic_fetch_dec\"", \""atomic_fetch_dec_acquire\"", \""atomic_fetch_dec_relaxed\"", \""atomic_fetch_dec_release\"", \""atomic_fetch_inc\"", \""atomic_fetch_inc_acquire\"", \""atomic_fetch_inc_relaxed\"", \""atomic_fetch_inc_release\"", \""atomic_fetch_or\"", \""atomic_fetch_or_acquire\"", \""atomic_fetch_or_relaxed\"", \""atomic_fetch_or_release\"", \""atomic_fetch_sub\"", \""atomic_fetch_sub_acquire\"", \""atomic_fetch_sub_relaxed\"", \""atomic_fetch_sub_release\"", \""atomic_fetch_xor\"", \""atomic_fetch_xor_acquire\"", \""atomic_fetch_xor_relaxed\"", \""atomic_fetch_xor_release\"", \""atomic_inc\"", \""atomic_inc_and_test\"", \""atomic_inc_not_zero\"", \""atomic_inc_return\"", \""atomic_inc_return_acquire\"", \""atomic_inc_return_relaxed\"", \""atomic_inc_return_release\"", \""atomic_inc_unless_negative\"", \""atomic_or\"", \""atomic_read\"", \""atomic_read_acquire\"", \""atomic_set\"", \""atomic_set_release\"", \""atomic_sub\"", \""atomic_sub_and_test\"", \""atomic_sub_return\"", \""atomic_sub_return_acquire\"", \""atomic_sub_return_relaxed\"", \""atomic_sub_return_release\"", \""atomic_try_cmpxchg\"", \""atomic_try_cmpxchg_acquire\"", \""atomic_try_cmpxchg_relaxed\"", \""atomic_try_cmpxchg_release\"", \""atomic_xchg\"", \""atomic_xchg_acquire\"", \""atomic_xchg_relaxed\"", \""atomic_xchg_release\"", \""atomic_xor\""]"", ""oracle_type"": ""wrapper_fix"", ""subject"": ""rust: Introduce atomic API helpers""}]}, ""score"": -8.0, ""type"": ""SignatureDrift"", ""warning_id"": ""W-000136"", ""warning_uid"": ""61404786dfc448a6675a3ebfe45bf36829e413a870e5334adb1ca9a6991b17f4""}",,,,missing concrete evidence line
promoted_warnings-040,promoted_warnings,request,.binddrift/worktrees/v6.12/rust/kernel/block/mq/operations.rs,118,"{""c_evidence"": null, ""evidence_chain"": [{""line"": 118, ""nearby_api"": null, ""rust_file"": "".binddrift/worktrees/v6.12/rust/kernel/block/mq/operations.rs"", ""text"": ""/// implemented, and there is no way to exercise this code path.""}, {""line"": 119, ""nearby_api"": null, ""rust_file"": "".binddrift/worktrees/v6.12/rust/kernel/block/mq/operations.rs"", ""text"": ""///""}, {""line"": 120, ""nearby_api"": null, ""rust_file"": "".binddrift/worktrees/v6.12/rust/kernel/block/mq/operations.rs"", ""text"": ""/// # Safety""}, {""line"": 121, ""nearby_api"": null, ""rust_file"": "".binddrift/worktrees/v6.12/rust/kernel/block/mq/operations.rs"", ""text"": ""///""}, {""line"": 122, ""nearby_api"": null, ""rust_file"": "".binddrift/worktrees/v6.12/rust/kernel/block/mq/operations.rs"", ""text"": ""/// This function may only be called by blk-mq C infrastructure.""}, {""line"": 125, ""nearby_api"": null, ""rust_file"": "".binddrift/worktrees/v6.12/rust/kernel/block/mq/operations.rs"", ""text"": ""/// This function is called by the C kernel. A pointer to this function is""}, {""line"": 126, ""nearby_api"": null, ""rust_file"": "".binddrift/worktrees/v6.12/rust/kernel/block/mq/operations.rs"", ""text"": ""/// installed in the `blk_mq_ops` vtable for the driver.""}, {""line"": 173, ""nearby_api"": null, ""rust_file"": "".binddrift/worktrees/v6.12/rust/kernel/block/mq/operations.rs"", ""text"": ""/// - `rq` must point to an initialized `bindings::request`.""}, {""line"": 174, ""nearby_api"": null, ""rust_file"": "".binddrift/worktrees/v6.12/rust/kernel/block/mq/operations.rs"", ""text"": ""/// - The allocation pointed to by `rq` must be at the size of `Request`""}, {""line"": 175, ""nearby_api"": null, ""rust_file"": "".binddrift/worktrees/v6.12/rust/kernel/block/mq/operations.rs"", ""text"": ""///   plus the size of `RequestDataWrapper`.""}, {""line"": 183, ""nearby_api"": null, ""rust_file"": "".binddrift/worktrees/v6.12/rust/kernel/block/mq/operations.rs"", ""text"": ""// SAFETY: By the safety requirements of this function, `rq` points""}, {""line"": 200, ""nearby_api"": null, ""rust_file"": "".binddrift/worktrees/v6.12/rust/kernel/block/mq/operations.rs"", ""text"": ""/// - This function may only be called by blk-mq C infrastructure.""}, {""line"": 201, ""nearby_api"": null, ""rust_file"": "".binddrift/worktrees/v6.12/rust/kernel/block/mq/operations.rs"", ""text"": ""/// - `_set` must point to an initialized `TagSet<T>`.""}, {""line"": 202, ""nearby_api"": null, ""rust_file"": "".binddrift/worktrees/v6.12/rust/kernel/block/mq/operations.rs"", ""text"": ""/// - `rq` must point to an initialized and valid `Request`.""}, {""line"": 48, ""nearby_api"": null, ""rust_file"": "".binddrift/worktrees/v6.12/rust/kernel/block/mq/request.rs"", ""text"": ""///   and valid `RequestDataWrapper<T>`.""}, {""line"": 49, ""nearby_api"": null, ""rust_file"": "".binddrift/worktrees/v6.12/rust/kernel/block/mq/request.rs"", ""text"": ""/// * `self` is reference counted by atomic modification of""}, {""line"": 50, ""nearby_api"": null, ""rust_file"": "".binddrift/worktrees/v6.12/rust/kernel/block/mq/request.rs"", ""text"": ""///   self.wrapper_ref().refcount().""}, {""line"": 51, ""nearby_api"": null, ""rust_file"": "".binddrift/worktrees/v6.12/rust/kernel/block/mq/request.rs"", ""text"": ""///""}, {""line"": 56, ""nearby_api"": null, ""rust_file"": "".binddrift/worktrees/v6.12/rust/kernel/block/mq/request.rs"", ""text"": ""/// Create an `ARef<Request>` from a `struct request` pointer.""}, {""line"": 57, ""nearby_api"": null, ""rust_file"": "".binddrift/worktrees/v6.12/rust/kernel/block/mq/request.rs"", ""text"": ""///""}, {""line"": 67, ""mapping_type"": ""NONNULL_MAPPING"", ""nearby_api"": ""Request<T>::aref_from_raw"", ""rust_file"": "".binddrift/worktrees/v6.12/rust/kernel/block/mq/request.rs"", ""text"": ""unsafe { ARef::from_raw(NonNull::new_unchecked(ptr as *const Self as *mut Self)) }""}, {""evidence_text"": ""pub struct Request<T: Operations>(Opaque<bindings::request>, PhantomData<T>);"", ""fact_type"": ""OPAQUE"", ""line"": 53, ""rust_file"": "".binddrift/worktrees/v6.12/rust/kernel/block/mq/request.rs"", ""rust_type"": null, ""uses_bindings"": ""[\""request\""]""}, {""evidence_text"": ""/// Create an `ARef<Request>` from a `struct request` pointer."", ""fact_type"": ""AREF"", ""line"": 56, ""rust_file"": "".binddrift/worktrees/v6.12/rust/kernel/block/mq/request.rs"", ""rust_type"": ""Request<T>"", ""uses_bindings"": ""[\""request\""]""}, {""evidence_text"": ""pub(crate) unsafe fn aref_from_raw(ptr: *mut bindings::request) -> ARef<Self> {"", ""fact_type"": ""AREF"", ""line"": 63, ""rust_file"": "".binddrift/worktrees/v6.12/rust/kernel/block/mq/request.rs"", ""rust_type"": ""Request<T>"", ""uses_bindings"": ""[\""request\""]""}, {""evidence_text"": ""pub(crate) unsafe fn aref_from_raw(ptr: *mut bindings::request) -> ARef<Self> {"", ""fact_type"": ""FROM_RAW"", ""line"": 63, ""rust_file"": "".binddrift/worktrees/v6.12/rust/kernel/block/mq/request.rs"", ""rust_type"": ""Request<T>"", ""uses_bindings"": ""[\""request\""]""}, {""evidence_text"": ""fn try_set_end(this: ARef<Self>) -> Result<*mut bindings::request, ARef<Self>> {"", ""fact_type"": ""AREF"", ""line"": 93, ""rust_file"": "".binddrift/worktrees/v6.12/rust/kernel/block/mq/request.rs"", ""rust_type"": ""Request<T>"", ""uses_bindings"": ""[\""request\""]""}, {""changed_files"": ""[\""rust/kernel/block/mq/request.rs\""]"", ""commit_id"": ""28e848386b92645f93b9f2fdba5882c3ca7fb3e2"", ""date"": ""2024-09-03T19:30:29+02:00"", ""matched_symbols"": ""[\""request\""]"", ""oracle_type"": ""wrapper_fix"", ""subject"": ""rust: block: fix formatting of `kernel::block::mq::request` module""}, {""changed_files"": ""[\""rust/kernel/block/mq/operations.rs\"", \""rust/kernel/block/mq/request.rs\"", \""rust/kernel/sync/refcount.rs\""]"", ""commit_id"": ""a307bf1db5448eccd72a1d7857f7661c6330d5ad"", ""date"": ""2025-09-04T21:41:40-07:00"", ""matched_symbols"": ""[\""refcount_t\"", \""request\""]"", ""oracle_type"": ""wrapper_fix"", ""subject"": ""rust: block: convert `block::mq` to use `Refcount`""}], ""evidence_location"": {""file"": "".binddrift/worktrees/v6.12/rust/kernel/block/mq/operations.rs"", ""line"": ""118"", ""source"": ""evidence""}, ""pair_id"": ""latest-p011-v6.11-to-v6.12"", ""promotion_reasons"": [""exposes_safe_api"", ""has_safety_comment"", ""has_error_mapping"", ""has_lifetime_fact"", ""oracle_hit""], ""rust_side"": {""error_mappings"": [{""line"": 67, ""mapping_type"": ""NONNULL_MAPPING"", ""nearby_api"": ""Request<T>::aref_from_raw"", ""rust_file"": "".binddrift/worktrees/v6.12/rust/kernel/block/mq/request.rs"", ""text"": ""unsafe { ARef::from_raw(NonNull::new_unchecked(ptr as *const Self as *mut Self)) }""}], ""exposure"": {""edge_count"": 50, ""edges"": [{""dst"": ""RustBindingStruct:request"", ""edge_type"": ""GENERATED_FROM"", ""properties"": ""{}"", ""src"": ""CStruct:request"", ""version_id"": ""v6.12""}, {""dst"": ""RustErrorMapping:.binddrift/worktrees/v6.12/rust/kernel/block/mq/request.rs:67:NONNULL_MAPPING"", ""edge_type"": ""HAS_ERROR_MAPPING"", ""properties"": ""{}"", ""src"": ""RustBindingFunction:request"", ""version_id"": ""v6.12""}, {""dst"": ""RustErrorMapping:.binddrift/worktrees/v6.12/rust/kernel/block/mq/request.rs:93:RESULT_RETURN"", ""edge_type"": ""HAS_ERROR_MAPPING"", ""properties"": ""{}"", ""src"": ""RustBindingFunction:request"", ""version_id"": ""v6.12""}, {""dst"": ""RustLifetimeFact:.binddrift/worktrees/v6.12/rust/kernel/block/mq/request.rs:53:OPAQUE"", ""edge_type"": ""AFFECTS_LIFETIME"", ""properties"": ""{}"", ""src"": ""RustBindingFunction:request"", ""version_id"": ""v6.12""}, {""dst"": ""RustLifetimeFact:.binddrift/worktrees/v6.12/rust/kernel/block/mq/request.rs:56:AREF"", ""edge_type"": ""AFFECTS_LIFETIME"", ""properties"": ""{}"", ""src"": ""RustBindingFunction:request"", ""version_id"": ""v6.12""}, {""dst"": ""RustLifetimeFact:.binddrift/worktrees/v6.12/rust/kernel/block/mq/request.rs:63:AREF"", ""edge_type"": ""AFFECTS_LIFETIME"", ""properties"": ""{}"", ""src"": ""RustBindingFunction:request"", ""version_id"": ""v6.12""}, {""dst"": ""RustLifetimeFact:.binddrift/worktrees/v6.12/rust/kernel/block/mq/request.rs:63:FROM_RAW"", ""edge_type"": ""AFFECTS_LIFETIME"", ""properties"": ""{}"", ""src"": ""RustBindingFunction:request"", ""version_id"": ""v6.12""}, {""dst"": ""RustLifetimeFact:.binddrift/worktrees/v6.12/rust/kernel/block/mq/request.rs:93:AREF"", ""edge_type"": ""AFFECTS_LIFETIME"", ""properties"": ""{}"", ""src"": ""RustBindingFunction:request"", ""version_id"": ""v6.12""}, {""dst"": ""RustSafetyComment:.binddrift/worktrees/v6.12/rust/kernel/block/mq/operations.rs:118"", ""edge_type"": ""HAS_SAFETY_COMMENT"", ""properties"": ""{}"", ""src"": ""RustBindingFunction:request"", ""version_id"": ""v6.12""}, {""dst"": ""RustSafetyComment:.binddrift/worktrees/v6.12/rust/kernel/block/mq/operations.rs:119"", ""edge_type"": ""HAS_SAFETY_COMMENT"", ""properties"": ""{}"", ""src"": ""RustBindingFunction:request"", ""version_id"": ""v6.12""}]}, ""lifetime_facts"": [{""evidence_text"": ""pub struct Request<T: Operations>(Opaque<bindings::request>, PhantomData<T>);"", ""fact_type"": ""OPAQUE"", ""line"": 53, ""rust_file"": "".binddrift/worktrees/v6.12/rust/kernel/block/mq/request.rs"", ""rust_type"": null, ""uses_bindings"": ""[\""request\""]""}, {""evidence_text"": ""/// Create an `ARef<Request>` from a `struct request` pointer."", ""fact_type"": ""AREF"", ""line"": 56, ""rust_file"": "".binddrift/worktrees/v6.12/rust/kernel/block/mq/request.rs"", ""rust_type"": ""Request<T>"", ""uses_bindings"": ""[\""request\""]""}, {""evidence_text"": ""pub(crate) unsafe fn aref_from_raw(ptr: *mut bindings::request) -> ARef<Self> {"", ""fact_type"": ""AREF"", ""line"": 63, ""rust_file"": "".binddrift/worktrees/v6.12/rust/kernel/block/mq/request.rs"", ""rust_type"": ""Request<T>"", ""uses_bindings"": ""[\""request\""]""}, {""evidence_text"": ""pub(crate) unsafe fn aref_from_raw(ptr: *mut bindings::request) -> ARef<Self> {"", ""fact_type"": ""FROM_RAW"", ""line"": 63, ""rust_file"": "".binddrift/worktrees/v6.12/rust/kernel/block/mq/request.rs"", ""rust_type"": ""Request<T>"", ""uses_bindings"": ""[\""request\""]""}, {""evidence_text"": ""fn try_set_end(this: ARef<Self>) -> Result<*mut bindings::request, ARef<Self>> {"", ""fact_type"": ""AREF"", ""line"": 93, ""rust_file"": "".binddrift/worktrees/v6.12/rust/kernel/block/mq/request.rs"", ""rust_type"": ""Request<T>"", ""uses_bindings"": ""[\""request\""]""}], ""oracle_hits"": [{""changed_files"": ""[\""rust/kernel/block/mq/request.rs\""]"", ""commit_id"": ""28e848386b92645f93b9f2fdba5882c3ca7fb3e2"", ""date"": ""2024-09-03T19:30:29+02:00"", ""matched_symbols"": ""[\""request\""]"", ""oracle_type"": ""wrapper_fix"", ""subject"": ""rust: block: fix formatting of `kernel::block::mq::request` module""}, {""changed_files"": ""[\""rust/kernel/block/mq/operations.rs\"", \""rust/kernel/block/mq/request.rs\"", \""rust/kernel/sync/refcount.rs\""]"", ""commit_id"": ""a307bf1db5448eccd72a1d7857f7661c6330d5ad"", ""date"": ""2025-09-04T21:41:40-07:00"", ""matched_symbols"": ""[\""refcount_t\"", \""request\""]"", ""oracle_type"": ""wrapper_fix"", ""subject"": ""rust: block: convert `block::mq` to use `Refcount`""}], ""safe_apis"": [{""api_name"": ""Request<T>::aref_from_raw"", ""line"": 63, ""params"": ""\""ptr: *mut bindings::request\"""", ""receiver_type"": ""Request<T>"", ""return_type"": ""ARef<Self>"", ""rust_file"": "".binddrift/worktrees/v6.12/rust/kernel/block/mq/request.rs"", ""uses_bindings"": ""[\""request\""]"", ""visibility"": ""pub(crate)""}, {""api_name"": ""Request<T>::wrapper_ptr"", ""line"": 133, ""params"": ""\""this: *mut Self\"""", ""receiver_type"": ""Request<T>"", ""return_type"": ""NonNull<RequestDataWrapper>"", ""rust_file"": "".binddrift/worktrees/v6.12/rust/kernel/block/mq/request.rs"", ""uses_bindings"": ""[\""blk_mq_rq_to_pdu\"", \""request\""]"", ""visibility"": ""pub(crate)""}], ""safety_comments"": [{""line"": 118, ""nearby_api"": null, ""rust_file"": "".binddrift/worktrees/v6.12/rust/kernel/block/mq/operations.rs"", ""text"": ""/// implemented, and there is no way to exercise this code path.""}, {""line"": 119, ""nearby_api"": null, ""rust_file"": "".binddrift/worktrees/v6.12/rust/kernel/block/mq/operations.rs"", ""text"": ""///""}, {""line"": 120, ""nearby_api"": null, ""rust_file"": "".binddrift/worktrees/v6.12/rust/kernel/block/mq/operations.rs"", ""text"": ""/// # Safety""}, {""line"": 121, ""nearby_api"": null, ""rust_file"": "".binddrift/worktrees/v6.12/rust/kernel/block/mq/operations.rs"", ""text"": ""///""}, {""line"": 122, ""nearby_api"": null, ""rust_file"": "".binddrift/worktrees/v6.12/rust/kernel/block/mq/operations.rs"", ""text"": ""/// This function may only be called by blk-mq C infrastructure.""}, {""line"": 125, ""nearby_api"": null, ""rust_file"": "".binddrift/worktrees/v6.12/rust/kernel/block/mq/operations.rs"", ""text"": ""/// This function is called by the C kernel. A pointer to this function is""}, {""line"": 126, ""nearby_api"": null, ""rust_file"": "".binddrift/worktrees/v6.12/rust/kernel/block/mq/operations.rs"", ""text"": ""/// installed in the `blk_mq_ops` vtable for the driver.""}, {""line"": 173, ""nearby_api"": null, ""rust_file"": "".binddrift/worktrees/v6.12/rust/kernel/block/mq/operations.rs"", ""text"": ""/// - `rq` must point to an initialized `bindings::request`.""}, {""line"": 174, ""nearby_api"": null, ""rust_file"": "".binddrift/worktrees/v6.12/rust/kernel/block/mq/operations.rs"", ""text"": ""/// - The allocation pointed to by `rq` must be at the size of `Request`""}, {""line"": 175, ""nearby_api"": null, ""rust_file"": "".binddrift/worktrees/v6.12/rust/kernel/block/mq/operations.rs"", ""text"": ""///   plus the size of `RequestDataWrapper`.""}, {""line"": 183, ""nearby_api"": null, ""rust_file"": "".binddrift/worktrees/v6.12/rust/kernel/block/mq/operations.rs"", ""text"": ""// SAFETY: By the safety requirements of this function, `rq` points""}, {""line"": 200, ""nearby_api"": null, ""rust_file"": "".binddrift/worktrees/v6.12/rust/kernel/block/mq/operations.rs"", ""text"": ""/// - This function may only be called by blk-mq C infrastructure.""}, {""line"": 201, ""nearby_api"": null, ""rust_file"": "".binddrift/worktrees/v6.12/rust/kernel/block/mq/operations.rs"", ""text"": ""/// - `_set` must point to an initialized `TagSet<T>`.""}, {""line"": 202, ""nearby_api"": null, ""rust_file"": "".binddrift/worktrees/v6.12/rust/kernel/block/mq/operations.rs"", ""text"": ""/// - `rq` must point to an initialized and valid `Request`.""}, {""line"": 48, ""nearby_api"": null, ""rust_file"": "".binddrift/worktrees/v6.12/rust/kernel/block/mq/request.rs"", ""text"": ""///   and valid `RequestDataWrapper<T>`.""}, {""line"": 49, ""nearby_api"": null, ""rust_file"": "".binddrift/worktrees/v6.12/rust/kernel/block/mq/request.rs"", ""text"": ""/// * `self` is reference counted by atomic modification of""}, {""line"": 50, ""nearby_api"": null, ""rust_file"": "".binddrift/worktrees/v6.12/rust/kernel/block/mq/request.rs"", ""text"": ""///   self.wrapper_ref().refcount().""}, {""line"": 51, ""nearby_api"": null, ""rust_file"": "".binddrift/worktrees/v6.12/rust/kernel/block/mq/request.rs"", ""text"": ""///""}, {""line"": 56, ""nearby_api"": null, ""rust_file"": "".binddrift/worktrees/v6.12/rust/kernel/block/mq/request.rs"", ""text"": ""/// Create an `ARef<Request>` from a `struct request` pointer.""}, {""line"": 57, ""nearby_api"": null, ""rust_file"": "".binddrift/worktrees/v6.12/rust/kernel/block/mq/request.rs"", ""text"": ""///""}], ""uses"": [{""enclosing_function"": ""complete_callback"", ""enclosing_impl"": ""OperationsVTable<T>"", ""enclosing_type"": ""OperationsVTable<T>"", ""enclosing_unsafe_block"": 0, ""line"": 123, ""rust_file"": "".binddrift/worktrees/v6.12/rust/kernel/block/mq/operations.rs""}, {""enclosing_function"": ""complete_callback"", ""enclosing_impl"": ""OperationsVTable<T>"", ""enclosing_type"": ""OperationsVTable<T>"", ""enclosing_unsafe_block"": 0, ""line"": 178, ""rust_file"": "".binddrift/worktrees/v6.12/rust/kernel/block/mq/operations.rs""}, {""enclosing_function"": ""complete_callback"", ""enclosing_impl"": ""OperationsVTable<T>"", ""enclosing_type"": ""OperationsVTable<T>"", ""enclosing_unsafe_block"": 0, ""line"": 205, ""rust_file"": "".binddrift/worktrees/v6.12/rust/kernel/block/mq/operations.rs""}, {""enclosing_function"": null, ""enclosing_impl"": null, ""enclosing_type"": null, ""enclosing_unsafe_block"": 0, ""line"": 53, ""rust_file"": "".binddrift/worktrees/v6.12/rust/kernel/block/mq/request.rs""}, {""enclosing_function"": ""Request<T>::aref_from_raw"", ""enclosing_impl"": ""Request<T>"", ""enclosing_type"": ""Request<T>"", ""enclosing_unsafe_block"": 0, ""line"": 63, ""rust_file"": "".binddrift/worktrees/v6.12/rust/kernel/block/mq/request.rs""}, {""enclosing_function"": ""try_set_end"", ""enclosing_impl"": ""Request<T>"", ""enclosing_type"": ""Request<T>"", ""enclosing_unsafe_block"": 0, ""line"": 93, ""rust_file"": "".binddrift/worktrees/v6.12/rust/kernel/block/mq/request.rs""}, {""enclosing_function"": ""Request<T>::wrapper_ptr"", ""enclosing_impl"": ""Request<T>"", ""enclosing_type"": ""Request<T>"", ""enclosing_unsafe_block"": 0, ""line"": 134, ""rust_file"": "".binddrift/worktrees/v6.12/rust/kernel/block/mq/request.rs""}]}, ""score"": 15.0, ""type"": ""FieldDrift"", ""warning_id"": ""W-000003"", ""warning_uid"": ""4a687423f6942a1f923ca47534f404f4b2a91d6cea4bb503baba951b6d15b660""}",,,,
promoted_warnings-041,promoted_warnings,atomic64_inc_return_release,rust/helpers/atomic.c,,"{""c_evidence"": null, ""evidence_chain"": [{""changed_files"": ""[\""rust/helpers/atomic.c\"", \""rust/helpers/helpers.c\"", \""scripts/atomic/gen-atomics.sh\"", \""scripts/atomic/gen-rust-atomic-helpers.sh\""]"", ""commit_id"": ""fdd7c7e0d2ab3987882c570612d4622f437292c7"", ""date"": ""2025-09-04T21:41:28-07:00"", ""matched_symbols"": ""[\""atomic64_add\"", \""atomic64_add_negative\"", \""atomic64_add_negative_acquire\"", \""atomic64_add_negative_relaxed\"", \""atomic64_add_negative_release\"", \""atomic64_add_return\"", \""atomic64_add_return_acquire\"", \""atomic64_add_return_relaxed\"", \""atomic64_add_return_release\"", \""atomic64_add_unless\"", \""atomic64_and\"", \""atomic64_andnot\"", \""atomic64_cmpxchg\"", \""atomic64_cmpxchg_acquire\"", \""atomic64_cmpxchg_relaxed\"", \""atomic64_cmpxchg_release\"", \""atomic64_dec\"", \""atomic64_dec_and_test\"", \""atomic64_dec_if_positive\"", \""atomic64_dec_return\"", \""atomic64_dec_return_acquire\"", \""atomic64_dec_return_relaxed\"", \""atomic64_dec_return_release\"", \""atomic64_dec_unless_positive\"", \""atomic64_fetch_add\"", \""atomic64_fetch_add_acquire\"", \""atomic64_fetch_add_relaxed\"", \""atomic64_fetch_add_release\"", \""atomic64_fetch_add_unless\"", \""atomic64_fetch_and\"", \""atomic64_fetch_and_acquire\"", \""atomic64_fetch_and_relaxed\"", \""atomic64_fetch_and_release\"", \""atomic64_fetch_andnot\"", \""atomic64_fetch_andnot_acquire\"", \""atomic64_fetch_andnot_relaxed\"", \""atomic64_fetch_andnot_release\"", \""atomic64_fetch_dec\"", \""atomic64_fetch_dec_acquire\"", \""atomic64_fetch_dec_relaxed\"", \""atomic64_fetch_dec_release\"", \""atomic64_fetch_inc\"", \""atomic64_fetch_inc_acquire\"", \""atomic64_fetch_inc_relaxed\"", \""atomic64_fetch_inc_release\"", \""atomic64_fetch_or\"", \""atomic64_fetch_or_acquire\"", \""atomic64_fetch_or_relaxed\"", \""atomic64_fetch_or_release\"", \""atomic64_fetch_sub\"", \""atomic64_fetch_sub_acquire\"", \""atomic64_fetch_sub_relaxed\"", \""atomic64_fetch_sub_release\"", \""atomic64_fetch_xor\"", \""atomic64_fetch_xor_acquire\"", \""atomic64_fetch_xor_relaxed\"", \""atomic64_fetch_xor_release\"", \""atomic64_inc\"", \""atomic64_inc_and_test\"", \""atomic64_inc_not_zero\"", \""atomic64_inc_return\"", \""atomic64_inc_return_acquire\"", \""atomic64_inc_return_relaxed\"", \""atomic64_inc_return_release\"", \""atomic64_inc_unless_negative\"", \""atomic64_or\"", \""atomic64_read\"", \""atomic64_read_acquire\"", \""atomic64_set\"", \""atomic64_set_release\"", \""atomic64_sub\"", \""atomic64_sub_and_test\"", \""atomic64_sub_return\"", \""atomic64_sub_return_acquire\"", \""atomic64_sub_return_relaxed\"", \""atomic64_sub_return_release\"", \""atomic64_try_cmpxchg\"", \""atomic64_try_cmpxchg_acquire\"", \""atomic64_try_cmpxchg_relaxed\"", \""atomic64_try_cmpxchg_release\"", \""atomic64_xchg\"", \""atomic64_xchg_acquire\"", \""atomic64_xchg_relaxed\"", \""atomic64_xchg_release\"", \""atomic64_xor\"", \""atomic_add\"", \""atomic_add_negative\"", \""atomic_add_negative_acquire\"", \""atomic_add_negative_relaxed\"", \""atomic_add_negative_release\"", \""atomic_add_return\"", \""atomic_add_return_acquire\"", \""atomic_add_return_relaxed\"", \""atomic_add_return_release\"", \""atomic_add_unless\"", \""atomic_and\"", \""atomic_andnot\"", \""atomic_cmpxchg\"", \""atomic_cmpxchg_acquire\"", \""atomic_cmpxchg_relaxed\"", \""atomic_cmpxchg_release\"", \""atomic_dec\"", \""atomic_dec_and_test\"", \""atomic_dec_if_positive\"", \""atomic_dec_return\"", \""atomic_dec_return_acquire\"", \""atomic_dec_return_relaxed\"", \""atomic_dec_return_release\"", \""atomic_dec_unless_positive\"", \""atomic_fetch_add\"", \""atomic_fetch_add_acquire\"", \""atomic_fetch_add_relaxed\"", \""atomic_fetch_add_release\"", \""atomic_fetch_add_unless\"", \""atomic_fetch_and\"", \""atomic_fetch_and_acquire\"", \""atomic_fetch_and_relaxed\"", \""atomic_fetch_and_release\"", \""atomic_fetch_andnot\"", \""atomic_fetch_andnot_acquire\"", \""atomic_fetch_andnot_relaxed\"", \""atomic_fetch_andnot_release\"", \""atomic_fetch_dec\"", \""atomic_fetch_dec_acquire\"", \""atomic_fetch_dec_relaxed\"", \""atomic_fetch_dec_release\"", \""atomic_fetch_inc\"", \""atomic_fetch_inc_acquire\"", \""atomic_fetch_inc_relaxed\"", \""atomic_fetch_inc_release\"", \""atomic_fetch_or\"", \""atomic_fetch_or_acquire\"", \""atomic_fetch_or_relaxed\"", \""atomic_fetch_or_release\"", \""atomic_fetch_sub\"", \""atomic_fetch_sub_acquire\"", \""atomic_fetch_sub_relaxed\"", \""atomic_fetch_sub_release\"", \""atomic_fetch_xor\"", \""atomic_fetch_xor_acquire\"", \""atomic_fetch_xor_relaxed\"", \""atomic_fetch_xor_release\"", \""atomic_inc\"", \""atomic_inc_and_test\"", \""atomic_inc_not_zero\"", \""atomic_inc_return\"", \""atomic_inc_return_acquire\"", \""atomic_inc_return_relaxed\"", \""atomic_inc_return_release\"", \""atomic_inc_unless_negative\"", \""atomic_or\"", \""atomic_read\"", \""atomic_read_acquire\"", \""atomic_set\"", \""atomic_set_release\"", \""atomic_sub\"", \""atomic_sub_and_test\"", \""atomic_sub_return\"", \""atomic_sub_return_acquire\"", \""atomic_sub_return_relaxed\"", \""atomic_sub_return_release\"", \""atomic_try_cmpxchg\"", \""atomic_try_cmpxchg_acquire\"", \""atomic_try_cmpxchg_relaxed\"", \""atomic_try_cmpxchg_release\"", \""atomic_xchg\"", \""atomic_xchg_acquire\"", \""atomic_xchg_relaxed\"", \""atomic_xchg_release\"", \""atomic_xor\""]"", ""oracle_type"": ""wrapper_fix"", ""subject"": ""rust: Introduce atomic API helpers""}], ""evidence_location"": {""file"": ""rust/helpers/atomic.c"", ""line"": """", ""source"": ""changed_files""}, ""pair_id"": ""latest-p017-v6.17-to-v6.18"", ""promotion_reasons"": [""oracle_hit""], ""rust_side"": {""exposure"": {""edge_count"": 1, ""edges"": [{""dst"": ""RustBindingFunction:atomic64_inc_return_release"", ""edge_type"": ""GENERATED_FROM"", ""properties"": ""{}"", ""src"": ""CFunction:atomic64_inc_return_release"", ""version_id"": ""v6.18""}]}, ""oracle_hits"": [{""changed_files"": ""[\""rust/helpers/atomic.c\"", \""rust/helpers/helpers.c\"", \""scripts/atomic/gen-atomics.sh\"", \""scripts/atomic/gen-rust-atomic-helpers.sh\""]"", ""commit_id"": ""fdd7c7e0d2ab3987882c570612d4622f437292c7"", ""date"": ""2025-09-04T21:41:28-07:00"", ""matched_symbols"": ""[\""atomic64_add\"", \""atomic64_add_negative\"", \""atomic64_add_negative_acquire\"", \""atomic64_add_negative_relaxed\"", \""atomic64_add_negative_release\"", \""atomic64_add_return\"", \""atomic64_add_return_acquire\"", \""atomic64_add_return_relaxed\"", \""atomic64_add_return_release\"", \""atomic64_add_unless\"", \""atomic64_and\"", \""atomic64_andnot\"", \""atomic64_cmpxchg\"", \""atomic64_cmpxchg_acquire\"", \""atomic64_cmpxchg_relaxed\"", \""atomic64_cmpxchg_release\"", \""atomic64_dec\"", \""atomic64_dec_and_test\"", \""atomic64_dec_if_positive\"", \""atomic64_dec_return\"", \""atomic64_dec_return_acquire\"", \""atomic64_dec_return_relaxed\"", \""atomic64_dec_return_release\"", \""atomic64_dec_unless_positive\"", \""atomic64_fetch_add\"", \""atomic64_fetch_add_acquire\"", \""atomic64_fetch_add_relaxed\"", \""atomic64_fetch_add_release\"", \""atomic64_fetch_add_unless\"", \""atomic64_fetch_and\"", \""atomic64_fetch_and_acquire\"", \""atomic64_fetch_and_relaxed\"", \""atomic64_fetch_and_release\"", \""atomic64_fetch_andnot\"", \""atomic64_fetch_andnot_acquire\"", \""atomic64_fetch_andnot_relaxed\"", \""atomic64_fetch_andnot_release\"", \""atomic64_fetch_dec\"", \""atomic64_fetch_dec_acquire\"", \""atomic64_fetch_dec_relaxed\"", \""atomic64_fetch_dec_release\"", \""atomic64_fetch_inc\"", \""atomic64_fetch_inc_acquire\"", \""atomic64_fetch_inc_relaxed\"", \""atomic64_fetch_inc_release\"", \""atomic64_fetch_or\"", \""atomic64_fetch_or_acquire\"", \""atomic64_fetch_or_relaxed\"", \""atomic64_fetch_or_release\"", \""atomic64_fetch_sub\"", \""atomic64_fetch_sub_acquire\"", \""atomic64_fetch_sub_relaxed\"", \""atomic64_fetch_sub_release\"", \""atomic64_fetch_xor\"", \""atomic64_fetch_xor_acquire\"", \""atomic64_fetch_xor_relaxed\"", \""atomic64_fetch_xor_release\"", \""atomic64_inc\"", \""atomic64_inc_and_test\"", \""atomic64_inc_not_zero\"", \""atomic64_inc_return\"", \""atomic64_inc_return_acquire\"", \""atomic64_inc_return_relaxed\"", \""atomic64_inc_return_release\"", \""atomic64_inc_unless_negative\"", \""atomic64_or\"", \""atomic64_read\"", \""atomic64_read_acquire\"", \""atomic64_set\"", \""atomic64_set_release\"", \""atomic64_sub\"", \""atomic64_sub_and_test\"", \""atomic64_sub_return\"", \""atomic64_sub_return_acquire\"", \""atomic64_sub_return_relaxed\"", \""atomic64_sub_return_release\"", \""atomic64_try_cmpxchg\"", \""atomic64_try_cmpxchg_acquire\"", \""atomic64_try_cmpxchg_relaxed\"", \""atomic64_try_cmpxchg_release\"", \""atomic64_xchg\"", \""atomic64_xchg_acquire\"", \""atomic64_xchg_relaxed\"", \""atomic64_xchg_release\"", \""atomic64_xor\"", \""atomic_add\"", \""atomic_add_negative\"", \""atomic_add_negative_acquire\"", \""atomic_add_negative_relaxed\"", \""atomic_add_negative_release\"", \""atomic_add_return\"", \""atomic_add_return_acquire\"", \""atomic_add_return_relaxed\"", \""atomic_add_return_release\"", \""atomic_add_unless\"", \""atomic_and\"", \""atomic_andnot\"", \""atomic_cmpxchg\"", \""atomic_cmpxchg_acquire\"", \""atomic_cmpxchg_relaxed\"", \""atomic_cmpxchg_release\"", \""atomic_dec\"", \""atomic_dec_and_test\"", \""atomic_dec_if_positive\"", \""atomic_dec_return\"", \""atomic_dec_return_acquire\"", \""atomic_dec_return_relaxed\"", \""atomic_dec_return_release\"", \""atomic_dec_unless_positive\"", \""atomic_fetch_add\"", \""atomic_fetch_add_acquire\"", \""atomic_fetch_add_relaxed\"", \""atomic_fetch_add_release\"", \""atomic_fetch_add_unless\"", \""atomic_fetch_and\"", \""atomic_fetch_and_acquire\"", \""atomic_fetch_and_relaxed\"", \""atomic_fetch_and_release\"", \""atomic_fetch_andnot\"", \""atomic_fetch_andnot_acquire\"", \""atomic_fetch_andnot_relaxed\"", \""atomic_fetch_andnot_release\"", \""atomic_fetch_dec\"", \""atomic_fetch_dec_acquire\"", \""atomic_fetch_dec_relaxed\"", \""atomic_fetch_dec_release\"", \""atomic_fetch_inc\"", \""atomic_fetch_inc_acquire\"", \""atomic_fetch_inc_relaxed\"", \""atomic_fetch_inc_release\"", \""atomic_fetch_or\"", \""atomic_fetch_or_acquire\"", \""atomic_fetch_or_relaxed\"", \""atomic_fetch_or_release\"", \""atomic_fetch_sub\"", \""atomic_fetch_sub_acquire\"", \""atomic_fetch_sub_relaxed\"", \""atomic_fetch_sub_release\"", \""atomic_fetch_xor\"", \""atomic_fetch_xor_acquire\"", \""atomic_fetch_xor_relaxed\"", \""atomic_fetch_xor_release\"", \""atomic_inc\"", \""atomic_inc_and_test\"", \""atomic_inc_not_zero\"", \""atomic_inc_return\"", \""atomic_inc_return_acquire\"", \""atomic_inc_return_relaxed\"", \""atomic_inc_return_release\"", \""atomic_inc_unless_negative\"", \""atomic_or\"", \""atomic_read\"", \""atomic_read_acquire\"", \""atomic_set\"", \""atomic_set_release\"", \""atomic_sub\"", \""atomic_sub_and_test\"", \""atomic_sub_return\"", \""atomic_sub_return_acquire\"", \""atomic_sub_return_relaxed\"", \""atomic_sub_return_release\"", \""atomic_try_cmpxchg\"", \""atomic_try_cmpxchg_acquire\"", \""atomic_try_cmpxchg_relaxed\"", \""atomic_try_cmpxchg_release\"", \""atomic_xchg\"", \""atomic_xchg_acquire\"", \""atomic_xchg_relaxed\"", \""atomic_xchg_release\"", \""atomic_xor\""]"", ""oracle_type"": ""wrapper_fix"", ""subject"": ""rust: Introduce atomic API helpers""}]}, ""score"": -8.0, ""type"": ""SignatureDrift"", ""warning_id"": ""W-000066"", ""warning_uid"": ""6504aa08f2138988dd708870aac4b5e9927e16aec01a9832b27b127abdc6aeed""}",,,,missing concrete evidence line
promoted_warnings-042,promoted_warnings,atomic_dec_return,rust/helpers/atomic.c,,"{""c_evidence"": null, ""evidence_chain"": [{""changed_files"": ""[\""rust/helpers/atomic.c\"", \""rust/helpers/helpers.c\"", \""scripts/atomic/gen-atomics.sh\"", \""scripts/atomic/gen-rust-atomic-helpers.sh\""]"", ""commit_id"": ""fdd7c7e0d2ab3987882c570612d4622f437292c7"", ""date"": ""2025-09-04T21:41:28-07:00"", ""matched_symbols"": ""[\""atomic64_add\"", \""atomic64_add_negative\"", \""atomic64_add_negative_acquire\"", \""atomic64_add_negative_relaxed\"", \""atomic64_add_negative_release\"", \""atomic64_add_return\"", \""atomic64_add_return_acquire\"", \""atomic64_add_return_relaxed\"", \""atomic64_add_return_release\"", \""atomic64_add_unless\"", \""atomic64_and\"", \""atomic64_andnot\"", \""atomic64_cmpxchg\"", \""atomic64_cmpxchg_acquire\"", \""atomic64_cmpxchg_relaxed\"", \""atomic64_cmpxchg_release\"", \""atomic64_dec\"", \""atomic64_dec_and_test\"", \""atomic64_dec_if_positive\"", \""atomic64_dec_return\"", \""atomic64_dec_return_acquire\"", \""atomic64_dec_return_relaxed\"", \""atomic64_dec_return_release\"", \""atomic64_dec_unless_positive\"", \""atomic64_fetch_add\"", \""atomic64_fetch_add_acquire\"", \""atomic64_fetch_add_relaxed\"", \""atomic64_fetch_add_release\"", \""atomic64_fetch_add_unless\"", \""atomic64_fetch_and\"", \""atomic64_fetch_and_acquire\"", \""atomic64_fetch_and_relaxed\"", \""atomic64_fetch_and_release\"", \""atomic64_fetch_andnot\"", \""atomic64_fetch_andnot_acquire\"", \""atomic64_fetch_andnot_relaxed\"", \""atomic64_fetch_andnot_release\"", \""atomic64_fetch_dec\"", \""atomic64_fetch_dec_acquire\"", \""atomic64_fetch_dec_relaxed\"", \""atomic64_fetch_dec_release\"", \""atomic64_fetch_inc\"", \""atomic64_fetch_inc_acquire\"", \""atomic64_fetch_inc_relaxed\"", \""atomic64_fetch_inc_release\"", \""atomic64_fetch_or\"", \""atomic64_fetch_or_acquire\"", \""atomic64_fetch_or_relaxed\"", \""atomic64_fetch_or_release\"", \""atomic64_fetch_sub\"", \""atomic64_fetch_sub_acquire\"", \""atomic64_fetch_sub_relaxed\"", \""atomic64_fetch_sub_release\"", \""atomic64_fetch_xor\"", \""atomic64_fetch_xor_acquire\"", \""atomic64_fetch_xor_relaxed\"", \""atomic64_fetch_xor_release\"", \""atomic64_inc\"", \""atomic64_inc_and_test\"", \""atomic64_inc_not_zero\"", \""atomic64_inc_return\"", \""atomic64_inc_return_acquire\"", \""atomic64_inc_return_relaxed\"", \""atomic64_inc_return_release\"", \""atomic64_inc_unless_negative\"", \""atomic64_or\"", \""atomic64_read\"", \""atomic64_read_acquire\"", \""atomic64_set\"", \""atomic64_set_release\"", \""atomic64_sub\"", \""atomic64_sub_and_test\"", \""atomic64_sub_return\"", \""atomic64_sub_return_acquire\"", \""atomic64_sub_return_relaxed\"", \""atomic64_sub_return_release\"", \""atomic64_try_cmpxchg\"", \""atomic64_try_cmpxchg_acquire\"", \""atomic64_try_cmpxchg_relaxed\"", \""atomic64_try_cmpxchg_release\"", \""atomic64_xchg\"", \""atomic64_xchg_acquire\"", \""atomic64_xchg_relaxed\"", \""atomic64_xchg_release\"", \""atomic64_xor\"", \""atomic_add\"", \""atomic_add_negative\"", \""atomic_add_negative_acquire\"", \""atomic_add_negative_relaxed\"", \""atomic_add_negative_release\"", \""atomic_add_return\"", \""atomic_add_return_acquire\"", \""atomic_add_return_relaxed\"", \""atomic_add_return_release\"", \""atomic_add_unless\"", \""atomic_and\"", \""atomic_andnot\"", \""atomic_cmpxchg\"", \""atomic_cmpxchg_acquire\"", \""atomic_cmpxchg_relaxed\"", \""atomic_cmpxchg_release\"", \""atomic_dec\"", \""atomic_dec_and_test\"", \""atomic_dec_if_positive\"", \""atomic_dec_return\"", \""atomic_dec_return_acquire\"", \""atomic_dec_return_relaxed\"", \""atomic_dec_return_release\"", \""atomic_dec_unless_positive\"", \""atomic_fetch_add\"", \""atomic_fetch_add_acquire\"", \""atomic_fetch_add_relaxed\"", \""atomic_fetch_add_release\"", \""atomic_fetch_add_unless\"", \""atomic_fetch_and\"", \""atomic_fetch_and_acquire\"", \""atomic_fetch_and_relaxed\"", \""atomic_fetch_and_release\"", \""atomic_fetch_andnot\"", \""atomic_fetch_andnot_acquire\"", \""atomic_fetch_andnot_relaxed\"", \""atomic_fetch_andnot_release\"", \""atomic_fetch_dec\"", \""atomic_fetch_dec_acquire\"", \""atomic_fetch_dec_relaxed\"", \""atomic_fetch_dec_release\"", \""atomic_fetch_inc\"", \""atomic_fetch_inc_acquire\"", \""atomic_fetch_inc_relaxed\"", \""atomic_fetch_inc_release\"", \""atomic_fetch_or\"", \""atomic_fetch_or_acquire\"", \""atomic_fetch_or_relaxed\"", \""atomic_fetch_or_release\"", \""atomic_fetch_sub\"", \""atomic_fetch_sub_acquire\"", \""atomic_fetch_sub_relaxed\"", \""atomic_fetch_sub_release\"", \""atomic_fetch_xor\"", \""atomic_fetch_xor_acquire\"", \""atomic_fetch_xor_relaxed\"", \""atomic_fetch_xor_release\"", \""atomic_inc\"", \""atomic_inc_and_test\"", \""atomic_inc_not_zero\"", \""atomic_inc_return\"", \""atomic_inc_return_acquire\"", \""atomic_inc_return_relaxed\"", \""atomic_inc_return_release\"", \""atomic_inc_unless_negative\"", \""atomic_or\"", \""atomic_read\"", \""atomic_read_acquire\"", \""atomic_set\"", \""atomic_set_release\"", \""atomic_sub\"", \""atomic_sub_and_test\"", \""atomic_sub_return\"", \""atomic_sub_return_acquire\"", \""atomic_sub_return_relaxed\"", \""atomic_sub_return_release\"", \""atomic_try_cmpxchg\"", \""atomic_try_cmpxchg_acquire\"", \""atomic_try_cmpxchg_relaxed\"", \""atomic_try_cmpxchg_release\"", \""atomic_xchg\"", \""atomic_xchg_acquire\"", \""atomic_xchg_relaxed\"", \""atomic_xchg_release\"", \""atomic_xor\""]"", ""oracle_type"": ""wrapper_fix"", ""subject"": ""rust: Introduce atomic API helpers""}], ""evidence_location"": {""file"": ""rust/helpers/atomic.c"", ""line"": """", ""source"": ""changed_files""}, ""pair_id"": ""latest-p017-v6.17-to-v6.18"", ""promotion_reasons"": [""oracle_hit""], ""rust_side"": {""exposure"": {""edge_count"": 1, ""edges"": [{""dst"": ""RustBindingFunction:atomic_dec_return"", ""edge_type"": ""GENERATED_FROM"", ""properties"": ""{}"", ""src"": ""CFunction:atomic_dec_return"", ""version_id"": ""v6.18""}]}, ""oracle_hits"": [{""changed_files"": ""[\""rust/helpers/atomic.c\"", \""rust/helpers/helpers.c\"", \""scripts/atomic/gen-atomics.sh\"", \""scripts/atomic/gen-rust-atomic-helpers.sh\""]"", ""commit_id"": ""fdd7c7e0d2ab3987882c570612d4622f437292c7"", ""date"": ""2025-09-04T21:41:28-07:00"", ""matched_symbols"": ""[\""atomic64_add\"", \""atomic64_add_negative\"", \""atomic64_add_negative_acquire\"", \""atomic64_add_negative_relaxed\"", \""atomic64_add_negative_release\"", \""atomic64_add_return\"", \""atomic64_add_return_acquire\"", \""atomic64_add_return_relaxed\"", \""atomic64_add_return_release\"", \""atomic64_add_unless\"", \""atomic64_and\"", \""atomic64_andnot\"", \""atomic64_cmpxchg\"", \""atomic64_cmpxchg_acquire\"", \""atomic64_cmpxchg_relaxed\"", \""atomic64_cmpxchg_release\"", \""atomic64_dec\"", \""atomic64_dec_and_test\"", \""atomic64_dec_if_positive\"", \""atomic64_dec_return\"", \""atomic64_dec_return_acquire\"", \""atomic64_dec_return_relaxed\"", \""atomic64_dec_return_release\"", \""atomic64_dec_unless_positive\"", \""atomic64_fetch_add\"", \""atomic64_fetch_add_acquire\"", \""atomic64_fetch_add_relaxed\"", \""atomic64_fetch_add_release\"", \""atomic64_fetch_add_unless\"", \""atomic64_fetch_and\"", \""atomic64_fetch_and_acquire\"", \""atomic64_fetch_and_relaxed\"", \""atomic64_fetch_and_release\"", \""atomic64_fetch_andnot\"", \""atomic64_fetch_andnot_acquire\"", \""atomic64_fetch_andnot_relaxed\"", \""atomic64_fetch_andnot_release\"", \""atomic64_fetch_dec\"", \""atomic64_fetch_dec_acquire\"", \""atomic64_fetch_dec_relaxed\"", \""atomic64_fetch_dec_release\"", \""atomic64_fetch_inc\"", \""atomic64_fetch_inc_acquire\"", \""atomic64_fetch_inc_relaxed\"", \""atomic64_fetch_inc_release\"", \""atomic64_fetch_or\"", \""atomic64_fetch_or_acquire\"", \""atomic64_fetch_or_relaxed\"", \""atomic64_fetch_or_release\"", \""atomic64_fetch_sub\"", \""atomic64_fetch_sub_acquire\"", \""atomic64_fetch_sub_relaxed\"", \""atomic64_fetch_sub_release\"", \""atomic64_fetch_xor\"", \""atomic64_fetch_xor_acquire\"", \""atomic64_fetch_xor_relaxed\"", \""atomic64_fetch_xor_release\"", \""atomic64_inc\"", \""atomic64_inc_and_test\"", \""atomic64_inc_not_zero\"", \""atomic64_inc_return\"", \""atomic64_inc_return_acquire\"", \""atomic64_inc_return_relaxed\"", \""atomic64_inc_return_release\"", \""atomic64_inc_unless_negative\"", \""atomic64_or\"", \""atomic64_read\"", \""atomic64_read_acquire\"", \""atomic64_set\"", \""atomic64_set_release\"", \""atomic64_sub\"", \""atomic64_sub_and_test\"", \""atomic64_sub_return\"", \""atomic64_sub_return_acquire\"", \""atomic64_sub_return_relaxed\"", \""atomic64_sub_return_release\"", \""atomic64_try_cmpxchg\"", \""atomic64_try_cmpxchg_acquire\"", \""atomic64_try_cmpxchg_relaxed\"", \""atomic64_try_cmpxchg_release\"", \""atomic64_xchg\"", \""atomic64_xchg_acquire\"", \""atomic64_xchg_relaxed\"", \""atomic64_xchg_release\"", \""atomic64_xor\"", \""atomic_add\"", \""atomic_add_negative\"", \""atomic_add_negative_acquire\"", \""atomic_add_negative_relaxed\"", \""atomic_add_negative_release\"", \""atomic_add_return\"", \""atomic_add_return_acquire\"", \""atomic_add_return_relaxed\"", \""atomic_add_return_release\"", \""atomic_add_unless\"", \""atomic_and\"", \""atomic_andnot\"", \""atomic_cmpxchg\"", \""atomic_cmpxchg_acquire\"", \""atomic_cmpxchg_relaxed\"", \""atomic_cmpxchg_release\"", \""atomic_dec\"", \""atomic_dec_and_test\"", \""atomic_dec_if_positive\"", \""atomic_dec_return\"", \""atomic_dec_return_acquire\"", \""atomic_dec_return_relaxed\"", \""atomic_dec_return_release\"", \""atomic_dec_unless_positive\"", \""atomic_fetch_add\"", \""atomic_fetch_add_acquire\"", \""atomic_fetch_add_relaxed\"", \""atomic_fetch_add_release\"", \""atomic_fetch_add_unless\"", \""atomic_fetch_and\"", \""atomic_fetch_and_acquire\"", \""atomic_fetch_and_relaxed\"", \""atomic_fetch_and_release\"", \""atomic_fetch_andnot\"", \""atomic_fetch_andnot_acquire\"", \""atomic_fetch_andnot_relaxed\"", \""atomic_fetch_andnot_release\"", \""atomic_fetch_dec\"", \""atomic_fetch_dec_acquire\"", \""atomic_fetch_dec_relaxed\"", \""atomic_fetch_dec_release\"", \""atomic_fetch_inc\"", \""atomic_fetch_inc_acquire\"", \""atomic_fetch_inc_relaxed\"", \""atomic_fetch_inc_release\"", \""atomic_fetch_or\"", \""atomic_fetch_or_acquire\"", \""atomic_fetch_or_relaxed\"", \""atomic_fetch_or_release\"", \""atomic_fetch_sub\"", \""atomic_fetch_sub_acquire\"", \""atomic_fetch_sub_relaxed\"", \""atomic_fetch_sub_release\"", \""atomic_fetch_xor\"", \""atomic_fetch_xor_acquire\"", \""atomic_fetch_xor_relaxed\"", \""atomic_fetch_xor_release\"", \""atomic_inc\"", \""atomic_inc_and_test\"", \""atomic_inc_not_zero\"", \""atomic_inc_return\"", \""atomic_inc_return_acquire\"", \""atomic_inc_return_relaxed\"", \""atomic_inc_return_release\"", \""atomic_inc_unless_negative\"", \""atomic_or\"", \""atomic_read\"", \""atomic_read_acquire\"", \""atomic_set\"", \""atomic_set_release\"", \""atomic_sub\"", \""atomic_sub_and_test\"", \""atomic_sub_return\"", \""atomic_sub_return_acquire\"", \""atomic_sub_return_relaxed\"", \""atomic_sub_return_release\"", \""atomic_try_cmpxchg\"", \""atomic_try_cmpxchg_acquire\"", \""atomic_try_cmpxchg_relaxed\"", \""atomic_try_cmpxchg_release\"", \""atomic_xchg\"", \""atomic_xchg_acquire\"", \""atomic_xchg_relaxed\"", \""atomic_xchg_release\"", \""atomic_xor\""]"", ""oracle_type"": ""wrapper_fix"", ""subject"": ""rust: Introduce atomic API helpers""}]}, ""score"": -8.0, ""type"": ""SignatureDrift"", ""warning_id"": ""W-000107"", ""warning_uid"": ""696023709981cb7406e2993594ba84066d6adbdc69c1f9faf59add312f941934""}",,,,missing concrete evidence line
promoted_warnings-043,promoted_warnings,atomic_fetch_or_relaxed,rust/helpers/atomic.c,,"{""c_evidence"": null, ""evidence_chain"": [{""changed_files"": ""[\""rust/helpers/atomic.c\"", \""rust/helpers/helpers.c\"", \""scripts/atomic/gen-atomics.sh\"", \""scripts/atomic/gen-rust-atomic-helpers.sh\""]"", ""commit_id"": ""fdd7c7e0d2ab3987882c570612d4622f437292c7"", ""date"": ""2025-09-04T21:41:28-07:00"", ""matched_symbols"": ""[\""atomic64_add\"", \""atomic64_add_negative\"", \""atomic64_add_negative_acquire\"", \""atomic64_add_negative_relaxed\"", \""atomic64_add_negative_release\"", \""atomic64_add_return\"", \""atomic64_add_return_acquire\"", \""atomic64_add_return_relaxed\"", \""atomic64_add_return_release\"", \""atomic64_add_unless\"", \""atomic64_and\"", \""atomic64_andnot\"", \""atomic64_cmpxchg\"", \""atomic64_cmpxchg_acquire\"", \""atomic64_cmpxchg_relaxed\"", \""atomic64_cmpxchg_release\"", \""atomic64_dec\"", \""atomic64_dec_and_test\"", \""atomic64_dec_if_positive\"", \""atomic64_dec_return\"", \""atomic64_dec_return_acquire\"", \""atomic64_dec_return_relaxed\"", \""atomic64_dec_return_release\"", \""atomic64_dec_unless_positive\"", \""atomic64_fetch_add\"", \""atomic64_fetch_add_acquire\"", \""atomic64_fetch_add_relaxed\"", \""atomic64_fetch_add_release\"", \""atomic64_fetch_add_unless\"", \""atomic64_fetch_and\"", \""atomic64_fetch_and_acquire\"", \""atomic64_fetch_and_relaxed\"", \""atomic64_fetch_and_release\"", \""atomic64_fetch_andnot\"", \""atomic64_fetch_andnot_acquire\"", \""atomic64_fetch_andnot_relaxed\"", \""atomic64_fetch_andnot_release\"", \""atomic64_fetch_dec\"", \""atomic64_fetch_dec_acquire\"", \""atomic64_fetch_dec_relaxed\"", \""atomic64_fetch_dec_release\"", \""atomic64_fetch_inc\"", \""atomic64_fetch_inc_acquire\"", \""atomic64_fetch_inc_relaxed\"", \""atomic64_fetch_inc_release\"", \""atomic64_fetch_or\"", \""atomic64_fetch_or_acquire\"", \""atomic64_fetch_or_relaxed\"", \""atomic64_fetch_or_release\"", \""atomic64_fetch_sub\"", \""atomic64_fetch_sub_acquire\"", \""atomic64_fetch_sub_relaxed\"", \""atomic64_fetch_sub_release\"", \""atomic64_fetch_xor\"", \""atomic64_fetch_xor_acquire\"", \""atomic64_fetch_xor_relaxed\"", \""atomic64_fetch_xor_release\"", \""atomic64_inc\"", \""atomic64_inc_and_test\"", \""atomic64_inc_not_zero\"", \""atomic64_inc_return\"", \""atomic64_inc_return_acquire\"", \""atomic64_inc_return_relaxed\"", \""atomic64_inc_return_release\"", \""atomic64_inc_unless_negative\"", \""atomic64_or\"", \""atomic64_read\"", \""atomic64_read_acquire\"", \""atomic64_set\"", \""atomic64_set_release\"", \""atomic64_sub\"", \""atomic64_sub_and_test\"", \""atomic64_sub_return\"", \""atomic64_sub_return_acquire\"", \""atomic64_sub_return_relaxed\"", \""atomic64_sub_return_release\"", \""atomic64_try_cmpxchg\"", \""atomic64_try_cmpxchg_acquire\"", \""atomic64_try_cmpxchg_relaxed\"", \""atomic64_try_cmpxchg_release\"", \""atomic64_xchg\"", \""atomic64_xchg_acquire\"", \""atomic64_xchg_relaxed\"", \""atomic64_xchg_release\"", \""atomic64_xor\"", \""atomic_add\"", \""atomic_add_negative\"", \""atomic_add_negative_acquire\"", \""atomic_add_negative_relaxed\"", \""atomic_add_negative_release\"", \""atomic_add_return\"", \""atomic_add_return_acquire\"", \""atomic_add_return_relaxed\"", \""atomic_add_return_release\"", \""atomic_add_unless\"", \""atomic_and\"", \""atomic_andnot\"", \""atomic_cmpxchg\"", \""atomic_cmpxchg_acquire\"", \""atomic_cmpxchg_relaxed\"", \""atomic_cmpxchg_release\"", \""atomic_dec\"", \""atomic_dec_and_test\"", \""atomic_dec_if_positive\"", \""atomic_dec_return\"", \""atomic_dec_return_acquire\"", \""atomic_dec_return_relaxed\"", \""atomic_dec_return_release\"", \""atomic_dec_unless_positive\"", \""atomic_fetch_add\"", \""atomic_fetch_add_acquire\"", \""atomic_fetch_add_relaxed\"", \""atomic_fetch_add_release\"", \""atomic_fetch_add_unless\"", \""atomic_fetch_and\"", \""atomic_fetch_and_acquire\"", \""atomic_fetch_and_relaxed\"", \""atomic_fetch_and_release\"", \""atomic_fetch_andnot\"", \""atomic_fetch_andnot_acquire\"", \""atomic_fetch_andnot_relaxed\"", \""atomic_fetch_andnot_release\"", \""atomic_fetch_dec\"", \""atomic_fetch_dec_acquire\"", \""atomic_fetch_dec_relaxed\"", \""atomic_fetch_dec_release\"", \""atomic_fetch_inc\"", \""atomic_fetch_inc_acquire\"", \""atomic_fetch_inc_relaxed\"", \""atomic_fetch_inc_release\"", \""atomic_fetch_or\"", \""atomic_fetch_or_acquire\"", \""atomic_fetch_or_relaxed\"", \""atomic_fetch_or_release\"", \""atomic_fetch_sub\"", \""atomic_fetch_sub_acquire\"", \""atomic_fetch_sub_relaxed\"", \""atomic_fetch_sub_release\"", \""atomic_fetch_xor\"", \""atomic_fetch_xor_acquire\"", \""atomic_fetch_xor_relaxed\"", \""atomic_fetch_xor_release\"", \""atomic_inc\"", \""atomic_inc_and_test\"", \""atomic_inc_not_zero\"", \""atomic_inc_return\"", \""atomic_inc_return_acquire\"", \""atomic_inc_return_relaxed\"", \""atomic_inc_return_release\"", \""atomic_inc_unless_negative\"", \""atomic_or\"", \""atomic_read\"", \""atomic_read_acquire\"", \""atomic_set\"", \""atomic_set_release\"", \""atomic_sub\"", \""atomic_sub_and_test\"", \""atomic_sub_return\"", \""atomic_sub_return_acquire\"", \""atomic_sub_return_relaxed\"", \""atomic_sub_return_release\"", \""atomic_try_cmpxchg\"", \""atomic_try_cmpxchg_acquire\"", \""atomic_try_cmpxchg_relaxed\"", \""atomic_try_cmpxchg_release\"", \""atomic_xchg\"", \""atomic_xchg_acquire\"", \""atomic_xchg_relaxed\"", \""atomic_xchg_release\"", \""atomic_xor\""]"", ""oracle_type"": ""wrapper_fix"", ""subject"": ""rust: Introduce atomic API helpers""}], ""evidence_location"": {""file"": ""rust/helpers/atomic.c"", ""line"": """", ""source"": ""changed_files""}, ""pair_id"": ""latest-p017-v6.17-to-v6.18"", ""promotion_reasons"": [""oracle_hit""], ""rust_side"": {""exposure"": {""edge_count"": 1, ""edges"": [{""dst"": ""RustBindingFunction:atomic_fetch_or_relaxed"", ""edge_type"": ""GENERATED_FROM"", ""properties"": ""{}"", ""src"": ""CFunction:atomic_fetch_or_relaxed"", ""version_id"": ""v6.18""}]}, ""oracle_hits"": [{""changed_files"": ""[\""rust/helpers/atomic.c\"", \""rust/helpers/helpers.c\"", \""scripts/atomic/gen-atomics.sh\"", \""scripts/atomic/gen-rust-atomic-helpers.sh\""]"", ""commit_id"": ""fdd7c7e0d2ab3987882c570612d4622f437292c7"", ""date"": ""2025-09-04T21:41:28-07:00"", ""matched_symbols"": ""[\""atomic64_add\"", \""atomic64_add_negative\"", \""atomic64_add_negative_acquire\"", \""atomic64_add_negative_relaxed\"", \""atomic64_add_negative_release\"", \""atomic64_add_return\"", \""atomic64_add_return_acquire\"", \""atomic64_add_return_relaxed\"", \""atomic64_add_return_release\"", \""atomic64_add_unless\"", \""atomic64_and\"", \""atomic64_andnot\"", \""atomic64_cmpxchg\"", \""atomic64_cmpxchg_acquire\"", \""atomic64_cmpxchg_relaxed\"", \""atomic64_cmpxchg_release\"", \""atomic64_dec\"", \""atomic64_dec_and_test\"", \""atomic64_dec_if_positive\"", \""atomic64_dec_return\"", \""atomic64_dec_return_acquire\"", \""atomic64_dec_return_relaxed\"", \""atomic64_dec_return_release\"", \""atomic64_dec_unless_positive\"", \""atomic64_fetch_add\"", \""atomic64_fetch_add_acquire\"", \""atomic64_fetch_add_relaxed\"", \""atomic64_fetch_add_release\"", \""atomic64_fetch_add_unless\"", \""atomic64_fetch_and\"", \""atomic64_fetch_and_acquire\"", \""atomic64_fetch_and_relaxed\"", \""atomic64_fetch_and_release\"", \""atomic64_fetch_andnot\"", \""atomic64_fetch_andnot_acquire\"", \""atomic64_fetch_andnot_relaxed\"", \""atomic64_fetch_andnot_release\"", \""atomic64_fetch_dec\"", \""atomic64_fetch_dec_acquire\"", \""atomic64_fetch_dec_relaxed\"", \""atomic64_fetch_dec_release\"", \""atomic64_fetch_inc\"", \""atomic64_fetch_inc_acquire\"", \""atomic64_fetch_inc_relaxed\"", \""atomic64_fetch_inc_release\"", \""atomic64_fetch_or\"", \""atomic64_fetch_or_acquire\"", \""atomic64_fetch_or_relaxed\"", \""atomic64_fetch_or_release\"", \""atomic64_fetch_sub\"", \""atomic64_fetch_sub_acquire\"", \""atomic64_fetch_sub_relaxed\"", \""atomic64_fetch_sub_release\"", \""atomic64_fetch_xor\"", \""atomic64_fetch_xor_acquire\"", \""atomic64_fetch_xor_relaxed\"", \""atomic64_fetch_xor_release\"", \""atomic64_inc\"", \""atomic64_inc_and_test\"", \""atomic64_inc_not_zero\"", \""atomic64_inc_return\"", \""atomic64_inc_return_acquire\"", \""atomic64_inc_return_relaxed\"", \""atomic64_inc_return_release\"", \""atomic64_inc_unless_negative\"", \""atomic64_or\"", \""atomic64_read\"", \""atomic64_read_acquire\"", \""atomic64_set\"", \""atomic64_set_release\"", \""atomic64_sub\"", \""atomic64_sub_and_test\"", \""atomic64_sub_return\"", \""atomic64_sub_return_acquire\"", \""atomic64_sub_return_relaxed\"", \""atomic64_sub_return_release\"", \""atomic64_try_cmpxchg\"", \""atomic64_try_cmpxchg_acquire\"", \""atomic64_try_cmpxchg_relaxed\"", \""atomic64_try_cmpxchg_release\"", \""atomic64_xchg\"", \""atomic64_xchg_acquire\"", \""atomic64_xchg_relaxed\"", \""atomic64_xchg_release\"", \""atomic64_xor\"", \""atomic_add\"", \""atomic_add_negative\"", \""atomic_add_negative_acquire\"", \""atomic_add_negative_relaxed\"", \""atomic_add_negative_release\"", \""atomic_add_return\"", \""atomic_add_return_acquire\"", \""atomic_add_return_relaxed\"", \""atomic_add_return_release\"", \""atomic_add_unless\"", \""atomic_and\"", \""atomic_andnot\"", \""atomic_cmpxchg\"", \""atomic_cmpxchg_acquire\"", \""atomic_cmpxchg_relaxed\"", \""atomic_cmpxchg_release\"", \""atomic_dec\"", \""atomic_dec_and_test\"", \""atomic_dec_if_positive\"", \""atomic_dec_return\"", \""atomic_dec_return_acquire\"", \""atomic_dec_return_relaxed\"", \""atomic_dec_return_release\"", \""atomic_dec_unless_positive\"", \""atomic_fetch_add\"", \""atomic_fetch_add_acquire\"", \""atomic_fetch_add_relaxed\"", \""atomic_fetch_add_release\"", \""atomic_fetch_add_unless\"", \""atomic_fetch_and\"", \""atomic_fetch_and_acquire\"", \""atomic_fetch_and_relaxed\"", \""atomic_fetch_and_release\"", \""atomic_fetch_andnot\"", \""atomic_fetch_andnot_acquire\"", \""atomic_fetch_andnot_relaxed\"", \""atomic_fetch_andnot_release\"", \""atomic_fetch_dec\"", \""atomic_fetch_dec_acquire\"", \""atomic_fetch_dec_relaxed\"", \""atomic_fetch_dec_release\"", \""atomic_fetch_inc\"", \""atomic_fetch_inc_acquire\"", \""atomic_fetch_inc_relaxed\"", \""atomic_fetch_inc_release\"", \""atomic_fetch_or\"", \""atomic_fetch_or_acquire\"", \""atomic_fetch_or_relaxed\"", \""atomic_fetch_or_release\"", \""atomic_fetch_sub\"", \""atomic_fetch_sub_acquire\"", \""atomic_fetch_sub_relaxed\"", \""atomic_fetch_sub_release\"", \""atomic_fetch_xor\"", \""atomic_fetch_xor_acquire\"", \""atomic_fetch_xor_relaxed\"", \""atomic_fetch_xor_release\"", \""atomic_inc\"", \""atomic_inc_and_test\"", \""atomic_inc_not_zero\"", \""atomic_inc_return\"", \""atomic_inc_return_acquire\"", \""atomic_inc_return_relaxed\"", \""atomic_inc_return_release\"", \""atomic_inc_unless_negative\"", \""atomic_or\"", \""atomic_read\"", \""atomic_read_acquire\"", \""atomic_set\"", \""atomic_set_release\"", \""atomic_sub\"", \""atomic_sub_and_test\"", \""atomic_sub_return\"", \""atomic_sub_return_acquire\"", \""atomic_sub_return_relaxed\"", \""atomic_sub_return_release\"", \""atomic_try_cmpxchg\"", \""atomic_try_cmpxchg_acquire\"", \""atomic_try_cmpxchg_relaxed\"", \""atomic_try_cmpxchg_release\"", \""atomic_xchg\"", \""atomic_xchg_acquire\"", \""atomic_xchg_relaxed\"", \""atomic_xchg_release\"", \""atomic_xor\""]"", ""oracle_type"": ""wrapper_fix"", ""subject"": ""rust: Introduce atomic API helpers""}]}, ""score"": -8.0, ""type"": ""SignatureDrift"", ""warning_id"": ""W-000135"", ""warning_uid"": ""e9bce770466a6c362a3c3ca083792a088fbe8adb14d6559a53caae5b41374aa4""}",,,,missing concrete evidence line
promoted_warnings-044,promoted_warnings,atomic_try_cmpxchg,rust/helpers/atomic.c,,"{""c_evidence"": null, ""evidence_chain"": [{""changed_files"": ""[\""rust/helpers/atomic.c\"", \""rust/helpers/helpers.c\"", \""scripts/atomic/gen-atomics.sh\"", \""scripts/atomic/gen-rust-atomic-helpers.sh\""]"", ""commit_id"": ""fdd7c7e0d2ab3987882c570612d4622f437292c7"", ""date"": ""2025-09-04T21:41:28-07:00"", ""matched_symbols"": ""[\""atomic64_add\"", \""atomic64_add_negative\"", \""atomic64_add_negative_acquire\"", \""atomic64_add_negative_relaxed\"", \""atomic64_add_negative_release\"", \""atomic64_add_return\"", \""atomic64_add_return_acquire\"", \""atomic64_add_return_relaxed\"", \""atomic64_add_return_release\"", \""atomic64_add_unless\"", \""atomic64_and\"", \""atomic64_andnot\"", \""atomic64_cmpxchg\"", \""atomic64_cmpxchg_acquire\"", \""atomic64_cmpxchg_relaxed\"", \""atomic64_cmpxchg_release\"", \""atomic64_dec\"", \""atomic64_dec_and_test\"", \""atomic64_dec_if_positive\"", \""atomic64_dec_return\"", \""atomic64_dec_return_acquire\"", \""atomic64_dec_return_relaxed\"", \""atomic64_dec_return_release\"", \""atomic64_dec_unless_positive\"", \""atomic64_fetch_add\"", \""atomic64_fetch_add_acquire\"", \""atomic64_fetch_add_relaxed\"", \""atomic64_fetch_add_release\"", \""atomic64_fetch_add_unless\"", \""atomic64_fetch_and\"", \""atomic64_fetch_and_acquire\"", \""atomic64_fetch_and_relaxed\"", \""atomic64_fetch_and_release\"", \""atomic64_fetch_andnot\"", \""atomic64_fetch_andnot_acquire\"", \""atomic64_fetch_andnot_relaxed\"", \""atomic64_fetch_andnot_release\"", \""atomic64_fetch_dec\"", \""atomic64_fetch_dec_acquire\"", \""atomic64_fetch_dec_relaxed\"", \""atomic64_fetch_dec_release\"", \""atomic64_fetch_inc\"", \""atomic64_fetch_inc_acquire\"", \""atomic64_fetch_inc_relaxed\"", \""atomic64_fetch_inc_release\"", \""atomic64_fetch_or\"", \""atomic64_fetch_or_acquire\"", \""atomic64_fetch_or_relaxed\"", \""atomic64_fetch_or_release\"", \""atomic64_fetch_sub\"", \""atomic64_fetch_sub_acquire\"", \""atomic64_fetch_sub_relaxed\"", \""atomic64_fetch_sub_release\"", \""atomic64_fetch_xor\"", \""atomic64_fetch_xor_acquire\"", \""atomic64_fetch_xor_relaxed\"", \""atomic64_fetch_xor_release\"", \""atomic64_inc\"", \""atomic64_inc_and_test\"", \""atomic64_inc_not_zero\"", \""atomic64_inc_return\"", \""atomic64_inc_return_acquire\"", \""atomic64_inc_return_relaxed\"", \""atomic64_inc_return_release\"", \""atomic64_inc_unless_negative\"", \""atomic64_or\"", \""atomic64_read\"", \""atomic64_read_acquire\"", \""atomic64_set\"", \""atomic64_set_release\"", \""atomic64_sub\"", \""atomic64_sub_and_test\"", \""atomic64_sub_return\"", \""atomic64_sub_return_acquire\"", \""atomic64_sub_return_relaxed\"", \""atomic64_sub_return_release\"", \""atomic64_try_cmpxchg\"", \""atomic64_try_cmpxchg_acquire\"", \""atomic64_try_cmpxchg_relaxed\"", \""atomic64_try_cmpxchg_release\"", \""atomic64_xchg\"", \""atomic64_xchg_acquire\"", \""atomic64_xchg_relaxed\"", \""atomic64_xchg_release\"", \""atomic64_xor\"", \""atomic_add\"", \""atomic_add_negative\"", \""atomic_add_negative_acquire\"", \""atomic_add_negative_relaxed\"", \""atomic_add_negative_release\"", \""atomic_add_return\"", \""atomic_add_return_acquire\"", \""atomic_add_return_relaxed\"", \""atomic_add_return_release\"", \""atomic_add_unless\"", \""atomic_and\"", \""atomic_andnot\"", \""atomic_cmpxchg\"", \""atomic_cmpxchg_acquire\"", \""atomic_cmpxchg_relaxed\"", \""atomic_cmpxchg_release\"", \""atomic_dec\"", \""atomic_dec_and_test\"", \""atomic_dec_if_positive\"", \""atomic_dec_return\"", \""atomic_dec_return_acquire\"", \""atomic_dec_return_relaxed\"", \""atomic_dec_return_release\"", \""atomic_dec_unless_positive\"", \""atomic_fetch_add\"", \""atomic_fetch_add_acquire\"", \""atomic_fetch_add_relaxed\"", \""atomic_fetch_add_release\"", \""atomic_fetch_add_unless\"", \""atomic_fetch_and\"", \""atomic_fetch_and_acquire\"", \""atomic_fetch_and_relaxed\"", \""atomic_fetch_and_release\"", \""atomic_fetch_andnot\"", \""atomic_fetch_andnot_acquire\"", \""atomic_fetch_andnot_relaxed\"", \""atomic_fetch_andnot_release\"", \""atomic_fetch_dec\"", \""atomic_fetch_dec_acquire\"", \""atomic_fetch_dec_relaxed\"", \""atomic_fetch_dec_release\"", \""atomic_fetch_inc\"", \""atomic_fetch_inc_acquire\"", \""atomic_fetch_inc_relaxed\"", \""atomic_fetch_inc_release\"", \""atomic_fetch_or\"", \""atomic_fetch_or_acquire\"", \""atomic_fetch_or_relaxed\"", \""atomic_fetch_or_release\"", \""atomic_fetch_sub\"", \""atomic_fetch_sub_acquire\"", \""atomic_fetch_sub_relaxed\"", \""atomic_fetch_sub_release\"", \""atomic_fetch_xor\"", \""atomic_fetch_xor_acquire\"", \""atomic_fetch_xor_relaxed\"", \""atomic_fetch_xor_release\"", \""atomic_inc\"", \""atomic_inc_and_test\"", \""atomic_inc_not_zero\"", \""atomic_inc_return\"", \""atomic_inc_return_acquire\"", \""atomic_inc_return_relaxed\"", \""atomic_inc_return_release\"", \""atomic_inc_unless_negative\"", \""atomic_or\"", \""atomic_read\"", \""atomic_read_acquire\"", \""atomic_set\"", \""atomic_set_release\"", \""atomic_sub\"", \""atomic_sub_and_test\"", \""atomic_sub_return\"", \""atomic_sub_return_acquire\"", \""atomic_sub_return_relaxed\"", \""atomic_sub_return_release\"", \""atomic_try_cmpxchg\"", \""atomic_try_cmpxchg_acquire\"", \""atomic_try_cmpxchg_relaxed\"", \""atomic_try_cmpxchg_release\"", \""atomic_xchg\"", \""atomic_xchg_acquire\"", \""atomic_xchg_relaxed\"", \""atomic_xchg_release\"", \""atomic_xor\""]"", ""oracle_type"": ""wrapper_fix"", ""subject"": ""rust: Introduce atomic API helpers""}], ""evidence_location"": {""file"": ""rust/helpers/atomic.c"", ""line"": """", ""source"": ""changed_files""}, ""pair_id"": ""latest-p017-v6.17-to-v6.18"", ""promotion_reasons"": [""oracle_hit""], ""rust_side"": {""exposure"": {""edge_count"": 1, ""edges"": [{""dst"": ""RustBindingFunction:atomic_try_cmpxchg"", ""edge_type"": ""GENERATED_FROM"", ""properties"": ""{}"", ""src"": ""CFunction:atomic_try_cmpxchg"", ""version_id"": ""v6.18""}]}, ""oracle_hits"": [{""changed_files"": ""[\""rust/helpers/atomic.c\"", \""rust/helpers/helpers.c\"", \""scripts/atomic/gen-atomics.sh\"", \""scripts/atomic/gen-rust-atomic-helpers.sh\""]"", ""commit_id"": ""fdd7c7e0d2ab3987882c570612d4622f437292c7"", ""date"": ""2025-09-04T21:41:28-07:00"", ""matched_symbols"": ""[\""atomic64_add\"", \""atomic64_add_negative\"", \""atomic64_add_negative_acquire\"", \""atomic64_add_negative_relaxed\"", \""atomic64_add_negative_release\"", \""atomic64_add_return\"", \""atomic64_add_return_acquire\"", \""atomic64_add_return_relaxed\"", \""atomic64_add_return_release\"", \""atomic64_add_unless\"", \""atomic64_and\"", \""atomic64_andnot\"", \""atomic64_cmpxchg\"", \""atomic64_cmpxchg_acquire\"", \""atomic64_cmpxchg_relaxed\"", \""atomic64_cmpxchg_release\"", \""atomic64_dec\"", \""atomic64_dec_and_test\"", \""atomic64_dec_if_positive\"", \""atomic64_dec_return\"", \""atomic64_dec_return_acquire\"", \""atomic64_dec_return_relaxed\"", \""atomic64_dec_return_release\"", \""atomic64_dec_unless_positive\"", \""atomic64_fetch_add\"", \""atomic64_fetch_add_acquire\"", \""atomic64_fetch_add_relaxed\"", \""atomic64_fetch_add_release\"", \""atomic64_fetch_add_unless\"", \""atomic64_fetch_and\"", \""atomic64_fetch_and_acquire\"", \""atomic64_fetch_and_relaxed\"", \""atomic64_fetch_and_release\"", \""atomic64_fetch_andnot\"", \""atomic64_fetch_andnot_acquire\"", \""atomic64_fetch_andnot_relaxed\"", \""atomic64_fetch_andnot_release\"", \""atomic64_fetch_dec\"", \""atomic64_fetch_dec_acquire\"", \""atomic64_fetch_dec_relaxed\"", \""atomic64_fetch_dec_release\"", \""atomic64_fetch_inc\"", \""atomic64_fetch_inc_acquire\"", \""atomic64_fetch_inc_relaxed\"", \""atomic64_fetch_inc_release\"", \""atomic64_fetch_or\"", \""atomic64_fetch_or_acquire\"", \""atomic64_fetch_or_relaxed\"", \""atomic64_fetch_or_release\"", \""atomic64_fetch_sub\"", \""atomic64_fetch_sub_acquire\"", \""atomic64_fetch_sub_relaxed\"", \""atomic64_fetch_sub_release\"", \""atomic64_fetch_xor\"", \""atomic64_fetch_xor_acquire\"", \""atomic64_fetch_xor_relaxed\"", \""atomic64_fetch_xor_release\"", \""atomic64_inc\"", \""atomic64_inc_and_test\"", \""atomic64_inc_not_zero\"", \""atomic64_inc_return\"", \""atomic64_inc_return_acquire\"", \""atomic64_inc_return_relaxed\"", \""atomic64_inc_return_release\"", \""atomic64_inc_unless_negative\"", \""atomic64_or\"", \""atomic64_read\"", \""atomic64_read_acquire\"", \""atomic64_set\"", \""atomic64_set_release\"", \""atomic64_sub\"", \""atomic64_sub_and_test\"", \""atomic64_sub_return\"", \""atomic64_sub_return_acquire\"", \""atomic64_sub_return_relaxed\"", \""atomic64_sub_return_release\"", \""atomic64_try_cmpxchg\"", \""atomic64_try_cmpxchg_acquire\"", \""atomic64_try_cmpxchg_relaxed\"", \""atomic64_try_cmpxchg_release\"", \""atomic64_xchg\"", \""atomic64_xchg_acquire\"", \""atomic64_xchg_relaxed\"", \""atomic64_xchg_release\"", \""atomic64_xor\"", \""atomic_add\"", \""atomic_add_negative\"", \""atomic_add_negative_acquire\"", \""atomic_add_negative_relaxed\"", \""atomic_add_negative_release\"", \""atomic_add_return\"", \""atomic_add_return_acquire\"", \""atomic_add_return_relaxed\"", \""atomic_add_return_release\"", \""atomic_add_unless\"", \""atomic_and\"", \""atomic_andnot\"", \""atomic_cmpxchg\"", \""atomic_cmpxchg_acquire\"", \""atomic_cmpxchg_relaxed\"", \""atomic_cmpxchg_release\"", \""atomic_dec\"", \""atomic_dec_and_test\"", \""atomic_dec_if_positive\"", \""atomic_dec_return\"", \""atomic_dec_return_acquire\"", \""atomic_dec_return_relaxed\"", \""atomic_dec_return_release\"", \""atomic_dec_unless_positive\"", \""atomic_fetch_add\"", \""atomic_fetch_add_acquire\"", \""atomic_fetch_add_relaxed\"", \""atomic_fetch_add_release\"", \""atomic_fetch_add_unless\"", \""atomic_fetch_and\"", \""atomic_fetch_and_acquire\"", \""atomic_fetch_and_relaxed\"", \""atomic_fetch_and_release\"", \""atomic_fetch_andnot\"", \""atomic_fetch_andnot_acquire\"", \""atomic_fetch_andnot_relaxed\"", \""atomic_fetch_andnot_release\"", \""atomic_fetch_dec\"", \""atomic_fetch_dec_acquire\"", \""atomic_fetch_dec_relaxed\"", \""atomic_fetch_dec_release\"", \""atomic_fetch_inc\"", \""atomic_fetch_inc_acquire\"", \""atomic_fetch_inc_relaxed\"", \""atomic_fetch_inc_release\"", \""atomic_fetch_or\"", \""atomic_fetch_or_acquire\"", \""atomic_fetch_or_relaxed\"", \""atomic_fetch_or_release\"", \""atomic_fetch_sub\"", \""atomic_fetch_sub_acquire\"", \""atomic_fetch_sub_relaxed\"", \""atomic_fetch_sub_release\"", \""atomic_fetch_xor\"", \""atomic_fetch_xor_acquire\"", \""atomic_fetch_xor_relaxed\"", \""atomic_fetch_xor_release\"", \""atomic_inc\"", \""atomic_inc_and_test\"", \""atomic_inc_not_zero\"", \""atomic_inc_return\"", \""atomic_inc_return_acquire\"", \""atomic_inc_return_relaxed\"", \""atomic_inc_return_release\"", \""atomic_inc_unless_negative\"", \""atomic_or\"", \""atomic_read\"", \""atomic_read_acquire\"", \""atomic_set\"", \""atomic_set_release\"", \""atomic_sub\"", \""atomic_sub_and_test\"", \""atomic_sub_return\"", \""atomic_sub_return_acquire\"", \""atomic_sub_return_relaxed\"", \""atomic_sub_return_release\"", \""atomic_try_cmpxchg\"", \""atomic_try_cmpxchg_acquire\"", \""atomic_try_cmpxchg_relaxed\"", \""atomic_try_cmpxchg_release\"", \""atomic_xchg\"", \""atomic_xchg_acquire\"", \""atomic_xchg_relaxed\"", \""atomic_xchg_release\"", \""atomic_xor\""]"", ""oracle_type"": ""wrapper_fix"", ""subject"": ""rust: Introduce atomic API helpers""}]}, ""score"": -8.0, ""type"": ""SignatureDrift"", ""warning_id"": ""W-000164"", ""warning_uid"": ""a32f4c1b0fccbf1e919d7b1a4539211dd936e8cf72e4c0f9ed9f7232b5ec1c01""}",,,,missing concrete evidence line
promoted_warnings-045,promoted_warnings,atomic64_inc_not_zero,rust/helpers/atomic.c,,"{""c_evidence"": null, ""evidence_chain"": [{""changed_files"": ""[\""rust/helpers/atomic.c\"", \""rust/helpers/helpers.c\"", \""scripts/atomic/gen-atomics.sh\"", \""scripts/atomic/gen-rust-atomic-helpers.sh\""]"", ""commit_id"": ""fdd7c7e0d2ab3987882c570612d4622f437292c7"", ""date"": ""2025-09-04T21:41:28-07:00"", ""matched_symbols"": ""[\""atomic64_add\"", \""atomic64_add_negative\"", \""atomic64_add_negative_acquire\"", \""atomic64_add_negative_relaxed\"", \""atomic64_add_negative_release\"", \""atomic64_add_return\"", \""atomic64_add_return_acquire\"", \""atomic64_add_return_relaxed\"", \""atomic64_add_return_release\"", \""atomic64_add_unless\"", \""atomic64_and\"", \""atomic64_andnot\"", \""atomic64_cmpxchg\"", \""atomic64_cmpxchg_acquire\"", \""atomic64_cmpxchg_relaxed\"", \""atomic64_cmpxchg_release\"", \""atomic64_dec\"", \""atomic64_dec_and_test\"", \""atomic64_dec_if_positive\"", \""atomic64_dec_return\"", \""atomic64_dec_return_acquire\"", \""atomic64_dec_return_relaxed\"", \""atomic64_dec_return_release\"", \""atomic64_dec_unless_positive\"", \""atomic64_fetch_add\"", \""atomic64_fetch_add_acquire\"", \""atomic64_fetch_add_relaxed\"", \""atomic64_fetch_add_release\"", \""atomic64_fetch_add_unless\"", \""atomic64_fetch_and\"", \""atomic64_fetch_and_acquire\"", \""atomic64_fetch_and_relaxed\"", \""atomic64_fetch_and_release\"", \""atomic64_fetch_andnot\"", \""atomic64_fetch_andnot_acquire\"", \""atomic64_fetch_andnot_relaxed\"", \""atomic64_fetch_andnot_release\"", \""atomic64_fetch_dec\"", \""atomic64_fetch_dec_acquire\"", \""atomic64_fetch_dec_relaxed\"", \""atomic64_fetch_dec_release\"", \""atomic64_fetch_inc\"", \""atomic64_fetch_inc_acquire\"", \""atomic64_fetch_inc_relaxed\"", \""atomic64_fetch_inc_release\"", \""atomic64_fetch_or\"", \""atomic64_fetch_or_acquire\"", \""atomic64_fetch_or_relaxed\"", \""atomic64_fetch_or_release\"", \""atomic64_fetch_sub\"", \""atomic64_fetch_sub_acquire\"", \""atomic64_fetch_sub_relaxed\"", \""atomic64_fetch_sub_release\"", \""atomic64_fetch_xor\"", \""atomic64_fetch_xor_acquire\"", \""atomic64_fetch_xor_relaxed\"", \""atomic64_fetch_xor_release\"", \""atomic64_inc\"", \""atomic64_inc_and_test\"", \""atomic64_inc_not_zero\"", \""atomic64_inc_return\"", \""atomic64_inc_return_acquire\"", \""atomic64_inc_return_relaxed\"", \""atomic64_inc_return_release\"", \""atomic64_inc_unless_negative\"", \""atomic64_or\"", \""atomic64_read\"", \""atomic64_read_acquire\"", \""atomic64_set\"", \""atomic64_set_release\"", \""atomic64_sub\"", \""atomic64_sub_and_test\"", \""atomic64_sub_return\"", \""atomic64_sub_return_acquire\"", \""atomic64_sub_return_relaxed\"", \""atomic64_sub_return_release\"", \""atomic64_try_cmpxchg\"", \""atomic64_try_cmpxchg_acquire\"", \""atomic64_try_cmpxchg_relaxed\"", \""atomic64_try_cmpxchg_release\"", \""atomic64_xchg\"", \""atomic64_xchg_acquire\"", \""atomic64_xchg_relaxed\"", \""atomic64_xchg_release\"", \""atomic64_xor\"", \""atomic_add\"", \""atomic_add_negative\"", \""atomic_add_negative_acquire\"", \""atomic_add_negative_relaxed\"", \""atomic_add_negative_release\"", \""atomic_add_return\"", \""atomic_add_return_acquire\"", \""atomic_add_return_relaxed\"", \""atomic_add_return_release\"", \""atomic_add_unless\"", \""atomic_and\"", \""atomic_andnot\"", \""atomic_cmpxchg\"", \""atomic_cmpxchg_acquire\"", \""atomic_cmpxchg_relaxed\"", \""atomic_cmpxchg_release\"", \""atomic_dec\"", \""atomic_dec_and_test\"", \""atomic_dec_if_positive\"", \""atomic_dec_return\"", \""atomic_dec_return_acquire\"", \""atomic_dec_return_relaxed\"", \""atomic_dec_return_release\"", \""atomic_dec_unless_positive\"", \""atomic_fetch_add\"", \""atomic_fetch_add_acquire\"", \""atomic_fetch_add_relaxed\"", \""atomic_fetch_add_release\"", \""atomic_fetch_add_unless\"", \""atomic_fetch_and\"", \""atomic_fetch_and_acquire\"", \""atomic_fetch_and_relaxed\"", \""atomic_fetch_and_release\"", \""atomic_fetch_andnot\"", \""atomic_fetch_andnot_acquire\"", \""atomic_fetch_andnot_relaxed\"", \""atomic_fetch_andnot_release\"", \""atomic_fetch_dec\"", \""atomic_fetch_dec_acquire\"", \""atomic_fetch_dec_relaxed\"", \""atomic_fetch_dec_release\"", \""atomic_fetch_inc\"", \""atomic_fetch_inc_acquire\"", \""atomic_fetch_inc_relaxed\"", \""atomic_fetch_inc_release\"", \""atomic_fetch_or\"", \""atomic_fetch_or_acquire\"", \""atomic_fetch_or_relaxed\"", \""atomic_fetch_or_release\"", \""atomic_fetch_sub\"", \""atomic_fetch_sub_acquire\"", \""atomic_fetch_sub_relaxed\"", \""atomic_fetch_sub_release\"", \""atomic_fetch_xor\"", \""atomic_fetch_xor_acquire\"", \""atomic_fetch_xor_relaxed\"", \""atomic_fetch_xor_release\"", \""atomic_inc\"", \""atomic_inc_and_test\"", \""atomic_inc_not_zero\"", \""atomic_inc_return\"", \""atomic_inc_return_acquire\"", \""atomic_inc_return_relaxed\"", \""atomic_inc_return_release\"", \""atomic_inc_unless_negative\"", \""atomic_or\"", \""atomic_read\"", \""atomic_read_acquire\"", \""atomic_set\"", \""atomic_set_release\"", \""atomic_sub\"", \""atomic_sub_and_test\"", \""atomic_sub_return\"", \""atomic_sub_return_acquire\"", \""atomic_sub_return_relaxed\"", \""atomic_sub_return_release\"", \""atomic_try_cmpxchg\"", \""atomic_try_cmpxchg_acquire\"", \""atomic_try_cmpxchg_relaxed\"", \""atomic_try_cmpxchg_release\"", \""atomic_xchg\"", \""atomic_xchg_acquire\"", \""atomic_xchg_relaxed\"", \""atomic_xchg_release\"", \""atomic_xor\""]"", ""oracle_type"": ""wrapper_fix"", ""subject"": ""rust: Introduce atomic API helpers""}], ""evidence_location"": {""file"": ""rust/helpers/atomic.c"", ""line"": """", ""source"": ""changed_files""}, ""pair_id"": ""latest-p017-v6.17-to-v6.18"", ""promotion_reasons"": [""oracle_hit""], ""rust_side"": {""exposure"": {""edge_count"": 1, ""edges"": [{""dst"": ""RustBindingFunction:atomic64_inc_not_zero"", ""edge_type"": ""GENERATED_FROM"", ""properties"": ""{}"", ""src"": ""CFunction:atomic64_inc_not_zero"", ""version_id"": ""v6.18""}]}, ""oracle_hits"": [{""changed_files"": ""[\""rust/helpers/atomic.c\"", \""rust/helpers/helpers.c\"", \""scripts/atomic/gen-atomics.sh\"", \""scripts/atomic/gen-rust-atomic-helpers.sh\""]"", ""commit_id"": ""fdd7c7e0d2ab3987882c570612d4622f437292c7"", ""date"": ""2025-09-04T21:41:28-07:00"", ""matched_symbols"": ""[\""atomic64_add\"", \""atomic64_add_negative\"", \""atomic64_add_negative_acquire\"", \""atomic64_add_negative_relaxed\"", \""atomic64_add_negative_release\"", \""atomic64_add_return\"", \""atomic64_add_return_acquire\"", \""atomic64_add_return_relaxed\"", \""atomic64_add_return_release\"", \""atomic64_add_unless\"", \""atomic64_and\"", \""atomic64_andnot\"", \""atomic64_cmpxchg\"", \""atomic64_cmpxchg_acquire\"", \""atomic64_cmpxchg_relaxed\"", \""atomic64_cmpxchg_release\"", \""atomic64_dec\"", \""atomic64_dec_and_test\"", \""atomic64_dec_if_positive\"", \""atomic64_dec_return\"", \""atomic64_dec_return_acquire\"", \""atomic64_dec_return_relaxed\"", \""atomic64_dec_return_release\"", \""atomic64_dec_unless_positive\"", \""atomic64_fetch_add\"", \""atomic64_fetch_add_acquire\"", \""atomic64_fetch_add_relaxed\"", \""atomic64_fetch_add_release\"", \""atomic64_fetch_add_unless\"", \""atomic64_fetch_and\"", \""atomic64_fetch_and_acquire\"", \""atomic64_fetch_and_relaxed\"", \""atomic64_fetch_and_release\"", \""atomic64_fetch_andnot\"", \""atomic64_fetch_andnot_acquire\"", \""atomic64_fetch_andnot_relaxed\"", \""atomic64_fetch_andnot_release\"", \""atomic64_fetch_dec\"", \""atomic64_fetch_dec_acquire\"", \""atomic64_fetch_dec_relaxed\"", \""atomic64_fetch_dec_release\"", \""atomic64_fetch_inc\"", \""atomic64_fetch_inc_acquire\"", \""atomic64_fetch_inc_relaxed\"", \""atomic64_fetch_inc_release\"", \""atomic64_fetch_or\"", \""atomic64_fetch_or_acquire\"", \""atomic64_fetch_or_relaxed\"", \""atomic64_fetch_or_release\"", \""atomic64_fetch_sub\"", \""atomic64_fetch_sub_acquire\"", \""atomic64_fetch_sub_relaxed\"", \""atomic64_fetch_sub_release\"", \""atomic64_fetch_xor\"", \""atomic64_fetch_xor_acquire\"", \""atomic64_fetch_xor_relaxed\"", \""atomic64_fetch_xor_release\"", \""atomic64_inc\"", \""atomic64_inc_and_test\"", \""atomic64_inc_not_zero\"", \""atomic64_inc_return\"", \""atomic64_inc_return_acquire\"", \""atomic64_inc_return_relaxed\"", \""atomic64_inc_return_release\"", \""atomic64_inc_unless_negative\"", \""atomic64_or\"", \""atomic64_read\"", \""atomic64_read_acquire\"", \""atomic64_set\"", \""atomic64_set_release\"", \""atomic64_sub\"", \""atomic64_sub_and_test\"", \""atomic64_sub_return\"", \""atomic64_sub_return_acquire\"", \""atomic64_sub_return_relaxed\"", \""atomic64_sub_return_release\"", \""atomic64_try_cmpxchg\"", \""atomic64_try_cmpxchg_acquire\"", \""atomic64_try_cmpxchg_relaxed\"", \""atomic64_try_cmpxchg_release\"", \""atomic64_xchg\"", \""atomic64_xchg_acquire\"", \""atomic64_xchg_relaxed\"", \""atomic64_xchg_release\"", \""atomic64_xor\"", \""atomic_add\"", \""atomic_add_negative\"", \""atomic_add_negative_acquire\"", \""atomic_add_negative_relaxed\"", \""atomic_add_negative_release\"", \""atomic_add_return\"", \""atomic_add_return_acquire\"", \""atomic_add_return_relaxed\"", \""atomic_add_return_release\"", \""atomic_add_unless\"", \""atomic_and\"", \""atomic_andnot\"", \""atomic_cmpxchg\"", \""atomic_cmpxchg_acquire\"", \""atomic_cmpxchg_relaxed\"", \""atomic_cmpxchg_release\"", \""atomic_dec\"", \""atomic_dec_and_test\"", \""atomic_dec_if_positive\"", \""atomic_dec_return\"", \""atomic_dec_return_acquire\"", \""atomic_dec_return_relaxed\"", \""atomic_dec_return_release\"", \""atomic_dec_unless_positive\"", \""atomic_fetch_add\"", \""atomic_fetch_add_acquire\"", \""atomic_fetch_add_relaxed\"", \""atomic_fetch_add_release\"", \""atomic_fetch_add_unless\"", \""atomic_fetch_and\"", \""atomic_fetch_and_acquire\"", \""atomic_fetch_and_relaxed\"", \""atomic_fetch_and_release\"", \""atomic_fetch_andnot\"", \""atomic_fetch_andnot_acquire\"", \""atomic_fetch_andnot_relaxed\"", \""atomic_fetch_andnot_release\"", \""atomic_fetch_dec\"", \""atomic_fetch_dec_acquire\"", \""atomic_fetch_dec_relaxed\"", \""atomic_fetch_dec_release\"", \""atomic_fetch_inc\"", \""atomic_fetch_inc_acquire\"", \""atomic_fetch_inc_relaxed\"", \""atomic_fetch_inc_release\"", \""atomic_fetch_or\"", \""atomic_fetch_or_acquire\"", \""atomic_fetch_or_relaxed\"", \""atomic_fetch_or_release\"", \""atomic_fetch_sub\"", \""atomic_fetch_sub_acquire\"", \""atomic_fetch_sub_relaxed\"", \""atomic_fetch_sub_release\"", \""atomic_fetch_xor\"", \""atomic_fetch_xor_acquire\"", \""atomic_fetch_xor_relaxed\"", \""atomic_fetch_xor_release\"", \""atomic_inc\"", \""atomic_inc_and_test\"", \""atomic_inc_not_zero\"", \""atomic_inc_return\"", \""atomic_inc_return_acquire\"", \""atomic_inc_return_relaxed\"", \""atomic_inc_return_release\"", \""atomic_inc_unless_negative\"", \""atomic_or\"", \""atomic_read\"", \""atomic_read_acquire\"", \""atomic_set\"", \""atomic_set_release\"", \""atomic_sub\"", \""atomic_sub_and_test\"", \""atomic_sub_return\"", \""atomic_sub_return_acquire\"", \""atomic_sub_return_relaxed\"", \""atomic_sub_return_release\"", \""atomic_try_cmpxchg\"", \""atomic_try_cmpxchg_acquire\"", \""atomic_try_cmpxchg_relaxed\"", \""atomic_try_cmpxchg_release\"", \""atomic_xchg\"", \""atomic_xchg_acquire\"", \""atomic_xchg_relaxed\"", \""atomic_xchg_release\"", \""atomic_xor\""]"", ""oracle_type"": ""wrapper_fix"", ""subject"": ""rust: Introduce atomic API helpers""}]}, ""score"": -8.0, ""type"": ""SignatureDrift"", ""warning_id"": ""W-000062"", ""warning_uid"": ""acd145bde14c758bdb646bce571f8f8d091f38097399514ac7ae81b59eb8af65""}",,,,missing concrete evidence line
promoted_warnings-046,promoted_warnings,atomic_fetch_xor_acquire,rust/helpers/atomic.c,,"{""c_evidence"": null, ""evidence_chain"": [{""changed_files"": ""[\""rust/helpers/atomic.c\"", \""rust/helpers/helpers.c\"", \""scripts/atomic/gen-atomics.sh\"", \""scripts/atomic/gen-rust-atomic-helpers.sh\""]"", ""commit_id"": ""fdd7c7e0d2ab3987882c570612d4622f437292c7"", ""date"": ""2025-09-04T21:41:28-07:00"", ""matched_symbols"": ""[\""atomic64_add\"", \""atomic64_add_negative\"", \""atomic64_add_negative_acquire\"", \""atomic64_add_negative_relaxed\"", \""atomic64_add_negative_release\"", \""atomic64_add_return\"", \""atomic64_add_return_acquire\"", \""atomic64_add_return_relaxed\"", \""atomic64_add_return_release\"", \""atomic64_add_unless\"", \""atomic64_and\"", \""atomic64_andnot\"", \""atomic64_cmpxchg\"", \""atomic64_cmpxchg_acquire\"", \""atomic64_cmpxchg_relaxed\"", \""atomic64_cmpxchg_release\"", \""atomic64_dec\"", \""atomic64_dec_and_test\"", \""atomic64_dec_if_positive\"", \""atomic64_dec_return\"", \""atomic64_dec_return_acquire\"", \""atomic64_dec_return_relaxed\"", \""atomic64_dec_return_release\"", \""atomic64_dec_unless_positive\"", \""atomic64_fetch_add\"", \""atomic64_fetch_add_acquire\"", \""atomic64_fetch_add_relaxed\"", \""atomic64_fetch_add_release\"", \""atomic64_fetch_add_unless\"", \""atomic64_fetch_and\"", \""atomic64_fetch_and_acquire\"", \""atomic64_fetch_and_relaxed\"", \""atomic64_fetch_and_release\"", \""atomic64_fetch_andnot\"", \""atomic64_fetch_andnot_acquire\"", \""atomic64_fetch_andnot_relaxed\"", \""atomic64_fetch_andnot_release\"", \""atomic64_fetch_dec\"", \""atomic64_fetch_dec_acquire\"", \""atomic64_fetch_dec_relaxed\"", \""atomic64_fetch_dec_release\"", \""atomic64_fetch_inc\"", \""atomic64_fetch_inc_acquire\"", \""atomic64_fetch_inc_relaxed\"", \""atomic64_fetch_inc_release\"", \""atomic64_fetch_or\"", \""atomic64_fetch_or_acquire\"", \""atomic64_fetch_or_relaxed\"", \""atomic64_fetch_or_release\"", \""atomic64_fetch_sub\"", \""atomic64_fetch_sub_acquire\"", \""atomic64_fetch_sub_relaxed\"", \""atomic64_fetch_sub_release\"", \""atomic64_fetch_xor\"", \""atomic64_fetch_xor_acquire\"", \""atomic64_fetch_xor_relaxed\"", \""atomic64_fetch_xor_release\"", \""atomic64_inc\"", \""atomic64_inc_and_test\"", \""atomic64_inc_not_zero\"", \""atomic64_inc_return\"", \""atomic64_inc_return_acquire\"", \""atomic64_inc_return_relaxed\"", \""atomic64_inc_return_release\"", \""atomic64_inc_unless_negative\"", \""atomic64_or\"", \""atomic64_read\"", \""atomic64_read_acquire\"", \""atomic64_set\"", \""atomic64_set_release\"", \""atomic64_sub\"", \""atomic64_sub_and_test\"", \""atomic64_sub_return\"", \""atomic64_sub_return_acquire\"", \""atomic64_sub_return_relaxed\"", \""atomic64_sub_return_release\"", \""atomic64_try_cmpxchg\"", \""atomic64_try_cmpxchg_acquire\"", \""atomic64_try_cmpxchg_relaxed\"", \""atomic64_try_cmpxchg_release\"", \""atomic64_xchg\"", \""atomic64_xchg_acquire\"", \""atomic64_xchg_relaxed\"", \""atomic64_xchg_release\"", \""atomic64_xor\"", \""atomic_add\"", \""atomic_add_negative\"", \""atomic_add_negative_acquire\"", \""atomic_add_negative_relaxed\"", \""atomic_add_negative_release\"", \""atomic_add_return\"", \""atomic_add_return_acquire\"", \""atomic_add_return_relaxed\"", \""atomic_add_return_release\"", \""atomic_add_unless\"", \""atomic_and\"", \""atomic_andnot\"", \""atomic_cmpxchg\"", \""atomic_cmpxchg_acquire\"", \""atomic_cmpxchg_relaxed\"", \""atomic_cmpxchg_release\"", \""atomic_dec\"", \""atomic_dec_and_test\"", \""atomic_dec_if_positive\"", \""atomic_dec_return\"", \""atomic_dec_return_acquire\"", \""atomic_dec_return_relaxed\"", \""atomic_dec_return_release\"", \""atomic_dec_unless_positive\"", \""atomic_fetch_add\"", \""atomic_fetch_add_acquire\"", \""atomic_fetch_add_relaxed\"", \""atomic_fetch_add_release\"", \""atomic_fetch_add_unless\"", \""atomic_fetch_and\"", \""atomic_fetch_and_acquire\"", \""atomic_fetch_and_relaxed\"", \""atomic_fetch_and_release\"", \""atomic_fetch_andnot\"", \""atomic_fetch_andnot_acquire\"", \""atomic_fetch_andnot_relaxed\"", \""atomic_fetch_andnot_release\"", \""atomic_fetch_dec\"", \""atomic_fetch_dec_acquire\"", \""atomic_fetch_dec_relaxed\"", \""atomic_fetch_dec_release\"", \""atomic_fetch_inc\"", \""atomic_fetch_inc_acquire\"", \""atomic_fetch_inc_relaxed\"", \""atomic_fetch_inc_release\"", \""atomic_fetch_or\"", \""atomic_fetch_or_acquire\"", \""atomic_fetch_or_relaxed\"", \""atomic_fetch_or_release\"", \""atomic_fetch_sub\"", \""atomic_fetch_sub_acquire\"", \""atomic_fetch_sub_relaxed\"", \""atomic_fetch_sub_release\"", \""atomic_fetch_xor\"", \""atomic_fetch_xor_acquire\"", \""atomic_fetch_xor_relaxed\"", \""atomic_fetch_xor_release\"", \""atomic_inc\"", \""atomic_inc_and_test\"", \""atomic_inc_not_zero\"", \""atomic_inc_return\"", \""atomic_inc_return_acquire\"", \""atomic_inc_return_relaxed\"", \""atomic_inc_return_release\"", \""atomic_inc_unless_negative\"", \""atomic_or\"", \""atomic_read\"", \""atomic_read_acquire\"", \""atomic_set\"", \""atomic_set_release\"", \""atomic_sub\"", \""atomic_sub_and_test\"", \""atomic_sub_return\"", \""atomic_sub_return_acquire\"", \""atomic_sub_return_relaxed\"", \""atomic_sub_return_release\"", \""atomic_try_cmpxchg\"", \""atomic_try_cmpxchg_acquire\"", \""atomic_try_cmpxchg_relaxed\"", \""atomic_try_cmpxchg_release\"", \""atomic_xchg\"", \""atomic_xchg_acquire\"", \""atomic_xchg_relaxed\"", \""atomic_xchg_release\"", \""atomic_xor\""]"", ""oracle_type"": ""wrapper_fix"", ""subject"": ""rust: Introduce atomic API helpers""}], ""evidence_location"": {""file"": ""rust/helpers/atomic.c"", ""line"": """", ""source"": ""changed_files""}, ""pair_id"": ""latest-p017-v6.17-to-v6.18"", ""promotion_reasons"": [""oracle_hit""], ""rust_side"": {""exposure"": {""edge_count"": 1, ""edges"": [{""dst"": ""RustBindingFunction:atomic_fetch_xor_acquire"", ""edge_type"": ""GENERATED_FROM"", ""properties"": ""{}"", ""src"": ""CFunction:atomic_fetch_xor_acquire"", ""version_id"": ""v6.18""}]}, ""oracle_hits"": [{""changed_files"": ""[\""rust/helpers/atomic.c\"", \""rust/helpers/helpers.c\"", \""scripts/atomic/gen-atomics.sh\"", \""scripts/atomic/gen-rust-atomic-helpers.sh\""]"", ""commit_id"": ""fdd7c7e0d2ab3987882c570612d4622f437292c7"", ""date"": ""2025-09-04T21:41:28-07:00"", ""matched_symbols"": ""[\""atomic64_add\"", \""atomic64_add_negative\"", \""atomic64_add_negative_acquire\"", \""atomic64_add_negative_relaxed\"", \""atomic64_add_negative_release\"", \""atomic64_add_return\"", \""atomic64_add_return_acquire\"", \""atomic64_add_return_relaxed\"", \""atomic64_add_return_release\"", \""atomic64_add_unless\"", \""atomic64_and\"", \""atomic64_andnot\"", \""atomic64_cmpxchg\"", \""atomic64_cmpxchg_acquire\"", \""atomic64_cmpxchg_relaxed\"", \""atomic64_cmpxchg_release\"", \""atomic64_dec\"", \""atomic64_dec_and_test\"", \""atomic64_dec_if_positive\"", \""atomic64_dec_return\"", \""atomic64_dec_return_acquire\"", \""atomic64_dec_return_relaxed\"", \""atomic64_dec_return_release\"", \""atomic64_dec_unless_positive\"", \""atomic64_fetch_add\"", \""atomic64_fetch_add_acquire\"", \""atomic64_fetch_add_relaxed\"", \""atomic64_fetch_add_release\"", \""atomic64_fetch_add_unless\"", \""atomic64_fetch_and\"", \""atomic64_fetch_and_acquire\"", \""atomic64_fetch_and_relaxed\"", \""atomic64_fetch_and_release\"", \""atomic64_fetch_andnot\"", \""atomic64_fetch_andnot_acquire\"", \""atomic64_fetch_andnot_relaxed\"", \""atomic64_fetch_andnot_release\"", \""atomic64_fetch_dec\"", \""atomic64_fetch_dec_acquire\"", \""atomic64_fetch_dec_relaxed\"", \""atomic64_fetch_dec_release\"", \""atomic64_fetch_inc\"", \""atomic64_fetch_inc_acquire\"", \""atomic64_fetch_inc_relaxed\"", \""atomic64_fetch_inc_release\"", \""atomic64_fetch_or\"", \""atomic64_fetch_or_acquire\"", \""atomic64_fetch_or_relaxed\"", \""atomic64_fetch_or_release\"", \""atomic64_fetch_sub\"", \""atomic64_fetch_sub_acquire\"", \""atomic64_fetch_sub_relaxed\"", \""atomic64_fetch_sub_release\"", \""atomic64_fetch_xor\"", \""atomic64_fetch_xor_acquire\"", \""atomic64_fetch_xor_relaxed\"", \""atomic64_fetch_xor_release\"", \""atomic64_inc\"", \""atomic64_inc_and_test\"", \""atomic64_inc_not_zero\"", \""atomic64_inc_return\"", \""atomic64_inc_return_acquire\"", \""atomic64_inc_return_relaxed\"", \""atomic64_inc_return_release\"", \""atomic64_inc_unless_negative\"", \""atomic64_or\"", \""atomic64_read\"", \""atomic64_read_acquire\"", \""atomic64_set\"", \""atomic64_set_release\"", \""atomic64_sub\"", \""atomic64_sub_and_test\"", \""atomic64_sub_return\"", \""atomic64_sub_return_acquire\"", \""atomic64_sub_return_relaxed\"", \""atomic64_sub_return_release\"", \""atomic64_try_cmpxchg\"", \""atomic64_try_cmpxchg_acquire\"", \""atomic64_try_cmpxchg_relaxed\"", \""atomic64_try_cmpxchg_release\"", \""atomic64_xchg\"", \""atomic64_xchg_acquire\"", \""atomic64_xchg_relaxed\"", \""atomic64_xchg_release\"", \""atomic64_xor\"", \""atomic_add\"", \""atomic_add_negative\"", \""atomic_add_negative_acquire\"", \""atomic_add_negative_relaxed\"", \""atomic_add_negative_release\"", \""atomic_add_return\"", \""atomic_add_return_acquire\"", \""atomic_add_return_relaxed\"", \""atomic_add_return_release\"", \""atomic_add_unless\"", \""atomic_and\"", \""atomic_andnot\"", \""atomic_cmpxchg\"", \""atomic_cmpxchg_acquire\"", \""atomic_cmpxchg_relaxed\"", \""atomic_cmpxchg_release\"", \""atomic_dec\"", \""atomic_dec_and_test\"", \""atomic_dec_if_positive\"", \""atomic_dec_return\"", \""atomic_dec_return_acquire\"", \""atomic_dec_return_relaxed\"", \""atomic_dec_return_release\"", \""atomic_dec_unless_positive\"", \""atomic_fetch_add\"", \""atomic_fetch_add_acquire\"", \""atomic_fetch_add_relaxed\"", \""atomic_fetch_add_release\"", \""atomic_fetch_add_unless\"", \""atomic_fetch_and\"", \""atomic_fetch_and_acquire\"", \""atomic_fetch_and_relaxed\"", \""atomic_fetch_and_release\"", \""atomic_fetch_andnot\"", \""atomic_fetch_andnot_acquire\"", \""atomic_fetch_andnot_relaxed\"", \""atomic_fetch_andnot_release\"", \""atomic_fetch_dec\"", \""atomic_fetch_dec_acquire\"", \""atomic_fetch_dec_relaxed\"", \""atomic_fetch_dec_release\"", \""atomic_fetch_inc\"", \""atomic_fetch_inc_acquire\"", \""atomic_fetch_inc_relaxed\"", \""atomic_fetch_inc_release\"", \""atomic_fetch_or\"", \""atomic_fetch_or_acquire\"", \""atomic_fetch_or_relaxed\"", \""atomic_fetch_or_release\"", \""atomic_fetch_sub\"", \""atomic_fetch_sub_acquire\"", \""atomic_fetch_sub_relaxed\"", \""atomic_fetch_sub_release\"", \""atomic_fetch_xor\"", \""atomic_fetch_xor_acquire\"", \""atomic_fetch_xor_relaxed\"", \""atomic_fetch_xor_release\"", \""atomic_inc\"", \""atomic_inc_and_test\"", \""atomic_inc_not_zero\"", \""atomic_inc_return\"", \""atomic_inc_return_acquire\"", \""atomic_inc_return_relaxed\"", \""atomic_inc_return_release\"", \""atomic_inc_unless_negative\"", \""atomic_or\"", \""atomic_read\"", \""atomic_read_acquire\"", \""atomic_set\"", \""atomic_set_release\"", \""atomic_sub\"", \""atomic_sub_and_test\"", \""atomic_sub_return\"", \""atomic_sub_return_acquire\"", \""atomic_sub_return_relaxed\"", \""atomic_sub_return_release\"", \""atomic_try_cmpxchg\"", \""atomic_try_cmpxchg_acquire\"", \""atomic_try_cmpxchg_relaxed\"", \""atomic_try_cmpxchg_release\"", \""atomic_xchg\"", \""atomic_xchg_acquire\"", \""atomic_xchg_relaxed\"", \""atomic_xchg_release\"", \""atomic_xor\""]"", ""oracle_type"": ""wrapper_fix"", ""subject"": ""rust: Introduce atomic API helpers""}]}, ""score"": -8.0, ""type"": ""SignatureDrift"", ""warning_id"": ""W-000142"", ""warning_uid"": ""4f41d5efc17db8c8b4cef02c351c01c4265913f423cf8b553417cd835ff977f2""}",,,,missing concrete evidence line
promoted_warnings-047,promoted_warnings,atomic_dec_unless_positive,rust/helpers/atomic.c,,"{""c_evidence"": null, ""evidence_chain"": [{""changed_files"": ""[\""rust/helpers/atomic.c\"", \""rust/helpers/helpers.c\"", \""scripts/atomic/gen-atomics.sh\"", \""scripts/atomic/gen-rust-atomic-helpers.sh\""]"", ""commit_id"": ""fdd7c7e0d2ab3987882c570612d4622f437292c7"", ""date"": ""2025-09-04T21:41:28-07:00"", ""matched_symbols"": ""[\""atomic64_add\"", \""atomic64_add_negative\"", \""atomic64_add_negative_acquire\"", \""atomic64_add_negative_relaxed\"", \""atomic64_add_negative_release\"", \""atomic64_add_return\"", \""atomic64_add_return_acquire\"", \""atomic64_add_return_relaxed\"", \""atomic64_add_return_release\"", \""atomic64_add_unless\"", \""atomic64_and\"", \""atomic64_andnot\"", \""atomic64_cmpxchg\"", \""atomic64_cmpxchg_acquire\"", \""atomic64_cmpxchg_relaxed\"", \""atomic64_cmpxchg_release\"", \""atomic64_dec\"", \""atomic64_dec_and_test\"", \""atomic64_dec_if_positive\"", \""atomic64_dec_return\"", \""atomic64_dec_return_acquire\"", \""atomic64_dec_return_relaxed\"", \""atomic64_dec_return_release\"", \""atomic64_dec_unless_positive\"", \""atomic64_fetch_add\"", \""atomic64_fetch_add_acquire\"", \""atomic64_fetch_add_relaxed\"", \""atomic64_fetch_add_release\"", \""atomic64_fetch_add_unless\"", \""atomic64_fetch_and\"", \""atomic64_fetch_and_acquire\"", \""atomic64_fetch_and_relaxed\"", \""atomic64_fetch_and_release\"", \""atomic64_fetch_andnot\"", \""atomic64_fetch_andnot_acquire\"", \""atomic64_fetch_andnot_relaxed\"", \""atomic64_fetch_andnot_release\"", \""atomic64_fetch_dec\"", \""atomic64_fetch_dec_acquire\"", \""atomic64_fetch_dec_relaxed\"", \""atomic64_fetch_dec_release\"", \""atomic64_fetch_inc\"", \""atomic64_fetch_inc_acquire\"", \""atomic64_fetch_inc_relaxed\"", \""atomic64_fetch_inc_release\"", \""atomic64_fetch_or\"", \""atomic64_fetch_or_acquire\"", \""atomic64_fetch_or_relaxed\"", \""atomic64_fetch_or_release\"", \""atomic64_fetch_sub\"", \""atomic64_fetch_sub_acquire\"", \""atomic64_fetch_sub_relaxed\"", \""atomic64_fetch_sub_release\"", \""atomic64_fetch_xor\"", \""atomic64_fetch_xor_acquire\"", \""atomic64_fetch_xor_relaxed\"", \""atomic64_fetch_xor_release\"", \""atomic64_inc\"", \""atomic64_inc_and_test\"", \""atomic64_inc_not_zero\"", \""atomic64_inc_return\"", \""atomic64_inc_return_acquire\"", \""atomic64_inc_return_relaxed\"", \""atomic64_inc_return_release\"", \""atomic64_inc_unless_negative\"", \""atomic64_or\"", \""atomic64_read\"", \""atomic64_read_acquire\"", \""atomic64_set\"", \""atomic64_set_release\"", \""atomic64_sub\"", \""atomic64_sub_and_test\"", \""atomic64_sub_return\"", \""atomic64_sub_return_acquire\"", \""atomic64_sub_return_relaxed\"", \""atomic64_sub_return_release\"", \""atomic64_try_cmpxchg\"", \""atomic64_try_cmpxchg_acquire\"", \""atomic64_try_cmpxchg_relaxed\"", \""atomic64_try_cmpxchg_release\"", \""atomic64_xchg\"", \""atomic64_xchg_acquire\"", \""atomic64_xchg_relaxed\"", \""atomic64_xchg_release\"", \""atomic64_xor\"", \""atomic_add\"", \""atomic_add_negative\"", \""atomic_add_negative_acquire\"", \""atomic_add_negative_relaxed\"", \""atomic_add_negative_release\"", \""atomic_add_return\"", \""atomic_add_return_acquire\"", \""atomic_add_return_relaxed\"", \""atomic_add_return_release\"", \""atomic_add_unless\"", \""atomic_and\"", \""atomic_andnot\"", \""atomic_cmpxchg\"", \""atomic_cmpxchg_acquire\"", \""atomic_cmpxchg_relaxed\"", \""atomic_cmpxchg_release\"", \""atomic_dec\"", \""atomic_dec_and_test\"", \""atomic_dec_if_positive\"", \""atomic_dec_return\"", \""atomic_dec_return_acquire\"", \""atomic_dec_return_relaxed\"", \""atomic_dec_return_release\"", \""atomic_dec_unless_positive\"", \""atomic_fetch_add\"", \""atomic_fetch_add_acquire\"", \""atomic_fetch_add_relaxed\"", \""atomic_fetch_add_release\"", \""atomic_fetch_add_unless\"", \""atomic_fetch_and\"", \""atomic_fetch_and_acquire\"", \""atomic_fetch_and_relaxed\"", \""atomic_fetch_and_release\"", \""atomic_fetch_andnot\"", \""atomic_fetch_andnot_acquire\"", \""atomic_fetch_andnot_relaxed\"", \""atomic_fetch_andnot_release\"", \""atomic_fetch_dec\"", \""atomic_fetch_dec_acquire\"", \""atomic_fetch_dec_relaxed\"", \""atomic_fetch_dec_release\"", \""atomic_fetch_inc\"", \""atomic_fetch_inc_acquire\"", \""atomic_fetch_inc_relaxed\"", \""atomic_fetch_inc_release\"", \""atomic_fetch_or\"", \""atomic_fetch_or_acquire\"", \""atomic_fetch_or_relaxed\"", \""atomic_fetch_or_release\"", \""atomic_fetch_sub\"", \""atomic_fetch_sub_acquire\"", \""atomic_fetch_sub_relaxed\"", \""atomic_fetch_sub_release\"", \""atomic_fetch_xor\"", \""atomic_fetch_xor_acquire\"", \""atomic_fetch_xor_relaxed\"", \""atomic_fetch_xor_release\"", \""atomic_inc\"", \""atomic_inc_and_test\"", \""atomic_inc_not_zero\"", \""atomic_inc_return\"", \""atomic_inc_return_acquire\"", \""atomic_inc_return_relaxed\"", \""atomic_inc_return_release\"", \""atomic_inc_unless_negative\"", \""atomic_or\"", \""atomic_read\"", \""atomic_read_acquire\"", \""atomic_set\"", \""atomic_set_release\"", \""atomic_sub\"", \""atomic_sub_and_test\"", \""atomic_sub_return\"", \""atomic_sub_return_acquire\"", \""atomic_sub_return_relaxed\"", \""atomic_sub_return_release\"", \""atomic_try_cmpxchg\"", \""atomic_try_cmpxchg_acquire\"", \""atomic_try_cmpxchg_relaxed\"", \""atomic_try_cmpxchg_release\"", \""atomic_xchg\"", \""atomic_xchg_acquire\"", \""atomic_xchg_relaxed\"", \""atomic_xchg_release\"", \""atomic_xor\""]"", ""oracle_type"": ""wrapper_fix"", ""subject"": ""rust: Introduce atomic API helpers""}], ""evidence_location"": {""file"": ""rust/helpers/atomic.c"", ""line"": """", ""source"": ""changed_files""}, ""pair_id"": ""latest-p017-v6.17-to-v6.18"", ""promotion_reasons"": [""oracle_hit""], ""rust_side"": {""exposure"": {""edge_count"": 1, ""edges"": [{""dst"": ""RustBindingFunction:atomic_dec_unless_positive"", ""edge_type"": ""GENERATED_FROM"", ""properties"": ""{}"", ""src"": ""CFunction:atomic_dec_unless_positive"", ""version_id"": ""v6.18""}]}, ""oracle_hits"": [{""changed_files"": ""[\""rust/helpers/atomic.c\"", \""rust/helpers/helpers.c\"", \""scripts/atomic/gen-atomics.sh\"", \""scripts/atomic/gen-rust-atomic-helpers.sh\""]"", ""commit_id"": ""fdd7c7e0d2ab3987882c570612d4622f437292c7"", ""date"": ""2025-09-04T21:41:28-07:00"", ""matched_symbols"": ""[\""atomic64_add\"", \""atomic64_add_negative\"", \""atomic64_add_negative_acquire\"", \""atomic64_add_negative_relaxed\"", \""atomic64_add_negative_release\"", \""atomic64_add_return\"", \""atomic64_add_return_acquire\"", \""atomic64_add_return_relaxed\"", \""atomic64_add_return_release\"", \""atomic64_add_unless\"", \""atomic64_and\"", \""atomic64_andnot\"", \""atomic64_cmpxchg\"", \""atomic64_cmpxchg_acquire\"", \""atomic64_cmpxchg_relaxed\"", \""atomic64_cmpxchg_release\"", \""atomic64_dec\"", \""atomic64_dec_and_test\"", \""atomic64_dec_if_positive\"", \""atomic64_dec_return\"", \""atomic64_dec_return_acquire\"", \""atomic64_dec_return_relaxed\"", \""atomic64_dec_return_release\"", \""atomic64_dec_unless_positive\"", \""atomic64_fetch_add\"", \""atomic64_fetch_add_acquire\"", \""atomic64_fetch_add_relaxed\"", \""atomic64_fetch_add_release\"", \""atomic64_fetch_add_unless\"", \""atomic64_fetch_and\"", \""atomic64_fetch_and_acquire\"", \""atomic64_fetch_and_relaxed\"", \""atomic64_fetch_and_release\"", \""atomic64_fetch_andnot\"", \""atomic64_fetch_andnot_acquire\"", \""atomic64_fetch_andnot_relaxed\"", \""atomic64_fetch_andnot_release\"", \""atomic64_fetch_dec\"", \""atomic64_fetch_dec_acquire\"", \""atomic64_fetch_dec_relaxed\"", \""atomic64_fetch_dec_release\"", \""atomic64_fetch_inc\"", \""atomic64_fetch_inc_acquire\"", \""atomic64_fetch_inc_relaxed\"", \""atomic64_fetch_inc_release\"", \""atomic64_fetch_or\"", \""atomic64_fetch_or_acquire\"", \""atomic64_fetch_or_relaxed\"", \""atomic64_fetch_or_release\"", \""atomic64_fetch_sub\"", \""atomic64_fetch_sub_acquire\"", \""atomic64_fetch_sub_relaxed\"", \""atomic64_fetch_sub_release\"", \""atomic64_fetch_xor\"", \""atomic64_fetch_xor_acquire\"", \""atomic64_fetch_xor_relaxed\"", \""atomic64_fetch_xor_release\"", \""atomic64_inc\"", \""atomic64_inc_and_test\"", \""atomic64_inc_not_zero\"", \""atomic64_inc_return\"", \""atomic64_inc_return_acquire\"", \""atomic64_inc_return_relaxed\"", \""atomic64_inc_return_release\"", \""atomic64_inc_unless_negative\"", \""atomic64_or\"", \""atomic64_read\"", \""atomic64_read_acquire\"", \""atomic64_set\"", \""atomic64_set_release\"", \""atomic64_sub\"", \""atomic64_sub_and_test\"", \""atomic64_sub_return\"", \""atomic64_sub_return_acquire\"", \""atomic64_sub_return_relaxed\"", \""atomic64_sub_return_release\"", \""atomic64_try_cmpxchg\"", \""atomic64_try_cmpxchg_acquire\"", \""atomic64_try_cmpxchg_relaxed\"", \""atomic64_try_cmpxchg_release\"", \""atomic64_xchg\"", \""atomic64_xchg_acquire\"", \""atomic64_xchg_relaxed\"", \""atomic64_xchg_release\"", \""atomic64_xor\"", \""atomic_add\"", \""atomic_add_negative\"", \""atomic_add_negative_acquire\"", \""atomic_add_negative_relaxed\"", \""atomic_add_negative_release\"", \""atomic_add_return\"", \""atomic_add_return_acquire\"", \""atomic_add_return_relaxed\"", \""atomic_add_return_release\"", \""atomic_add_unless\"", \""atomic_and\"", \""atomic_andnot\"", \""atomic_cmpxchg\"", \""atomic_cmpxchg_acquire\"", \""atomic_cmpxchg_relaxed\"", \""atomic_cmpxchg_release\"", \""atomic_dec\"", \""atomic_dec_and_test\"", \""atomic_dec_if_positive\"", \""atomic_dec_return\"", \""atomic_dec_return_acquire\"", \""atomic_dec_return_relaxed\"", \""atomic_dec_return_release\"", \""atomic_dec_unless_positive\"", \""atomic_fetch_add\"", \""atomic_fetch_add_acquire\"", \""atomic_fetch_add_relaxed\"", \""atomic_fetch_add_release\"", \""atomic_fetch_add_unless\"", \""atomic_fetch_and\"", \""atomic_fetch_and_acquire\"", \""atomic_fetch_and_relaxed\"", \""atomic_fetch_and_release\"", \""atomic_fetch_andnot\"", \""atomic_fetch_andnot_acquire\"", \""atomic_fetch_andnot_relaxed\"", \""atomic_fetch_andnot_release\"", \""atomic_fetch_dec\"", \""atomic_fetch_dec_acquire\"", \""atomic_fetch_dec_relaxed\"", \""atomic_fetch_dec_release\"", \""atomic_fetch_inc\"", \""atomic_fetch_inc_acquire\"", \""atomic_fetch_inc_relaxed\"", \""atomic_fetch_inc_release\"", \""atomic_fetch_or\"", \""atomic_fetch_or_acquire\"", \""atomic_fetch_or_relaxed\"", \""atomic_fetch_or_release\"", \""atomic_fetch_sub\"", \""atomic_fetch_sub_acquire\"", \""atomic_fetch_sub_relaxed\"", \""atomic_fetch_sub_release\"", \""atomic_fetch_xor\"", \""atomic_fetch_xor_acquire\"", \""atomic_fetch_xor_relaxed\"", \""atomic_fetch_xor_release\"", \""atomic_inc\"", \""atomic_inc_and_test\"", \""atomic_inc_not_zero\"", \""atomic_inc_return\"", \""atomic_inc_return_acquire\"", \""atomic_inc_return_relaxed\"", \""atomic_inc_return_release\"", \""atomic_inc_unless_negative\"", \""atomic_or\"", \""atomic_read\"", \""atomic_read_acquire\"", \""atomic_set\"", \""atomic_set_release\"", \""atomic_sub\"", \""atomic_sub_and_test\"", \""atomic_sub_return\"", \""atomic_sub_return_acquire\"", \""atomic_sub_return_relaxed\"", \""atomic_sub_return_release\"", \""atomic_try_cmpxchg\"", \""atomic_try_cmpxchg_acquire\"", \""atomic_try_cmpxchg_relaxed\"", \""atomic_try_cmpxchg_release\"", \""atomic_xchg\"", \""atomic_xchg_acquire\"", \""atomic_xchg_relaxed\"", \""atomic_xchg_release\"", \""atomic_xor\""]"", ""oracle_type"": ""wrapper_fix"", ""subject"": ""rust: Introduce atomic API helpers""}]}, ""score"": -8.0, ""type"": ""SignatureDrift"", ""warning_id"": ""W-000111"", ""warning_uid"": ""aa35fce53781768e8ef93d54832e97532ce360549e8fe86b4528a86bb4de5012""}",,,,missing concrete evidence line
promoted_warnings-048,promoted_warnings,VM_MAYSHARE,.binddrift/worktrees/v6.19/rust/kernel/mm/virt.rs,416,"{""c_evidence"": null, ""evidence_chain"": [{""line"": 416, ""nearby_api"": ""VmaNew::try_clear_mayexec"", ""rust_file"": "".binddrift/worktrees/v6.19/rust/kernel/mm/virt.rs"", ""text"": ""/// Mapping may be updated to allow execution.""}], ""evidence_location"": {""file"": "".binddrift/worktrees/v6.19/rust/kernel/mm/virt.rs"", ""line"": ""416"", ""source"": ""evidence""}, ""pair_id"": ""latest-p018-v6.18-to-v6.19"", ""promotion_reasons"": [""direct_binding_use"", ""has_safety_comment""], ""rust_side"": {""exposure"": {""edge_count"": 3, ""edges"": [{""dst"": ""RustBindingConst:VM_MAYSHARE"", ""edge_type"": ""GENERATED_FROM"", ""properties"": ""{}"", ""src"": ""CMacro:VM_MAYSHARE"", ""version_id"": ""v6.19""}, {""dst"": ""RustSafetyComment:.binddrift/worktrees/v6.19/rust/kernel/mm/virt.rs:416"", ""edge_type"": ""HAS_SAFETY_COMMENT"", ""properties"": ""{}"", ""src"": ""RustBindingFunction:VM_MAYSHARE"", ""version_id"": ""v6.19""}, {""dst"": ""RustUnsafeCall:.binddrift/worktrees/v6.19/rust/kernel/mm/virt.rs:420:VM_MAYSHARE"", ""edge_type"": ""CALLS_BINDING"", ""properties"": ""{}"", ""src"": ""RustBindingFunction:VM_MAYSHARE"", ""version_id"": ""v6.19""}]}, ""safety_comments"": [{""line"": 416, ""nearby_api"": ""VmaNew::try_clear_mayexec"", ""rust_file"": "".binddrift/worktrees/v6.19/rust/kernel/mm/virt.rs"", ""text"": ""/// Mapping may be updated to allow execution.""}], ""uses"": [{""enclosing_function"": null, ""enclosing_impl"": null, ""enclosing_type"": null, ""enclosing_unsafe_block"": 0, ""line"": 420, ""rust_file"": "".binddrift/worktrees/v6.19/rust/kernel/mm/virt.rs""}]}, ""score"": 10.0, ""type"": ""MacroConstDrift"", ""warning_id"": ""W-000015"", ""warning_uid"": ""97f542affa2f32b1507e582757b9e7a0191b13f9ba66bdbc5f70802080228876""}",,,,
promoted_warnings-049,promoted_warnings,VM_SOFTDIRTY,.binddrift/worktrees/v6.19/rust/kernel/mm/virt.rs,455,"{""c_evidence"": null, ""evidence_chain"": [{""line"": 455, ""nearby_api"": ""VmaNew::try_clear_mayexec"", ""rust_file"": "".binddrift/worktrees/v6.19/rust/kernel/mm/virt.rs"", ""text"": ""/// Do not include in the core dump.""}], ""evidence_location"": {""file"": "".binddrift/worktrees/v6.19/rust/kernel/mm/virt.rs"", ""line"": ""455"", ""source"": ""evidence""}, ""pair_id"": ""latest-p018-v6.18-to-v6.19"", ""promotion_reasons"": [""direct_binding_use"", ""has_safety_comment""], ""rust_side"": {""exposure"": {""edge_count"": 3, ""edges"": [{""dst"": ""RustBindingConst:VM_SOFTDIRTY"", ""edge_type"": ""GENERATED_FROM"", ""properties"": ""{}"", ""src"": ""CMacro:VM_SOFTDIRTY"", ""version_id"": ""v6.19""}, {""dst"": ""RustSafetyComment:.binddrift/worktrees/v6.19/rust/kernel/mm/virt.rs:455"", ""edge_type"": ""HAS_SAFETY_COMMENT"", ""properties"": ""{}"", ""src"": ""RustBindingFunction:VM_SOFTDIRTY"", ""version_id"": ""v6.19""}, {""dst"": ""RustUnsafeCall:.binddrift/worktrees/v6.19/rust/kernel/mm/virt.rs:459:VM_SOFTDIRTY"", ""edge_type"": ""CALLS_BINDING"", ""properties"": ""{}"", ""src"": ""RustBindingFunction:VM_SOFTDIRTY"", ""version_id"": ""v6.19""}]}, ""safety_comments"": [{""line"": 455, ""nearby_api"": ""VmaNew::try_clear_mayexec"", ""rust_file"": "".binddrift/worktrees/v6.19/rust/kernel/mm/virt.rs"", ""text"": ""/// Do not include in the core dump.""}], ""uses"": [{""enclosing_function"": null, ""enclosing_impl"": null, ""enclosing_type"": null, ""enclosing_unsafe_block"": 0, ""line"": 459, ""rust_file"": "".binddrift/worktrees/v6.19/rust/kernel/mm/virt.rs""}]}, ""score"": 10.0, ""type"": ""MacroConstDrift"", ""warning_id"": ""W-000024"", ""warning_uid"": ""9924168028e279dbf96ef92d8d40cf72ed928d8ca19d423e3aa3bea4a2de4c6d""}",,,,
promoted_warnings-050,promoted_warnings,refcount_dec_and_test,.binddrift/worktrees/v6.3/rust/kernel/sync/arc.rs,254,"{""c_evidence"": null, ""evidence_chain"": [{""line"": 254, ""nearby_api"": ""Arc<T>::as_arc_borrow"", ""rust_file"": "".binddrift/worktrees/v6.3/rust/kernel/sync/arc.rs"", ""text"": ""// SAFETY: Also by the type invariant, we are allowed to decrement the refcount.""}, {""line"": 259, ""nearby_api"": ""Arc<T>::as_arc_borrow"", ""rust_file"": "".binddrift/worktrees/v6.3/rust/kernel/sync/arc.rs"", ""text"": ""// SAFETY: The pointer was initialised from the result of `Box::leak`.""}, {""changed_files"": ""[\""rust/helpers/refcount.c\"", \""rust/kernel/sync.rs\"", \""rust/kernel/sync/refcount.rs\""]"", ""commit_id"": ""bb38f35b35f9de0cebc4d62ea73482454e38cef3"", ""date"": ""2025-09-04T21:41:37-07:00"", ""matched_symbols"": ""[\""REFCOUNT_INIT\"", \""refcount_dec\"", \""refcount_dec_and_test\"", \""refcount_inc\"", \""refcount_set\"", \""refcount_t\""]"", ""oracle_type"": ""wrapper_fix"", ""subject"": ""rust: implement `kernel::sync::Refcount`""}, {""changed_files"": ""[\""rust/kernel/sync/arc.rs\""]"", ""commit_id"": ""076acb647c1f448177d8b3b0e4f33de959713d7d"", ""date"": ""2025-09-04T21:41:39-07:00"", ""matched_symbols"": ""[\""REFCOUNT_INIT\"", \""refcount_dec_and_test\"", \""refcount_inc\"", \""refcount_t\""]"", ""oracle_type"": ""wrapper_fix"", ""subject"": ""rust: convert `Arc` to use `Refcount`""}, {""changed_files"": ""[\""rust/helpers/refcount.c\""]"", ""commit_id"": ""9ba1aaf25ab7dadb910348b6857865e87b4c5689"", ""date"": ""2026-01-05T12:42:30+00:00"", ""matched_symbols"": ""[\""REFCOUNT_INIT\"", \""refcount_dec\"", \""refcount_dec_and_test\"", \""refcount_inc\"", \""refcount_set\""]"", ""oracle_type"": ""wrapper_fix"", ""subject"": ""rust: refcount: Add __rust_helper to helpers""}], ""evidence_location"": {""file"": "".binddrift/worktrees/v6.3/rust/kernel/sync/arc.rs"", ""line"": ""254"", ""source"": ""evidence""}, ""pair_id"": ""latest-p002-v6.2-to-v6.3"", ""promotion_reasons"": [""direct_binding_use"", ""has_safety_comment"", ""oracle_hit""], ""rust_side"": {""exposure"": {""edge_count"": 5, ""edges"": [{""dst"": ""CBehaviorIndicator:refcount_dec_and_test:REFCOUNT_PUT:.binddrift/worktrees/v6.3/include/linux/refcount.h:333"", ""edge_type"": ""HAS_C_INDICATOR"", ""properties"": ""{}"", ""src"": ""CFunction:refcount_dec_and_test"", ""version_id"": ""v6.3""}, {""dst"": ""RustBindingFunction:refcount_dec_and_test"", ""edge_type"": ""GENERATED_FROM"", ""properties"": ""{}"", ""src"": ""CFunction:refcount_dec_and_test"", ""version_id"": ""v6.3""}, {""dst"": ""RustSafetyComment:.binddrift/worktrees/v6.3/rust/kernel/sync/arc.rs:254"", ""edge_type"": ""HAS_SAFETY_COMMENT"", ""properties"": ""{}"", ""src"": ""RustBindingFunction:refcount_dec_and_test"", ""version_id"": ""v6.3""}, {""dst"": ""RustSafetyComment:.binddrift/worktrees/v6.3/rust/kernel/sync/arc.rs:259"", ""edge_type"": ""HAS_SAFETY_COMMENT"", ""properties"": ""{}"", ""src"": ""RustBindingFunction:refcount_dec_and_test"", ""version_id"": ""v6.3""}, {""dst"": ""RustUnsafeCall:.binddrift/worktrees/v6.3/rust/kernel/sync/arc.rs:255:refcount_dec_and_test"", ""edge_type"": ""CALLS_BINDING"", ""properties"": ""{}"", ""src"": ""RustBindingFunction:refcount_dec_and_test"", ""version_id"": ""v6.3""}]}, ""oracle_hits"": [{""changed_files"": ""[\""rust/helpers/refcount.c\"", \""rust/kernel/sync.rs\"", \""rust/kernel/sync/refcount.rs\""]"", ""commit_id"": ""bb38f35b35f9de0cebc4d62ea73482454e38cef3"", ""date"": ""2025-09-04T21:41:37-07:00"", ""matched_symbols"": ""[\""REFCOUNT_INIT\"", \""refcount_dec\"", \""refcount_dec_and_test\"", \""refcount_inc\"", \""refcount_set\"", \""refcount_t\""]"", ""oracle_type"": ""wrapper_fix"", ""subject"": ""rust: implement `kernel::sync::Refcount`""}, {""changed_files"": ""[\""rust/kernel/sync/arc.rs\""]"", ""commit_id"": ""076acb647c1f448177d8b3b0e4f33de959713d7d"", ""date"": ""2025-09-04T21:41:39-07:00"", ""matched_symbols"": ""[\""REFCOUNT_INIT\"", \""refcount_dec_and_test\"", \""refcount_inc\"", \""refcount_t\""]"", ""oracle_type"": ""wrapper_fix"", ""subject"": ""rust: convert `Arc` to use `Refcount`""}, {""changed_files"": ""[\""rust/helpers/refcount.c\""]"", ""commit_id"": ""9ba1aaf25ab7dadb910348b6857865e87b4c5689"", ""date"": ""2026-01-05T12:42:30+00:00"", ""matched_symbols"": ""[\""REFCOUNT_INIT\"", \""refcount_dec\"", \""refcount_dec_and_test\"", \""refcount_inc\"", \""refcount_set\""]"", ""oracle_type"": ""wrapper_fix"", ""subject"": ""rust: refcount: Add __rust_helper to helpers""}], ""safety_comments"": [{""line"": 254, ""nearby_api"": ""Arc<T>::as_arc_borrow"", ""rust_file"": "".binddrift/worktrees/v6.3/rust/kernel/sync/arc.rs"", ""text"": ""// SAFETY: Also by the type invariant, we are allowed to decrement the refcount.""}, {""line"": 259, ""nearby_api"": ""Arc<T>::as_arc_borrow"", ""rust_file"": "".binddrift/worktrees/v6.3/rust/kernel/sync/arc.rs"", ""text"": ""// SAFETY: The pointer was initialised from the result of `Box::leak`.""}], ""uses"": [{""enclosing_function"": ""drop"", ""enclosing_impl"": ""Arc<T>"", ""enclosing_type"": ""Arc<T>"", ""enclosing_unsafe_block"": 1, ""line"": 255, ""rust_file"": "".binddrift/worktrees/v6.3/rust/kernel/sync/arc.rs""}], ""weak_lifetime_facts"": [{""evidence_text"": ""drop"", ""fact_type"": ""LIFETIME_NAMING_PATTERN"", ""line"": 255, ""rust_file"": "".binddrift/worktrees/v6.3/rust/kernel/sync/arc.rs"", ""rust_type"": ""Arc<T>"", ""weak"": true}]}, ""score"": 3.0, ""type"": ""SignatureDrift"", ""warning_id"": ""W-000002"", ""warning_uid"": ""ad908c1d2df73ca695ab4d6abac4f76baf4bb83d06cbe482ce3121d0bb20f74b""}",,,,
