precision_id,extractor_name,source_table,version,file,line,symbol,extracted_fact,reviewer1_label,reviewer1_notes,reviewer2_label,reviewer2_notes,adjudicated_label,adjudication_notes,error_category
c-struct-field-0001,c_struct_fields,c_structs,6d35786de281,vendor/linux/include/acpi/acbuffer.h,32,acpi_fde_info.floppy0,"{""align"": null, ""c_type"": ""acpi_fde_info"", ""field_name"": ""floppy0"", ""field_type"": ""u32"", ""fields"": ""[{\""name\"": \""floppy0\"", \""type\"": \""u32\""}, {\""name\"": \""floppy1\"", \""type\"": \""u32\""}, {\""name\"": \""floppy2\"", \""type\"": \""u32\""}, {\""name\"": \""floppy3\"", \""type\"": \""u32\""}, {\""name\"": \""tape\"", \""type\"": \""u32\""}]"", ""header_file"": ""vendor/linux/include/acpi/acbuffer.h"", ""line"": 32, ""size"": null, ""version_id"": ""6d35786de281""}",CORRECT,independent precision review of extracted fact source context; rank/score/ranker blinded,CORRECT,independent precision review of extracted fact source context; rank/score/ranker blinded,CORRECT,adjudicated precision sample from extractor output; separate from recall gold labels,
c-struct-field-0002,c_struct_fields,c_structs,6d35786de281,vendor/linux/include/acpi/acbuffer.h,32,acpi_fde_info.floppy1,"{""align"": null, ""c_type"": ""acpi_fde_info"", ""field_name"": ""floppy1"", ""field_type"": ""u32"", ""fields"": ""[{\""name\"": \""floppy0\"", \""type\"": \""u32\""}, {\""name\"": \""floppy1\"", \""type\"": \""u32\""}, {\""name\"": \""floppy2\"", \""type\"": \""u32\""}, {\""name\"": \""floppy3\"", \""type\"": \""u32\""}, {\""name\"": \""tape\"", \""type\"": \""u32\""}]"", ""header_file"": ""vendor/linux/include/acpi/acbuffer.h"", ""line"": 32, ""size"": null, ""version_id"": ""6d35786de281""}",CORRECT,independent precision review of extracted fact source context; rank/score/ranker blinded,CORRECT,independent precision review of extracted fact source context; rank/score/ranker blinded,CORRECT,adjudicated precision sample from extractor output; separate from recall gold labels,
c-struct-field-0003,c_struct_fields,c_structs,6d35786de281,vendor/linux/include/acpi/acbuffer.h,32,acpi_fde_info.floppy2,"{""align"": null, ""c_type"": ""acpi_fde_info"", ""field_name"": ""floppy2"", ""field_type"": ""u32"", ""fields"": ""[{\""name\"": \""floppy0\"", \""type\"": \""u32\""}, {\""name\"": \""floppy1\"", \""type\"": \""u32\""}, {\""name\"": \""floppy2\"", \""type\"": \""u32\""}, {\""name\"": \""floppy3\"", \""type\"": \""u32\""}, {\""name\"": \""tape\"", \""type\"": \""u32\""}]"", ""header_file"": ""vendor/linux/include/acpi/acbuffer.h"", ""line"": 32, ""size"": null, ""version_id"": ""6d35786de281""}",CORRECT,independent precision review of extracted fact source context; rank/score/ranker blinded,CORRECT,independent precision review of extracted fact source context; rank/score/ranker blinded,CORRECT,adjudicated precision sample from extractor output; separate from recall gold labels,
c-struct-field-0004,c_struct_fields,c_structs,6d35786de281,vendor/linux/include/acpi/acbuffer.h,32,acpi_fde_info.floppy3,"{""align"": null, ""c_type"": ""acpi_fde_info"", ""field_name"": ""floppy3"", ""field_type"": ""u32"", ""fields"": ""[{\""name\"": \""floppy0\"", \""type\"": \""u32\""}, {\""name\"": \""floppy1\"", \""type\"": \""u32\""}, {\""name\"": \""floppy2\"", \""type\"": \""u32\""}, {\""name\"": \""floppy3\"", \""type\"": \""u32\""}, {\""name\"": \""tape\"", \""type\"": \""u32\""}]"", ""header_file"": ""vendor/linux/include/acpi/acbuffer.h"", ""line"": 32, ""size"": null, ""version_id"": ""6d35786de281""}",CORRECT,independent precision review of extracted fact source context; rank/score/ranker blinded,CORRECT,independent precision review of extracted fact source context; rank/score/ranker blinded,CORRECT,adjudicated precision sample from extractor output; separate from recall gold labels,
c-struct-field-0005,c_struct_fields,c_structs,6d35786de281,vendor/linux/include/acpi/acbuffer.h,32,acpi_fde_info.tape,"{""align"": null, ""c_type"": ""acpi_fde_info"", ""field_name"": ""tape"", ""field_type"": ""u32"", ""fields"": ""[{\""name\"": \""floppy0\"", \""type\"": \""u32\""}, {\""name\"": \""floppy1\"", \""type\"": \""u32\""}, {\""name\"": \""floppy2\"", \""type\"": \""u32\""}, {\""name\"": \""floppy3\"", \""type\"": \""u32\""}, {\""name\"": \""tape\"", \""type\"": \""u32\""}]"", ""header_file"": ""vendor/linux/include/acpi/acbuffer.h"", ""line"": 32, ""size"": null, ""version_id"": ""6d35786de281""}",CORRECT,independent precision review of extracted fact source context; rank/score/ranker blinded,CORRECT,independent precision review of extracted fact source context; rank/score/ranker blinded,CORRECT,adjudicated precision sample from extractor output; separate from recall gold labels,
c-struct-field-0006,c_struct_fields,c_structs,6d35786de281,vendor/linux/include/acpi/acbuffer.h,44,acpi_grt_info.year,"{""align"": null, ""c_type"": ""acpi_grt_info"", ""field_name"": ""year"", ""field_type"": ""u16"", ""fields"": ""[{\""name\"": \""year\"", \""type\"": \""u16\""}, {\""name\"": \""month\"", \""type\"": \""u8\""}, {\""name\"": \""day\"", \""type\"": \""u8\""}, {\""name\"": \""hour\"", \""type\"": \""u8\""}, {\""name\"": \""minute\"", \""type\"": \""u8\""}, {\""name\"": \""second\"", \""type\"": \""u8\""}, {\""name\"": \""valid\"", \""type\"": \""u8\""}, {\""name\"": \""milliseconds\"", \""type\"": \""u16\""}, {\""name\"": \""timezone\"", \""type\"": \""u16\""}, {\""name\"": \""daylight\"", \""type\"": \""u8\""}, {\""name\"": \""reserved\"", \""type\"": \""u8\""}]"", ""header_file"": ""vendor/linux/include/acpi/acbuffer.h"", ""line"": 44, ""size"": null, ""version_id"": ""6d35786de281""}",CORRECT,independent precision review of extracted fact source context; rank/score/ranker blinded,CORRECT,independent precision review of extracted fact source context; rank/score/ranker blinded,CORRECT,adjudicated precision sample from extractor output; separate from recall gold labels,
c-struct-field-0007,c_struct_fields,c_structs,6d35786de281,vendor/linux/include/acpi/acbuffer.h,44,acpi_grt_info.month,"{""align"": null, ""c_type"": ""acpi_grt_info"", ""field_name"": ""month"", ""field_type"": ""u8"", ""fields"": ""[{\""name\"": \""year\"", \""type\"": \""u16\""}, {\""name\"": \""month\"", \""type\"": \""u8\""}, {\""name\"": \""day\"", \""type\"": \""u8\""}, {\""name\"": \""hour\"", \""type\"": \""u8\""}, {\""name\"": \""minute\"", \""type\"": \""u8\""}, {\""name\"": \""second\"", \""type\"": \""u8\""}, {\""name\"": \""valid\"", \""type\"": \""u8\""}, {\""name\"": \""milliseconds\"", \""type\"": \""u16\""}, {\""name\"": \""timezone\"", \""type\"": \""u16\""}, {\""name\"": \""daylight\"", \""type\"": \""u8\""}, {\""name\"": \""reserved\"", \""type\"": \""u8\""}]"", ""header_file"": ""vendor/linux/include/acpi/acbuffer.h"", ""line"": 44, ""size"": null, ""version_id"": ""6d35786de281""}",CORRECT,independent precision review of extracted fact source context; rank/score/ranker blinded,CORRECT,independent precision review of extracted fact source context; rank/score/ranker blinded,CORRECT,adjudicated precision sample from extractor output; separate from recall gold labels,
c-struct-field-0008,c_struct_fields,c_structs,6d35786de281,vendor/linux/include/acpi/acbuffer.h,44,acpi_grt_info.day,"{""align"": null, ""c_type"": ""acpi_grt_info"", ""field_name"": ""day"", ""field_type"": ""u8"", ""fields"": ""[{\""name\"": \""year\"", \""type\"": \""u16\""}, {\""name\"": \""month\"", \""type\"": \""u8\""}, {\""name\"": \""day\"", \""type\"": \""u8\""}, {\""name\"": \""hour\"", \""type\"": \""u8\""}, {\""name\"": \""minute\"", \""type\"": \""u8\""}, {\""name\"": \""second\"", \""type\"": \""u8\""}, {\""name\"": \""valid\"", \""type\"": \""u8\""}, {\""name\"": \""milliseconds\"", \""type\"": \""u16\""}, {\""name\"": \""timezone\"", \""type\"": \""u16\""}, {\""name\"": \""daylight\"", \""type\"": \""u8\""}, {\""name\"": \""reserved\"", \""type\"": \""u8\""}]"", ""header_file"": ""vendor/linux/include/acpi/acbuffer.h"", ""line"": 44, ""size"": null, ""version_id"": ""6d35786de281""}",CORRECT,independent precision review of extracted fact source context; rank/score/ranker blinded,CORRECT,independent precision review of extracted fact source context; rank/score/ranker blinded,CORRECT,adjudicated precision sample from extractor output; separate from recall gold labels,
c-struct-field-0009,c_struct_fields,c_structs,6d35786de281,vendor/linux/include/acpi/acbuffer.h,44,acpi_grt_info.hour,"{""align"": null, ""c_type"": ""acpi_grt_info"", ""field_name"": ""hour"", ""field_type"": ""u8"", ""fields"": ""[{\""name\"": \""year\"", \""type\"": \""u16\""}, {\""name\"": \""month\"", \""type\"": \""u8\""}, {\""name\"": \""day\"", \""type\"": \""u8\""}, {\""name\"": \""hour\"", \""type\"": \""u8\""}, {\""name\"": \""minute\"", \""type\"": \""u8\""}, {\""name\"": \""second\"", \""type\"": \""u8\""}, {\""name\"": \""valid\"", \""type\"": \""u8\""}, {\""name\"": \""milliseconds\"", \""type\"": \""u16\""}, {\""name\"": \""timezone\"", \""type\"": \""u16\""}, {\""name\"": \""daylight\"", \""type\"": \""u8\""}, {\""name\"": \""reserved\"", \""type\"": \""u8\""}]"", ""header_file"": ""vendor/linux/include/acpi/acbuffer.h"", ""line"": 44, ""size"": null, ""version_id"": ""6d35786de281""}",CORRECT,independent precision review of extracted fact source context; rank/score/ranker blinded,CORRECT,independent precision review of extracted fact source context; rank/score/ranker blinded,CORRECT,adjudicated precision sample from extractor output; separate from recall gold labels,
c-struct-field-0010,c_struct_fields,c_structs,6d35786de281,vendor/linux/include/acpi/acbuffer.h,44,acpi_grt_info.minute,"{""align"": null, ""c_type"": ""acpi_grt_info"", ""field_name"": ""minute"", ""field_type"": ""u8"", ""fields"": ""[{\""name\"": \""year\"", \""type\"": \""u16\""}, {\""name\"": \""month\"", \""type\"": \""u8\""}, {\""name\"": \""day\"", \""type\"": \""u8\""}, {\""name\"": \""hour\"", \""type\"": \""u8\""}, {\""name\"": \""minute\"", \""type\"": \""u8\""}, {\""name\"": \""second\"", \""type\"": \""u8\""}, {\""name\"": \""valid\"", \""type\"": \""u8\""}, {\""name\"": \""milliseconds\"", \""type\"": \""u16\""}, {\""name\"": \""timezone\"", \""type\"": \""u16\""}, {\""name\"": \""daylight\"", \""type\"": \""u8\""}, {\""name\"": \""reserved\"", \""type\"": \""u8\""}]"", ""header_file"": ""vendor/linux/include/acpi/acbuffer.h"", ""line"": 44, ""size"": null, ""version_id"": ""6d35786de281""}",CORRECT,independent precision review of extracted fact source context; rank/score/ranker blinded,CORRECT,independent precision review of extracted fact source context; rank/score/ranker blinded,CORRECT,adjudicated precision sample from extractor output; separate from recall gold labels,
c-struct-field-0011,c_struct_fields,c_structs,6d35786de281,vendor/linux/include/acpi/acbuffer.h,44,acpi_grt_info.second,"{""align"": null, ""c_type"": ""acpi_grt_info"", ""field_name"": ""second"", ""field_type"": ""u8"", ""fields"": ""[{\""name\"": \""year\"", \""type\"": \""u16\""}, {\""name\"": \""month\"", \""type\"": \""u8\""}, {\""name\"": \""day\"", \""type\"": \""u8\""}, {\""name\"": \""hour\"", \""type\"": \""u8\""}, {\""name\"": \""minute\"", \""type\"": \""u8\""}, {\""name\"": \""second\"", \""type\"": \""u8\""}, {\""name\"": \""valid\"", \""type\"": \""u8\""}, {\""name\"": \""milliseconds\"", \""type\"": \""u16\""}, {\""name\"": \""timezone\"", \""type\"": \""u16\""}, {\""name\"": \""daylight\"", \""type\"": \""u8\""}, {\""name\"": \""reserved\"", \""type\"": \""u8\""}]"", ""header_file"": ""vendor/linux/include/acpi/acbuffer.h"", ""line"": 44, ""size"": null, ""version_id"": ""6d35786de281""}",CORRECT,independent precision review of extracted fact source context; rank/score/ranker blinded,CORRECT,independent precision review of extracted fact source context; rank/score/ranker blinded,CORRECT,adjudicated precision sample from extractor output; separate from recall gold labels,
c-struct-field-0012,c_struct_fields,c_structs,6d35786de281,vendor/linux/include/acpi/acbuffer.h,44,acpi_grt_info.valid,"{""align"": null, ""c_type"": ""acpi_grt_info"", ""field_name"": ""valid"", ""field_type"": ""u8"", ""fields"": ""[{\""name\"": \""year\"", \""type\"": \""u16\""}, {\""name\"": \""month\"", \""type\"": \""u8\""}, {\""name\"": \""day\"", \""type\"": \""u8\""}, {\""name\"": \""hour\"", \""type\"": \""u8\""}, {\""name\"": \""minute\"", \""type\"": \""u8\""}, {\""name\"": \""second\"", \""type\"": \""u8\""}, {\""name\"": \""valid\"", \""type\"": \""u8\""}, {\""name\"": \""milliseconds\"", \""type\"": \""u16\""}, {\""name\"": \""timezone\"", \""type\"": \""u16\""}, {\""name\"": \""daylight\"", \""type\"": \""u8\""}, {\""name\"": \""reserved\"", \""type\"": \""u8\""}]"", ""header_file"": ""vendor/linux/include/acpi/acbuffer.h"", ""line"": 44, ""size"": null, ""version_id"": ""6d35786de281""}",CORRECT,independent precision review of extracted fact source context; rank/score/ranker blinded,CORRECT,independent precision review of extracted fact source context; rank/score/ranker blinded,CORRECT,adjudicated precision sample from extractor output; separate from recall gold labels,
c-struct-field-0013,c_struct_fields,c_structs,6d35786de281,vendor/linux/include/acpi/acbuffer.h,44,acpi_grt_info.milliseconds,"{""align"": null, ""c_type"": ""acpi_grt_info"", ""field_name"": ""milliseconds"", ""field_type"": ""u16"", ""fields"": ""[{\""name\"": \""year\"", \""type\"": \""u16\""}, {\""name\"": \""month\"", \""type\"": \""u8\""}, {\""name\"": \""day\"", \""type\"": \""u8\""}, {\""name\"": \""hour\"", \""type\"": \""u8\""}, {\""name\"": \""minute\"", \""type\"": \""u8\""}, {\""name\"": \""second\"", \""type\"": \""u8\""}, {\""name\"": \""valid\"", \""type\"": \""u8\""}, {\""name\"": \""milliseconds\"", \""type\"": \""u16\""}, {\""name\"": \""timezone\"", \""type\"": \""u16\""}, {\""name\"": \""daylight\"", \""type\"": \""u8\""}, {\""name\"": \""reserved\"", \""type\"": \""u8\""}]"", ""header_file"": ""vendor/linux/include/acpi/acbuffer.h"", ""line"": 44, ""size"": null, ""version_id"": ""6d35786de281""}",CORRECT,independent precision review of extracted fact source context; rank/score/ranker blinded,CORRECT,independent precision review of extracted fact source context; rank/score/ranker blinded,CORRECT,adjudicated precision sample from extractor output; separate from recall gold labels,
c-struct-field-0014,c_struct_fields,c_structs,6d35786de281,vendor/linux/include/acpi/acbuffer.h,44,acpi_grt_info.timezone,"{""align"": null, ""c_type"": ""acpi_grt_info"", ""field_name"": ""timezone"", ""field_type"": ""u16"", ""fields"": ""[{\""name\"": \""year\"", \""type\"": \""u16\""}, {\""name\"": \""month\"", \""type\"": \""u8\""}, {\""name\"": \""day\"", \""type\"": \""u8\""}, {\""name\"": \""hour\"", \""type\"": \""u8\""}, {\""name\"": \""minute\"", \""type\"": \""u8\""}, {\""name\"": \""second\"", \""type\"": \""u8\""}, {\""name\"": \""valid\"", \""type\"": \""u8\""}, {\""name\"": \""milliseconds\"", \""type\"": \""u16\""}, {\""name\"": \""timezone\"", \""type\"": \""u16\""}, {\""name\"": \""daylight\"", \""type\"": \""u8\""}, {\""name\"": \""reserved\"", \""type\"": \""u8\""}]"", ""header_file"": ""vendor/linux/include/acpi/acbuffer.h"", ""line"": 44, ""size"": null, ""version_id"": ""6d35786de281""}",CORRECT,independent precision review of extracted fact source context; rank/score/ranker blinded,CORRECT,independent precision review of extracted fact source context; rank/score/ranker blinded,CORRECT,adjudicated precision sample from extractor output; separate from recall gold labels,
c-struct-field-0015,c_struct_fields,c_structs,6d35786de281,vendor/linux/include/acpi/acbuffer.h,44,acpi_grt_info.daylight,"{""align"": null, ""c_type"": ""acpi_grt_info"", ""field_name"": ""daylight"", ""field_type"": ""u8"", ""fields"": ""[{\""name\"": \""year\"", \""type\"": \""u16\""}, {\""name\"": \""month\"", \""type\"": \""u8\""}, {\""name\"": \""day\"", \""type\"": \""u8\""}, {\""name\"": \""hour\"", \""type\"": \""u8\""}, {\""name\"": \""minute\"", \""type\"": \""u8\""}, {\""name\"": \""second\"", \""type\"": \""u8\""}, {\""name\"": \""valid\"", \""type\"": \""u8\""}, {\""name\"": \""milliseconds\"", \""type\"": \""u16\""}, {\""name\"": \""timezone\"", \""type\"": \""u16\""}, {\""name\"": \""daylight\"", \""type\"": \""u8\""}, {\""name\"": \""reserved\"", \""type\"": \""u8\""}]"", ""header_file"": ""vendor/linux/include/acpi/acbuffer.h"", ""line"": 44, ""size"": null, ""version_id"": ""6d35786de281""}",CORRECT,independent precision review of extracted fact source context; rank/score/ranker blinded,CORRECT,independent precision review of extracted fact source context; rank/score/ranker blinded,CORRECT,adjudicated precision sample from extractor output; separate from recall gold labels,
c-struct-field-0016,c_struct_fields,c_structs,6d35786de281,vendor/linux/include/acpi/acbuffer.h,44,acpi_grt_info.reserved,"{""align"": null, ""c_type"": ""acpi_grt_info"", ""field_name"": ""reserved"", ""field_type"": ""u8"", ""fields"": ""[{\""name\"": \""year\"", \""type\"": \""u16\""}, {\""name\"": \""month\"", \""type\"": \""u8\""}, {\""name\"": \""day\"", \""type\"": \""u8\""}, {\""name\"": \""hour\"", \""type\"": \""u8\""}, {\""name\"": \""minute\"", \""type\"": \""u8\""}, {\""name\"": \""second\"", \""type\"": \""u8\""}, {\""name\"": \""valid\"", \""type\"": \""u8\""}, {\""name\"": \""milliseconds\"", \""type\"": \""u16\""}, {\""name\"": \""timezone\"", \""type\"": \""u16\""}, {\""name\"": \""daylight\"", \""type\"": \""u8\""}, {\""name\"": \""reserved\"", \""type\"": \""u8\""}]"", ""header_file"": ""vendor/linux/include/acpi/acbuffer.h"", ""line"": 44, ""size"": null, ""version_id"": ""6d35786de281""}",CORRECT,independent precision review of extracted fact source context; rank/score/ranker blinded,CORRECT,independent precision review of extracted fact source context; rank/score/ranker blinded,CORRECT,adjudicated precision sample from extractor output; separate from recall gold labels,
c-struct-field-0017,c_struct_fields,c_structs,6d35786de281,vendor/linux/include/acpi/acbuffer.h,60,acpi_gtm_info.pio_speed0,"{""align"": null, ""c_type"": ""acpi_gtm_info"", ""field_name"": ""pio_speed0"", ""field_type"": ""u32"", ""fields"": ""[{\""name\"": \""pio_speed0\"", \""type\"": \""u32\""}, {\""name\"": \""dma_speed0\"", \""type\"": \""u32\""}, {\""name\"": \""pio_speed1\"", \""type\"": \""u32\""}, {\""name\"": \""dma_speed1\"", \""type\"": \""u32\""}, {\""name\"": \""flags\"", \""type\"": \""u32\""}]"", ""header_file"": ""vendor/linux/include/acpi/acbuffer.h"", ""line"": 60, ""size"": null, ""version_id"": ""6d35786de281""}",CORRECT,independent precision review of extracted fact source context; rank/score/ranker blinded,CORRECT,independent precision review of extracted fact source context; rank/score/ranker blinded,CORRECT,adjudicated precision sample from extractor output; separate from recall gold labels,
c-struct-field-0018,c_struct_fields,c_structs,6d35786de281,vendor/linux/include/acpi/acbuffer.h,60,acpi_gtm_info.dma_speed0,"{""align"": null, ""c_type"": ""acpi_gtm_info"", ""field_name"": ""dma_speed0"", ""field_type"": ""u32"", ""fields"": ""[{\""name\"": \""pio_speed0\"", \""type\"": \""u32\""}, {\""name\"": \""dma_speed0\"", \""type\"": \""u32\""}, {\""name\"": \""pio_speed1\"", \""type\"": \""u32\""}, {\""name\"": \""dma_speed1\"", \""type\"": \""u32\""}, {\""name\"": \""flags\"", \""type\"": \""u32\""}]"", ""header_file"": ""vendor/linux/include/acpi/acbuffer.h"", ""line"": 60, ""size"": null, ""version_id"": ""6d35786de281""}",CORRECT,independent precision review of extracted fact source context; rank/score/ranker blinded,CORRECT,independent precision review of extracted fact source context; rank/score/ranker blinded,CORRECT,adjudicated precision sample from extractor output; separate from recall gold labels,
c-struct-field-0019,c_struct_fields,c_structs,6d35786de281,vendor/linux/include/acpi/acbuffer.h,60,acpi_gtm_info.pio_speed1,"{""align"": null, ""c_type"": ""acpi_gtm_info"", ""field_name"": ""pio_speed1"", ""field_type"": ""u32"", ""fields"": ""[{\""name\"": \""pio_speed0\"", \""type\"": \""u32\""}, {\""name\"": \""dma_speed0\"", \""type\"": \""u32\""}, {\""name\"": \""pio_speed1\"", \""type\"": \""u32\""}, {\""name\"": \""dma_speed1\"", \""type\"": \""u32\""}, {\""name\"": \""flags\"", \""type\"": \""u32\""}]"", ""header_file"": ""vendor/linux/include/acpi/acbuffer.h"", ""line"": 60, ""size"": null, ""version_id"": ""6d35786de281""}",CORRECT,independent precision review of extracted fact source context; rank/score/ranker blinded,CORRECT,independent precision review of extracted fact source context; rank/score/ranker blinded,CORRECT,adjudicated precision sample from extractor output; separate from recall gold labels,
c-struct-field-0020,c_struct_fields,c_structs,6d35786de281,vendor/linux/include/acpi/acbuffer.h,60,acpi_gtm_info.dma_speed1,"{""align"": null, ""c_type"": ""acpi_gtm_info"", ""field_name"": ""dma_speed1"", ""field_type"": ""u32"", ""fields"": ""[{\""name\"": \""pio_speed0\"", \""type\"": \""u32\""}, {\""name\"": \""dma_speed0\"", \""type\"": \""u32\""}, {\""name\"": \""pio_speed1\"", \""type\"": \""u32\""}, {\""name\"": \""dma_speed1\"", \""type\"": \""u32\""}, {\""name\"": \""flags\"", \""type\"": \""u32\""}]"", ""header_file"": ""vendor/linux/include/acpi/acbuffer.h"", ""line"": 60, ""size"": null, ""version_id"": ""6d35786de281""}",CORRECT,independent precision review of extracted fact source context; rank/score/ranker blinded,CORRECT,independent precision review of extracted fact source context; rank/score/ranker blinded,CORRECT,adjudicated precision sample from extractor output; separate from recall gold labels,
c-struct-field-0021,c_struct_fields,c_structs,6d35786de281,vendor/linux/include/acpi/acbuffer.h,60,acpi_gtm_info.flags,"{""align"": null, ""c_type"": ""acpi_gtm_info"", ""field_name"": ""flags"", ""field_type"": ""u32"", ""fields"": ""[{\""name\"": \""pio_speed0\"", \""type\"": \""u32\""}, {\""name\"": \""dma_speed0\"", \""type\"": \""u32\""}, {\""name\"": \""pio_speed1\"", \""type\"": \""u32\""}, {\""name\"": \""dma_speed1\"", \""type\"": \""u32\""}, {\""name\"": \""flags\"", \""type\"": \""u32\""}]"", ""header_file"": ""vendor/linux/include/acpi/acbuffer.h"", ""line"": 60, ""size"": null, ""version_id"": ""6d35786de281""}",CORRECT,independent precision review of extracted fact source context; rank/score/ranker blinded,CORRECT,independent precision review of extracted fact source context; rank/score/ranker blinded,CORRECT,adjudicated precision sample from extractor output; separate from recall gold labels,
c-struct-field-0022,c_struct_fields,c_structs,6d35786de281,vendor/linux/include/acpi/acbuffer.h,77,acpi_pld_info.revision,"{""align"": null, ""c_type"": ""acpi_pld_info"", ""field_name"": ""revision"", ""field_type"": ""u8"", ""fields"": ""[{\""name\"": \""revision\"", \""type\"": \""u8\""}, {\""name\"": \""ignore_color\"", \""type\"": \""u8\""}, {\""name\"": \""red\"", \""type\"": \""u8\""}, {\""name\"": \""green\"", \""type\"": \""u8\""}, {\""name\"": \""blue\"", \""type\"": \""u8\""}, {\""name\"": \""width\"", \""type\"": \""u16\""}, {\""name\"": \""height\"", \""type\"": \""u16\""}, {\""name\"": \""user_visible\"", \""type\"": \""u8\""}, {\""name\"": \""dock\"", \""type\"": \""u8\""}, {\""name\"": \""lid\"", \""type\"": \""u8\""}, {\""name\"": \""panel\"", \""type\"": \""u8\""}, {\""name\"": \""vertical_position\"", \""type\"": \""u8\""}, {\""name\"": \""horizontal_position\"", \""type\"": \""u8\""}, {\""name\"": \""shape\"", \""type\"": \""u8\""}, {\""name\"": \""group_orientation\"", \""type\"": \""u8\""}, {\""name\"": \""group_token\"", \""type\"": \""u8\""}, {\""name\"": \""group_position\"", \""type\"": \""u8\""}, {\""name\"": \""bay\"", \""type\"": \""u8\""}, {\""name\"": \""ejectable\"", \""type\"": \""u8\""}, {\""name\"": \""ospm_eject_required\"", \""type\"": \""u8\""}, {\""name\"": \""cabinet_number\"", \""type\"": \""u8\""}, {\""name\"": \""card_cage_number\"", \""type\"": \""u8\""}, {\""name\"": \""reference\"", \""type\"": \""u8\""}, {\""name\"": \""rotation\"", \""type\"": \""u8\""}, {\""name\"": \""order\"", \""type\"": \""u8\""}, {\""name\"": \""reserved\"", \""type\"": \""u8\""}, {\""name\"": \""vertical_offset\"", \""type\"": \""u16\""}, {\""name\"": \""horizontal_offset\"", \""type\"": \""u16\""}]"", ""header_file"": ""vendor/linux/include/acpi/acbuffer.h"", ""line"": 77, ""size"": null, ""version_id"": ""6d35786de281""}",CORRECT,independent precision review of extracted fact source context; rank/score/ranker blinded,CORRECT,independent precision review of extracted fact source context; rank/score/ranker blinded,CORRECT,adjudicated precision sample from extractor output; separate from recall gold labels,
c-struct-field-0023,c_struct_fields,c_structs,6d35786de281,vendor/linux/include/acpi/acbuffer.h,77,acpi_pld_info.ignore_color,"{""align"": null, ""c_type"": ""acpi_pld_info"", ""field_name"": ""ignore_color"", ""field_type"": ""u8"", ""fields"": ""[{\""name\"": \""revision\"", \""type\"": \""u8\""}, {\""name\"": \""ignore_color\"", \""type\"": \""u8\""}, {\""name\"": \""red\"", \""type\"": \""u8\""}, {\""name\"": \""green\"", \""type\"": \""u8\""}, {\""name\"": \""blue\"", \""type\"": \""u8\""}, {\""name\"": \""width\"", \""type\"": \""u16\""}, {\""name\"": \""height\"", \""type\"": \""u16\""}, {\""name\"": \""user_visible\"", \""type\"": \""u8\""}, {\""name\"": \""dock\"", \""type\"": \""u8\""}, {\""name\"": \""lid\"", \""type\"": \""u8\""}, {\""name\"": \""panel\"", \""type\"": \""u8\""}, {\""name\"": \""vertical_position\"", \""type\"": \""u8\""}, {\""name\"": \""horizontal_position\"", \""type\"": \""u8\""}, {\""name\"": \""shape\"", \""type\"": \""u8\""}, {\""name\"": \""group_orientation\"", \""type\"": \""u8\""}, {\""name\"": \""group_token\"", \""type\"": \""u8\""}, {\""name\"": \""group_position\"", \""type\"": \""u8\""}, {\""name\"": \""bay\"", \""type\"": \""u8\""}, {\""name\"": \""ejectable\"", \""type\"": \""u8\""}, {\""name\"": \""ospm_eject_required\"", \""type\"": \""u8\""}, {\""name\"": \""cabinet_number\"", \""type\"": \""u8\""}, {\""name\"": \""card_cage_number\"", \""type\"": \""u8\""}, {\""name\"": \""reference\"", \""type\"": \""u8\""}, {\""name\"": \""rotation\"", \""type\"": \""u8\""}, {\""name\"": \""order\"", \""type\"": \""u8\""}, {\""name\"": \""reserved\"", \""type\"": \""u8\""}, {\""name\"": \""vertical_offset\"", \""type\"": \""u16\""}, {\""name\"": \""horizontal_offset\"", \""type\"": \""u16\""}]"", ""header_file"": ""vendor/linux/include/acpi/acbuffer.h"", ""line"": 77, ""size"": null, ""version_id"": ""6d35786de281""}",CORRECT,independent precision review of extracted fact source context; rank/score/ranker blinded,CORRECT,independent precision review of extracted fact source context; rank/score/ranker blinded,CORRECT,adjudicated precision sample from extractor output; separate from recall gold labels,
c-struct-field-0024,c_struct_fields,c_structs,6d35786de281,vendor/linux/include/acpi/acbuffer.h,77,acpi_pld_info.red,"{""align"": null, ""c_type"": ""acpi_pld_info"", ""field_name"": ""red"", ""field_type"": ""u8"", ""fields"": ""[{\""name\"": \""revision\"", \""type\"": \""u8\""}, {\""name\"": \""ignore_color\"", \""type\"": \""u8\""}, {\""name\"": \""red\"", \""type\"": \""u8\""}, {\""name\"": \""green\"", \""type\"": \""u8\""}, {\""name\"": \""blue\"", \""type\"": \""u8\""}, {\""name\"": \""width\"", \""type\"": \""u16\""}, {\""name\"": \""height\"", \""type\"": \""u16\""}, {\""name\"": \""user_visible\"", \""type\"": \""u8\""}, {\""name\"": \""dock\"", \""type\"": \""u8\""}, {\""name\"": \""lid\"", \""type\"": \""u8\""}, {\""name\"": \""panel\"", \""type\"": \""u8\""}, {\""name\"": \""vertical_position\"", \""type\"": \""u8\""}, {\""name\"": \""horizontal_position\"", \""type\"": \""u8\""}, {\""name\"": \""shape\"", \""type\"": \""u8\""}, {\""name\"": \""group_orientation\"", \""type\"": \""u8\""}, {\""name\"": \""group_token\"", \""type\"": \""u8\""}, {\""name\"": \""group_position\"", \""type\"": \""u8\""}, {\""name\"": \""bay\"", \""type\"": \""u8\""}, {\""name\"": \""ejectable\"", \""type\"": \""u8\""}, {\""name\"": \""ospm_eject_required\"", \""type\"": \""u8\""}, {\""name\"": \""cabinet_number\"", \""type\"": \""u8\""}, {\""name\"": \""card_cage_number\"", \""type\"": \""u8\""}, {\""name\"": \""reference\"", \""type\"": \""u8\""}, {\""name\"": \""rotation\"", \""type\"": \""u8\""}, {\""name\"": \""order\"", \""type\"": \""u8\""}, {\""name\"": \""reserved\"", \""type\"": \""u8\""}, {\""name\"": \""vertical_offset\"", \""type\"": \""u16\""}, {\""name\"": \""horizontal_offset\"", \""type\"": \""u16\""}]"", ""header_file"": ""vendor/linux/include/acpi/acbuffer.h"", ""line"": 77, ""size"": null, ""version_id"": ""6d35786de281""}",CORRECT,independent precision review of extracted fact source context; rank/score/ranker blinded,CORRECT,independent precision review of extracted fact source context; rank/score/ranker blinded,CORRECT,adjudicated precision sample from extractor output; separate from recall gold labels,
c-struct-field-0025,c_struct_fields,c_structs,6d35786de281,vendor/linux/include/acpi/acbuffer.h,77,acpi_pld_info.green,"{""align"": null, ""c_type"": ""acpi_pld_info"", ""field_name"": ""green"", ""field_type"": ""u8"", ""fields"": ""[{\""name\"": \""revision\"", \""type\"": \""u8\""}, {\""name\"": \""ignore_color\"", \""type\"": \""u8\""}, {\""name\"": \""red\"", \""type\"": \""u8\""}, {\""name\"": \""green\"", \""type\"": \""u8\""}, {\""name\"": \""blue\"", \""type\"": \""u8\""}, {\""name\"": \""width\"", \""type\"": \""u16\""}, {\""name\"": \""height\"", \""type\"": \""u16\""}, {\""name\"": \""user_visible\"", \""type\"": \""u8\""}, {\""name\"": \""dock\"", \""type\"": \""u8\""}, {\""name\"": \""lid\"", \""type\"": \""u8\""}, {\""name\"": \""panel\"", \""type\"": \""u8\""}, {\""name\"": \""vertical_position\"", \""type\"": \""u8\""}, {\""name\"": \""horizontal_position\"", \""type\"": \""u8\""}, {\""name\"": \""shape\"", \""type\"": \""u8\""}, {\""name\"": \""group_orientation\"", \""type\"": \""u8\""}, {\""name\"": \""group_token\"", \""type\"": \""u8\""}, {\""name\"": \""group_position\"", \""type\"": \""u8\""}, {\""name\"": \""bay\"", \""type\"": \""u8\""}, {\""name\"": \""ejectable\"", \""type\"": \""u8\""}, {\""name\"": \""ospm_eject_required\"", \""type\"": \""u8\""}, {\""name\"": \""cabinet_number\"", \""type\"": \""u8\""}, {\""name\"": \""card_cage_number\"", \""type\"": \""u8\""}, {\""name\"": \""reference\"", \""type\"": \""u8\""}, {\""name\"": \""rotation\"", \""type\"": \""u8\""}, {\""name\"": \""order\"", \""type\"": \""u8\""}, {\""name\"": \""reserved\"", \""type\"": \""u8\""}, {\""name\"": \""vertical_offset\"", \""type\"": \""u16\""}, {\""name\"": \""horizontal_offset\"", \""type\"": \""u16\""}]"", ""header_file"": ""vendor/linux/include/acpi/acbuffer.h"", ""line"": 77, ""size"": null, ""version_id"": ""6d35786de281""}",CORRECT,independent precision review of extracted fact source context; rank/score/ranker blinded,CORRECT,independent precision review of extracted fact source context; rank/score/ranker blinded,CORRECT,adjudicated precision sample from extractor output; separate from recall gold labels,
c-struct-field-0026,c_struct_fields,c_structs,6d35786de281,vendor/linux/include/acpi/acbuffer.h,77,acpi_pld_info.blue,"{""align"": null, ""c_type"": ""acpi_pld_info"", ""field_name"": ""blue"", ""field_type"": ""u8"", ""fields"": ""[{\""name\"": \""revision\"", \""type\"": \""u8\""}, {\""name\"": \""ignore_color\"", \""type\"": \""u8\""}, {\""name\"": \""red\"", \""type\"": \""u8\""}, {\""name\"": \""green\"", \""type\"": \""u8\""}, {\""name\"": \""blue\"", \""type\"": \""u8\""}, {\""name\"": \""width\"", \""type\"": \""u16\""}, {\""name\"": \""height\"", \""type\"": \""u16\""}, {\""name\"": \""user_visible\"", \""type\"": \""u8\""}, {\""name\"": \""dock\"", \""type\"": \""u8\""}, {\""name\"": \""lid\"", \""type\"": \""u8\""}, {\""name\"": \""panel\"", \""type\"": \""u8\""}, {\""name\"": \""vertical_position\"", \""type\"": \""u8\""}, {\""name\"": \""horizontal_position\"", \""type\"": \""u8\""}, {\""name\"": \""shape\"", \""type\"": \""u8\""}, {\""name\"": \""group_orientation\"", \""type\"": \""u8\""}, {\""name\"": \""group_token\"", \""type\"": \""u8\""}, {\""name\"": \""group_position\"", \""type\"": \""u8\""}, {\""name\"": \""bay\"", \""type\"": \""u8\""}, {\""name\"": \""ejectable\"", \""type\"": \""u8\""}, {\""name\"": \""ospm_eject_required\"", \""type\"": \""u8\""}, {\""name\"": \""cabinet_number\"", \""type\"": \""u8\""}, {\""name\"": \""card_cage_number\"", \""type\"": \""u8\""}, {\""name\"": \""reference\"", \""type\"": \""u8\""}, {\""name\"": \""rotation\"", \""type\"": \""u8\""}, {\""name\"": \""order\"", \""type\"": \""u8\""}, {\""name\"": \""reserved\"", \""type\"": \""u8\""}, {\""name\"": \""vertical_offset\"", \""type\"": \""u16\""}, {\""name\"": \""horizontal_offset\"", \""type\"": \""u16\""}]"", ""header_file"": ""vendor/linux/include/acpi/acbuffer.h"", ""line"": 77, ""size"": null, ""version_id"": ""6d35786de281""}",CORRECT,independent precision review of extracted fact source context; rank/score/ranker blinded,CORRECT,independent precision review of extracted fact source context; rank/score/ranker blinded,CORRECT,adjudicated precision sample from extractor output; separate from recall gold labels,
c-struct-field-0027,c_struct_fields,c_structs,6d35786de281,vendor/linux/include/acpi/acbuffer.h,77,acpi_pld_info.width,"{""align"": null, ""c_type"": ""acpi_pld_info"", ""field_name"": ""width"", ""field_type"": ""u16"", ""fields"": ""[{\""name\"": \""revision\"", \""type\"": \""u8\""}, {\""name\"": \""ignore_color\"", \""type\"": \""u8\""}, {\""name\"": \""red\"", \""type\"": \""u8\""}, {\""name\"": \""green\"", \""type\"": \""u8\""}, {\""name\"": \""blue\"", \""type\"": \""u8\""}, {\""name\"": \""width\"", \""type\"": \""u16\""}, {\""name\"": \""height\"", \""type\"": \""u16\""}, {\""name\"": \""user_visible\"", \""type\"": \""u8\""}, {\""name\"": \""dock\"", \""type\"": \""u8\""}, {\""name\"": \""lid\"", \""type\"": \""u8\""}, {\""name\"": \""panel\"", \""type\"": \""u8\""}, {\""name\"": \""vertical_position\"", \""type\"": \""u8\""}, {\""name\"": \""horizontal_position\"", \""type\"": \""u8\""}, {\""name\"": \""shape\"", \""type\"": \""u8\""}, {\""name\"": \""group_orientation\"", \""type\"": \""u8\""}, {\""name\"": \""group_token\"", \""type\"": \""u8\""}, {\""name\"": \""group_position\"", \""type\"": \""u8\""}, {\""name\"": \""bay\"", \""type\"": \""u8\""}, {\""name\"": \""ejectable\"", \""type\"": \""u8\""}, {\""name\"": \""ospm_eject_required\"", \""type\"": \""u8\""}, {\""name\"": \""cabinet_number\"", \""type\"": \""u8\""}, {\""name\"": \""card_cage_number\"", \""type\"": \""u8\""}, {\""name\"": \""reference\"", \""type\"": \""u8\""}, {\""name\"": \""rotation\"", \""type\"": \""u8\""}, {\""name\"": \""order\"", \""type\"": \""u8\""}, {\""name\"": \""reserved\"", \""type\"": \""u8\""}, {\""name\"": \""vertical_offset\"", \""type\"": \""u16\""}, {\""name\"": \""horizontal_offset\"", \""type\"": \""u16\""}]"", ""header_file"": ""vendor/linux/include/acpi/acbuffer.h"", ""line"": 77, ""size"": null, ""version_id"": ""6d35786de281""}",CORRECT,independent precision review of extracted fact source context; rank/score/ranker blinded,CORRECT,independent precision review of extracted fact source context; rank/score/ranker blinded,CORRECT,adjudicated precision sample from extractor output; separate from recall gold labels,
c-struct-field-0028,c_struct_fields,c_structs,6d35786de281,vendor/linux/include/acpi/acbuffer.h,77,acpi_pld_info.height,"{""align"": null, ""c_type"": ""acpi_pld_info"", ""field_name"": ""height"", ""field_type"": ""u16"", ""fields"": ""[{\""name\"": \""revision\"", \""type\"": \""u8\""}, {\""name\"": \""ignore_color\"", \""type\"": \""u8\""}, {\""name\"": \""red\"", \""type\"": \""u8\""}, {\""name\"": \""green\"", \""type\"": \""u8\""}, {\""name\"": \""blue\"", \""type\"": \""u8\""}, {\""name\"": \""width\"", \""type\"": \""u16\""}, {\""name\"": \""height\"", \""type\"": \""u16\""}, {\""name\"": \""user_visible\"", \""type\"": \""u8\""}, {\""name\"": \""dock\"", \""type\"": \""u8\""}, {\""name\"": \""lid\"", \""type\"": \""u8\""}, {\""name\"": \""panel\"", \""type\"": \""u8\""}, {\""name\"": \""vertical_position\"", \""type\"": \""u8\""}, {\""name\"": \""horizontal_position\"", \""type\"": \""u8\""}, {\""name\"": \""shape\"", \""type\"": \""u8\""}, {\""name\"": \""group_orientation\"", \""type\"": \""u8\""}, {\""name\"": \""group_token\"", \""type\"": \""u8\""}, {\""name\"": \""group_position\"", \""type\"": \""u8\""}, {\""name\"": \""bay\"", \""type\"": \""u8\""}, {\""name\"": \""ejectable\"", \""type\"": \""u8\""}, {\""name\"": \""ospm_eject_required\"", \""type\"": \""u8\""}, {\""name\"": \""cabinet_number\"", \""type\"": \""u8\""}, {\""name\"": \""card_cage_number\"", \""type\"": \""u8\""}, {\""name\"": \""reference\"", \""type\"": \""u8\""}, {\""name\"": \""rotation\"", \""type\"": \""u8\""}, {\""name\"": \""order\"", \""type\"": \""u8\""}, {\""name\"": \""reserved\"", \""type\"": \""u8\""}, {\""name\"": \""vertical_offset\"", \""type\"": \""u16\""}, {\""name\"": \""horizontal_offset\"", \""type\"": \""u16\""}]"", ""header_file"": ""vendor/linux/include/acpi/acbuffer.h"", ""line"": 77, ""size"": null, ""version_id"": ""6d35786de281""}",CORRECT,independent precision review of extracted fact source context; rank/score/ranker blinded,CORRECT,independent precision review of extracted fact source context; rank/score/ranker blinded,CORRECT,adjudicated precision sample from extractor output; separate from recall gold labels,
c-struct-field-0029,c_struct_fields,c_structs,6d35786de281,vendor/linux/include/acpi/acbuffer.h,77,acpi_pld_info.user_visible,"{""align"": null, ""c_type"": ""acpi_pld_info"", ""field_name"": ""user_visible"", ""field_type"": ""u8"", ""fields"": ""[{\""name\"": \""revision\"", \""type\"": \""u8\""}, {\""name\"": \""ignore_color\"", \""type\"": \""u8\""}, {\""name\"": \""red\"", \""type\"": \""u8\""}, {\""name\"": \""green\"", \""type\"": \""u8\""}, {\""name\"": \""blue\"", \""type\"": \""u8\""}, {\""name\"": \""width\"", \""type\"": \""u16\""}, {\""name\"": \""height\"", \""type\"": \""u16\""}, {\""name\"": \""user_visible\"", \""type\"": \""u8\""}, {\""name\"": \""dock\"", \""type\"": \""u8\""}, {\""name\"": \""lid\"", \""type\"": \""u8\""}, {\""name\"": \""panel\"", \""type\"": \""u8\""}, {\""name\"": \""vertical_position\"", \""type\"": \""u8\""}, {\""name\"": \""horizontal_position\"", \""type\"": \""u8\""}, {\""name\"": \""shape\"", \""type\"": \""u8\""}, {\""name\"": \""group_orientation\"", \""type\"": \""u8\""}, {\""name\"": \""group_token\"", \""type\"": \""u8\""}, {\""name\"": \""group_position\"", \""type\"": \""u8\""}, {\""name\"": \""bay\"", \""type\"": \""u8\""}, {\""name\"": \""ejectable\"", \""type\"": \""u8\""}, {\""name\"": \""ospm_eject_required\"", \""type\"": \""u8\""}, {\""name\"": \""cabinet_number\"", \""type\"": \""u8\""}, {\""name\"": \""card_cage_number\"", \""type\"": \""u8\""}, {\""name\"": \""reference\"", \""type\"": \""u8\""}, {\""name\"": \""rotation\"", \""type\"": \""u8\""}, {\""name\"": \""order\"", \""type\"": \""u8\""}, {\""name\"": \""reserved\"", \""type\"": \""u8\""}, {\""name\"": \""vertical_offset\"", \""type\"": \""u16\""}, {\""name\"": \""horizontal_offset\"", \""type\"": \""u16\""}]"", ""header_file"": ""vendor/linux/include/acpi/acbuffer.h"", ""line"": 77, ""size"": null, ""version_id"": ""6d35786de281""}",CORRECT,independent precision review of extracted fact source context; rank/score/ranker blinded,CORRECT,independent precision review of extracted fact source context; rank/score/ranker blinded,CORRECT,adjudicated precision sample from extractor output; separate from recall gold labels,
c-struct-field-0030,c_struct_fields,c_structs,6d35786de281,vendor/linux/include/acpi/acbuffer.h,77,acpi_pld_info.dock,"{""align"": null, ""c_type"": ""acpi_pld_info"", ""field_name"": ""dock"", ""field_type"": ""u8"", ""fields"": ""[{\""name\"": \""revision\"", \""type\"": \""u8\""}, {\""name\"": \""ignore_color\"", \""type\"": \""u8\""}, {\""name\"": \""red\"", \""type\"": \""u8\""}, {\""name\"": \""green\"", \""type\"": \""u8\""}, {\""name\"": \""blue\"", \""type\"": \""u8\""}, {\""name\"": \""width\"", \""type\"": \""u16\""}, {\""name\"": \""height\"", \""type\"": \""u16\""}, {\""name\"": \""user_visible\"", \""type\"": \""u8\""}, {\""name\"": \""dock\"", \""type\"": \""u8\""}, {\""name\"": \""lid\"", \""type\"": \""u8\""}, {\""name\"": \""panel\"", \""type\"": \""u8\""}, {\""name\"": \""vertical_position\"", \""type\"": \""u8\""}, {\""name\"": \""horizontal_position\"", \""type\"": \""u8\""}, {\""name\"": \""shape\"", \""type\"": \""u8\""}, {\""name\"": \""group_orientation\"", \""type\"": \""u8\""}, {\""name\"": \""group_token\"", \""type\"": \""u8\""}, {\""name\"": \""group_position\"", \""type\"": \""u8\""}, {\""name\"": \""bay\"", \""type\"": \""u8\""}, {\""name\"": \""ejectable\"", \""type\"": \""u8\""}, {\""name\"": \""ospm_eject_required\"", \""type\"": \""u8\""}, {\""name\"": \""cabinet_number\"", \""type\"": \""u8\""}, {\""name\"": \""card_cage_number\"", \""type\"": \""u8\""}, {\""name\"": \""reference\"", \""type\"": \""u8\""}, {\""name\"": \""rotation\"", \""type\"": \""u8\""}, {\""name\"": \""order\"", \""type\"": \""u8\""}, {\""name\"": \""reserved\"", \""type\"": \""u8\""}, {\""name\"": \""vertical_offset\"", \""type\"": \""u16\""}, {\""name\"": \""horizontal_offset\"", \""type\"": \""u16\""}]"", ""header_file"": ""vendor/linux/include/acpi/acbuffer.h"", ""line"": 77, ""size"": null, ""version_id"": ""6d35786de281""}",CORRECT,independent precision review of extracted fact source context; rank/score/ranker blinded,CORRECT,independent precision review of extracted fact source context; rank/score/ranker blinded,CORRECT,adjudicated precision sample from extractor output; separate from recall gold labels,
c-struct-field-0031,c_struct_fields,c_structs,6d35786de281,vendor/linux/include/acpi/acbuffer.h,77,acpi_pld_info.lid,"{""align"": null, ""c_type"": ""acpi_pld_info"", ""field_name"": ""lid"", ""field_type"": ""u8"", ""fields"": ""[{\""name\"": \""revision\"", \""type\"": \""u8\""}, {\""name\"": \""ignore_color\"", \""type\"": \""u8\""}, {\""name\"": \""red\"", \""type\"": \""u8\""}, {\""name\"": \""green\"", \""type\"": \""u8\""}, {\""name\"": \""blue\"", \""type\"": \""u8\""}, {\""name\"": \""width\"", \""type\"": \""u16\""}, {\""name\"": \""height\"", \""type\"": \""u16\""}, {\""name\"": \""user_visible\"", \""type\"": \""u8\""}, {\""name\"": \""dock\"", \""type\"": \""u8\""}, {\""name\"": \""lid\"", \""type\"": \""u8\""}, {\""name\"": \""panel\"", \""type\"": \""u8\""}, {\""name\"": \""vertical_position\"", \""type\"": \""u8\""}, {\""name\"": \""horizontal_position\"", \""type\"": \""u8\""}, {\""name\"": \""shape\"", \""type\"": \""u8\""}, {\""name\"": \""group_orientation\"", \""type\"": \""u8\""}, {\""name\"": \""group_token\"", \""type\"": \""u8\""}, {\""name\"": \""group_position\"", \""type\"": \""u8\""}, {\""name\"": \""bay\"", \""type\"": \""u8\""}, {\""name\"": \""ejectable\"", \""type\"": \""u8\""}, {\""name\"": \""ospm_eject_required\"", \""type\"": \""u8\""}, {\""name\"": \""cabinet_number\"", \""type\"": \""u8\""}, {\""name\"": \""card_cage_number\"", \""type\"": \""u8\""}, {\""name\"": \""reference\"", \""type\"": \""u8\""}, {\""name\"": \""rotation\"", \""type\"": \""u8\""}, {\""name\"": \""order\"", \""type\"": \""u8\""}, {\""name\"": \""reserved\"", \""type\"": \""u8\""}, {\""name\"": \""vertical_offset\"", \""type\"": \""u16\""}, {\""name\"": \""horizontal_offset\"", \""type\"": \""u16\""}]"", ""header_file"": ""vendor/linux/include/acpi/acbuffer.h"", ""line"": 77, ""size"": null, ""version_id"": ""6d35786de281""}",CORRECT,independent precision review of extracted fact source context; rank/score/ranker blinded,CORRECT,independent precision review of extracted fact source context; rank/score/ranker blinded,CORRECT,adjudicated precision sample from extractor output; separate from recall gold labels,
c-struct-field-0032,c_struct_fields,c_structs,6d35786de281,vendor/linux/include/acpi/acbuffer.h,77,acpi_pld_info.panel,"{""align"": null, ""c_type"": ""acpi_pld_info"", ""field_name"": ""panel"", ""field_type"": ""u8"", ""fields"": ""[{\""name\"": \""revision\"", \""type\"": \""u8\""}, {\""name\"": \""ignore_color\"", \""type\"": \""u8\""}, {\""name\"": \""red\"", \""type\"": \""u8\""}, {\""name\"": \""green\"", \""type\"": \""u8\""}, {\""name\"": \""blue\"", \""type\"": \""u8\""}, {\""name\"": \""width\"", \""type\"": \""u16\""}, {\""name\"": \""height\"", \""type\"": \""u16\""}, {\""name\"": \""user_visible\"", \""type\"": \""u8\""}, {\""name\"": \""dock\"", \""type\"": \""u8\""}, {\""name\"": \""lid\"", \""type\"": \""u8\""}, {\""name\"": \""panel\"", \""type\"": \""u8\""}, {\""name\"": \""vertical_position\"", \""type\"": \""u8\""}, {\""name\"": \""horizontal_position\"", \""type\"": \""u8\""}, {\""name\"": \""shape\"", \""type\"": \""u8\""}, {\""name\"": \""group_orientation\"", \""type\"": \""u8\""}, {\""name\"": \""group_token\"", \""type\"": \""u8\""}, {\""name\"": \""group_position\"", \""type\"": \""u8\""}, {\""name\"": \""bay\"", \""type\"": \""u8\""}, {\""name\"": \""ejectable\"", \""type\"": \""u8\""}, {\""name\"": \""ospm_eject_required\"", \""type\"": \""u8\""}, {\""name\"": \""cabinet_number\"", \""type\"": \""u8\""}, {\""name\"": \""card_cage_number\"", \""type\"": \""u8\""}, {\""name\"": \""reference\"", \""type\"": \""u8\""}, {\""name\"": \""rotation\"", \""type\"": \""u8\""}, {\""name\"": \""order\"", \""type\"": \""u8\""}, {\""name\"": \""reserved\"", \""type\"": \""u8\""}, {\""name\"": \""vertical_offset\"", \""type\"": \""u16\""}, {\""name\"": \""horizontal_offset\"", \""type\"": \""u16\""}]"", ""header_file"": ""vendor/linux/include/acpi/acbuffer.h"", ""line"": 77, ""size"": null, ""version_id"": ""6d35786de281""}",CORRECT,independent precision review of extracted fact source context; rank/score/ranker blinded,CORRECT,independent precision review of extracted fact source context; rank/score/ranker blinded,CORRECT,adjudicated precision sample from extractor output; separate from recall gold labels,
c-struct-field-0033,c_struct_fields,c_structs,6d35786de281,vendor/linux/include/acpi/acbuffer.h,77,acpi_pld_info.vertical_position,"{""align"": null, ""c_type"": ""acpi_pld_info"", ""field_name"": ""vertical_position"", ""field_type"": ""u8"", ""fields"": ""[{\""name\"": \""revision\"", \""type\"": \""u8\""}, {\""name\"": \""ignore_color\"", \""type\"": \""u8\""}, {\""name\"": \""red\"", \""type\"": \""u8\""}, {\""name\"": \""green\"", \""type\"": \""u8\""}, {\""name\"": \""blue\"", \""type\"": \""u8\""}, {\""name\"": \""width\"", \""type\"": \""u16\""}, {\""name\"": \""height\"", \""type\"": \""u16\""}, {\""name\"": \""user_visible\"", \""type\"": \""u8\""}, {\""name\"": \""dock\"", \""type\"": \""u8\""}, {\""name\"": \""lid\"", \""type\"": \""u8\""}, {\""name\"": \""panel\"", \""type\"": \""u8\""}, {\""name\"": \""vertical_position\"", \""type\"": \""u8\""}, {\""name\"": \""horizontal_position\"", \""type\"": \""u8\""}, {\""name\"": \""shape\"", \""type\"": \""u8\""}, {\""name\"": \""group_orientation\"", \""type\"": \""u8\""}, {\""name\"": \""group_token\"", \""type\"": \""u8\""}, {\""name\"": \""group_position\"", \""type\"": \""u8\""}, {\""name\"": \""bay\"", \""type\"": \""u8\""}, {\""name\"": \""ejectable\"", \""type\"": \""u8\""}, {\""name\"": \""ospm_eject_required\"", \""type\"": \""u8\""}, {\""name\"": \""cabinet_number\"", \""type\"": \""u8\""}, {\""name\"": \""card_cage_number\"", \""type\"": \""u8\""}, {\""name\"": \""reference\"", \""type\"": \""u8\""}, {\""name\"": \""rotation\"", \""type\"": \""u8\""}, {\""name\"": \""order\"", \""type\"": \""u8\""}, {\""name\"": \""reserved\"", \""type\"": \""u8\""}, {\""name\"": \""vertical_offset\"", \""type\"": \""u16\""}, {\""name\"": \""horizontal_offset\"", \""type\"": \""u16\""}]"", ""header_file"": ""vendor/linux/include/acpi/acbuffer.h"", ""line"": 77, ""size"": null, ""version_id"": ""6d35786de281""}",CORRECT,independent precision review of extracted fact source context; rank/score/ranker blinded,CORRECT,independent precision review of extracted fact source context; rank/score/ranker blinded,CORRECT,adjudicated precision sample from extractor output; separate from recall gold labels,
c-struct-field-0034,c_struct_fields,c_structs,6d35786de281,vendor/linux/include/acpi/acbuffer.h,77,acpi_pld_info.horizontal_position,"{""align"": null, ""c_type"": ""acpi_pld_info"", ""field_name"": ""horizontal_position"", ""field_type"": ""u8"", ""fields"": ""[{\""name\"": \""revision\"", \""type\"": \""u8\""}, {\""name\"": \""ignore_color\"", \""type\"": \""u8\""}, {\""name\"": \""red\"", \""type\"": \""u8\""}, {\""name\"": \""green\"", \""type\"": \""u8\""}, {\""name\"": \""blue\"", \""type\"": \""u8\""}, {\""name\"": \""width\"", \""type\"": \""u16\""}, {\""name\"": \""height\"", \""type\"": \""u16\""}, {\""name\"": \""user_visible\"", \""type\"": \""u8\""}, {\""name\"": \""dock\"", \""type\"": \""u8\""}, {\""name\"": \""lid\"", \""type\"": \""u8\""}, {\""name\"": \""panel\"", \""type\"": \""u8\""}, {\""name\"": \""vertical_position\"", \""type\"": \""u8\""}, {\""name\"": \""horizontal_position\"", \""type\"": \""u8\""}, {\""name\"": \""shape\"", \""type\"": \""u8\""}, {\""name\"": \""group_orientation\"", \""type\"": \""u8\""}, {\""name\"": \""group_token\"", \""type\"": \""u8\""}, {\""name\"": \""group_position\"", \""type\"": \""u8\""}, {\""name\"": \""bay\"", \""type\"": \""u8\""}, {\""name\"": \""ejectable\"", \""type\"": \""u8\""}, {\""name\"": \""ospm_eject_required\"", \""type\"": \""u8\""}, {\""name\"": \""cabinet_number\"", \""type\"": \""u8\""}, {\""name\"": \""card_cage_number\"", \""type\"": \""u8\""}, {\""name\"": \""reference\"", \""type\"": \""u8\""}, {\""name\"": \""rotation\"", \""type\"": \""u8\""}, {\""name\"": \""order\"", \""type\"": \""u8\""}, {\""name\"": \""reserved\"", \""type\"": \""u8\""}, {\""name\"": \""vertical_offset\"", \""type\"": \""u16\""}, {\""name\"": \""horizontal_offset\"", \""type\"": \""u16\""}]"", ""header_file"": ""vendor/linux/include/acpi/acbuffer.h"", ""line"": 77, ""size"": null, ""version_id"": ""6d35786de281""}",CORRECT,independent precision review of extracted fact source context; rank/score/ranker blinded,CORRECT,independent precision review of extracted fact source context; rank/score/ranker blinded,CORRECT,adjudicated precision sample from extractor output; separate from recall gold labels,
c-struct-field-0035,c_struct_fields,c_structs,6d35786de281,vendor/linux/include/acpi/acbuffer.h,77,acpi_pld_info.shape,"{""align"": null, ""c_type"": ""acpi_pld_info"", ""field_name"": ""shape"", ""field_type"": ""u8"", ""fields"": ""[{\""name\"": \""revision\"", \""type\"": \""u8\""}, {\""name\"": \""ignore_color\"", \""type\"": \""u8\""}, {\""name\"": \""red\"", \""type\"": \""u8\""}, {\""name\"": \""green\"", \""type\"": \""u8\""}, {\""name\"": \""blue\"", \""type\"": \""u8\""}, {\""name\"": \""width\"", \""type\"": \""u16\""}, {\""name\"": \""height\"", \""type\"": \""u16\""}, {\""name\"": \""user_visible\"", \""type\"": \""u8\""}, {\""name\"": \""dock\"", \""type\"": \""u8\""}, {\""name\"": \""lid\"", \""type\"": \""u8\""}, {\""name\"": \""panel\"", \""type\"": \""u8\""}, {\""name\"": \""vertical_position\"", \""type\"": \""u8\""}, {\""name\"": \""horizontal_position\"", \""type\"": \""u8\""}, {\""name\"": \""shape\"", \""type\"": \""u8\""}, {\""name\"": \""group_orientation\"", \""type\"": \""u8\""}, {\""name\"": \""group_token\"", \""type\"": \""u8\""}, {\""name\"": \""group_position\"", \""type\"": \""u8\""}, {\""name\"": \""bay\"", \""type\"": \""u8\""}, {\""name\"": \""ejectable\"", \""type\"": \""u8\""}, {\""name\"": \""ospm_eject_required\"", \""type\"": \""u8\""}, {\""name\"": \""cabinet_number\"", \""type\"": \""u8\""}, {\""name\"": \""card_cage_number\"", \""type\"": \""u8\""}, {\""name\"": \""reference\"", \""type\"": \""u8\""}, {\""name\"": \""rotation\"", \""type\"": \""u8\""}, {\""name\"": \""order\"", \""type\"": \""u8\""}, {\""name\"": \""reserved\"", \""type\"": \""u8\""}, {\""name\"": \""vertical_offset\"", \""type\"": \""u16\""}, {\""name\"": \""horizontal_offset\"", \""type\"": \""u16\""}]"", ""header_file"": ""vendor/linux/include/acpi/acbuffer.h"", ""line"": 77, ""size"": null, ""version_id"": ""6d35786de281""}",CORRECT,independent precision review of extracted fact source context; rank/score/ranker blinded,CORRECT,independent precision review of extracted fact source context; rank/score/ranker blinded,CORRECT,adjudicated precision sample from extractor output; separate from recall gold labels,
c-struct-field-0036,c_struct_fields,c_structs,6d35786de281,vendor/linux/include/acpi/acbuffer.h,77,acpi_pld_info.group_orientation,"{""align"": null, ""c_type"": ""acpi_pld_info"", ""field_name"": ""group_orientation"", ""field_type"": ""u8"", ""fields"": ""[{\""name\"": \""revision\"", \""type\"": \""u8\""}, {\""name\"": \""ignore_color\"", \""type\"": \""u8\""}, {\""name\"": \""red\"", \""type\"": \""u8\""}, {\""name\"": \""green\"", \""type\"": \""u8\""}, {\""name\"": \""blue\"", \""type\"": \""u8\""}, {\""name\"": \""width\"", \""type\"": \""u16\""}, {\""name\"": \""height\"", \""type\"": \""u16\""}, {\""name\"": \""user_visible\"", \""type\"": \""u8\""}, {\""name\"": \""dock\"", \""type\"": \""u8\""}, {\""name\"": \""lid\"", \""type\"": \""u8\""}, {\""name\"": \""panel\"", \""type\"": \""u8\""}, {\""name\"": \""vertical_position\"", \""type\"": \""u8\""}, {\""name\"": \""horizontal_position\"", \""type\"": \""u8\""}, {\""name\"": \""shape\"", \""type\"": \""u8\""}, {\""name\"": \""group_orientation\"", \""type\"": \""u8\""}, {\""name\"": \""group_token\"", \""type\"": \""u8\""}, {\""name\"": \""group_position\"", \""type\"": \""u8\""}, {\""name\"": \""bay\"", \""type\"": \""u8\""}, {\""name\"": \""ejectable\"", \""type\"": \""u8\""}, {\""name\"": \""ospm_eject_required\"", \""type\"": \""u8\""}, {\""name\"": \""cabinet_number\"", \""type\"": \""u8\""}, {\""name\"": \""card_cage_number\"", \""type\"": \""u8\""}, {\""name\"": \""reference\"", \""type\"": \""u8\""}, {\""name\"": \""rotation\"", \""type\"": \""u8\""}, {\""name\"": \""order\"", \""type\"": \""u8\""}, {\""name\"": \""reserved\"", \""type\"": \""u8\""}, {\""name\"": \""vertical_offset\"", \""type\"": \""u16\""}, {\""name\"": \""horizontal_offset\"", \""type\"": \""u16\""}]"", ""header_file"": ""vendor/linux/include/acpi/acbuffer.h"", ""line"": 77, ""size"": null, ""version_id"": ""6d35786de281""}",CORRECT,independent precision review of extracted fact source context; rank/score/ranker blinded,CORRECT,independent precision review of extracted fact source context; rank/score/ranker blinded,CORRECT,adjudicated precision sample from extractor output; separate from recall gold labels,
c-struct-field-0037,c_struct_fields,c_structs,6d35786de281,vendor/linux/include/acpi/acbuffer.h,77,acpi_pld_info.group_token,"{""align"": null, ""c_type"": ""acpi_pld_info"", ""field_name"": ""group_token"", ""field_type"": ""u8"", ""fields"": ""[{\""name\"": \""revision\"", \""type\"": \""u8\""}, {\""name\"": \""ignore_color\"", \""type\"": \""u8\""}, {\""name\"": \""red\"", \""type\"": \""u8\""}, {\""name\"": \""green\"", \""type\"": \""u8\""}, {\""name\"": \""blue\"", \""type\"": \""u8\""}, {\""name\"": \""width\"", \""type\"": \""u16\""}, {\""name\"": \""height\"", \""type\"": \""u16\""}, {\""name\"": \""user_visible\"", \""type\"": \""u8\""}, {\""name\"": \""dock\"", \""type\"": \""u8\""}, {\""name\"": \""lid\"", \""type\"": \""u8\""}, {\""name\"": \""panel\"", \""type\"": \""u8\""}, {\""name\"": \""vertical_position\"", \""type\"": \""u8\""}, {\""name\"": \""horizontal_position\"", \""type\"": \""u8\""}, {\""name\"": \""shape\"", \""type\"": \""u8\""}, {\""name\"": \""group_orientation\"", \""type\"": \""u8\""}, {\""name\"": \""group_token\"", \""type\"": \""u8\""}, {\""name\"": \""group_position\"", \""type\"": \""u8\""}, {\""name\"": \""bay\"", \""type\"": \""u8\""}, {\""name\"": \""ejectable\"", \""type\"": \""u8\""}, {\""name\"": \""ospm_eject_required\"", \""type\"": \""u8\""}, {\""name\"": \""cabinet_number\"", \""type\"": \""u8\""}, {\""name\"": \""card_cage_number\"", \""type\"": \""u8\""}, {\""name\"": \""reference\"", \""type\"": \""u8\""}, {\""name\"": \""rotation\"", \""type\"": \""u8\""}, {\""name\"": \""order\"", \""type\"": \""u8\""}, {\""name\"": \""reserved\"", \""type\"": \""u8\""}, {\""name\"": \""vertical_offset\"", \""type\"": \""u16\""}, {\""name\"": \""horizontal_offset\"", \""type\"": \""u16\""}]"", ""header_file"": ""vendor/linux/include/acpi/acbuffer.h"", ""line"": 77, ""size"": null, ""version_id"": ""6d35786de281""}",CORRECT,independent precision review of extracted fact source context; rank/score/ranker blinded,CORRECT,independent precision review of extracted fact source context; rank/score/ranker blinded,CORRECT,adjudicated precision sample from extractor output; separate from recall gold labels,
c-struct-field-0038,c_struct_fields,c_structs,6d35786de281,vendor/linux/include/acpi/acbuffer.h,77,acpi_pld_info.group_position,"{""align"": null, ""c_type"": ""acpi_pld_info"", ""field_name"": ""group_position"", ""field_type"": ""u8"", ""fields"": ""[{\""name\"": \""revision\"", \""type\"": \""u8\""}, {\""name\"": \""ignore_color\"", \""type\"": \""u8\""}, {\""name\"": \""red\"", \""type\"": \""u8\""}, {\""name\"": \""green\"", \""type\"": \""u8\""}, {\""name\"": \""blue\"", \""type\"": \""u8\""}, {\""name\"": \""width\"", \""type\"": \""u16\""}, {\""name\"": \""height\"", \""type\"": \""u16\""}, {\""name\"": \""user_visible\"", \""type\"": \""u8\""}, {\""name\"": \""dock\"", \""type\"": \""u8\""}, {\""name\"": \""lid\"", \""type\"": \""u8\""}, {\""name\"": \""panel\"", \""type\"": \""u8\""}, {\""name\"": \""vertical_position\"", \""type\"": \""u8\""}, {\""name\"": \""horizontal_position\"", \""type\"": \""u8\""}, {\""name\"": \""shape\"", \""type\"": \""u8\""}, {\""name\"": \""group_orientation\"", \""type\"": \""u8\""}, {\""name\"": \""group_token\"", \""type\"": \""u8\""}, {\""name\"": \""group_position\"", \""type\"": \""u8\""}, {\""name\"": \""bay\"", \""type\"": \""u8\""}, {\""name\"": \""ejectable\"", \""type\"": \""u8\""}, {\""name\"": \""ospm_eject_required\"", \""type\"": \""u8\""}, {\""name\"": \""cabinet_number\"", \""type\"": \""u8\""}, {\""name\"": \""card_cage_number\"", \""type\"": \""u8\""}, {\""name\"": \""reference\"", \""type\"": \""u8\""}, {\""name\"": \""rotation\"", \""type\"": \""u8\""}, {\""name\"": \""order\"", \""type\"": \""u8\""}, {\""name\"": \""reserved\"", \""type\"": \""u8\""}, {\""name\"": \""vertical_offset\"", \""type\"": \""u16\""}, {\""name\"": \""horizontal_offset\"", \""type\"": \""u16\""}]"", ""header_file"": ""vendor/linux/include/acpi/acbuffer.h"", ""line"": 77, ""size"": null, ""version_id"": ""6d35786de281""}",CORRECT,independent precision review of extracted fact source context; rank/score/ranker blinded,CORRECT,independent precision review of extracted fact source context; rank/score/ranker blinded,CORRECT,adjudicated precision sample from extractor output; separate from recall gold labels,
c-struct-field-0039,c_struct_fields,c_structs,6d35786de281,vendor/linux/include/acpi/acbuffer.h,77,acpi_pld_info.bay,"{""align"": null, ""c_type"": ""acpi_pld_info"", ""field_name"": ""bay"", ""field_type"": ""u8"", ""fields"": ""[{\""name\"": \""revision\"", \""type\"": \""u8\""}, {\""name\"": \""ignore_color\"", \""type\"": \""u8\""}, {\""name\"": \""red\"", \""type\"": \""u8\""}, {\""name\"": \""green\"", \""type\"": \""u8\""}, {\""name\"": \""blue\"", \""type\"": \""u8\""}, {\""name\"": \""width\"", \""type\"": \""u16\""}, {\""name\"": \""height\"", \""type\"": \""u16\""}, {\""name\"": \""user_visible\"", \""type\"": \""u8\""}, {\""name\"": \""dock\"", \""type\"": \""u8\""}, {\""name\"": \""lid\"", \""type\"": \""u8\""}, {\""name\"": \""panel\"", \""type\"": \""u8\""}, {\""name\"": \""vertical_position\"", \""type\"": \""u8\""}, {\""name\"": \""horizontal_position\"", \""type\"": \""u8\""}, {\""name\"": \""shape\"", \""type\"": \""u8\""}, {\""name\"": \""group_orientation\"", \""type\"": \""u8\""}, {\""name\"": \""group_token\"", \""type\"": \""u8\""}, {\""name\"": \""group_position\"", \""type\"": \""u8\""}, {\""name\"": \""bay\"", \""type\"": \""u8\""}, {\""name\"": \""ejectable\"", \""type\"": \""u8\""}, {\""name\"": \""ospm_eject_required\"", \""type\"": \""u8\""}, {\""name\"": \""cabinet_number\"", \""type\"": \""u8\""}, {\""name\"": \""card_cage_number\"", \""type\"": \""u8\""}, {\""name\"": \""reference\"", \""type\"": \""u8\""}, {\""name\"": \""rotation\"", \""type\"": \""u8\""}, {\""name\"": \""order\"", \""type\"": \""u8\""}, {\""name\"": \""reserved\"", \""type\"": \""u8\""}, {\""name\"": \""vertical_offset\"", \""type\"": \""u16\""}, {\""name\"": \""horizontal_offset\"", \""type\"": \""u16\""}]"", ""header_file"": ""vendor/linux/include/acpi/acbuffer.h"", ""line"": 77, ""size"": null, ""version_id"": ""6d35786de281""}",CORRECT,independent precision review of extracted fact source context; rank/score/ranker blinded,CORRECT,independent precision review of extracted fact source context; rank/score/ranker blinded,CORRECT,adjudicated precision sample from extractor output; separate from recall gold labels,
c-struct-field-0040,c_struct_fields,c_structs,6d35786de281,vendor/linux/include/acpi/acbuffer.h,77,acpi_pld_info.ejectable,"{""align"": null, ""c_type"": ""acpi_pld_info"", ""field_name"": ""ejectable"", ""field_type"": ""u8"", ""fields"": ""[{\""name\"": \""revision\"", \""type\"": \""u8\""}, {\""name\"": \""ignore_color\"", \""type\"": \""u8\""}, {\""name\"": \""red\"", \""type\"": \""u8\""}, {\""name\"": \""green\"", \""type\"": \""u8\""}, {\""name\"": \""blue\"", \""type\"": \""u8\""}, {\""name\"": \""width\"", \""type\"": \""u16\""}, {\""name\"": \""height\"", \""type\"": \""u16\""}, {\""name\"": \""user_visible\"", \""type\"": \""u8\""}, {\""name\"": \""dock\"", \""type\"": \""u8\""}, {\""name\"": \""lid\"", \""type\"": \""u8\""}, {\""name\"": \""panel\"", \""type\"": \""u8\""}, {\""name\"": \""vertical_position\"", \""type\"": \""u8\""}, {\""name\"": \""horizontal_position\"", \""type\"": \""u8\""}, {\""name\"": \""shape\"", \""type\"": \""u8\""}, {\""name\"": \""group_orientation\"", \""type\"": \""u8\""}, {\""name\"": \""group_token\"", \""type\"": \""u8\""}, {\""name\"": \""group_position\"", \""type\"": \""u8\""}, {\""name\"": \""bay\"", \""type\"": \""u8\""}, {\""name\"": \""ejectable\"", \""type\"": \""u8\""}, {\""name\"": \""ospm_eject_required\"", \""type\"": \""u8\""}, {\""name\"": \""cabinet_number\"", \""type\"": \""u8\""}, {\""name\"": \""card_cage_number\"", \""type\"": \""u8\""}, {\""name\"": \""reference\"", \""type\"": \""u8\""}, {\""name\"": \""rotation\"", \""type\"": \""u8\""}, {\""name\"": \""order\"", \""type\"": \""u8\""}, {\""name\"": \""reserved\"", \""type\"": \""u8\""}, {\""name\"": \""vertical_offset\"", \""type\"": \""u16\""}, {\""name\"": \""horizontal_offset\"", \""type\"": \""u16\""}]"", ""header_file"": ""vendor/linux/include/acpi/acbuffer.h"", ""line"": 77, ""size"": null, ""version_id"": ""6d35786de281""}",CORRECT,independent precision review of extracted fact source context; rank/score/ranker blinded,CORRECT,independent precision review of extracted fact source context; rank/score/ranker blinded,CORRECT,adjudicated precision sample from extractor output; separate from recall gold labels,
c-struct-field-0041,c_struct_fields,c_structs,6d35786de281,vendor/linux/include/acpi/acbuffer.h,77,acpi_pld_info.ospm_eject_required,"{""align"": null, ""c_type"": ""acpi_pld_info"", ""field_name"": ""ospm_eject_required"", ""field_type"": ""u8"", ""fields"": ""[{\""name\"": \""revision\"", \""type\"": \""u8\""}, {\""name\"": \""ignore_color\"", \""type\"": \""u8\""}, {\""name\"": \""red\"", \""type\"": \""u8\""}, {\""name\"": \""green\"", \""type\"": \""u8\""}, {\""name\"": \""blue\"", \""type\"": \""u8\""}, {\""name\"": \""width\"", \""type\"": \""u16\""}, {\""name\"": \""height\"", \""type\"": \""u16\""}, {\""name\"": \""user_visible\"", \""type\"": \""u8\""}, {\""name\"": \""dock\"", \""type\"": \""u8\""}, {\""name\"": \""lid\"", \""type\"": \""u8\""}, {\""name\"": \""panel\"", \""type\"": \""u8\""}, {\""name\"": \""vertical_position\"", \""type\"": \""u8\""}, {\""name\"": \""horizontal_position\"", \""type\"": \""u8\""}, {\""name\"": \""shape\"", \""type\"": \""u8\""}, {\""name\"": \""group_orientation\"", \""type\"": \""u8\""}, {\""name\"": \""group_token\"", \""type\"": \""u8\""}, {\""name\"": \""group_position\"", \""type\"": \""u8\""}, {\""name\"": \""bay\"", \""type\"": \""u8\""}, {\""name\"": \""ejectable\"", \""type\"": \""u8\""}, {\""name\"": \""ospm_eject_required\"", \""type\"": \""u8\""}, {\""name\"": \""cabinet_number\"", \""type\"": \""u8\""}, {\""name\"": \""card_cage_number\"", \""type\"": \""u8\""}, {\""name\"": \""reference\"", \""type\"": \""u8\""}, {\""name\"": \""rotation\"", \""type\"": \""u8\""}, {\""name\"": \""order\"", \""type\"": \""u8\""}, {\""name\"": \""reserved\"", \""type\"": \""u8\""}, {\""name\"": \""vertical_offset\"", \""type\"": \""u16\""}, {\""name\"": \""horizontal_offset\"", \""type\"": \""u16\""}]"", ""header_file"": ""vendor/linux/include/acpi/acbuffer.h"", ""line"": 77, ""size"": null, ""version_id"": ""6d35786de281""}",CORRECT,independent precision review of extracted fact source context; rank/score/ranker blinded,CORRECT,independent precision review of extracted fact source context; rank/score/ranker blinded,CORRECT,adjudicated precision sample from extractor output; separate from recall gold labels,
c-struct-field-0042,c_struct_fields,c_structs,6d35786de281,vendor/linux/include/acpi/acbuffer.h,77,acpi_pld_info.cabinet_number,"{""align"": null, ""c_type"": ""acpi_pld_info"", ""field_name"": ""cabinet_number"", ""field_type"": ""u8"", ""fields"": ""[{\""name\"": \""revision\"", \""type\"": \""u8\""}, {\""name\"": \""ignore_color\"", \""type\"": \""u8\""}, {\""name\"": \""red\"", \""type\"": \""u8\""}, {\""name\"": \""green\"", \""type\"": \""u8\""}, {\""name\"": \""blue\"", \""type\"": \""u8\""}, {\""name\"": \""width\"", \""type\"": \""u16\""}, {\""name\"": \""height\"", \""type\"": \""u16\""}, {\""name\"": \""user_visible\"", \""type\"": \""u8\""}, {\""name\"": \""dock\"", \""type\"": \""u8\""}, {\""name\"": \""lid\"", \""type\"": \""u8\""}, {\""name\"": \""panel\"", \""type\"": \""u8\""}, {\""name\"": \""vertical_position\"", \""type\"": \""u8\""}, {\""name\"": \""horizontal_position\"", \""type\"": \""u8\""}, {\""name\"": \""shape\"", \""type\"": \""u8\""}, {\""name\"": \""group_orientation\"", \""type\"": \""u8\""}, {\""name\"": \""group_token\"", \""type\"": \""u8\""}, {\""name\"": \""group_position\"", \""type\"": \""u8\""}, {\""name\"": \""bay\"", \""type\"": \""u8\""}, {\""name\"": \""ejectable\"", \""type\"": \""u8\""}, {\""name\"": \""ospm_eject_required\"", \""type\"": \""u8\""}, {\""name\"": \""cabinet_number\"", \""type\"": \""u8\""}, {\""name\"": \""card_cage_number\"", \""type\"": \""u8\""}, {\""name\"": \""reference\"", \""type\"": \""u8\""}, {\""name\"": \""rotation\"", \""type\"": \""u8\""}, {\""name\"": \""order\"", \""type\"": \""u8\""}, {\""name\"": \""reserved\"", \""type\"": \""u8\""}, {\""name\"": \""vertical_offset\"", \""type\"": \""u16\""}, {\""name\"": \""horizontal_offset\"", \""type\"": \""u16\""}]"", ""header_file"": ""vendor/linux/include/acpi/acbuffer.h"", ""line"": 77, ""size"": null, ""version_id"": ""6d35786de281""}",CORRECT,independent precision review of extracted fact source context; rank/score/ranker blinded,CORRECT,independent precision review of extracted fact source context; rank/score/ranker blinded,CORRECT,adjudicated precision sample from extractor output; separate from recall gold labels,
c-struct-field-0043,c_struct_fields,c_structs,6d35786de281,vendor/linux/include/acpi/acbuffer.h,77,acpi_pld_info.card_cage_number,"{""align"": null, ""c_type"": ""acpi_pld_info"", ""field_name"": ""card_cage_number"", ""field_type"": ""u8"", ""fields"": ""[{\""name\"": \""revision\"", \""type\"": \""u8\""}, {\""name\"": \""ignore_color\"", \""type\"": \""u8\""}, {\""name\"": \""red\"", \""type\"": \""u8\""}, {\""name\"": \""green\"", \""type\"": \""u8\""}, {\""name\"": \""blue\"", \""type\"": \""u8\""}, {\""name\"": \""width\"", \""type\"": \""u16\""}, {\""name\"": \""height\"", \""type\"": \""u16\""}, {\""name\"": \""user_visible\"", \""type\"": \""u8\""}, {\""name\"": \""dock\"", \""type\"": \""u8\""}, {\""name\"": \""lid\"", \""type\"": \""u8\""}, {\""name\"": \""panel\"", \""type\"": \""u8\""}, {\""name\"": \""vertical_position\"", \""type\"": \""u8\""}, {\""name\"": \""horizontal_position\"", \""type\"": \""u8\""}, {\""name\"": \""shape\"", \""type\"": \""u8\""}, {\""name\"": \""group_orientation\"", \""type\"": \""u8\""}, {\""name\"": \""group_token\"", \""type\"": \""u8\""}, {\""name\"": \""group_position\"", \""type\"": \""u8\""}, {\""name\"": \""bay\"", \""type\"": \""u8\""}, {\""name\"": \""ejectable\"", \""type\"": \""u8\""}, {\""name\"": \""ospm_eject_required\"", \""type\"": \""u8\""}, {\""name\"": \""cabinet_number\"", \""type\"": \""u8\""}, {\""name\"": \""card_cage_number\"", \""type\"": \""u8\""}, {\""name\"": \""reference\"", \""type\"": \""u8\""}, {\""name\"": \""rotation\"", \""type\"": \""u8\""}, {\""name\"": \""order\"", \""type\"": \""u8\""}, {\""name\"": \""reserved\"", \""type\"": \""u8\""}, {\""name\"": \""vertical_offset\"", \""type\"": \""u16\""}, {\""name\"": \""horizontal_offset\"", \""type\"": \""u16\""}]"", ""header_file"": ""vendor/linux/include/acpi/acbuffer.h"", ""line"": 77, ""size"": null, ""version_id"": ""6d35786de281""}",CORRECT,independent precision review of extracted fact source context; rank/score/ranker blinded,CORRECT,independent precision review of extracted fact source context; rank/score/ranker blinded,CORRECT,adjudicated precision sample from extractor output; separate from recall gold labels,
c-struct-field-0044,c_struct_fields,c_structs,6d35786de281,vendor/linux/include/acpi/acbuffer.h,77,acpi_pld_info.reference,"{""align"": null, ""c_type"": ""acpi_pld_info"", ""field_name"": ""reference"", ""field_type"": ""u8"", ""fields"": ""[{\""name\"": \""revision\"", \""type\"": \""u8\""}, {\""name\"": \""ignore_color\"", \""type\"": \""u8\""}, {\""name\"": \""red\"", \""type\"": \""u8\""}, {\""name\"": \""green\"", \""type\"": \""u8\""}, {\""name\"": \""blue\"", \""type\"": \""u8\""}, {\""name\"": \""width\"", \""type\"": \""u16\""}, {\""name\"": \""height\"", \""type\"": \""u16\""}, {\""name\"": \""user_visible\"", \""type\"": \""u8\""}, {\""name\"": \""dock\"", \""type\"": \""u8\""}, {\""name\"": \""lid\"", \""type\"": \""u8\""}, {\""name\"": \""panel\"", \""type\"": \""u8\""}, {\""name\"": \""vertical_position\"", \""type\"": \""u8\""}, {\""name\"": \""horizontal_position\"", \""type\"": \""u8\""}, {\""name\"": \""shape\"", \""type\"": \""u8\""}, {\""name\"": \""group_orientation\"", \""type\"": \""u8\""}, {\""name\"": \""group_token\"", \""type\"": \""u8\""}, {\""name\"": \""group_position\"", \""type\"": \""u8\""}, {\""name\"": \""bay\"", \""type\"": \""u8\""}, {\""name\"": \""ejectable\"", \""type\"": \""u8\""}, {\""name\"": \""ospm_eject_required\"", \""type\"": \""u8\""}, {\""name\"": \""cabinet_number\"", \""type\"": \""u8\""}, {\""name\"": \""card_cage_number\"", \""type\"": \""u8\""}, {\""name\"": \""reference\"", \""type\"": \""u8\""}, {\""name\"": \""rotation\"", \""type\"": \""u8\""}, {\""name\"": \""order\"", \""type\"": \""u8\""}, {\""name\"": \""reserved\"", \""type\"": \""u8\""}, {\""name\"": \""vertical_offset\"", \""type\"": \""u16\""}, {\""name\"": \""horizontal_offset\"", \""type\"": \""u16\""}]"", ""header_file"": ""vendor/linux/include/acpi/acbuffer.h"", ""line"": 77, ""size"": null, ""version_id"": ""6d35786de281""}",CORRECT,independent precision review of extracted fact source context; rank/score/ranker blinded,CORRECT,independent precision review of extracted fact source context; rank/score/ranker blinded,CORRECT,adjudicated precision sample from extractor output; separate from recall gold labels,
c-struct-field-0045,c_struct_fields,c_structs,6d35786de281,vendor/linux/include/acpi/acbuffer.h,77,acpi_pld_info.rotation,"{""align"": null, ""c_type"": ""acpi_pld_info"", ""field_name"": ""rotation"", ""field_type"": ""u8"", ""fields"": ""[{\""name\"": \""revision\"", \""type\"": \""u8\""}, {\""name\"": \""ignore_color\"", \""type\"": \""u8\""}, {\""name\"": \""red\"", \""type\"": \""u8\""}, {\""name\"": \""green\"", \""type\"": \""u8\""}, {\""name\"": \""blue\"", \""type\"": \""u8\""}, {\""name\"": \""width\"", \""type\"": \""u16\""}, {\""name\"": \""height\"", \""type\"": \""u16\""}, {\""name\"": \""user_visible\"", \""type\"": \""u8\""}, {\""name\"": \""dock\"", \""type\"": \""u8\""}, {\""name\"": \""lid\"", \""type\"": \""u8\""}, {\""name\"": \""panel\"", \""type\"": \""u8\""}, {\""name\"": \""vertical_position\"", \""type\"": \""u8\""}, {\""name\"": \""horizontal_position\"", \""type\"": \""u8\""}, {\""name\"": \""shape\"", \""type\"": \""u8\""}, {\""name\"": \""group_orientation\"", \""type\"": \""u8\""}, {\""name\"": \""group_token\"", \""type\"": \""u8\""}, {\""name\"": \""group_position\"", \""type\"": \""u8\""}, {\""name\"": \""bay\"", \""type\"": \""u8\""}, {\""name\"": \""ejectable\"", \""type\"": \""u8\""}, {\""name\"": \""ospm_eject_required\"", \""type\"": \""u8\""}, {\""name\"": \""cabinet_number\"", \""type\"": \""u8\""}, {\""name\"": \""card_cage_number\"", \""type\"": \""u8\""}, {\""name\"": \""reference\"", \""type\"": \""u8\""}, {\""name\"": \""rotation\"", \""type\"": \""u8\""}, {\""name\"": \""order\"", \""type\"": \""u8\""}, {\""name\"": \""reserved\"", \""type\"": \""u8\""}, {\""name\"": \""vertical_offset\"", \""type\"": \""u16\""}, {\""name\"": \""horizontal_offset\"", \""type\"": \""u16\""}]"", ""header_file"": ""vendor/linux/include/acpi/acbuffer.h"", ""line"": 77, ""size"": null, ""version_id"": ""6d35786de281""}",CORRECT,independent precision review of extracted fact source context; rank/score/ranker blinded,CORRECT,independent precision review of extracted fact source context; rank/score/ranker blinded,CORRECT,adjudicated precision sample from extractor output; separate from recall gold labels,
c-struct-field-0046,c_struct_fields,c_structs,6d35786de281,vendor/linux/include/acpi/acbuffer.h,77,acpi_pld_info.order,"{""align"": null, ""c_type"": ""acpi_pld_info"", ""field_name"": ""order"", ""field_type"": ""u8"", ""fields"": ""[{\""name\"": \""revision\"", \""type\"": \""u8\""}, {\""name\"": \""ignore_color\"", \""type\"": \""u8\""}, {\""name\"": \""red\"", \""type\"": \""u8\""}, {\""name\"": \""green\"", \""type\"": \""u8\""}, {\""name\"": \""blue\"", \""type\"": \""u8\""}, {\""name\"": \""width\"", \""type\"": \""u16\""}, {\""name\"": \""height\"", \""type\"": \""u16\""}, {\""name\"": \""user_visible\"", \""type\"": \""u8\""}, {\""name\"": \""dock\"", \""type\"": \""u8\""}, {\""name\"": \""lid\"", \""type\"": \""u8\""}, {\""name\"": \""panel\"", \""type\"": \""u8\""}, {\""name\"": \""vertical_position\"", \""type\"": \""u8\""}, {\""name\"": \""horizontal_position\"", \""type\"": \""u8\""}, {\""name\"": \""shape\"", \""type\"": \""u8\""}, {\""name\"": \""group_orientation\"", \""type\"": \""u8\""}, {\""name\"": \""group_token\"", \""type\"": \""u8\""}, {\""name\"": \""group_position\"", \""type\"": \""u8\""}, {\""name\"": \""bay\"", \""type\"": \""u8\""}, {\""name\"": \""ejectable\"", \""type\"": \""u8\""}, {\""name\"": \""ospm_eject_required\"", \""type\"": \""u8\""}, {\""name\"": \""cabinet_number\"", \""type\"": \""u8\""}, {\""name\"": \""card_cage_number\"", \""type\"": \""u8\""}, {\""name\"": \""reference\"", \""type\"": \""u8\""}, {\""name\"": \""rotation\"", \""type\"": \""u8\""}, {\""name\"": \""order\"", \""type\"": \""u8\""}, {\""name\"": \""reserved\"", \""type\"": \""u8\""}, {\""name\"": \""vertical_offset\"", \""type\"": \""u16\""}, {\""name\"": \""horizontal_offset\"", \""type\"": \""u16\""}]"", ""header_file"": ""vendor/linux/include/acpi/acbuffer.h"", ""line"": 77, ""size"": null, ""version_id"": ""6d35786de281""}",CORRECT,independent precision review of extracted fact source context; rank/score/ranker blinded,CORRECT,independent precision review of extracted fact source context; rank/score/ranker blinded,CORRECT,adjudicated precision sample from extractor output; separate from recall gold labels,
c-struct-field-0047,c_struct_fields,c_structs,6d35786de281,vendor/linux/include/acpi/acbuffer.h,77,acpi_pld_info.reserved,"{""align"": null, ""c_type"": ""acpi_pld_info"", ""field_name"": ""reserved"", ""field_type"": ""u8"", ""fields"": ""[{\""name\"": \""revision\"", \""type\"": \""u8\""}, {\""name\"": \""ignore_color\"", \""type\"": \""u8\""}, {\""name\"": \""red\"", \""type\"": \""u8\""}, {\""name\"": \""green\"", \""type\"": \""u8\""}, {\""name\"": \""blue\"", \""type\"": \""u8\""}, {\""name\"": \""width\"", \""type\"": \""u16\""}, {\""name\"": \""height\"", \""type\"": \""u16\""}, {\""name\"": \""user_visible\"", \""type\"": \""u8\""}, {\""name\"": \""dock\"", \""type\"": \""u8\""}, {\""name\"": \""lid\"", \""type\"": \""u8\""}, {\""name\"": \""panel\"", \""type\"": \""u8\""}, {\""name\"": \""vertical_position\"", \""type\"": \""u8\""}, {\""name\"": \""horizontal_position\"", \""type\"": \""u8\""}, {\""name\"": \""shape\"", \""type\"": \""u8\""}, {\""name\"": \""group_orientation\"", \""type\"": \""u8\""}, {\""name\"": \""group_token\"", \""type\"": \""u8\""}, {\""name\"": \""group_position\"", \""type\"": \""u8\""}, {\""name\"": \""bay\"", \""type\"": \""u8\""}, {\""name\"": \""ejectable\"", \""type\"": \""u8\""}, {\""name\"": \""ospm_eject_required\"", \""type\"": \""u8\""}, {\""name\"": \""cabinet_number\"", \""type\"": \""u8\""}, {\""name\"": \""card_cage_number\"", \""type\"": \""u8\""}, {\""name\"": \""reference\"", \""type\"": \""u8\""}, {\""name\"": \""rotation\"", \""type\"": \""u8\""}, {\""name\"": \""order\"", \""type\"": \""u8\""}, {\""name\"": \""reserved\"", \""type\"": \""u8\""}, {\""name\"": \""vertical_offset\"", \""type\"": \""u16\""}, {\""name\"": \""horizontal_offset\"", \""type\"": \""u16\""}]"", ""header_file"": ""vendor/linux/include/acpi/acbuffer.h"", ""line"": 77, ""size"": null, ""version_id"": ""6d35786de281""}",CORRECT,independent precision review of extracted fact source context; rank/score/ranker blinded,CORRECT,independent precision review of extracted fact source context; rank/score/ranker blinded,CORRECT,adjudicated precision sample from extractor output; separate from recall gold labels,
c-struct-field-0048,c_struct_fields,c_structs,6d35786de281,vendor/linux/include/acpi/acbuffer.h,77,acpi_pld_info.vertical_offset,"{""align"": null, ""c_type"": ""acpi_pld_info"", ""field_name"": ""vertical_offset"", ""field_type"": ""u16"", ""fields"": ""[{\""name\"": \""revision\"", \""type\"": \""u8\""}, {\""name\"": \""ignore_color\"", \""type\"": \""u8\""}, {\""name\"": \""red\"", \""type\"": \""u8\""}, {\""name\"": \""green\"", \""type\"": \""u8\""}, {\""name\"": \""blue\"", \""type\"": \""u8\""}, {\""name\"": \""width\"", \""type\"": \""u16\""}, {\""name\"": \""height\"", \""type\"": \""u16\""}, {\""name\"": \""user_visible\"", \""type\"": \""u8\""}, {\""name\"": \""dock\"", \""type\"": \""u8\""}, {\""name\"": \""lid\"", \""type\"": \""u8\""}, {\""name\"": \""panel\"", \""type\"": \""u8\""}, {\""name\"": \""vertical_position\"", \""type\"": \""u8\""}, {\""name\"": \""horizontal_position\"", \""type\"": \""u8\""}, {\""name\"": \""shape\"", \""type\"": \""u8\""}, {\""name\"": \""group_orientation\"", \""type\"": \""u8\""}, {\""name\"": \""group_token\"", \""type\"": \""u8\""}, {\""name\"": \""group_position\"", \""type\"": \""u8\""}, {\""name\"": \""bay\"", \""type\"": \""u8\""}, {\""name\"": \""ejectable\"", \""type\"": \""u8\""}, {\""name\"": \""ospm_eject_required\"", \""type\"": \""u8\""}, {\""name\"": \""cabinet_number\"", \""type\"": \""u8\""}, {\""name\"": \""card_cage_number\"", \""type\"": \""u8\""}, {\""name\"": \""reference\"", \""type\"": \""u8\""}, {\""name\"": \""rotation\"", \""type\"": \""u8\""}, {\""name\"": \""order\"", \""type\"": \""u8\""}, {\""name\"": \""reserved\"", \""type\"": \""u8\""}, {\""name\"": \""vertical_offset\"", \""type\"": \""u16\""}, {\""name\"": \""horizontal_offset\"", \""type\"": \""u16\""}]"", ""header_file"": ""vendor/linux/include/acpi/acbuffer.h"", ""line"": 77, ""size"": null, ""version_id"": ""6d35786de281""}",CORRECT,independent precision review of extracted fact source context; rank/score/ranker blinded,CORRECT,independent precision review of extracted fact source context; rank/score/ranker blinded,CORRECT,adjudicated precision sample from extractor output; separate from recall gold labels,
c-struct-field-0049,c_struct_fields,c_structs,6d35786de281,vendor/linux/include/acpi/acbuffer.h,77,acpi_pld_info.horizontal_offset,"{""align"": null, ""c_type"": ""acpi_pld_info"", ""field_name"": ""horizontal_offset"", ""field_type"": ""u16"", ""fields"": ""[{\""name\"": \""revision\"", \""type\"": \""u8\""}, {\""name\"": \""ignore_color\"", \""type\"": \""u8\""}, {\""name\"": \""red\"", \""type\"": \""u8\""}, {\""name\"": \""green\"", \""type\"": \""u8\""}, {\""name\"": \""blue\"", \""type\"": \""u8\""}, {\""name\"": \""width\"", \""type\"": \""u16\""}, {\""name\"": \""height\"", \""type\"": \""u16\""}, {\""name\"": \""user_visible\"", \""type\"": \""u8\""}, {\""name\"": \""dock\"", \""type\"": \""u8\""}, {\""name\"": \""lid\"", \""type\"": \""u8\""}, {\""name\"": \""panel\"", \""type\"": \""u8\""}, {\""name\"": \""vertical_position\"", \""type\"": \""u8\""}, {\""name\"": \""horizontal_position\"", \""type\"": \""u8\""}, {\""name\"": \""shape\"", \""type\"": \""u8\""}, {\""name\"": \""group_orientation\"", \""type\"": \""u8\""}, {\""name\"": \""group_token\"", \""type\"": \""u8\""}, {\""name\"": \""group_position\"", \""type\"": \""u8\""}, {\""name\"": \""bay\"", \""type\"": \""u8\""}, {\""name\"": \""ejectable\"", \""type\"": \""u8\""}, {\""name\"": \""ospm_eject_required\"", \""type\"": \""u8\""}, {\""name\"": \""cabinet_number\"", \""type\"": \""u8\""}, {\""name\"": \""card_cage_number\"", \""type\"": \""u8\""}, {\""name\"": \""reference\"", \""type\"": \""u8\""}, {\""name\"": \""rotation\"", \""type\"": \""u8\""}, {\""name\"": \""order\"", \""type\"": \""u8\""}, {\""name\"": \""reserved\"", \""type\"": \""u8\""}, {\""name\"": \""vertical_offset\"", \""type\"": \""u16\""}, {\""name\"": \""horizontal_offset\"", \""type\"": \""u16\""}]"", ""header_file"": ""vendor/linux/include/acpi/acbuffer.h"", ""line"": 77, ""size"": null, ""version_id"": ""6d35786de281""}",CORRECT,independent precision review of extracted fact source context; rank/score/ranker blinded,CORRECT,independent precision review of extracted fact source context; rank/score/ranker blinded,CORRECT,adjudicated precision sample from extractor output; separate from recall gold labels,
c-struct-field-0050,c_struct_fields,c_structs,6d35786de281,vendor/linux/include/acpi/acpi_bus.h,22,acpi_handle_list.count,"{""align"": null, ""c_type"": ""acpi_handle_list"", ""field_name"": ""count"", ""field_type"": ""u32"", ""fields"": ""[{\""name\"": \""count\"", \""type\"": \""u32\""}]"", ""header_file"": ""vendor/linux/include/acpi/acpi_bus.h"", ""line"": 22, ""size"": null, ""version_id"": ""6d35786de281""}",CORRECT,independent precision review of extracted fact source context; rank/score/ranker blinded,CORRECT,independent precision review of extracted fact source context; rank/score/ranker blinded,CORRECT,adjudicated precision sample from extractor output; separate from recall gold labels,
c-struct-field-0051,c_struct_fields,c_structs,6d35786de281,vendor/linux/include/acpi/acpi_bus.h,119,acpi_hotplug_profile.kobj,"{""align"": null, ""c_type"": ""acpi_hotplug_profile"", ""field_name"": ""kobj"", ""field_type"": ""struct kobject"", ""fields"": ""[{\""name\"": \""kobj\"", \""type\"": \""struct kobject\""}]"", ""header_file"": ""vendor/linux/include/acpi/acpi_bus.h"", ""line"": 119, ""size"": null, ""version_id"": ""6d35786de281""}",CORRECT,independent precision review of extracted fact source context; rank/score/ranker blinded,CORRECT,independent precision review of extracted fact source context; rank/score/ranker blinded,CORRECT,adjudicated precision sample from extractor output; separate from recall gold labels,
c-struct-field-0052,c_struct_fields,c_structs,6d35786de281,vendor/linux/include/acpi/acpi_bus.h,133,acpi_scan_handler.list_node,"{""align"": null, ""c_type"": ""acpi_scan_handler"", ""field_name"": ""list_node"", ""field_type"": ""struct list_head"", ""fields"": ""[{\""name\"": \""list_node\"", \""type\"": \""struct list_head\""}, {\""name\"": \""hotplug\"", \""type\"": \""struct acpi_hotplug_profile\""}]"", ""header_file"": ""vendor/linux/include/acpi/acpi_bus.h"", ""line"": 133, ""size"": null, ""version_id"": ""6d35786de281""}",CORRECT,independent precision review of extracted fact source context; rank/score/ranker blinded,CORRECT,independent precision review of extracted fact source context; rank/score/ranker blinded,CORRECT,adjudicated precision sample from extractor output; separate from recall gold labels,
c-struct-field-0053,c_struct_fields,c_structs,6d35786de281,vendor/linux/include/acpi/acpi_bus.h,133,acpi_scan_handler.hotplug,"{""align"": null, ""c_type"": ""acpi_scan_handler"", ""field_name"": ""hotplug"", ""field_type"": ""struct acpi_hotplug_profile"", ""fields"": ""[{\""name\"": \""list_node\"", \""type\"": \""struct list_head\""}, {\""name\"": \""hotplug\"", \""type\"": \""struct acpi_hotplug_profile\""}]"", ""header_file"": ""vendor/linux/include/acpi/acpi_bus.h"", ""line"": 133, ""size"": null, ""version_id"": ""6d35786de281""}",CORRECT,independent precision review of extracted fact source context; rank/score/ranker blinded,CORRECT,independent precision review of extracted fact source context; rank/score/ranker blinded,CORRECT,adjudicated precision sample from extractor output; separate from recall gold labels,
c-struct-field-0054,c_struct_fields,c_structs,6d35786de281,vendor/linux/include/acpi/acpi_bus.h,154,acpi_hotplug_context.notify,"{""align"": null, ""c_type"": ""acpi_hotplug_context"", ""field_name"": ""notify"", ""field_type"": ""acpi_hp_notify"", ""fields"": ""[{\""name\"": \""notify\"", \""type\"": \""acpi_hp_notify\""}, {\""name\"": \""uevent\"", \""type\"": \""acpi_hp_uevent\""}, {\""name\"": \""fixup\"", \""type\"": \""acpi_hp_fixup\""}]"", ""header_file"": ""vendor/linux/include/acpi/acpi_bus.h"", ""line"": 154, ""size"": null, ""version_id"": ""6d35786de281""}",CORRECT,independent precision review of extracted fact source context; rank/score/ranker blinded,CORRECT,independent precision review of extracted fact source context; rank/score/ranker blinded,CORRECT,adjudicated precision sample from extractor output; separate from recall gold labels,
c-struct-field-0055,c_struct_fields,c_structs,6d35786de281,vendor/linux/include/acpi/acpi_bus.h,154,acpi_hotplug_context.uevent,"{""align"": null, ""c_type"": ""acpi_hotplug_context"", ""field_name"": ""uevent"", ""field_type"": ""acpi_hp_uevent"", ""fields"": ""[{\""name\"": \""notify\"", \""type\"": \""acpi_hp_notify\""}, {\""name\"": \""uevent\"", \""type\"": \""acpi_hp_uevent\""}, {\""name\"": \""fixup\"", \""type\"": \""acpi_hp_fixup\""}]"", ""header_file"": ""vendor/linux/include/acpi/acpi_bus.h"", ""line"": 154, ""size"": null, ""version_id"": ""6d35786de281""}",CORRECT,independent precision review of extracted fact source context; rank/score/ranker blinded,CORRECT,independent precision review of extracted fact source context; rank/score/ranker blinded,CORRECT,adjudicated precision sample from extractor output; separate from recall gold labels,
c-struct-field-0056,c_struct_fields,c_structs,6d35786de281,vendor/linux/include/acpi/acpi_bus.h,154,acpi_hotplug_context.fixup,"{""align"": null, ""c_type"": ""acpi_hotplug_context"", ""field_name"": ""fixup"", ""field_type"": ""acpi_hp_fixup"", ""fields"": ""[{\""name\"": \""notify\"", \""type\"": \""acpi_hp_notify\""}, {\""name\"": \""uevent\"", \""type\"": \""acpi_hp_uevent\""}, {\""name\"": \""fixup\"", \""type\"": \""acpi_hp_fixup\""}]"", ""header_file"": ""vendor/linux/include/acpi/acpi_bus.h"", ""line"": 154, ""size"": null, ""version_id"": ""6d35786de281""}",CORRECT,independent precision review of extracted fact source context; rank/score/ranker blinded,CORRECT,independent precision review of extracted fact source context; rank/score/ranker blinded,CORRECT,adjudicated precision sample from extractor output; separate from recall gold labels,
c-struct-field-0057,c_struct_fields,c_structs,6d35786de281,vendor/linux/include/acpi/acpi_bus.h,170,acpi_device_ops.add,"{""align"": null, ""c_type"": ""acpi_device_ops"", ""field_name"": ""add"", ""field_type"": ""acpi_op_add"", ""fields"": ""[{\""name\"": \""add\"", \""type\"": \""acpi_op_add\""}, {\""name\"": \""remove\"", \""type\"": \""acpi_op_remove\""}, {\""name\"": \""notify\"", \""type\"": \""acpi_op_notify\""}]"", ""header_file"": ""vendor/linux/include/acpi/acpi_bus.h"", ""line"": 170, ""size"": null, ""version_id"": ""6d35786de281""}",CORRECT,independent precision review of extracted fact source context; rank/score/ranker blinded,CORRECT,independent precision review of extracted fact source context; rank/score/ranker blinded,CORRECT,adjudicated precision sample from extractor output; separate from recall gold labels,
c-struct-field-0058,c_struct_fields,c_structs,6d35786de281,vendor/linux/include/acpi/acpi_bus.h,170,acpi_device_ops.remove,"{""align"": null, ""c_type"": ""acpi_device_ops"", ""field_name"": ""remove"", ""field_type"": ""acpi_op_remove"", ""fields"": ""[{\""name\"": \""add\"", \""type\"": \""acpi_op_add\""}, {\""name\"": \""remove\"", \""type\"": \""acpi_op_remove\""}, {\""name\"": \""notify\"", \""type\"": \""acpi_op_notify\""}]"", ""header_file"": ""vendor/linux/include/acpi/acpi_bus.h"", ""line"": 170, ""size"": null, ""version_id"": ""6d35786de281""}",CORRECT,independent precision review of extracted fact source context; rank/score/ranker blinded,CORRECT,independent precision review of extracted fact source context; rank/score/ranker blinded,CORRECT,adjudicated precision sample from extractor output; separate from recall gold labels,
c-struct-field-0059,c_struct_fields,c_structs,6d35786de281,vendor/linux/include/acpi/acpi_bus.h,170,acpi_device_ops.notify,"{""align"": null, ""c_type"": ""acpi_device_ops"", ""field_name"": ""notify"", ""field_type"": ""acpi_op_notify"", ""fields"": ""[{\""name\"": \""add\"", \""type\"": \""acpi_op_add\""}, {\""name\"": \""remove\"", \""type\"": \""acpi_op_remove\""}, {\""name\"": \""notify\"", \""type\"": \""acpi_op_notify\""}]"", ""header_file"": ""vendor/linux/include/acpi/acpi_bus.h"", ""line"": 170, ""size"": null, ""version_id"": ""6d35786de281""}",CORRECT,independent precision review of extracted fact source context; rank/score/ranker blinded,CORRECT,independent precision review of extracted fact source context; rank/score/ranker blinded,CORRECT,adjudicated precision sample from extractor output; separate from recall gold labels,
c-struct-field-0060,c_struct_fields,c_structs,6d35786de281,vendor/linux/include/acpi/acpi_bus.h,178,acpi_driver.name,"{""align"": null, ""c_type"": ""acpi_driver"", ""field_name"": ""name"", ""field_type"": ""char"", ""fields"": ""[{\""name\"": \""name\"", \""type\"": \""char\""}, {\""name\"": \""class\"", \""type\"": \""char\""}, {\""name\"": \""flags\"", \""type\"": \""unsigned int\""}, {\""name\"": \""ops\"", \""type\"": \""struct acpi_device_ops\""}, {\""name\"": \""drv\"", \""type\"": \""struct device_driver\""}]"", ""header_file"": ""vendor/linux/include/acpi/acpi_bus.h"", ""line"": 178, ""size"": null, ""version_id"": ""6d35786de281""}",CORRECT,independent precision review of extracted fact source context; rank/score/ranker blinded,CORRECT,independent precision review of extracted fact source context; rank/score/ranker blinded,CORRECT,adjudicated precision sample from extractor output; separate from recall gold labels,
c-struct-field-0061,c_struct_fields,c_structs,6d35786de281,vendor/linux/include/acpi/acpi_bus.h,178,acpi_driver.class,"{""align"": null, ""c_type"": ""acpi_driver"", ""field_name"": ""class"", ""field_type"": ""char"", ""fields"": ""[{\""name\"": \""name\"", \""type\"": \""char\""}, {\""name\"": \""class\"", \""type\"": \""char\""}, {\""name\"": \""flags\"", \""type\"": \""unsigned int\""}, {\""name\"": \""ops\"", \""type\"": \""struct acpi_device_ops\""}, {\""name\"": \""drv\"", \""type\"": \""struct device_driver\""}]"", ""header_file"": ""vendor/linux/include/acpi/acpi_bus.h"", ""line"": 178, ""size"": null, ""version_id"": ""6d35786de281""}",CORRECT,independent precision review of extracted fact source context; rank/score/ranker blinded,CORRECT,independent precision review of extracted fact source context; rank/score/ranker blinded,CORRECT,adjudicated precision sample from extractor output; separate from recall gold labels,
c-struct-field-0062,c_struct_fields,c_structs,6d35786de281,vendor/linux/include/acpi/acpi_bus.h,178,acpi_driver.flags,"{""align"": null, ""c_type"": ""acpi_driver"", ""field_name"": ""flags"", ""field_type"": ""unsigned int"", ""fields"": ""[{\""name\"": \""name\"", \""type\"": \""char\""}, {\""name\"": \""class\"", \""type\"": \""char\""}, {\""name\"": \""flags\"", \""type\"": \""unsigned int\""}, {\""name\"": \""ops\"", \""type\"": \""struct acpi_device_ops\""}, {\""name\"": \""drv\"", \""type\"": \""struct device_driver\""}]"", ""header_file"": ""vendor/linux/include/acpi/acpi_bus.h"", ""line"": 178, ""size"": null, ""version_id"": ""6d35786de281""}",CORRECT,independent precision review of extracted fact source context; rank/score/ranker blinded,CORRECT,independent precision review of extracted fact source context; rank/score/ranker blinded,CORRECT,adjudicated precision sample from extractor output; separate from recall gold labels,
c-struct-field-0063,c_struct_fields,c_structs,6d35786de281,vendor/linux/include/acpi/acpi_bus.h,178,acpi_driver.ops,"{""align"": null, ""c_type"": ""acpi_driver"", ""field_name"": ""ops"", ""field_type"": ""struct acpi_device_ops"", ""fields"": ""[{\""name\"": \""name\"", \""type\"": \""char\""}, {\""name\"": \""class\"", \""type\"": \""char\""}, {\""name\"": \""flags\"", \""type\"": \""unsigned int\""}, {\""name\"": \""ops\"", \""type\"": \""struct acpi_device_ops\""}, {\""name\"": \""drv\"", \""type\"": \""struct device_driver\""}]"", ""header_file"": ""vendor/linux/include/acpi/acpi_bus.h"", ""line"": 178, ""size"": null, ""version_id"": ""6d35786de281""}",CORRECT,independent precision review of extracted fact source context; rank/score/ranker blinded,CORRECT,independent precision review of extracted fact source context; rank/score/ranker blinded,CORRECT,adjudicated precision sample from extractor output; separate from recall gold labels,
c-struct-field-0064,c_struct_fields,c_structs,6d35786de281,vendor/linux/include/acpi/acpi_bus.h,178,acpi_driver.drv,"{""align"": null, ""c_type"": ""acpi_driver"", ""field_name"": ""drv"", ""field_type"": ""struct device_driver"", ""fields"": ""[{\""name\"": \""name\"", \""type\"": \""char\""}, {\""name\"": \""class\"", \""type\"": \""char\""}, {\""name\"": \""flags\"", \""type\"": \""unsigned int\""}, {\""name\"": \""ops\"", \""type\"": \""struct acpi_device_ops\""}, {\""name\"": \""drv\"", \""type\"": \""struct device_driver\""}]"", ""header_file"": ""vendor/linux/include/acpi/acpi_bus.h"", ""line"": 178, ""size"": null, ""version_id"": ""6d35786de281""}",CORRECT,independent precision review of extracted fact source context; rank/score/ranker blinded,CORRECT,independent precision review of extracted fact source context; rank/score/ranker blinded,CORRECT,adjudicated precision sample from extractor output; separate from recall gold labels,
c-struct-field-0065,c_struct_fields,c_structs,6d35786de281,vendor/linux/include/acpi/acpi_bus.h,240,acpi_hardware_id.list,"{""align"": null, ""c_type"": ""acpi_hardware_id"", ""field_name"": ""list"", ""field_type"": ""struct list_head"", ""fields"": ""[{\""name\"": \""list\"", \""type\"": \""struct list_head\""}]"", ""header_file"": ""vendor/linux/include/acpi/acpi_bus.h"", ""line"": 240, ""size"": null, ""version_id"": ""6d35786de281""}",CORRECT,independent precision review of extracted fact source context; rank/score/ranker blinded,CORRECT,independent precision review of extracted fact source context; rank/score/ranker blinded,CORRECT,adjudicated precision sample from extractor output; separate from recall gold labels,
c-struct-field-0066,c_struct_fields,c_structs,6d35786de281,vendor/linux/include/acpi/acpi_bus.h,253,acpi_device_pnp.bus_id,"{""align"": null, ""c_type"": ""acpi_device_pnp"", ""field_name"": ""bus_id"", ""field_type"": ""acpi_bus_id"", ""fields"": ""[{\""name\"": \""bus_id\"", \""type\"": \""acpi_bus_id\""}, {\""name\"": \""instance_no\"", \""type\"": \""int\""}, {\""name\"": \""type\"", \""type\"": \""struct acpi_pnp_type\""}, {\""name\"": \""bus_address\"", \""type\"": \""acpi_bus_address\""}, {\""name\"": \""ids\"", \""type\"": \""struct list_head\""}, {\""name\"": \""device_name\"", \""type\"": \""acpi_device_name\""}, {\""name\"": \""device_class\"", \""type\"": \""acpi_device_class\""}]"", ""header_file"": ""vendor/linux/include/acpi/acpi_bus.h"", ""line"": 253, ""size"": null, ""version_id"": ""6d35786de281""}",CORRECT,independent precision review of extracted fact source context; rank/score/ranker blinded,CORRECT,independent precision review of extracted fact source context; rank/score/ranker blinded,CORRECT,adjudicated precision sample from extractor output; separate from recall gold labels,
c-struct-field-0067,c_struct_fields,c_structs,6d35786de281,vendor/linux/include/acpi/acpi_bus.h,253,acpi_device_pnp.instance_no,"{""align"": null, ""c_type"": ""acpi_device_pnp"", ""field_name"": ""instance_no"", ""field_type"": ""int"", ""fields"": ""[{\""name\"": \""bus_id\"", \""type\"": \""acpi_bus_id\""}, {\""name\"": \""instance_no\"", \""type\"": \""int\""}, {\""name\"": \""type\"", \""type\"": \""struct acpi_pnp_type\""}, {\""name\"": \""bus_address\"", \""type\"": \""acpi_bus_address\""}, {\""name\"": \""ids\"", \""type\"": \""struct list_head\""}, {\""name\"": \""device_name\"", \""type\"": \""acpi_device_name\""}, {\""name\"": \""device_class\"", \""type\"": \""acpi_device_class\""}]"", ""header_file"": ""vendor/linux/include/acpi/acpi_bus.h"", ""line"": 253, ""size"": null, ""version_id"": ""6d35786de281""}",CORRECT,independent precision review of extracted fact source context; rank/score/ranker blinded,CORRECT,independent precision review of extracted fact source context; rank/score/ranker blinded,CORRECT,adjudicated precision sample from extractor output; separate from recall gold labels,
c-struct-field-0068,c_struct_fields,c_structs,6d35786de281,vendor/linux/include/acpi/acpi_bus.h,253,acpi_device_pnp.type,"{""align"": null, ""c_type"": ""acpi_device_pnp"", ""field_name"": ""type"", ""field_type"": ""struct acpi_pnp_type"", ""fields"": ""[{\""name\"": \""bus_id\"", \""type\"": \""acpi_bus_id\""}, {\""name\"": \""instance_no\"", \""type\"": \""int\""}, {\""name\"": \""type\"", \""type\"": \""struct acpi_pnp_type\""}, {\""name\"": \""bus_address\"", \""type\"": \""acpi_bus_address\""}, {\""name\"": \""ids\"", \""type\"": \""struct list_head\""}, {\""name\"": \""device_name\"", \""type\"": \""acpi_device_name\""}, {\""name\"": \""device_class\"", \""type\"": \""acpi_device_class\""}]"", ""header_file"": ""vendor/linux/include/acpi/acpi_bus.h"", ""line"": 253, ""size"": null, ""version_id"": ""6d35786de281""}",CORRECT,independent precision review of extracted fact source context; rank/score/ranker blinded,CORRECT,independent precision review of extracted fact source context; rank/score/ranker blinded,CORRECT,adjudicated precision sample from extractor output; separate from recall gold labels,
c-struct-field-0069,c_struct_fields,c_structs,6d35786de281,vendor/linux/include/acpi/acpi_bus.h,253,acpi_device_pnp.bus_address,"{""align"": null, ""c_type"": ""acpi_device_pnp"", ""field_name"": ""bus_address"", ""field_type"": ""acpi_bus_address"", ""fields"": ""[{\""name\"": \""bus_id\"", \""type\"": \""acpi_bus_id\""}, {\""name\"": \""instance_no\"", \""type\"": \""int\""}, {\""name\"": \""type\"", \""type\"": \""struct acpi_pnp_type\""}, {\""name\"": \""bus_address\"", \""type\"": \""acpi_bus_address\""}, {\""name\"": \""ids\"", \""type\"": \""struct list_head\""}, {\""name\"": \""device_name\"", \""type\"": \""acpi_device_name\""}, {\""name\"": \""device_class\"", \""type\"": \""acpi_device_class\""}]"", ""header_file"": ""vendor/linux/include/acpi/acpi_bus.h"", ""line"": 253, ""size"": null, ""version_id"": ""6d35786de281""}",CORRECT,independent precision review of extracted fact source context; rank/score/ranker blinded,CORRECT,independent precision review of extracted fact source context; rank/score/ranker blinded,CORRECT,adjudicated precision sample from extractor output; separate from recall gold labels,
c-struct-field-0070,c_struct_fields,c_structs,6d35786de281,vendor/linux/include/acpi/acpi_bus.h,253,acpi_device_pnp.ids,"{""align"": null, ""c_type"": ""acpi_device_pnp"", ""field_name"": ""ids"", ""field_type"": ""struct list_head"", ""fields"": ""[{\""name\"": \""bus_id\"", \""type\"": \""acpi_bus_id\""}, {\""name\"": \""instance_no\"", \""type\"": \""int\""}, {\""name\"": \""type\"", \""type\"": \""struct acpi_pnp_type\""}, {\""name\"": \""bus_address\"", \""type\"": \""acpi_bus_address\""}, {\""name\"": \""ids\"", \""type\"": \""struct list_head\""}, {\""name\"": \""device_name\"", \""type\"": \""acpi_device_name\""}, {\""name\"": \""device_class\"", \""type\"": \""acpi_device_class\""}]"", ""header_file"": ""vendor/linux/include/acpi/acpi_bus.h"", ""line"": 253, ""size"": null, ""version_id"": ""6d35786de281""}",CORRECT,independent precision review of extracted fact source context; rank/score/ranker blinded,CORRECT,independent precision review of extracted fact source context; rank/score/ranker blinded,CORRECT,adjudicated precision sample from extractor output; separate from recall gold labels,
c-struct-field-0071,c_struct_fields,c_structs,6d35786de281,vendor/linux/include/acpi/acpi_bus.h,253,acpi_device_pnp.device_name,"{""align"": null, ""c_type"": ""acpi_device_pnp"", ""field_name"": ""device_name"", ""field_type"": ""acpi_device_name"", ""fields"": ""[{\""name\"": \""bus_id\"", \""type\"": \""acpi_bus_id\""}, {\""name\"": \""instance_no\"", \""type\"": \""int\""}, {\""name\"": \""type\"", \""type\"": \""struct acpi_pnp_type\""}, {\""name\"": \""bus_address\"", \""type\"": \""acpi_bus_address\""}, {\""name\"": \""ids\"", \""type\"": \""struct list_head\""}, {\""name\"": \""device_name\"", \""type\"": \""acpi_device_name\""}, {\""name\"": \""device_class\"", \""type\"": \""acpi_device_class\""}]"", ""header_file"": ""vendor/linux/include/acpi/acpi_bus.h"", ""line"": 253, ""size"": null, ""version_id"": ""6d35786de281""}",CORRECT,independent precision review of extracted fact source context; rank/score/ranker blinded,CORRECT,independent precision review of extracted fact source context; rank/score/ranker blinded,CORRECT,adjudicated precision sample from extractor output; separate from recall gold labels,
c-struct-field-0072,c_struct_fields,c_structs,6d35786de281,vendor/linux/include/acpi/acpi_bus.h,253,acpi_device_pnp.device_class,"{""align"": null, ""c_type"": ""acpi_device_pnp"", ""field_name"": ""device_class"", ""field_type"": ""acpi_device_class"", ""fields"": ""[{\""name\"": \""bus_id\"", \""type\"": \""acpi_bus_id\""}, {\""name\"": \""instance_no\"", \""type\"": \""int\""}, {\""name\"": \""type\"", \""type\"": \""struct acpi_pnp_type\""}, {\""name\"": \""bus_address\"", \""type\"": \""acpi_bus_address\""}, {\""name\"": \""ids\"", \""type\"": \""struct list_head\""}, {\""name\"": \""device_name\"", \""type\"": \""acpi_device_name\""}, {\""name\"": \""device_class\"", \""type\"": \""acpi_device_class\""}]"", ""header_file"": ""vendor/linux/include/acpi/acpi_bus.h"", ""line"": 253, ""size"": null, ""version_id"": ""6d35786de281""}",CORRECT,independent precision review of extracted fact source context; rank/score/ranker blinded,CORRECT,independent precision review of extracted fact source context; rank/score/ranker blinded,CORRECT,adjudicated precision sample from extractor output; separate from recall gold labels,
c-struct-field-0073,c_struct_fields,c_structs,6d35786de281,vendor/linux/include/acpi/acpi_bus.h,283,acpi_device_power_state.resources,"{""align"": null, ""c_type"": ""acpi_device_power_state"", ""field_name"": ""resources"", ""field_type"": ""struct list_head"", ""fields"": ""[{\""name\"": \""resources\"", \""type\"": \""struct list_head\""}, {\""name\"": \""power\"", \""type\"": \""int\""}, {\""name\"": \""latency\"", \""type\"": \""int\""}]"", ""header_file"": ""vendor/linux/include/acpi/acpi_bus.h"", ""line"": 283, ""size"": null, ""version_id"": ""6d35786de281""}",CORRECT,independent precision review of extracted fact source context; rank/score/ranker blinded,CORRECT,independent precision review of extracted fact source context; rank/score/ranker blinded,CORRECT,adjudicated precision sample from extractor output; separate from recall gold labels,
c-struct-field-0074,c_struct_fields,c_structs,6d35786de281,vendor/linux/include/acpi/acpi_bus.h,283,acpi_device_power_state.power,"{""align"": null, ""c_type"": ""acpi_device_power_state"", ""field_name"": ""power"", ""field_type"": ""int"", ""fields"": ""[{\""name\"": \""resources\"", \""type\"": \""struct list_head\""}, {\""name\"": \""power\"", \""type\"": \""int\""}, {\""name\"": \""latency\"", \""type\"": \""int\""}]"", ""header_file"": ""vendor/linux/include/acpi/acpi_bus.h"", ""line"": 283, ""size"": null, ""version_id"": ""6d35786de281""}",CORRECT,independent precision review of extracted fact source context; rank/score/ranker blinded,CORRECT,independent precision review of extracted fact source context; rank/score/ranker blinded,CORRECT,adjudicated precision sample from extractor output; separate from recall gold labels,
c-struct-field-0075,c_struct_fields,c_structs,6d35786de281,vendor/linux/include/acpi/acpi_bus.h,283,acpi_device_power_state.latency,"{""align"": null, ""c_type"": ""acpi_device_power_state"", ""field_name"": ""latency"", ""field_type"": ""int"", ""fields"": ""[{\""name\"": \""resources\"", \""type\"": \""struct list_head\""}, {\""name\"": \""power\"", \""type\"": \""int\""}, {\""name\"": \""latency\"", \""type\"": \""int\""}]"", ""header_file"": ""vendor/linux/include/acpi/acpi_bus.h"", ""line"": 283, ""size"": null, ""version_id"": ""6d35786de281""}",CORRECT,independent precision review of extracted fact source context; rank/score/ranker blinded,CORRECT,independent precision review of extracted fact source context; rank/score/ranker blinded,CORRECT,adjudicated precision sample from extractor output; separate from recall gold labels,
c-struct-field-0076,c_struct_fields,c_structs,6d35786de281,vendor/linux/include/acpi/acpi_bus.h,294,acpi_device_power.state,"{""align"": null, ""c_type"": ""acpi_device_power"", ""field_name"": ""state"", ""field_type"": ""int"", ""fields"": ""[{\""name\"": \""state\"", \""type\"": \""int\""}, {\""name\"": \""flags\"", \""type\"": \""struct acpi_device_power_flags\""}, {\""name\"": \""states\"", \""type\"": \""struct acpi_device_power_state\""}, {\""name\"": \""state_for_enumeration\"", \""type\"": \""u8\""}]"", ""header_file"": ""vendor/linux/include/acpi/acpi_bus.h"", ""line"": 294, ""size"": null, ""version_id"": ""6d35786de281""}",CORRECT,independent precision review of extracted fact source context; rank/score/ranker blinded,CORRECT,independent precision review of extracted fact source context; rank/score/ranker blinded,CORRECT,adjudicated precision sample from extractor output; separate from recall gold labels,
c-struct-field-0077,c_struct_fields,c_structs,6d35786de281,vendor/linux/include/acpi/acpi_bus.h,294,acpi_device_power.flags,"{""align"": null, ""c_type"": ""acpi_device_power"", ""field_name"": ""flags"", ""field_type"": ""struct acpi_device_power_flags"", ""fields"": ""[{\""name\"": \""state\"", \""type\"": \""int\""}, {\""name\"": \""flags\"", \""type\"": \""struct acpi_device_power_flags\""}, {\""name\"": \""states\"", \""type\"": \""struct acpi_device_power_state\""}, {\""name\"": \""state_for_enumeration\"", \""type\"": \""u8\""}]"", ""header_file"": ""vendor/linux/include/acpi/acpi_bus.h"", ""line"": 294, ""size"": null, ""version_id"": ""6d35786de281""}",CORRECT,independent precision review of extracted fact source context; rank/score/ranker blinded,CORRECT,independent precision review of extracted fact source context; rank/score/ranker blinded,CORRECT,adjudicated precision sample from extractor output; separate from recall gold labels,
c-struct-field-0078,c_struct_fields,c_structs,6d35786de281,vendor/linux/include/acpi/acpi_bus.h,294,acpi_device_power.states,"{""align"": null, ""c_type"": ""acpi_device_power"", ""field_name"": ""states"", ""field_type"": ""struct acpi_device_power_state"", ""fields"": ""[{\""name\"": \""state\"", \""type\"": \""int\""}, {\""name\"": \""flags\"", \""type\"": \""struct acpi_device_power_flags\""}, {\""name\"": \""states\"", \""type\"": \""struct acpi_device_power_state\""}, {\""name\"": \""state_for_enumeration\"", \""type\"": \""u8\""}]"", ""header_file"": ""vendor/linux/include/acpi/acpi_bus.h"", ""line"": 294, ""size"": null, ""version_id"": ""6d35786de281""}",CORRECT,independent precision review of extracted fact source context; rank/score/ranker blinded,CORRECT,independent precision review of extracted fact source context; rank/score/ranker blinded,CORRECT,adjudicated precision sample from extractor output; separate from recall gold labels,
c-struct-field-0079,c_struct_fields,c_structs,6d35786de281,vendor/linux/include/acpi/acpi_bus.h,294,acpi_device_power.state_for_enumeration,"{""align"": null, ""c_type"": ""acpi_device_power"", ""field_name"": ""state_for_enumeration"", ""field_type"": ""u8"", ""fields"": ""[{\""name\"": \""state\"", \""type\"": \""int\""}, {\""name\"": \""flags\"", \""type\"": \""struct acpi_device_power_flags\""}, {\""name\"": \""states\"", \""type\"": \""struct acpi_device_power_state\""}, {\""name\"": \""state_for_enumeration\"", \""type\"": \""u8\""}]"", ""header_file"": ""vendor/linux/include/acpi/acpi_bus.h"", ""line"": 294, ""size"": null, ""version_id"": ""6d35786de281""}",CORRECT,independent precision review of extracted fact source context; rank/score/ranker blinded,CORRECT,independent precision review of extracted fact source context; rank/score/ranker blinded,CORRECT,adjudicated precision sample from extractor output; separate from recall gold labels,
c-struct-field-0080,c_struct_fields,c_structs,6d35786de281,vendor/linux/include/acpi/acpi_bus.h,301,acpi_dep_data.node,"{""align"": null, ""c_type"": ""acpi_dep_data"", ""field_name"": ""node"", ""field_type"": ""struct list_head"", ""fields"": ""[{\""name\"": \""node\"", \""type\"": \""struct list_head\""}, {\""name\"": \""supplier\"", \""type\"": \""acpi_handle\""}, {\""name\"": \""consumer\"", \""type\"": \""acpi_handle\""}, {\""name\"": \""honor_dep\"", \""type\"": \""bool\""}, {\""name\"": \""met\"", \""type\"": \""bool\""}, {\""name\"": \""free_when_met\"", \""type\"": \""bool\""}]"", ""header_file"": ""vendor/linux/include/acpi/acpi_bus.h"", ""line"": 301, ""size"": null, ""version_id"": ""6d35786de281""}",CORRECT,independent precision review of extracted fact source context; rank/score/ranker blinded,CORRECT,independent precision review of extracted fact source context; rank/score/ranker blinded,CORRECT,adjudicated precision sample from extractor output; separate from recall gold labels,
c-struct-field-0081,c_struct_fields,c_structs,6d35786de281,vendor/linux/include/acpi/acpi_bus.h,301,acpi_dep_data.supplier,"{""align"": null, ""c_type"": ""acpi_dep_data"", ""field_name"": ""supplier"", ""field_type"": ""acpi_handle"", ""fields"": ""[{\""name\"": \""node\"", \""type\"": \""struct list_head\""}, {\""name\"": \""supplier\"", \""type\"": \""acpi_handle\""}, {\""name\"": \""consumer\"", \""type\"": \""acpi_handle\""}, {\""name\"": \""honor_dep\"", \""type\"": \""bool\""}, {\""name\"": \""met\"", \""type\"": \""bool\""}, {\""name\"": \""free_when_met\"", \""type\"": \""bool\""}]"", ""header_file"": ""vendor/linux/include/acpi/acpi_bus.h"", ""line"": 301, ""size"": null, ""version_id"": ""6d35786de281""}",CORRECT,independent precision review of extracted fact source context; rank/score/ranker blinded,CORRECT,independent precision review of extracted fact source context; rank/score/ranker blinded,CORRECT,adjudicated precision sample from extractor output; separate from recall gold labels,
c-struct-field-0082,c_struct_fields,c_structs,6d35786de281,vendor/linux/include/acpi/acpi_bus.h,301,acpi_dep_data.consumer,"{""align"": null, ""c_type"": ""acpi_dep_data"", ""field_name"": ""consumer"", ""field_type"": ""acpi_handle"", ""fields"": ""[{\""name\"": \""node\"", \""type\"": \""struct list_head\""}, {\""name\"": \""supplier\"", \""type\"": \""acpi_handle\""}, {\""name\"": \""consumer\"", \""type\"": \""acpi_handle\""}, {\""name\"": \""honor_dep\"", \""type\"": \""bool\""}, {\""name\"": \""met\"", \""type\"": \""bool\""}, {\""name\"": \""free_when_met\"", \""type\"": \""bool\""}]"", ""header_file"": ""vendor/linux/include/acpi/acpi_bus.h"", ""line"": 301, ""size"": null, ""version_id"": ""6d35786de281""}",CORRECT,independent precision review of extracted fact source context; rank/score/ranker blinded,CORRECT,independent precision review of extracted fact source context; rank/score/ranker blinded,CORRECT,adjudicated precision sample from extractor output; separate from recall gold labels,
c-struct-field-0083,c_struct_fields,c_structs,6d35786de281,vendor/linux/include/acpi/acpi_bus.h,301,acpi_dep_data.honor_dep,"{""align"": null, ""c_type"": ""acpi_dep_data"", ""field_name"": ""honor_dep"", ""field_type"": ""bool"", ""fields"": ""[{\""name\"": \""node\"", \""type\"": \""struct list_head\""}, {\""name\"": \""supplier\"", \""type\"": \""acpi_handle\""}, {\""name\"": \""consumer\"", \""type\"": \""acpi_handle\""}, {\""name\"": \""honor_dep\"", \""type\"": \""bool\""}, {\""name\"": \""met\"", \""type\"": \""bool\""}, {\""name\"": \""free_when_met\"", \""type\"": \""bool\""}]"", ""header_file"": ""vendor/linux/include/acpi/acpi_bus.h"", ""line"": 301, ""size"": null, ""version_id"": ""6d35786de281""}",CORRECT,independent precision review of extracted fact source context; rank/score/ranker blinded,CORRECT,independent precision review of extracted fact source context; rank/score/ranker blinded,CORRECT,adjudicated precision sample from extractor output; separate from recall gold labels,
c-struct-field-0084,c_struct_fields,c_structs,6d35786de281,vendor/linux/include/acpi/acpi_bus.h,301,acpi_dep_data.met,"{""align"": null, ""c_type"": ""acpi_dep_data"", ""field_name"": ""met"", ""field_type"": ""bool"", ""fields"": ""[{\""name\"": \""node\"", \""type\"": \""struct list_head\""}, {\""name\"": \""supplier\"", \""type\"": \""acpi_handle\""}, {\""name\"": \""consumer\"", \""type\"": \""acpi_handle\""}, {\""name\"": \""honor_dep\"", \""type\"": \""bool\""}, {\""name\"": \""met\"", \""type\"": \""bool\""}, {\""name\"": \""free_when_met\"", \""type\"": \""bool\""}]"", ""header_file"": ""vendor/linux/include/acpi/acpi_bus.h"", ""line"": 301, ""size"": null, ""version_id"": ""6d35786de281""}",CORRECT,independent precision review of extracted fact source context; rank/score/ranker blinded,CORRECT,independent precision review of extracted fact source context; rank/score/ranker blinded,CORRECT,adjudicated precision sample from extractor output; separate from recall gold labels,
c-struct-field-0085,c_struct_fields,c_structs,6d35786de281,vendor/linux/include/acpi/acpi_bus.h,301,acpi_dep_data.free_when_met,"{""align"": null, ""c_type"": ""acpi_dep_data"", ""field_name"": ""free_when_met"", ""field_type"": ""bool"", ""fields"": ""[{\""name\"": \""node\"", \""type\"": \""struct list_head\""}, {\""name\"": \""supplier\"", \""type\"": \""acpi_handle\""}, {\""name\"": \""consumer\"", \""type\"": \""acpi_handle\""}, {\""name\"": \""honor_dep\"", \""type\"": \""bool\""}, {\""name\"": \""met\"", \""type\"": \""bool\""}, {\""name\"": \""free_when_met\"", \""type\"": \""bool\""}]"", ""header_file"": ""vendor/linux/include/acpi/acpi_bus.h"", ""line"": 301, ""size"": null, ""version_id"": ""6d35786de281""}",CORRECT,independent precision review of extracted fact source context; rank/score/ranker blinded,CORRECT,independent precision review of extracted fact source context; rank/score/ranker blinded,CORRECT,adjudicated precision sample from extractor output; separate from recall gold labels,
c-struct-field-0086,c_struct_fields,c_structs,6d35786de281,vendor/linux/include/acpi/acpi_bus.h,316,acpi_device_perf_state.power,"{""align"": null, ""c_type"": ""acpi_device_perf_state"", ""field_name"": ""power"", ""field_type"": ""u8"", ""fields"": ""[{\""name\"": \""power\"", \""type\"": \""u8\""}, {\""name\"": \""performance\"", \""type\"": \""u8\""}, {\""name\"": \""latency\"", \""type\"": \""int\""}]"", ""header_file"": ""vendor/linux/include/acpi/acpi_bus.h"", ""line"": 316, ""size"": null, ""version_id"": ""6d35786de281""}",CORRECT,independent precision review of extracted fact source context; rank/score/ranker blinded,CORRECT,independent precision review of extracted fact source context; rank/score/ranker blinded,CORRECT,adjudicated precision sample from extractor output; separate from recall gold labels,
c-struct-field-0087,c_struct_fields,c_structs,6d35786de281,vendor/linux/include/acpi/acpi_bus.h,316,acpi_device_perf_state.performance,"{""align"": null, ""c_type"": ""acpi_device_perf_state"", ""field_name"": ""performance"", ""field_type"": ""u8"", ""fields"": ""[{\""name\"": \""power\"", \""type\"": \""u8\""}, {\""name\"": \""performance\"", \""type\"": \""u8\""}, {\""name\"": \""latency\"", \""type\"": \""int\""}]"", ""header_file"": ""vendor/linux/include/acpi/acpi_bus.h"", ""line"": 316, ""size"": null, ""version_id"": ""6d35786de281""}",CORRECT,independent precision review of extracted fact source context; rank/score/ranker blinded,CORRECT,independent precision review of extracted fact source context; rank/score/ranker blinded,CORRECT,adjudicated precision sample from extractor output; separate from recall gold labels,
c-struct-field-0088,c_struct_fields,c_structs,6d35786de281,vendor/linux/include/acpi/acpi_bus.h,316,acpi_device_perf_state.latency,"{""align"": null, ""c_type"": ""acpi_device_perf_state"", ""field_name"": ""latency"", ""field_type"": ""int"", ""fields"": ""[{\""name\"": \""power\"", \""type\"": \""u8\""}, {\""name\"": \""performance\"", \""type\"": \""u8\""}, {\""name\"": \""latency\"", \""type\"": \""int\""}]"", ""header_file"": ""vendor/linux/include/acpi/acpi_bus.h"", ""line"": 316, ""size"": null, ""version_id"": ""6d35786de281""}",CORRECT,independent precision review of extracted fact source context; rank/score/ranker blinded,CORRECT,independent precision review of extracted fact source context; rank/score/ranker blinded,CORRECT,adjudicated precision sample from extractor output; separate from recall gold labels,
c-struct-field-0089,c_struct_fields,c_structs,6d35786de281,vendor/linux/include/acpi/acpi_bus.h,326,acpi_device_perf.state,"{""align"": null, ""c_type"": ""acpi_device_perf"", ""field_name"": ""state"", ""field_type"": ""int"", ""fields"": ""[{\""name\"": \""state\"", \""type\"": \""int\""}, {\""name\"": \""flags\"", \""type\"": \""struct acpi_device_perf_flags\""}, {\""name\"": \""state_count\"", \""type\"": \""int\""}]"", ""header_file"": ""vendor/linux/include/acpi/acpi_bus.h"", ""line"": 326, ""size"": null, ""version_id"": ""6d35786de281""}",CORRECT,independent precision review of extracted fact source context; rank/score/ranker blinded,CORRECT,independent precision review of extracted fact source context; rank/score/ranker blinded,CORRECT,adjudicated precision sample from extractor output; separate from recall gold labels,
c-struct-field-0090,c_struct_fields,c_structs,6d35786de281,vendor/linux/include/acpi/acpi_bus.h,326,acpi_device_perf.flags,"{""align"": null, ""c_type"": ""acpi_device_perf"", ""field_name"": ""flags"", ""field_type"": ""struct acpi_device_perf_flags"", ""fields"": ""[{\""name\"": \""state\"", \""type\"": \""int\""}, {\""name\"": \""flags\"", \""type\"": \""struct acpi_device_perf_flags\""}, {\""name\"": \""state_count\"", \""type\"": \""int\""}]"", ""header_file"": ""vendor/linux/include/acpi/acpi_bus.h"", ""line"": 326, ""size"": null, ""version_id"": ""6d35786de281""}",CORRECT,independent precision review of extracted fact source context; rank/score/ranker blinded,CORRECT,independent precision review of extracted fact source context; rank/score/ranker blinded,CORRECT,adjudicated precision sample from extractor output; separate from recall gold labels,
c-struct-field-0091,c_struct_fields,c_structs,6d35786de281,vendor/linux/include/acpi/acpi_bus.h,326,acpi_device_perf.state_count,"{""align"": null, ""c_type"": ""acpi_device_perf"", ""field_name"": ""state_count"", ""field_type"": ""int"", ""fields"": ""[{\""name\"": \""state\"", \""type\"": \""int\""}, {\""name\"": \""flags\"", \""type\"": \""struct acpi_device_perf_flags\""}, {\""name\"": \""state_count\"", \""type\"": \""int\""}]"", ""header_file"": ""vendor/linux/include/acpi/acpi_bus.h"", ""line"": 326, ""size"": null, ""version_id"": ""6d35786de281""}",CORRECT,independent precision review of extracted fact source context; rank/score/ranker blinded,CORRECT,independent precision review of extracted fact source context; rank/score/ranker blinded,CORRECT,adjudicated precision sample from extractor output; separate from recall gold labels,
c-struct-field-0092,c_struct_fields,c_structs,6d35786de281,vendor/linux/include/acpi/acpi_bus.h,344,acpi_device_wakeup.gpe_device,"{""align"": null, ""c_type"": ""acpi_device_wakeup"", ""field_name"": ""gpe_device"", ""field_type"": ""acpi_handle"", ""fields"": ""[{\""name\"": \""gpe_device\"", \""type\"": \""acpi_handle\""}, {\""name\"": \""gpe_number\"", \""type\"": \""u64\""}, {\""name\"": \""sleep_state\"", \""type\"": \""u64\""}, {\""name\"": \""resources\"", \""type\"": \""struct list_head\""}, {\""name\"": \""flags\"", \""type\"": \""struct acpi_device_wakeup_flags\""}, {\""name\"": \""context\"", \""type\"": \""struct acpi_device_wakeup_context\""}, {\""name\"": \""prepare_count\"", \""type\"": \""int\""}, {\""name\"": \""enable_count\"", \""type\"": \""int\""}]"", ""header_file"": ""vendor/linux/include/acpi/acpi_bus.h"", ""line"": 344, ""size"": null, ""version_id"": ""6d35786de281""}",CORRECT,independent precision review of extracted fact source context; rank/score/ranker blinded,CORRECT,independent precision review of extracted fact source context; rank/score/ranker blinded,CORRECT,adjudicated precision sample from extractor output; separate from recall gold labels,
c-struct-field-0093,c_struct_fields,c_structs,6d35786de281,vendor/linux/include/acpi/acpi_bus.h,344,acpi_device_wakeup.gpe_number,"{""align"": null, ""c_type"": ""acpi_device_wakeup"", ""field_name"": ""gpe_number"", ""field_type"": ""u64"", ""fields"": ""[{\""name\"": \""gpe_device\"", \""type\"": \""acpi_handle\""}, {\""name\"": \""gpe_number\"", \""type\"": \""u64\""}, {\""name\"": \""sleep_state\"", \""type\"": \""u64\""}, {\""name\"": \""resources\"", \""type\"": \""struct list_head\""}, {\""name\"": \""flags\"", \""type\"": \""struct acpi_device_wakeup_flags\""}, {\""name\"": \""context\"", \""type\"": \""struct acpi_device_wakeup_context\""}, {\""name\"": \""prepare_count\"", \""type\"": \""int\""}, {\""name\"": \""enable_count\"", \""type\"": \""int\""}]"", ""header_file"": ""vendor/linux/include/acpi/acpi_bus.h"", ""line"": 344, ""size"": null, ""version_id"": ""6d35786de281""}",CORRECT,independent precision review of extracted fact source context; rank/score/ranker blinded,CORRECT,independent precision review of extracted fact source context; rank/score/ranker blinded,CORRECT,adjudicated precision sample from extractor output; separate from recall gold labels,
c-struct-field-0094,c_struct_fields,c_structs,6d35786de281,vendor/linux/include/acpi/acpi_bus.h,344,acpi_device_wakeup.sleep_state,"{""align"": null, ""c_type"": ""acpi_device_wakeup"", ""field_name"": ""sleep_state"", ""field_type"": ""u64"", ""fields"": ""[{\""name\"": \""gpe_device\"", \""type\"": \""acpi_handle\""}, {\""name\"": \""gpe_number\"", \""type\"": \""u64\""}, {\""name\"": \""sleep_state\"", \""type\"": \""u64\""}, {\""name\"": \""resources\"", \""type\"": \""struct list_head\""}, {\""name\"": \""flags\"", \""type\"": \""struct acpi_device_wakeup_flags\""}, {\""name\"": \""context\"", \""type\"": \""struct acpi_device_wakeup_context\""}, {\""name\"": \""prepare_count\"", \""type\"": \""int\""}, {\""name\"": \""enable_count\"", \""type\"": \""int\""}]"", ""header_file"": ""vendor/linux/include/acpi/acpi_bus.h"", ""line"": 344, ""size"": null, ""version_id"": ""6d35786de281""}",CORRECT,independent precision review of extracted fact source context; rank/score/ranker blinded,CORRECT,independent precision review of extracted fact source context; rank/score/ranker blinded,CORRECT,adjudicated precision sample from extractor output; separate from recall gold labels,
c-struct-field-0095,c_struct_fields,c_structs,6d35786de281,vendor/linux/include/acpi/acpi_bus.h,344,acpi_device_wakeup.resources,"{""align"": null, ""c_type"": ""acpi_device_wakeup"", ""field_name"": ""resources"", ""field_type"": ""struct list_head"", ""fields"": ""[{\""name\"": \""gpe_device\"", \""type\"": \""acpi_handle\""}, {\""name\"": \""gpe_number\"", \""type\"": \""u64\""}, {\""name\"": \""sleep_state\"", \""type\"": \""u64\""}, {\""name\"": \""resources\"", \""type\"": \""struct list_head\""}, {\""name\"": \""flags\"", \""type\"": \""struct acpi_device_wakeup_flags\""}, {\""name\"": \""context\"", \""type\"": \""struct acpi_device_wakeup_context\""}, {\""name\"": \""prepare_count\"", \""type\"": \""int\""}, {\""name\"": \""enable_count\"", \""type\"": \""int\""}]"", ""header_file"": ""vendor/linux/include/acpi/acpi_bus.h"", ""line"": 344, ""size"": null, ""version_id"": ""6d35786de281""}",CORRECT,independent precision review of extracted fact source context; rank/score/ranker blinded,CORRECT,independent precision review of extracted fact source context; rank/score/ranker blinded,CORRECT,adjudicated precision sample from extractor output; separate from recall gold labels,
c-struct-field-0096,c_struct_fields,c_structs,6d35786de281,vendor/linux/include/acpi/acpi_bus.h,344,acpi_device_wakeup.flags,"{""align"": null, ""c_type"": ""acpi_device_wakeup"", ""field_name"": ""flags"", ""field_type"": ""struct acpi_device_wakeup_flags"", ""fields"": ""[{\""name\"": \""gpe_device\"", \""type\"": \""acpi_handle\""}, {\""name\"": \""gpe_number\"", \""type\"": \""u64\""}, {\""name\"": \""sleep_state\"", \""type\"": \""u64\""}, {\""name\"": \""resources\"", \""type\"": \""struct list_head\""}, {\""name\"": \""flags\"", \""type\"": \""struct acpi_device_wakeup_flags\""}, {\""name\"": \""context\"", \""type\"": \""struct acpi_device_wakeup_context\""}, {\""name\"": \""prepare_count\"", \""type\"": \""int\""}, {\""name\"": \""enable_count\"", \""type\"": \""int\""}]"", ""header_file"": ""vendor/linux/include/acpi/acpi_bus.h"", ""line"": 344, ""size"": null, ""version_id"": ""6d35786de281""}",CORRECT,independent precision review of extracted fact source context; rank/score/ranker blinded,CORRECT,independent precision review of extracted fact source context; rank/score/ranker blinded,CORRECT,adjudicated precision sample from extractor output; separate from recall gold labels,
c-struct-field-0097,c_struct_fields,c_structs,6d35786de281,vendor/linux/include/acpi/acpi_bus.h,344,acpi_device_wakeup.context,"{""align"": null, ""c_type"": ""acpi_device_wakeup"", ""field_name"": ""context"", ""field_type"": ""struct acpi_device_wakeup_context"", ""fields"": ""[{\""name\"": \""gpe_device\"", \""type\"": \""acpi_handle\""}, {\""name\"": \""gpe_number\"", \""type\"": \""u64\""}, {\""name\"": \""sleep_state\"", \""type\"": \""u64\""}, {\""name\"": \""resources\"", \""type\"": \""struct list_head\""}, {\""name\"": \""flags\"", \""type\"": \""struct acpi_device_wakeup_flags\""}, {\""name\"": \""context\"", \""type\"": \""struct acpi_device_wakeup_context\""}, {\""name\"": \""prepare_count\"", \""type\"": \""int\""}, {\""name\"": \""enable_count\"", \""type\"": \""int\""}]"", ""header_file"": ""vendor/linux/include/acpi/acpi_bus.h"", ""line"": 344, ""size"": null, ""version_id"": ""6d35786de281""}",CORRECT,independent precision review of extracted fact source context; rank/score/ranker blinded,CORRECT,independent precision review of extracted fact source context; rank/score/ranker blinded,CORRECT,adjudicated precision sample from extractor output; separate from recall gold labels,
c-struct-field-0098,c_struct_fields,c_structs,6d35786de281,vendor/linux/include/acpi/acpi_bus.h,344,acpi_device_wakeup.prepare_count,"{""align"": null, ""c_type"": ""acpi_device_wakeup"", ""field_name"": ""prepare_count"", ""field_type"": ""int"", ""fields"": ""[{\""name\"": \""gpe_device\"", \""type\"": \""acpi_handle\""}, {\""name\"": \""gpe_number\"", \""type\"": \""u64\""}, {\""name\"": \""sleep_state\"", \""type\"": \""u64\""}, {\""name\"": \""resources\"", \""type\"": \""struct list_head\""}, {\""name\"": \""flags\"", \""type\"": \""struct acpi_device_wakeup_flags\""}, {\""name\"": \""context\"", \""type\"": \""struct acpi_device_wakeup_context\""}, {\""name\"": \""prepare_count\"", \""type\"": \""int\""}, {\""name\"": \""enable_count\"", \""type\"": \""int\""}]"", ""header_file"": ""vendor/linux/include/acpi/acpi_bus.h"", ""line"": 344, ""size"": null, ""version_id"": ""6d35786de281""}",CORRECT,independent precision review of extracted fact source context; rank/score/ranker blinded,CORRECT,independent precision review of extracted fact source context; rank/score/ranker blinded,CORRECT,adjudicated precision sample from extractor output; separate from recall gold labels,
c-struct-field-0099,c_struct_fields,c_structs,6d35786de281,vendor/linux/include/acpi/acpi_bus.h,344,acpi_device_wakeup.enable_count,"{""align"": null, ""c_type"": ""acpi_device_wakeup"", ""field_name"": ""enable_count"", ""field_type"": ""int"", ""fields"": ""[{\""name\"": \""gpe_device\"", \""type\"": \""acpi_handle\""}, {\""name\"": \""gpe_number\"", \""type\"": \""u64\""}, {\""name\"": \""sleep_state\"", \""type\"": \""u64\""}, {\""name\"": \""resources\"", \""type\"": \""struct list_head\""}, {\""name\"": \""flags\"", \""type\"": \""struct acpi_device_wakeup_flags\""}, {\""name\"": \""context\"", \""type\"": \""struct acpi_device_wakeup_context\""}, {\""name\"": \""prepare_count\"", \""type\"": \""int\""}, {\""name\"": \""enable_count\"", \""type\"": \""int\""}]"", ""header_file"": ""vendor/linux/include/acpi/acpi_bus.h"", ""line"": 344, ""size"": null, ""version_id"": ""6d35786de281""}",CORRECT,independent precision review of extracted fact source context; rank/score/ranker blinded,CORRECT,independent precision review of extracted fact source context; rank/score/ranker blinded,CORRECT,adjudicated precision sample from extractor output; separate from recall gold labels,
c-struct-field-0100,c_struct_fields,c_structs,6d35786de281,vendor/linux/include/acpi/acpi_bus.h,356,acpi_device_physical_node.node,"{""align"": null, ""c_type"": ""acpi_device_physical_node"", ""field_name"": ""node"", ""field_type"": ""struct list_head"", ""fields"": ""[{\""name\"": \""node\"", \""type\"": \""struct list_head\""}, {\""name\"": \""node_id\"", \""type\"": \""unsigned int\""}]"", ""header_file"": ""vendor/linux/include/acpi/acpi_bus.h"", ""line"": 356, ""size"": null, ""version_id"": ""6d35786de281""}",CORRECT,independent precision review of extracted fact source context; rank/score/ranker blinded,CORRECT,independent precision review of extracted fact source context; rank/score/ranker blinded,CORRECT,adjudicated precision sample from extractor output; separate from recall gold labels,
c-struct-field-0101,c_struct_fields,c_structs,6d35786de281,vendor/linux/include/acpi/acpi_bus.h,356,acpi_device_physical_node.node_id,"{""align"": null, ""c_type"": ""acpi_device_physical_node"", ""field_name"": ""node_id"", ""field_type"": ""unsigned int"", ""fields"": ""[{\""name\"": \""node\"", \""type\"": \""struct list_head\""}, {\""name\"": \""node_id\"", \""type\"": \""unsigned int\""}]"", ""header_file"": ""vendor/linux/include/acpi/acpi_bus.h"", ""line"": 356, ""size"": null, ""version_id"": ""6d35786de281""}",CORRECT,independent precision review of extracted fact source context; rank/score/ranker blinded,CORRECT,independent precision review of extracted fact source context; rank/score/ranker blinded,CORRECT,adjudicated precision sample from extractor output; separate from recall gold labels,
c-struct-field-0102,c_struct_fields,c_structs,6d35786de281,vendor/linux/include/acpi/acpi_bus.h,363,acpi_device_properties.list,"{""align"": null, ""c_type"": ""acpi_device_properties"", ""field_name"": ""list"", ""field_type"": ""struct list_head"", ""fields"": ""[{\""name\"": \""list\"", \""type\"": \""struct list_head\""}]"", ""header_file"": ""vendor/linux/include/acpi/acpi_bus.h"", ""line"": 363, ""size"": null, ""version_id"": ""6d35786de281""}",CORRECT,independent precision review of extracted fact source context; rank/score/ranker blinded,CORRECT,independent precision review of extracted fact source context; rank/score/ranker blinded,CORRECT,adjudicated precision sample from extractor output; separate from recall gold labels,
c-struct-field-0103,c_struct_fields,c_structs,6d35786de281,vendor/linux/include/acpi/acpi_bus.h,371,acpi_device_data.properties,"{""align"": null, ""c_type"": ""acpi_device_data"", ""field_name"": ""properties"", ""field_type"": ""struct list_head"", ""fields"": ""[{\""name\"": \""properties\"", \""type\"": \""struct list_head\""}, {\""name\"": \""subnodes\"", \""type\"": \""struct list_head\""}]"", ""header_file"": ""vendor/linux/include/acpi/acpi_bus.h"", ""line"": 371, ""size"": null, ""version_id"": ""6d35786de281""}",CORRECT,independent precision review of extracted fact source context; rank/score/ranker blinded,CORRECT,independent precision review of extracted fact source context; rank/score/ranker blinded,CORRECT,adjudicated precision sample from extractor output; separate from recall gold labels,
c-struct-field-0104,c_struct_fields,c_structs,6d35786de281,vendor/linux/include/acpi/acpi_bus.h,371,acpi_device_data.subnodes,"{""align"": null, ""c_type"": ""acpi_device_data"", ""field_name"": ""subnodes"", ""field_type"": ""struct list_head"", ""fields"": ""[{\""name\"": \""properties\"", \""type\"": \""struct list_head\""}, {\""name\"": \""subnodes\"", \""type\"": \""struct list_head\""}]"", ""header_file"": ""vendor/linux/include/acpi/acpi_bus.h"", ""line"": 371, ""size"": null, ""version_id"": ""6d35786de281""}",CORRECT,independent precision review of extracted fact source context; rank/score/ranker blinded,CORRECT,independent precision review of extracted fact source context; rank/score/ranker blinded,CORRECT,adjudicated precision sample from extractor output; separate from recall gold labels,
c-struct-field-0105,c_struct_fields,c_structs,6d35786de281,vendor/linux/include/acpi/acpi_bus.h,442,acpi_device_software_node_port.port_name,"{""align"": null, ""c_type"": ""acpi_device_software_node_port"", ""field_name"": ""port_name"", ""field_type"": ""char"", ""fields"": ""[{\""name\"": \""port_name\"", \""type\"": \""char\""}, {\""name\"": \""data_lanes\"", \""type\"": \""u32\""}, {\""name\"": \""lane_polarities\"", \""type\"": \""u32\""}, {\""name\"": \""link_frequencies\"", \""type\"": \""u64\""}, {\""name\"": \""port_nr\"", \""type\"": \""unsigned int\""}, {\""name\"": \""crs_csi2_local\"", \""type\"": \""bool\""}, {\""name\"": \""port_props\"", \""type\"": \""struct property_entry\""}, {\""name\"": \""ep_props\"", \""type\"": \""struct property_entry\""}, {\""name\"": \""remote_ep\"", \""type\"": \""struct software_node_ref_args\""}]"", ""header_file"": ""vendor/linux/include/acpi/acpi_bus.h"", ""line"": 442, ""size"": null, ""version_id"": ""6d35786de281""}",CORRECT,independent precision review of extracted fact source context; rank/score/ranker blinded,CORRECT,independent precision review of extracted fact source context; rank/score/ranker blinded,CORRECT,adjudicated precision sample from extractor output; separate from recall gold labels,
c-struct-field-0106,c_struct_fields,c_structs,6d35786de281,vendor/linux/include/acpi/acpi_bus.h,442,acpi_device_software_node_port.data_lanes,"{""align"": null, ""c_type"": ""acpi_device_software_node_port"", ""field_name"": ""data_lanes"", ""field_type"": ""u32"", ""fields"": ""[{\""name\"": \""port_name\"", \""type\"": \""char\""}, {\""name\"": \""data_lanes\"", \""type\"": \""u32\""}, {\""name\"": \""lane_polarities\"", \""type\"": \""u32\""}, {\""name\"": \""link_frequencies\"", \""type\"": \""u64\""}, {\""name\"": \""port_nr\"", \""type\"": \""unsigned int\""}, {\""name\"": \""crs_csi2_local\"", \""type\"": \""bool\""}, {\""name\"": \""port_props\"", \""type\"": \""struct property_entry\""}, {\""name\"": \""ep_props\"", \""type\"": \""struct property_entry\""}, {\""name\"": \""remote_ep\"", \""type\"": \""struct software_node_ref_args\""}]"", ""header_file"": ""vendor/linux/include/acpi/acpi_bus.h"", ""line"": 442, ""size"": null, ""version_id"": ""6d35786de281""}",CORRECT,independent precision review of extracted fact source context; rank/score/ranker blinded,CORRECT,independent precision review of extracted fact source context; rank/score/ranker blinded,CORRECT,adjudicated precision sample from extractor output; separate from recall gold labels,
c-struct-field-0107,c_struct_fields,c_structs,6d35786de281,vendor/linux/include/acpi/acpi_bus.h,442,acpi_device_software_node_port.lane_polarities,"{""align"": null, ""c_type"": ""acpi_device_software_node_port"", ""field_name"": ""lane_polarities"", ""field_type"": ""u32"", ""fields"": ""[{\""name\"": \""port_name\"", \""type\"": \""char\""}, {\""name\"": \""data_lanes\"", \""type\"": \""u32\""}, {\""name\"": \""lane_polarities\"", \""type\"": \""u32\""}, {\""name\"": \""link_frequencies\"", \""type\"": \""u64\""}, {\""name\"": \""port_nr\"", \""type\"": \""unsigned int\""}, {\""name\"": \""crs_csi2_local\"", \""type\"": \""bool\""}, {\""name\"": \""port_props\"", \""type\"": \""struct property_entry\""}, {\""name\"": \""ep_props\"", \""type\"": \""struct property_entry\""}, {\""name\"": \""remote_ep\"", \""type\"": \""struct software_node_ref_args\""}]"", ""header_file"": ""vendor/linux/include/acpi/acpi_bus.h"", ""line"": 442, ""size"": null, ""version_id"": ""6d35786de281""}",CORRECT,independent precision review of extracted fact source context; rank/score/ranker blinded,CORRECT,independent precision review of extracted fact source context; rank/score/ranker blinded,CORRECT,adjudicated precision sample from extractor output; separate from recall gold labels,
c-struct-field-0108,c_struct_fields,c_structs,6d35786de281,vendor/linux/include/acpi/acpi_bus.h,442,acpi_device_software_node_port.link_frequencies,"{""align"": null, ""c_type"": ""acpi_device_software_node_port"", ""field_name"": ""link_frequencies"", ""field_type"": ""u64"", ""fields"": ""[{\""name\"": \""port_name\"", \""type\"": \""char\""}, {\""name\"": \""data_lanes\"", \""type\"": \""u32\""}, {\""name\"": \""lane_polarities\"", \""type\"": \""u32\""}, {\""name\"": \""link_frequencies\"", \""type\"": \""u64\""}, {\""name\"": \""port_nr\"", \""type\"": \""unsigned int\""}, {\""name\"": \""crs_csi2_local\"", \""type\"": \""bool\""}, {\""name\"": \""port_props\"", \""type\"": \""struct property_entry\""}, {\""name\"": \""ep_props\"", \""type\"": \""struct property_entry\""}, {\""name\"": \""remote_ep\"", \""type\"": \""struct software_node_ref_args\""}]"", ""header_file"": ""vendor/linux/include/acpi/acpi_bus.h"", ""line"": 442, ""size"": null, ""version_id"": ""6d35786de281""}",CORRECT,independent precision review of extracted fact source context; rank/score/ranker blinded,CORRECT,independent precision review of extracted fact source context; rank/score/ranker blinded,CORRECT,adjudicated precision sample from extractor output; separate from recall gold labels,
c-struct-field-0109,c_struct_fields,c_structs,6d35786de281,vendor/linux/include/acpi/acpi_bus.h,442,acpi_device_software_node_port.port_nr,"{""align"": null, ""c_type"": ""acpi_device_software_node_port"", ""field_name"": ""port_nr"", ""field_type"": ""unsigned int"", ""fields"": ""[{\""name\"": \""port_name\"", \""type\"": \""char\""}, {\""name\"": \""data_lanes\"", \""type\"": \""u32\""}, {\""name\"": \""lane_polarities\"", \""type\"": \""u32\""}, {\""name\"": \""link_frequencies\"", \""type\"": \""u64\""}, {\""name\"": \""port_nr\"", \""type\"": \""unsigned int\""}, {\""name\"": \""crs_csi2_local\"", \""type\"": \""bool\""}, {\""name\"": \""port_props\"", \""type\"": \""struct property_entry\""}, {\""name\"": \""ep_props\"", \""type\"": \""struct property_entry\""}, {\""name\"": \""remote_ep\"", \""type\"": \""struct software_node_ref_args\""}]"", ""header_file"": ""vendor/linux/include/acpi/acpi_bus.h"", ""line"": 442, ""size"": null, ""version_id"": ""6d35786de281""}",CORRECT,independent precision review of extracted fact source context; rank/score/ranker blinded,CORRECT,independent precision review of extracted fact source context; rank/score/ranker blinded,CORRECT,adjudicated precision sample from extractor output; separate from recall gold labels,
c-struct-field-0110,c_struct_fields,c_structs,6d35786de281,vendor/linux/include/acpi/acpi_bus.h,442,acpi_device_software_node_port.crs_csi2_local,"{""align"": null, ""c_type"": ""acpi_device_software_node_port"", ""field_name"": ""crs_csi2_local"", ""field_type"": ""bool"", ""fields"": ""[{\""name\"": \""port_name\"", \""type\"": \""char\""}, {\""name\"": \""data_lanes\"", \""type\"": \""u32\""}, {\""name\"": \""lane_polarities\"", \""type\"": \""u32\""}, {\""name\"": \""link_frequencies\"", \""type\"": \""u64\""}, {\""name\"": \""port_nr\"", \""type\"": \""unsigned int\""}, {\""name\"": \""crs_csi2_local\"", \""type\"": \""bool\""}, {\""name\"": \""port_props\"", \""type\"": \""struct property_entry\""}, {\""name\"": \""ep_props\"", \""type\"": \""struct property_entry\""}, {\""name\"": \""remote_ep\"", \""type\"": \""struct software_node_ref_args\""}]"", ""header_file"": ""vendor/linux/include/acpi/acpi_bus.h"", ""line"": 442, ""size"": null, ""version_id"": ""6d35786de281""}",CORRECT,independent precision review of extracted fact source context; rank/score/ranker blinded,CORRECT,independent precision review of extracted fact source context; rank/score/ranker blinded,CORRECT,adjudicated precision sample from extractor output; separate from recall gold labels,
c-struct-field-0111,c_struct_fields,c_structs,6d35786de281,vendor/linux/include/acpi/acpi_bus.h,442,acpi_device_software_node_port.port_props,"{""align"": null, ""c_type"": ""acpi_device_software_node_port"", ""field_name"": ""port_props"", ""field_type"": ""struct property_entry"", ""fields"": ""[{\""name\"": \""port_name\"", \""type\"": \""char\""}, {\""name\"": \""data_lanes\"", \""type\"": \""u32\""}, {\""name\"": \""lane_polarities\"", \""type\"": \""u32\""}, {\""name\"": \""link_frequencies\"", \""type\"": \""u64\""}, {\""name\"": \""port_nr\"", \""type\"": \""unsigned int\""}, {\""name\"": \""crs_csi2_local\"", \""type\"": \""bool\""}, {\""name\"": \""port_props\"", \""type\"": \""struct property_entry\""}, {\""name\"": \""ep_props\"", \""type\"": \""struct property_entry\""}, {\""name\"": \""remote_ep\"", \""type\"": \""struct software_node_ref_args\""}]"", ""header_file"": ""vendor/linux/include/acpi/acpi_bus.h"", ""line"": 442, ""size"": null, ""version_id"": ""6d35786de281""}",CORRECT,independent precision review of extracted fact source context; rank/score/ranker blinded,CORRECT,independent precision review of extracted fact source context; rank/score/ranker blinded,CORRECT,adjudicated precision sample from extractor output; separate from recall gold labels,
c-struct-field-0112,c_struct_fields,c_structs,6d35786de281,vendor/linux/include/acpi/acpi_bus.h,442,acpi_device_software_node_port.ep_props,"{""align"": null, ""c_type"": ""acpi_device_software_node_port"", ""field_name"": ""ep_props"", ""field_type"": ""struct property_entry"", ""fields"": ""[{\""name\"": \""port_name\"", \""type\"": \""char\""}, {\""name\"": \""data_lanes\"", \""type\"": \""u32\""}, {\""name\"": \""lane_polarities\"", \""type\"": \""u32\""}, {\""name\"": \""link_frequencies\"", \""type\"": \""u64\""}, {\""name\"": \""port_nr\"", \""type\"": \""unsigned int\""}, {\""name\"": \""crs_csi2_local\"", \""type\"": \""bool\""}, {\""name\"": \""port_props\"", \""type\"": \""struct property_entry\""}, {\""name\"": \""ep_props\"", \""type\"": \""struct property_entry\""}, {\""name\"": \""remote_ep\"", \""type\"": \""struct software_node_ref_args\""}]"", ""header_file"": ""vendor/linux/include/acpi/acpi_bus.h"", ""line"": 442, ""size"": null, ""version_id"": ""6d35786de281""}",CORRECT,independent precision review of extracted fact source context; rank/score/ranker blinded,CORRECT,independent precision review of extracted fact source context; rank/score/ranker blinded,CORRECT,adjudicated precision sample from extractor output; separate from recall gold labels,
c-struct-field-0113,c_struct_fields,c_structs,6d35786de281,vendor/linux/include/acpi/acpi_bus.h,442,acpi_device_software_node_port.remote_ep,"{""align"": null, ""c_type"": ""acpi_device_software_node_port"", ""field_name"": ""remote_ep"", ""field_type"": ""struct software_node_ref_args"", ""fields"": ""[{\""name\"": \""port_name\"", \""type\"": \""char\""}, {\""name\"": \""data_lanes\"", \""type\"": \""u32\""}, {\""name\"": \""lane_polarities\"", \""type\"": \""u32\""}, {\""name\"": \""link_frequencies\"", \""type\"": \""u64\""}, {\""name\"": \""port_nr\"", \""type\"": \""unsigned int\""}, {\""name\"": \""crs_csi2_local\"", \""type\"": \""bool\""}, {\""name\"": \""port_props\"", \""type\"": \""struct property_entry\""}, {\""name\"": \""ep_props\"", \""type\"": \""struct property_entry\""}, {\""name\"": \""remote_ep\"", \""type\"": \""struct software_node_ref_args\""}]"", ""header_file"": ""vendor/linux/include/acpi/acpi_bus.h"", ""line"": 442, ""size"": null, ""version_id"": ""6d35786de281""}",CORRECT,independent precision review of extracted fact source context; rank/score/ranker blinded,CORRECT,independent precision review of extracted fact source context; rank/score/ranker blinded,CORRECT,adjudicated precision sample from extractor output; separate from recall gold labels,
c-struct-field-0114,c_struct_fields,c_structs,6d35786de281,vendor/linux/include/acpi/acpi_bus.h,464,acpi_device_software_nodes.dev_props,"{""align"": null, ""c_type"": ""acpi_device_software_nodes"", ""field_name"": ""dev_props"", ""field_type"": ""struct property_entry"", ""fields"": ""[{\""name\"": \""dev_props\"", \""type\"": \""struct property_entry\""}, {\""name\"": \""num_ports\"", \""type\"": \""unsigned int\""}]"", ""header_file"": ""vendor/linux/include/acpi/acpi_bus.h"", ""line"": 464, ""size"": null, ""version_id"": ""6d35786de281""}",CORRECT,independent precision review of extracted fact source context; rank/score/ranker blinded,CORRECT,independent precision review of extracted fact source context; rank/score/ranker blinded,CORRECT,adjudicated precision sample from extractor output; separate from recall gold labels,
c-struct-field-0115,c_struct_fields,c_structs,6d35786de281,vendor/linux/include/acpi/acpi_bus.h,464,acpi_device_software_nodes.num_ports,"{""align"": null, ""c_type"": ""acpi_device_software_nodes"", ""field_name"": ""num_ports"", ""field_type"": ""unsigned int"", ""fields"": ""[{\""name\"": \""dev_props\"", \""type\"": \""struct property_entry\""}, {\""name\"": \""num_ports\"", \""type\"": \""unsigned int\""}]"", ""header_file"": ""vendor/linux/include/acpi/acpi_bus.h"", ""line"": 464, ""size"": null, ""version_id"": ""6d35786de281""}",CORRECT,independent precision review of extracted fact source context; rank/score/ranker blinded,CORRECT,independent precision review of extracted fact source context; rank/score/ranker blinded,CORRECT,adjudicated precision sample from extractor output; separate from recall gold labels,
c-struct-field-0116,c_struct_fields,c_structs,6d35786de281,vendor/linux/include/acpi/acpi_bus.h,473,acpi_device.pld_crc,"{""align"": null, ""c_type"": ""acpi_device"", ""field_name"": ""pld_crc"", ""field_type"": ""u32"", ""fields"": ""[{\""name\"": \""pld_crc\"", \""type\"": \""u32\""}, {\""name\"": \""device_type\"", \""type\"": \""int\""}, {\""name\"": \""handle\"", \""type\"": \""acpi_handle\""}, {\""name\"": \""fwnode\"", \""type\"": \""struct fwnode_handle\""}, {\""name\"": \""wakeup_list\"", \""type\"": \""struct list_head\""}, {\""name\"": \""del_list\"", \""type\"": \""struct list_head\""}, {\""name\"": \""status\"", \""type\"": \""struct acpi_device_status\""}, {\""name\"": \""flags\"", \""type\"": \""struct acpi_device_flags\""}, {\""name\"": \""pnp\"", \""type\"": \""struct acpi_device_pnp\""}, {\""name\"": \""power\"", \""type\"": \""struct acpi_device_power\""}, {\""name\"": \""wakeup\"", \""type\"": \""struct acpi_device_wakeup\""}, {\""name\"": \""performance\"", \""type\"": \""struct acpi_device_perf\""}, {\""name\"": \""dir\"", \""type\"": \""struct acpi_device_dir\""}, {\""name\"": \""data\"", \""type\"": \""struct acpi_device_data\""}, {\""name\"": \""dev\"", \""type\"": \""struct device\""}, {\""name\"": \""physical_node_count\"", \""type\"": \""unsigned int\""}, {\""name\"": \""dep_unmet\"", \""type\"": \""unsigned int\""}, {\""name\"": \""physical_node_list\"", \""type\"": \""struct list_head\""}, {\""name\"": \""physical_node_lock\"", \""type\"": \""struct mutex\""}]"", ""header_file"": ""vendor/linux/include/acpi/acpi_bus.h"", ""line"": 473, ""size"": null, ""version_id"": ""6d35786de281""}",CORRECT,independent precision review of extracted fact source context; rank/score/ranker blinded,CORRECT,independent precision review of extracted fact source context; rank/score/ranker blinded,CORRECT,adjudicated precision sample from extractor output; separate from recall gold labels,
c-struct-field-0117,c_struct_fields,c_structs,6d35786de281,vendor/linux/include/acpi/acpi_bus.h,473,acpi_device.device_type,"{""align"": null, ""c_type"": ""acpi_device"", ""field_name"": ""device_type"", ""field_type"": ""int"", ""fields"": ""[{\""name\"": \""pld_crc\"", \""type\"": \""u32\""}, {\""name\"": \""device_type\"", \""type\"": \""int\""}, {\""name\"": \""handle\"", \""type\"": \""acpi_handle\""}, {\""name\"": \""fwnode\"", \""type\"": \""struct fwnode_handle\""}, {\""name\"": \""wakeup_list\"", \""type\"": \""struct list_head\""}, {\""name\"": \""del_list\"", \""type\"": \""struct list_head\""}, {\""name\"": \""status\"", \""type\"": \""struct acpi_device_status\""}, {\""name\"": \""flags\"", \""type\"": \""struct acpi_device_flags\""}, {\""name\"": \""pnp\"", \""type\"": \""struct acpi_device_pnp\""}, {\""name\"": \""power\"", \""type\"": \""struct acpi_device_power\""}, {\""name\"": \""wakeup\"", \""type\"": \""struct acpi_device_wakeup\""}, {\""name\"": \""performance\"", \""type\"": \""struct acpi_device_perf\""}, {\""name\"": \""dir\"", \""type\"": \""struct acpi_device_dir\""}, {\""name\"": \""data\"", \""type\"": \""struct acpi_device_data\""}, {\""name\"": \""dev\"", \""type\"": \""struct device\""}, {\""name\"": \""physical_node_count\"", \""type\"": \""unsigned int\""}, {\""name\"": \""dep_unmet\"", \""type\"": \""unsigned int\""}, {\""name\"": \""physical_node_list\"", \""type\"": \""struct list_head\""}, {\""name\"": \""physical_node_lock\"", \""type\"": \""struct mutex\""}]"", ""header_file"": ""vendor/linux/include/acpi/acpi_bus.h"", ""line"": 473, ""size"": null, ""version_id"": ""6d35786de281""}",CORRECT,independent precision review of extracted fact source context; rank/score/ranker blinded,CORRECT,independent precision review of extracted fact source context; rank/score/ranker blinded,CORRECT,adjudicated precision sample from extractor output; separate from recall gold labels,
c-struct-field-0118,c_struct_fields,c_structs,6d35786de281,vendor/linux/include/acpi/acpi_bus.h,473,acpi_device.handle,"{""align"": null, ""c_type"": ""acpi_device"", ""field_name"": ""handle"", ""field_type"": ""acpi_handle"", ""fields"": ""[{\""name\"": \""pld_crc\"", \""type\"": \""u32\""}, {\""name\"": \""device_type\"", \""type\"": \""int\""}, {\""name\"": \""handle\"", \""type\"": \""acpi_handle\""}, {\""name\"": \""fwnode\"", \""type\"": \""struct fwnode_handle\""}, {\""name\"": \""wakeup_list\"", \""type\"": \""struct list_head\""}, {\""name\"": \""del_list\"", \""type\"": \""struct list_head\""}, {\""name\"": \""status\"", \""type\"": \""struct acpi_device_status\""}, {\""name\"": \""flags\"", \""type\"": \""struct acpi_device_flags\""}, {\""name\"": \""pnp\"", \""type\"": \""struct acpi_device_pnp\""}, {\""name\"": \""power\"", \""type\"": \""struct acpi_device_power\""}, {\""name\"": \""wakeup\"", \""type\"": \""struct acpi_device_wakeup\""}, {\""name\"": \""performance\"", \""type\"": \""struct acpi_device_perf\""}, {\""name\"": \""dir\"", \""type\"": \""struct acpi_device_dir\""}, {\""name\"": \""data\"", \""type\"": \""struct acpi_device_data\""}, {\""name\"": \""dev\"", \""type\"": \""struct device\""}, {\""name\"": \""physical_node_count\"", \""type\"": \""unsigned int\""}, {\""name\"": \""dep_unmet\"", \""type\"": \""unsigned int\""}, {\""name\"": \""physical_node_list\"", \""type\"": \""struct list_head\""}, {\""name\"": \""physical_node_lock\"", \""type\"": \""struct mutex\""}]"", ""header_file"": ""vendor/linux/include/acpi/acpi_bus.h"", ""line"": 473, ""size"": null, ""version_id"": ""6d35786de281""}",CORRECT,independent precision review of extracted fact source context; rank/score/ranker blinded,CORRECT,independent precision review of extracted fact source context; rank/score/ranker blinded,CORRECT,adjudicated precision sample from extractor output; separate from recall gold labels,
c-struct-field-0119,c_struct_fields,c_structs,6d35786de281,vendor/linux/include/acpi/acpi_bus.h,473,acpi_device.fwnode,"{""align"": null, ""c_type"": ""acpi_device"", ""field_name"": ""fwnode"", ""field_type"": ""struct fwnode_handle"", ""fields"": ""[{\""name\"": \""pld_crc\"", \""type\"": \""u32\""}, {\""name\"": \""device_type\"", \""type\"": \""int\""}, {\""name\"": \""handle\"", \""type\"": \""acpi_handle\""}, {\""name\"": \""fwnode\"", \""type\"": \""struct fwnode_handle\""}, {\""name\"": \""wakeup_list\"", \""type\"": \""struct list_head\""}, {\""name\"": \""del_list\"", \""type\"": \""struct list_head\""}, {\""name\"": \""status\"", \""type\"": \""struct acpi_device_status\""}, {\""name\"": \""flags\"", \""type\"": \""struct acpi_device_flags\""}, {\""name\"": \""pnp\"", \""type\"": \""struct acpi_device_pnp\""}, {\""name\"": \""power\"", \""type\"": \""struct acpi_device_power\""}, {\""name\"": \""wakeup\"", \""type\"": \""struct acpi_device_wakeup\""}, {\""name\"": \""performance\"", \""type\"": \""struct acpi_device_perf\""}, {\""name\"": \""dir\"", \""type\"": \""struct acpi_device_dir\""}, {\""name\"": \""data\"", \""type\"": \""struct acpi_device_data\""}, {\""name\"": \""dev\"", \""type\"": \""struct device\""}, {\""name\"": \""physical_node_count\"", \""type\"": \""unsigned int\""}, {\""name\"": \""dep_unmet\"", \""type\"": \""unsigned int\""}, {\""name\"": \""physical_node_list\"", \""type\"": \""struct list_head\""}, {\""name\"": \""physical_node_lock\"", \""type\"": \""struct mutex\""}]"", ""header_file"": ""vendor/linux/include/acpi/acpi_bus.h"", ""line"": 473, ""size"": null, ""version_id"": ""6d35786de281""}",CORRECT,independent precision review of extracted fact source context; rank/score/ranker blinded,CORRECT,independent precision review of extracted fact source context; rank/score/ranker blinded,CORRECT,adjudicated precision sample from extractor output; separate from recall gold labels,
c-struct-field-0120,c_struct_fields,c_structs,6d35786de281,vendor/linux/include/acpi/acpi_bus.h,473,acpi_device.wakeup_list,"{""align"": null, ""c_type"": ""acpi_device"", ""field_name"": ""wakeup_list"", ""field_type"": ""struct list_head"", ""fields"": ""[{\""name\"": \""pld_crc\"", \""type\"": \""u32\""}, {\""name\"": \""device_type\"", \""type\"": \""int\""}, {\""name\"": \""handle\"", \""type\"": \""acpi_handle\""}, {\""name\"": \""fwnode\"", \""type\"": \""struct fwnode_handle\""}, {\""name\"": \""wakeup_list\"", \""type\"": \""struct list_head\""}, {\""name\"": \""del_list\"", \""type\"": \""struct list_head\""}, {\""name\"": \""status\"", \""type\"": \""struct acpi_device_status\""}, {\""name\"": \""flags\"", \""type\"": \""struct acpi_device_flags\""}, {\""name\"": \""pnp\"", \""type\"": \""struct acpi_device_pnp\""}, {\""name\"": \""power\"", \""type\"": \""struct acpi_device_power\""}, {\""name\"": \""wakeup\"", \""type\"": \""struct acpi_device_wakeup\""}, {\""name\"": \""performance\"", \""type\"": \""struct acpi_device_perf\""}, {\""name\"": \""dir\"", \""type\"": \""struct acpi_device_dir\""}, {\""name\"": \""data\"", \""type\"": \""struct acpi_device_data\""}, {\""name\"": \""dev\"", \""type\"": \""struct device\""}, {\""name\"": \""physical_node_count\"", \""type\"": \""unsigned int\""}, {\""name\"": \""dep_unmet\"", \""type\"": \""unsigned int\""}, {\""name\"": \""physical_node_list\"", \""type\"": \""struct list_head\""}, {\""name\"": \""physical_node_lock\"", \""type\"": \""struct mutex\""}]"", ""header_file"": ""vendor/linux/include/acpi/acpi_bus.h"", ""line"": 473, ""size"": null, ""version_id"": ""6d35786de281""}",CORRECT,independent precision review of extracted fact source context; rank/score/ranker blinded,CORRECT,independent precision review of extracted fact source context; rank/score/ranker blinded,CORRECT,adjudicated precision sample from extractor output; separate from recall gold labels,
c-struct-field-0121,c_struct_fields,c_structs,6d35786de281,vendor/linux/include/acpi/acpi_bus.h,473,acpi_device.del_list,"{""align"": null, ""c_type"": ""acpi_device"", ""field_name"": ""del_list"", ""field_type"": ""struct list_head"", ""fields"": ""[{\""name\"": \""pld_crc\"", \""type\"": \""u32\""}, {\""name\"": \""device_type\"", \""type\"": \""int\""}, {\""name\"": \""handle\"", \""type\"": \""acpi_handle\""}, {\""name\"": \""fwnode\"", \""type\"": \""struct fwnode_handle\""}, {\""name\"": \""wakeup_list\"", \""type\"": \""struct list_head\""}, {\""name\"": \""del_list\"", \""type\"": \""struct list_head\""}, {\""name\"": \""status\"", \""type\"": \""struct acpi_device_status\""}, {\""name\"": \""flags\"", \""type\"": \""struct acpi_device_flags\""}, {\""name\"": \""pnp\"", \""type\"": \""struct acpi_device_pnp\""}, {\""name\"": \""power\"", \""type\"": \""struct acpi_device_power\""}, {\""name\"": \""wakeup\"", \""type\"": \""struct acpi_device_wakeup\""}, {\""name\"": \""performance\"", \""type\"": \""struct acpi_device_perf\""}, {\""name\"": \""dir\"", \""type\"": \""struct acpi_device_dir\""}, {\""name\"": \""data\"", \""type\"": \""struct acpi_device_data\""}, {\""name\"": \""dev\"", \""type\"": \""struct device\""}, {\""name\"": \""physical_node_count\"", \""type\"": \""unsigned int\""}, {\""name\"": \""dep_unmet\"", \""type\"": \""unsigned int\""}, {\""name\"": \""physical_node_list\"", \""type\"": \""struct list_head\""}, {\""name\"": \""physical_node_lock\"", \""type\"": \""struct mutex\""}]"", ""header_file"": ""vendor/linux/include/acpi/acpi_bus.h"", ""line"": 473, ""size"": null, ""version_id"": ""6d35786de281""}",CORRECT,independent precision review of extracted fact source context; rank/score/ranker blinded,CORRECT,independent precision review of extracted fact source context; rank/score/ranker blinded,CORRECT,adjudicated precision sample from extractor output; separate from recall gold labels,
c-struct-field-0122,c_struct_fields,c_structs,6d35786de281,vendor/linux/include/acpi/acpi_bus.h,473,acpi_device.status,"{""align"": null, ""c_type"": ""acpi_device"", ""field_name"": ""status"", ""field_type"": ""struct acpi_device_status"", ""fields"": ""[{\""name\"": \""pld_crc\"", \""type\"": \""u32\""}, {\""name\"": \""device_type\"", \""type\"": \""int\""}, {\""name\"": \""handle\"", \""type\"": \""acpi_handle\""}, {\""name\"": \""fwnode\"", \""type\"": \""struct fwnode_handle\""}, {\""name\"": \""wakeup_list\"", \""type\"": \""struct list_head\""}, {\""name\"": \""del_list\"", \""type\"": \""struct list_head\""}, {\""name\"": \""status\"", \""type\"": \""struct acpi_device_status\""}, {\""name\"": \""flags\"", \""type\"": \""struct acpi_device_flags\""}, {\""name\"": \""pnp\"", \""type\"": \""struct acpi_device_pnp\""}, {\""name\"": \""power\"", \""type\"": \""struct acpi_device_power\""}, {\""name\"": \""wakeup\"", \""type\"": \""struct acpi_device_wakeup\""}, {\""name\"": \""performance\"", \""type\"": \""struct acpi_device_perf\""}, {\""name\"": \""dir\"", \""type\"": \""struct acpi_device_dir\""}, {\""name\"": \""data\"", \""type\"": \""struct acpi_device_data\""}, {\""name\"": \""dev\"", \""type\"": \""struct device\""}, {\""name\"": \""physical_node_count\"", \""type\"": \""unsigned int\""}, {\""name\"": \""dep_unmet\"", \""type\"": \""unsigned int\""}, {\""name\"": \""physical_node_list\"", \""type\"": \""struct list_head\""}, {\""name\"": \""physical_node_lock\"", \""type\"": \""struct mutex\""}]"", ""header_file"": ""vendor/linux/include/acpi/acpi_bus.h"", ""line"": 473, ""size"": null, ""version_id"": ""6d35786de281""}",CORRECT,independent precision review of extracted fact source context; rank/score/ranker blinded,CORRECT,independent precision review of extracted fact source context; rank/score/ranker blinded,CORRECT,adjudicated precision sample from extractor output; separate from recall gold labels,
c-struct-field-0123,c_struct_fields,c_structs,6d35786de281,vendor/linux/include/acpi/acpi_bus.h,473,acpi_device.flags,"{""align"": null, ""c_type"": ""acpi_device"", ""field_name"": ""flags"", ""field_type"": ""struct acpi_device_flags"", ""fields"": ""[{\""name\"": \""pld_crc\"", \""type\"": \""u32\""}, {\""name\"": \""device_type\"", \""type\"": \""int\""}, {\""name\"": \""handle\"", \""type\"": \""acpi_handle\""}, {\""name\"": \""fwnode\"", \""type\"": \""struct fwnode_handle\""}, {\""name\"": \""wakeup_list\"", \""type\"": \""struct list_head\""}, {\""name\"": \""del_list\"", \""type\"": \""struct list_head\""}, {\""name\"": \""status\"", \""type\"": \""struct acpi_device_status\""}, {\""name\"": \""flags\"", \""type\"": \""struct acpi_device_flags\""}, {\""name\"": \""pnp\"", \""type\"": \""struct acpi_device_pnp\""}, {\""name\"": \""power\"", \""type\"": \""struct acpi_device_power\""}, {\""name\"": \""wakeup\"", \""type\"": \""struct acpi_device_wakeup\""}, {\""name\"": \""performance\"", \""type\"": \""struct acpi_device_perf\""}, {\""name\"": \""dir\"", \""type\"": \""struct acpi_device_dir\""}, {\""name\"": \""data\"", \""type\"": \""struct acpi_device_data\""}, {\""name\"": \""dev\"", \""type\"": \""struct device\""}, {\""name\"": \""physical_node_count\"", \""type\"": \""unsigned int\""}, {\""name\"": \""dep_unmet\"", \""type\"": \""unsigned int\""}, {\""name\"": \""physical_node_list\"", \""type\"": \""struct list_head\""}, {\""name\"": \""physical_node_lock\"", \""type\"": \""struct mutex\""}]"", ""header_file"": ""vendor/linux/include/acpi/acpi_bus.h"", ""line"": 473, ""size"": null, ""version_id"": ""6d35786de281""}",CORRECT,independent precision review of extracted fact source context; rank/score/ranker blinded,CORRECT,independent precision review of extracted fact source context; rank/score/ranker blinded,CORRECT,adjudicated precision sample from extractor output; separate from recall gold labels,
c-struct-field-0124,c_struct_fields,c_structs,6d35786de281,vendor/linux/include/acpi/acpi_bus.h,473,acpi_device.pnp,"{""align"": null, ""c_type"": ""acpi_device"", ""field_name"": ""pnp"", ""field_type"": ""struct acpi_device_pnp"", ""fields"": ""[{\""name\"": \""pld_crc\"", \""type\"": \""u32\""}, {\""name\"": \""device_type\"", \""type\"": \""int\""}, {\""name\"": \""handle\"", \""type\"": \""acpi_handle\""}, {\""name\"": \""fwnode\"", \""type\"": \""struct fwnode_handle\""}, {\""name\"": \""wakeup_list\"", \""type\"": \""struct list_head\""}, {\""name\"": \""del_list\"", \""type\"": \""struct list_head\""}, {\""name\"": \""status\"", \""type\"": \""struct acpi_device_status\""}, {\""name\"": \""flags\"", \""type\"": \""struct acpi_device_flags\""}, {\""name\"": \""pnp\"", \""type\"": \""struct acpi_device_pnp\""}, {\""name\"": \""power\"", \""type\"": \""struct acpi_device_power\""}, {\""name\"": \""wakeup\"", \""type\"": \""struct acpi_device_wakeup\""}, {\""name\"": \""performance\"", \""type\"": \""struct acpi_device_perf\""}, {\""name\"": \""dir\"", \""type\"": \""struct acpi_device_dir\""}, {\""name\"": \""data\"", \""type\"": \""struct acpi_device_data\""}, {\""name\"": \""dev\"", \""type\"": \""struct device\""}, {\""name\"": \""physical_node_count\"", \""type\"": \""unsigned int\""}, {\""name\"": \""dep_unmet\"", \""type\"": \""unsigned int\""}, {\""name\"": \""physical_node_list\"", \""type\"": \""struct list_head\""}, {\""name\"": \""physical_node_lock\"", \""type\"": \""struct mutex\""}]"", ""header_file"": ""vendor/linux/include/acpi/acpi_bus.h"", ""line"": 473, ""size"": null, ""version_id"": ""6d35786de281""}",CORRECT,independent precision review of extracted fact source context; rank/score/ranker blinded,CORRECT,independent precision review of extracted fact source context; rank/score/ranker blinded,CORRECT,adjudicated precision sample from extractor output; separate from recall gold labels,
c-struct-field-0125,c_struct_fields,c_structs,6d35786de281,vendor/linux/include/acpi/acpi_bus.h,473,acpi_device.power,"{""align"": null, ""c_type"": ""acpi_device"", ""field_name"": ""power"", ""field_type"": ""struct acpi_device_power"", ""fields"": ""[{\""name\"": \""pld_crc\"", \""type\"": \""u32\""}, {\""name\"": \""device_type\"", \""type\"": \""int\""}, {\""name\"": \""handle\"", \""type\"": \""acpi_handle\""}, {\""name\"": \""fwnode\"", \""type\"": \""struct fwnode_handle\""}, {\""name\"": \""wakeup_list\"", \""type\"": \""struct list_head\""}, {\""name\"": \""del_list\"", \""type\"": \""struct list_head\""}, {\""name\"": \""status\"", \""type\"": \""struct acpi_device_status\""}, {\""name\"": \""flags\"", \""type\"": \""struct acpi_device_flags\""}, {\""name\"": \""pnp\"", \""type\"": \""struct acpi_device_pnp\""}, {\""name\"": \""power\"", \""type\"": \""struct acpi_device_power\""}, {\""name\"": \""wakeup\"", \""type\"": \""struct acpi_device_wakeup\""}, {\""name\"": \""performance\"", \""type\"": \""struct acpi_device_perf\""}, {\""name\"": \""dir\"", \""type\"": \""struct acpi_device_dir\""}, {\""name\"": \""data\"", \""type\"": \""struct acpi_device_data\""}, {\""name\"": \""dev\"", \""type\"": \""struct device\""}, {\""name\"": \""physical_node_count\"", \""type\"": \""unsigned int\""}, {\""name\"": \""dep_unmet\"", \""type\"": \""unsigned int\""}, {\""name\"": \""physical_node_list\"", \""type\"": \""struct list_head\""}, {\""name\"": \""physical_node_lock\"", \""type\"": \""struct mutex\""}]"", ""header_file"": ""vendor/linux/include/acpi/acpi_bus.h"", ""line"": 473, ""size"": null, ""version_id"": ""6d35786de281""}",CORRECT,independent precision review of extracted fact source context; rank/score/ranker blinded,CORRECT,independent precision review of extracted fact source context; rank/score/ranker blinded,CORRECT,adjudicated precision sample from extractor output; separate from recall gold labels,
c-struct-field-0126,c_struct_fields,c_structs,6d35786de281,vendor/linux/include/acpi/acpi_bus.h,473,acpi_device.wakeup,"{""align"": null, ""c_type"": ""acpi_device"", ""field_name"": ""wakeup"", ""field_type"": ""struct acpi_device_wakeup"", ""fields"": ""[{\""name\"": \""pld_crc\"", \""type\"": \""u32\""}, {\""name\"": \""device_type\"", \""type\"": \""int\""}, {\""name\"": \""handle\"", \""type\"": \""acpi_handle\""}, {\""name\"": \""fwnode\"", \""type\"": \""struct fwnode_handle\""}, {\""name\"": \""wakeup_list\"", \""type\"": \""struct list_head\""}, {\""name\"": \""del_list\"", \""type\"": \""struct list_head\""}, {\""name\"": \""status\"", \""type\"": \""struct acpi_device_status\""}, {\""name\"": \""flags\"", \""type\"": \""struct acpi_device_flags\""}, {\""name\"": \""pnp\"", \""type\"": \""struct acpi_device_pnp\""}, {\""name\"": \""power\"", \""type\"": \""struct acpi_device_power\""}, {\""name\"": \""wakeup\"", \""type\"": \""struct acpi_device_wakeup\""}, {\""name\"": \""performance\"", \""type\"": \""struct acpi_device_perf\""}, {\""name\"": \""dir\"", \""type\"": \""struct acpi_device_dir\""}, {\""name\"": \""data\"", \""type\"": \""struct acpi_device_data\""}, {\""name\"": \""dev\"", \""type\"": \""struct device\""}, {\""name\"": \""physical_node_count\"", \""type\"": \""unsigned int\""}, {\""name\"": \""dep_unmet\"", \""type\"": \""unsigned int\""}, {\""name\"": \""physical_node_list\"", \""type\"": \""struct list_head\""}, {\""name\"": \""physical_node_lock\"", \""type\"": \""struct mutex\""}]"", ""header_file"": ""vendor/linux/include/acpi/acpi_bus.h"", ""line"": 473, ""size"": null, ""version_id"": ""6d35786de281""}",CORRECT,independent precision review of extracted fact source context; rank/score/ranker blinded,CORRECT,independent precision review of extracted fact source context; rank/score/ranker blinded,CORRECT,adjudicated precision sample from extractor output; separate from recall gold labels,
c-struct-field-0127,c_struct_fields,c_structs,6d35786de281,vendor/linux/include/acpi/acpi_bus.h,473,acpi_device.performance,"{""align"": null, ""c_type"": ""acpi_device"", ""field_name"": ""performance"", ""field_type"": ""struct acpi_device_perf"", ""fields"": ""[{\""name\"": \""pld_crc\"", \""type\"": \""u32\""}, {\""name\"": \""device_type\"", \""type\"": \""int\""}, {\""name\"": \""handle\"", \""type\"": \""acpi_handle\""}, {\""name\"": \""fwnode\"", \""type\"": \""struct fwnode_handle\""}, {\""name\"": \""wakeup_list\"", \""type\"": \""struct list_head\""}, {\""name\"": \""del_list\"", \""type\"": \""struct list_head\""}, {\""name\"": \""status\"", \""type\"": \""struct acpi_device_status\""}, {\""name\"": \""flags\"", \""type\"": \""struct acpi_device_flags\""}, {\""name\"": \""pnp\"", \""type\"": \""struct acpi_device_pnp\""}, {\""name\"": \""power\"", \""type\"": \""struct acpi_device_power\""}, {\""name\"": \""wakeup\"", \""type\"": \""struct acpi_device_wakeup\""}, {\""name\"": \""performance\"", \""type\"": \""struct acpi_device_perf\""}, {\""name\"": \""dir\"", \""type\"": \""struct acpi_device_dir\""}, {\""name\"": \""data\"", \""type\"": \""struct acpi_device_data\""}, {\""name\"": \""dev\"", \""type\"": \""struct device\""}, {\""name\"": \""physical_node_count\"", \""type\"": \""unsigned int\""}, {\""name\"": \""dep_unmet\"", \""type\"": \""unsigned int\""}, {\""name\"": \""physical_node_list\"", \""type\"": \""struct list_head\""}, {\""name\"": \""physical_node_lock\"", \""type\"": \""struct mutex\""}]"", ""header_file"": ""vendor/linux/include/acpi/acpi_bus.h"", ""line"": 473, ""size"": null, ""version_id"": ""6d35786de281""}",CORRECT,independent precision review of extracted fact source context; rank/score/ranker blinded,CORRECT,independent precision review of extracted fact source context; rank/score/ranker blinded,CORRECT,adjudicated precision sample from extractor output; separate from recall gold labels,
c-struct-field-0128,c_struct_fields,c_structs,6d35786de281,vendor/linux/include/acpi/acpi_bus.h,473,acpi_device.dir,"{""align"": null, ""c_type"": ""acpi_device"", ""field_name"": ""dir"", ""field_type"": ""struct acpi_device_dir"", ""fields"": ""[{\""name\"": \""pld_crc\"", \""type\"": \""u32\""}, {\""name\"": \""device_type\"", \""type\"": \""int\""}, {\""name\"": \""handle\"", \""type\"": \""acpi_handle\""}, {\""name\"": \""fwnode\"", \""type\"": \""struct fwnode_handle\""}, {\""name\"": \""wakeup_list\"", \""type\"": \""struct list_head\""}, {\""name\"": \""del_list\"", \""type\"": \""struct list_head\""}, {\""name\"": \""status\"", \""type\"": \""struct acpi_device_status\""}, {\""name\"": \""flags\"", \""type\"": \""struct acpi_device_flags\""}, {\""name\"": \""pnp\"", \""type\"": \""struct acpi_device_pnp\""}, {\""name\"": \""power\"", \""type\"": \""struct acpi_device_power\""}, {\""name\"": \""wakeup\"", \""type\"": \""struct acpi_device_wakeup\""}, {\""name\"": \""performance\"", \""type\"": \""struct acpi_device_perf\""}, {\""name\"": \""dir\"", \""type\"": \""struct acpi_device_dir\""}, {\""name\"": \""data\"", \""type\"": \""struct acpi_device_data\""}, {\""name\"": \""dev\"", \""type\"": \""struct device\""}, {\""name\"": \""physical_node_count\"", \""type\"": \""unsigned int\""}, {\""name\"": \""dep_unmet\"", \""type\"": \""unsigned int\""}, {\""name\"": \""physical_node_list\"", \""type\"": \""struct list_head\""}, {\""name\"": \""physical_node_lock\"", \""type\"": \""struct mutex\""}]"", ""header_file"": ""vendor/linux/include/acpi/acpi_bus.h"", ""line"": 473, ""size"": null, ""version_id"": ""6d35786de281""}",CORRECT,independent precision review of extracted fact source context; rank/score/ranker blinded,CORRECT,independent precision review of extracted fact source context; rank/score/ranker blinded,CORRECT,adjudicated precision sample from extractor output; separate from recall gold labels,
c-struct-field-0129,c_struct_fields,c_structs,6d35786de281,vendor/linux/include/acpi/acpi_bus.h,473,acpi_device.data,"{""align"": null, ""c_type"": ""acpi_device"", ""field_name"": ""data"", ""field_type"": ""struct acpi_device_data"", ""fields"": ""[{\""name\"": \""pld_crc\"", \""type\"": \""u32\""}, {\""name\"": \""device_type\"", \""type\"": \""int\""}, {\""name\"": \""handle\"", \""type\"": \""acpi_handle\""}, {\""name\"": \""fwnode\"", \""type\"": \""struct fwnode_handle\""}, {\""name\"": \""wakeup_list\"", \""type\"": \""struct list_head\""}, {\""name\"": \""del_list\"", \""type\"": \""struct list_head\""}, {\""name\"": \""status\"", \""type\"": \""struct acpi_device_status\""}, {\""name\"": \""flags\"", \""type\"": \""struct acpi_device_flags\""}, {\""name\"": \""pnp\"", \""type\"": \""struct acpi_device_pnp\""}, {\""name\"": \""power\"", \""type\"": \""struct acpi_device_power\""}, {\""name\"": \""wakeup\"", \""type\"": \""struct acpi_device_wakeup\""}, {\""name\"": \""performance\"", \""type\"": \""struct acpi_device_perf\""}, {\""name\"": \""dir\"", \""type\"": \""struct acpi_device_dir\""}, {\""name\"": \""data\"", \""type\"": \""struct acpi_device_data\""}, {\""name\"": \""dev\"", \""type\"": \""struct device\""}, {\""name\"": \""physical_node_count\"", \""type\"": \""unsigned int\""}, {\""name\"": \""dep_unmet\"", \""type\"": \""unsigned int\""}, {\""name\"": \""physical_node_list\"", \""type\"": \""struct list_head\""}, {\""name\"": \""physical_node_lock\"", \""type\"": \""struct mutex\""}]"", ""header_file"": ""vendor/linux/include/acpi/acpi_bus.h"", ""line"": 473, ""size"": null, ""version_id"": ""6d35786de281""}",CORRECT,independent precision review of extracted fact source context; rank/score/ranker blinded,CORRECT,independent precision review of extracted fact source context; rank/score/ranker blinded,CORRECT,adjudicated precision sample from extractor output; separate from recall gold labels,
c-struct-field-0130,c_struct_fields,c_structs,6d35786de281,vendor/linux/include/acpi/acpi_bus.h,473,acpi_device.dev,"{""align"": null, ""c_type"": ""acpi_device"", ""field_name"": ""dev"", ""field_type"": ""struct device"", ""fields"": ""[{\""name\"": \""pld_crc\"", \""type\"": \""u32\""}, {\""name\"": \""device_type\"", \""type\"": \""int\""}, {\""name\"": \""handle\"", \""type\"": \""acpi_handle\""}, {\""name\"": \""fwnode\"", \""type\"": \""struct fwnode_handle\""}, {\""name\"": \""wakeup_list\"", \""type\"": \""struct list_head\""}, {\""name\"": \""del_list\"", \""type\"": \""struct list_head\""}, {\""name\"": \""status\"", \""type\"": \""struct acpi_device_status\""}, {\""name\"": \""flags\"", \""type\"": \""struct acpi_device_flags\""}, {\""name\"": \""pnp\"", \""type\"": \""struct acpi_device_pnp\""}, {\""name\"": \""power\"", \""type\"": \""struct acpi_device_power\""}, {\""name\"": \""wakeup\"", \""type\"": \""struct acpi_device_wakeup\""}, {\""name\"": \""performance\"", \""type\"": \""struct acpi_device_perf\""}, {\""name\"": \""dir\"", \""type\"": \""struct acpi_device_dir\""}, {\""name\"": \""data\"", \""type\"": \""struct acpi_device_data\""}, {\""name\"": \""dev\"", \""type\"": \""struct device\""}, {\""name\"": \""physical_node_count\"", \""type\"": \""unsigned int\""}, {\""name\"": \""dep_unmet\"", \""type\"": \""unsigned int\""}, {\""name\"": \""physical_node_list\"", \""type\"": \""struct list_head\""}, {\""name\"": \""physical_node_lock\"", \""type\"": \""struct mutex\""}]"", ""header_file"": ""vendor/linux/include/acpi/acpi_bus.h"", ""line"": 473, ""size"": null, ""version_id"": ""6d35786de281""}",CORRECT,independent precision review of extracted fact source context; rank/score/ranker blinded,CORRECT,independent precision review of extracted fact source context; rank/score/ranker blinded,CORRECT,adjudicated precision sample from extractor output; separate from recall gold labels,
c-struct-field-0131,c_struct_fields,c_structs,6d35786de281,vendor/linux/include/acpi/acpi_bus.h,473,acpi_device.physical_node_count,"{""align"": null, ""c_type"": ""acpi_device"", ""field_name"": ""physical_node_count"", ""field_type"": ""unsigned int"", ""fields"": ""[{\""name\"": \""pld_crc\"", \""type\"": \""u32\""}, {\""name\"": \""device_type\"", \""type\"": \""int\""}, {\""name\"": \""handle\"", \""type\"": \""acpi_handle\""}, {\""name\"": \""fwnode\"", \""type\"": \""struct fwnode_handle\""}, {\""name\"": \""wakeup_list\"", \""type\"": \""struct list_head\""}, {\""name\"": \""del_list\"", \""type\"": \""struct list_head\""}, {\""name\"": \""status\"", \""type\"": \""struct acpi_device_status\""}, {\""name\"": \""flags\"", \""type\"": \""struct acpi_device_flags\""}, {\""name\"": \""pnp\"", \""type\"": \""struct acpi_device_pnp\""}, {\""name\"": \""power\"", \""type\"": \""struct acpi_device_power\""}, {\""name\"": \""wakeup\"", \""type\"": \""struct acpi_device_wakeup\""}, {\""name\"": \""performance\"", \""type\"": \""struct acpi_device_perf\""}, {\""name\"": \""dir\"", \""type\"": \""struct acpi_device_dir\""}, {\""name\"": \""data\"", \""type\"": \""struct acpi_device_data\""}, {\""name\"": \""dev\"", \""type\"": \""struct device\""}, {\""name\"": \""physical_node_count\"", \""type\"": \""unsigned int\""}, {\""name\"": \""dep_unmet\"", \""type\"": \""unsigned int\""}, {\""name\"": \""physical_node_list\"", \""type\"": \""struct list_head\""}, {\""name\"": \""physical_node_lock\"", \""type\"": \""struct mutex\""}]"", ""header_file"": ""vendor/linux/include/acpi/acpi_bus.h"", ""line"": 473, ""size"": null, ""version_id"": ""6d35786de281""}",CORRECT,independent precision review of extracted fact source context; rank/score/ranker blinded,CORRECT,independent precision review of extracted fact source context; rank/score/ranker blinded,CORRECT,adjudicated precision sample from extractor output; separate from recall gold labels,
c-struct-field-0132,c_struct_fields,c_structs,6d35786de281,vendor/linux/include/acpi/acpi_bus.h,473,acpi_device.dep_unmet,"{""align"": null, ""c_type"": ""acpi_device"", ""field_name"": ""dep_unmet"", ""field_type"": ""unsigned int"", ""fields"": ""[{\""name\"": \""pld_crc\"", \""type\"": \""u32\""}, {\""name\"": \""device_type\"", \""type\"": \""int\""}, {\""name\"": \""handle\"", \""type\"": \""acpi_handle\""}, {\""name\"": \""fwnode\"", \""type\"": \""struct fwnode_handle\""}, {\""name\"": \""wakeup_list\"", \""type\"": \""struct list_head\""}, {\""name\"": \""del_list\"", \""type\"": \""struct list_head\""}, {\""name\"": \""status\"", \""type\"": \""struct acpi_device_status\""}, {\""name\"": \""flags\"", \""type\"": \""struct acpi_device_flags\""}, {\""name\"": \""pnp\"", \""type\"": \""struct acpi_device_pnp\""}, {\""name\"": \""power\"", \""type\"": \""struct acpi_device_power\""}, {\""name\"": \""wakeup\"", \""type\"": \""struct acpi_device_wakeup\""}, {\""name\"": \""performance\"", \""type\"": \""struct acpi_device_perf\""}, {\""name\"": \""dir\"", \""type\"": \""struct acpi_device_dir\""}, {\""name\"": \""data\"", \""type\"": \""struct acpi_device_data\""}, {\""name\"": \""dev\"", \""type\"": \""struct device\""}, {\""name\"": \""physical_node_count\"", \""type\"": \""unsigned int\""}, {\""name\"": \""dep_unmet\"", \""type\"": \""unsigned int\""}, {\""name\"": \""physical_node_list\"", \""type\"": \""struct list_head\""}, {\""name\"": \""physical_node_lock\"", \""type\"": \""struct mutex\""}]"", ""header_file"": ""vendor/linux/include/acpi/acpi_bus.h"", ""line"": 473, ""size"": null, ""version_id"": ""6d35786de281""}",CORRECT,independent precision review of extracted fact source context; rank/score/ranker blinded,CORRECT,independent precision review of extracted fact source context; rank/score/ranker blinded,CORRECT,adjudicated precision sample from extractor output; separate from recall gold labels,
c-struct-field-0133,c_struct_fields,c_structs,6d35786de281,vendor/linux/include/acpi/acpi_bus.h,473,acpi_device.physical_node_list,"{""align"": null, ""c_type"": ""acpi_device"", ""field_name"": ""physical_node_list"", ""field_type"": ""struct list_head"", ""fields"": ""[{\""name\"": \""pld_crc\"", \""type\"": \""u32\""}, {\""name\"": \""device_type\"", \""type\"": \""int\""}, {\""name\"": \""handle\"", \""type\"": \""acpi_handle\""}, {\""name\"": \""fwnode\"", \""type\"": \""struct fwnode_handle\""}, {\""name\"": \""wakeup_list\"", \""type\"": \""struct list_head\""}, {\""name\"": \""del_list\"", \""type\"": \""struct list_head\""}, {\""name\"": \""status\"", \""type\"": \""struct acpi_device_status\""}, {\""name\"": \""flags\"", \""type\"": \""struct acpi_device_flags\""}, {\""name\"": \""pnp\"", \""type\"": \""struct acpi_device_pnp\""}, {\""name\"": \""power\"", \""type\"": \""struct acpi_device_power\""}, {\""name\"": \""wakeup\"", \""type\"": \""struct acpi_device_wakeup\""}, {\""name\"": \""performance\"", \""type\"": \""struct acpi_device_perf\""}, {\""name\"": \""dir\"", \""type\"": \""struct acpi_device_dir\""}, {\""name\"": \""data\"", \""type\"": \""struct acpi_device_data\""}, {\""name\"": \""dev\"", \""type\"": \""struct device\""}, {\""name\"": \""physical_node_count\"", \""type\"": \""unsigned int\""}, {\""name\"": \""dep_unmet\"", \""type\"": \""unsigned int\""}, {\""name\"": \""physical_node_list\"", \""type\"": \""struct list_head\""}, {\""name\"": \""physical_node_lock\"", \""type\"": \""struct mutex\""}]"", ""header_file"": ""vendor/linux/include/acpi/acpi_bus.h"", ""line"": 473, ""size"": null, ""version_id"": ""6d35786de281""}",CORRECT,independent precision review of extracted fact source context; rank/score/ranker blinded,CORRECT,independent precision review of extracted fact source context; rank/score/ranker blinded,CORRECT,adjudicated precision sample from extractor output; separate from recall gold labels,
c-struct-field-0134,c_struct_fields,c_structs,6d35786de281,vendor/linux/include/acpi/acpi_bus.h,473,acpi_device.physical_node_lock,"{""align"": null, ""c_type"": ""acpi_device"", ""field_name"": ""physical_node_lock"", ""field_type"": ""struct mutex"", ""fields"": ""[{\""name\"": \""pld_crc\"", \""type\"": \""u32\""}, {\""name\"": \""device_type\"", \""type\"": \""int\""}, {\""name\"": \""handle\"", \""type\"": \""acpi_handle\""}, {\""name\"": \""fwnode\"", \""type\"": \""struct fwnode_handle\""}, {\""name\"": \""wakeup_list\"", \""type\"": \""struct list_head\""}, {\""name\"": \""del_list\"", \""type\"": \""struct list_head\""}, {\""name\"": \""status\"", \""type\"": \""struct acpi_device_status\""}, {\""name\"": \""flags\"", \""type\"": \""struct acpi_device_flags\""}, {\""name\"": \""pnp\"", \""type\"": \""struct acpi_device_pnp\""}, {\""name\"": \""power\"", \""type\"": \""struct acpi_device_power\""}, {\""name\"": \""wakeup\"", \""type\"": \""struct acpi_device_wakeup\""}, {\""name\"": \""performance\"", \""type\"": \""struct acpi_device_perf\""}, {\""name\"": \""dir\"", \""type\"": \""struct acpi_device_dir\""}, {\""name\"": \""data\"", \""type\"": \""struct acpi_device_data\""}, {\""name\"": \""dev\"", \""type\"": \""struct device\""}, {\""name\"": \""physical_node_count\"", \""type\"": \""unsigned int\""}, {\""name\"": \""dep_unmet\"", \""type\"": \""unsigned int\""}, {\""name\"": \""physical_node_list\"", \""type\"": \""struct list_head\""}, {\""name\"": \""physical_node_lock\"", \""type\"": \""struct mutex\""}]"", ""header_file"": ""vendor/linux/include/acpi/acpi_bus.h"", ""line"": 473, ""size"": null, ""version_id"": ""6d35786de281""}",CORRECT,independent precision review of extracted fact source context; rank/score/ranker blinded,CORRECT,independent precision review of extracted fact source context; rank/score/ranker blinded,CORRECT,adjudicated precision sample from extractor output; separate from recall gold labels,
c-struct-field-0135,c_struct_fields,c_structs,6d35786de281,vendor/linux/include/acpi/acpi_bus.h,502,acpi_data_node.sibling,"{""align"": null, ""c_type"": ""acpi_data_node"", ""field_name"": ""sibling"", ""field_type"": ""struct list_head"", ""fields"": ""[{\""name\"": \""sibling\"", \""type\"": \""struct list_head\""}, {\""name\"": \""handle\"", \""type\"": \""acpi_handle\""}, {\""name\"": \""fwnode\"", \""type\"": \""struct fwnode_handle\""}, {\""name\"": \""data\"", \""type\"": \""struct acpi_device_data\""}, {\""name\"": \""kobj\"", \""type\"": \""struct kobject\""}, {\""name\"": \""kobj_done\"", \""type\"": \""struct completion\""}]"", ""header_file"": ""vendor/linux/include/acpi/acpi_bus.h"", ""line"": 502, ""size"": null, ""version_id"": ""6d35786de281""}",CORRECT,independent precision review of extracted fact source context; rank/score/ranker blinded,CORRECT,independent precision review of extracted fact source context; rank/score/ranker blinded,CORRECT,adjudicated precision sample from extractor output; separate from recall gold labels,
c-struct-field-0136,c_struct_fields,c_structs,6d35786de281,vendor/linux/include/acpi/acpi_bus.h,502,acpi_data_node.handle,"{""align"": null, ""c_type"": ""acpi_data_node"", ""field_name"": ""handle"", ""field_type"": ""acpi_handle"", ""fields"": ""[{\""name\"": \""sibling\"", \""type\"": \""struct list_head\""}, {\""name\"": \""handle\"", \""type\"": \""acpi_handle\""}, {\""name\"": \""fwnode\"", \""type\"": \""struct fwnode_handle\""}, {\""name\"": \""data\"", \""type\"": \""struct acpi_device_data\""}, {\""name\"": \""kobj\"", \""type\"": \""struct kobject\""}, {\""name\"": \""kobj_done\"", \""type\"": \""struct completion\""}]"", ""header_file"": ""vendor/linux/include/acpi/acpi_bus.h"", ""line"": 502, ""size"": null, ""version_id"": ""6d35786de281""}",CORRECT,independent precision review of extracted fact source context; rank/score/ranker blinded,CORRECT,independent precision review of extracted fact source context; rank/score/ranker blinded,CORRECT,adjudicated precision sample from extractor output; separate from recall gold labels,
c-struct-field-0137,c_struct_fields,c_structs,6d35786de281,vendor/linux/include/acpi/acpi_bus.h,502,acpi_data_node.fwnode,"{""align"": null, ""c_type"": ""acpi_data_node"", ""field_name"": ""fwnode"", ""field_type"": ""struct fwnode_handle"", ""fields"": ""[{\""name\"": \""sibling\"", \""type\"": \""struct list_head\""}, {\""name\"": \""handle\"", \""type\"": \""acpi_handle\""}, {\""name\"": \""fwnode\"", \""type\"": \""struct fwnode_handle\""}, {\""name\"": \""data\"", \""type\"": \""struct acpi_device_data\""}, {\""name\"": \""kobj\"", \""type\"": \""struct kobject\""}, {\""name\"": \""kobj_done\"", \""type\"": \""struct completion\""}]"", ""header_file"": ""vendor/linux/include/acpi/acpi_bus.h"", ""line"": 502, ""size"": null, ""version_id"": ""6d35786de281""}",CORRECT,independent precision review of extracted fact source context; rank/score/ranker blinded,CORRECT,independent precision review of extracted fact source context; rank/score/ranker blinded,CORRECT,adjudicated precision sample from extractor output; separate from recall gold labels,
c-struct-field-0138,c_struct_fields,c_structs,6d35786de281,vendor/linux/include/acpi/acpi_bus.h,502,acpi_data_node.data,"{""align"": null, ""c_type"": ""acpi_data_node"", ""field_name"": ""data"", ""field_type"": ""struct acpi_device_data"", ""fields"": ""[{\""name\"": \""sibling\"", \""type\"": \""struct list_head\""}, {\""name\"": \""handle\"", \""type\"": \""acpi_handle\""}, {\""name\"": \""fwnode\"", \""type\"": \""struct fwnode_handle\""}, {\""name\"": \""data\"", \""type\"": \""struct acpi_device_data\""}, {\""name\"": \""kobj\"", \""type\"": \""struct kobject\""}, {\""name\"": \""kobj_done\"", \""type\"": \""struct completion\""}]"", ""header_file"": ""vendor/linux/include/acpi/acpi_bus.h"", ""line"": 502, ""size"": null, ""version_id"": ""6d35786de281""}",CORRECT,independent precision review of extracted fact source context; rank/score/ranker blinded,CORRECT,independent precision review of extracted fact source context; rank/score/ranker blinded,CORRECT,adjudicated precision sample from extractor output; separate from recall gold labels,
c-struct-field-0139,c_struct_fields,c_structs,6d35786de281,vendor/linux/include/acpi/acpi_bus.h,502,acpi_data_node.kobj,"{""align"": null, ""c_type"": ""acpi_data_node"", ""field_name"": ""kobj"", ""field_type"": ""struct kobject"", ""fields"": ""[{\""name\"": \""sibling\"", \""type\"": \""struct list_head\""}, {\""name\"": \""handle\"", \""type\"": \""acpi_handle\""}, {\""name\"": \""fwnode\"", \""type\"": \""struct fwnode_handle\""}, {\""name\"": \""data\"", \""type\"": \""struct acpi_device_data\""}, {\""name\"": \""kobj\"", \""type\"": \""struct kobject\""}, {\""name\"": \""kobj_done\"", \""type\"": \""struct completion\""}]"", ""header_file"": ""vendor/linux/include/acpi/acpi_bus.h"", ""line"": 502, ""size"": null, ""version_id"": ""6d35786de281""}",CORRECT,independent precision review of extracted fact source context; rank/score/ranker blinded,CORRECT,independent precision review of extracted fact source context; rank/score/ranker blinded,CORRECT,adjudicated precision sample from extractor output; separate from recall gold labels,
c-struct-field-0140,c_struct_fields,c_structs,6d35786de281,vendor/linux/include/acpi/acpi_bus.h,502,acpi_data_node.kobj_done,"{""align"": null, ""c_type"": ""acpi_data_node"", ""field_name"": ""kobj_done"", ""field_type"": ""struct completion"", ""fields"": ""[{\""name\"": \""sibling\"", \""type\"": \""struct list_head\""}, {\""name\"": \""handle\"", \""type\"": \""acpi_handle\""}, {\""name\"": \""fwnode\"", \""type\"": \""struct fwnode_handle\""}, {\""name\"": \""data\"", \""type\"": \""struct acpi_device_data\""}, {\""name\"": \""kobj\"", \""type\"": \""struct kobject\""}, {\""name\"": \""kobj_done\"", \""type\"": \""struct completion\""}]"", ""header_file"": ""vendor/linux/include/acpi/acpi_bus.h"", ""line"": 502, ""size"": null, ""version_id"": ""6d35786de281""}",CORRECT,independent precision review of extracted fact source context; rank/score/ranker blinded,CORRECT,independent precision review of extracted fact source context; rank/score/ranker blinded,CORRECT,adjudicated precision sample from extractor output; separate from recall gold labels,
c-struct-field-0141,c_struct_fields,c_structs,6d35786de281,vendor/linux/include/acpi/acpi_bus.h,610,acpi_bus_event.node,"{""align"": null, ""c_type"": ""acpi_bus_event"", ""field_name"": ""node"", ""field_type"": ""struct list_head"", ""fields"": ""[{\""name\"": \""node\"", \""type\"": \""struct list_head\""}, {\""name\"": \""device_class\"", \""type\"": \""acpi_device_class\""}, {\""name\"": \""bus_id\"", \""type\"": \""acpi_bus_id\""}, {\""name\"": \""type\"", \""type\"": \""u32\""}, {\""name\"": \""data\"", \""type\"": \""u32\""}]"", ""header_file"": ""vendor/linux/include/acpi/acpi_bus.h"", ""line"": 610, ""size"": null, ""version_id"": ""6d35786de281""}",CORRECT,independent precision review of extracted fact source context; rank/score/ranker blinded,CORRECT,independent precision review of extracted fact source context; rank/score/ranker blinded,CORRECT,adjudicated precision sample from extractor output; separate from recall gold labels,
c-struct-field-0142,c_struct_fields,c_structs,6d35786de281,vendor/linux/include/acpi/acpi_bus.h,610,acpi_bus_event.device_class,"{""align"": null, ""c_type"": ""acpi_bus_event"", ""field_name"": ""device_class"", ""field_type"": ""acpi_device_class"", ""fields"": ""[{\""name\"": \""node\"", \""type\"": \""struct list_head\""}, {\""name\"": \""device_class\"", \""type\"": \""acpi_device_class\""}, {\""name\"": \""bus_id\"", \""type\"": \""acpi_bus_id\""}, {\""name\"": \""type\"", \""type\"": \""u32\""}, {\""name\"": \""data\"", \""type\"": \""u32\""}]"", ""header_file"": ""vendor/linux/include/acpi/acpi_bus.h"", ""line"": 610, ""size"": null, ""version_id"": ""6d35786de281""}",CORRECT,independent precision review of extracted fact source context; rank/score/ranker blinded,CORRECT,independent precision review of extracted fact source context; rank/score/ranker blinded,CORRECT,adjudicated precision sample from extractor output; separate from recall gold labels,
c-struct-field-0143,c_struct_fields,c_structs,6d35786de281,vendor/linux/include/acpi/acpi_bus.h,610,acpi_bus_event.bus_id,"{""align"": null, ""c_type"": ""acpi_bus_event"", ""field_name"": ""bus_id"", ""field_type"": ""acpi_bus_id"", ""fields"": ""[{\""name\"": \""node\"", \""type\"": \""struct list_head\""}, {\""name\"": \""device_class\"", \""type\"": \""acpi_device_class\""}, {\""name\"": \""bus_id\"", \""type\"": \""acpi_bus_id\""}, {\""name\"": \""type\"", \""type\"": \""u32\""}, {\""name\"": \""data\"", \""type\"": \""u32\""}]"", ""header_file"": ""vendor/linux/include/acpi/acpi_bus.h"", ""line"": 610, ""size"": null, ""version_id"": ""6d35786de281""}",CORRECT,independent precision review of extracted fact source context; rank/score/ranker blinded,CORRECT,independent precision review of extracted fact source context; rank/score/ranker blinded,CORRECT,adjudicated precision sample from extractor output; separate from recall gold labels,
c-struct-field-0144,c_struct_fields,c_structs,6d35786de281,vendor/linux/include/acpi/acpi_bus.h,610,acpi_bus_event.type,"{""align"": null, ""c_type"": ""acpi_bus_event"", ""field_name"": ""type"", ""field_type"": ""u32"", ""fields"": ""[{\""name\"": \""node\"", \""type\"": \""struct list_head\""}, {\""name\"": \""device_class\"", \""type\"": \""acpi_device_class\""}, {\""name\"": \""bus_id\"", \""type\"": \""acpi_bus_id\""}, {\""name\"": \""type\"", \""type\"": \""u32\""}, {\""name\"": \""data\"", \""type\"": \""u32\""}]"", ""header_file"": ""vendor/linux/include/acpi/acpi_bus.h"", ""line"": 610, ""size"": null, ""version_id"": ""6d35786de281""}",CORRECT,independent precision review of extracted fact source context; rank/score/ranker blinded,CORRECT,independent precision review of extracted fact source context; rank/score/ranker blinded,CORRECT,adjudicated precision sample from extractor output; separate from recall gold labels,
c-struct-field-0145,c_struct_fields,c_structs,6d35786de281,vendor/linux/include/acpi/acpi_bus.h,610,acpi_bus_event.data,"{""align"": null, ""c_type"": ""acpi_bus_event"", ""field_name"": ""data"", ""field_type"": ""u32"", ""fields"": ""[{\""name\"": \""node\"", \""type\"": \""struct list_head\""}, {\""name\"": \""device_class\"", \""type\"": \""acpi_device_class\""}, {\""name\"": \""bus_id\"", \""type\"": \""acpi_bus_id\""}, {\""name\"": \""type\"", \""type\"": \""u32\""}, {\""name\"": \""data\"", \""type\"": \""u32\""}]"", ""header_file"": ""vendor/linux/include/acpi/acpi_bus.h"", ""line"": 610, ""size"": null, ""version_id"": ""6d35786de281""}",CORRECT,independent precision review of extracted fact source context; rank/score/ranker blinded,CORRECT,independent precision review of extracted fact source context; rank/score/ranker blinded,CORRECT,adjudicated precision sample from extractor output; separate from recall gold labels,
c-struct-field-0146,c_struct_fields,c_structs,6d35786de281,vendor/linux/include/acpi/acpi_bus.h,708,acpi_bus_type.list,"{""align"": null, ""c_type"": ""acpi_bus_type"", ""field_name"": ""list"", ""field_type"": ""struct list_head"", ""fields"": ""[{\""name\"": \""list\"", \""type\"": \""struct list_head\""}]"", ""header_file"": ""vendor/linux/include/acpi/acpi_bus.h"", ""line"": 708, ""size"": null, ""version_id"": ""6d35786de281""}",CORRECT,independent precision review of extracted fact source context; rank/score/ranker blinded,CORRECT,independent precision review of extracted fact source context; rank/score/ranker blinded,CORRECT,adjudicated precision sample from extractor output; separate from recall gold labels,
c-struct-field-0147,c_struct_fields,c_structs,6d35786de281,vendor/linux/include/acpi/acpi_bus.h,725,acpi_pci_root.device,"{""align"": null, ""c_type"": ""acpi_pci_root"", ""field_name"": ""device"", ""field_type"": ""struct acpi_device *"", ""fields"": ""[{\""name\"": \""device\"", \""type\"": \""struct acpi_device *\""}, {\""name\"": \""segment\"", \""type\"": \""u16\""}, {\""name\"": \""bridge_type\"", \""type\"": \""int\""}, {\""name\"": \""secondary\"", \""type\"": \""struct resource\""}, {\""name\"": \""osc_support_set\"", \""type\"": \""u32\""}, {\""name\"": \""osc_control_set\"", \""type\"": \""u32\""}, {\""name\"": \""osc_ext_support_set\"", \""type\"": \""u32\""}, {\""name\"": \""osc_ext_control_set\"", \""type\"": \""u32\""}, {\""name\"": \""mcfg_addr\"", \""type\"": \""phys_addr_t\""}]"", ""header_file"": ""vendor/linux/include/acpi/acpi_bus.h"", ""line"": 725, ""size"": null, ""version_id"": ""6d35786de281""}",CORRECT,independent precision review of extracted fact source context; rank/score/ranker blinded,CORRECT,independent precision review of extracted fact source context; rank/score/ranker blinded,CORRECT,adjudicated precision sample from extractor output; separate from recall gold labels,
c-struct-field-0148,c_struct_fields,c_structs,6d35786de281,vendor/linux/include/acpi/acpi_bus.h,725,acpi_pci_root.segment,"{""align"": null, ""c_type"": ""acpi_pci_root"", ""field_name"": ""segment"", ""field_type"": ""u16"", ""fields"": ""[{\""name\"": \""device\"", \""type\"": \""struct acpi_device *\""}, {\""name\"": \""segment\"", \""type\"": \""u16\""}, {\""name\"": \""bridge_type\"", \""type\"": \""int\""}, {\""name\"": \""secondary\"", \""type\"": \""struct resource\""}, {\""name\"": \""osc_support_set\"", \""type\"": \""u32\""}, {\""name\"": \""osc_control_set\"", \""type\"": \""u32\""}, {\""name\"": \""osc_ext_support_set\"", \""type\"": \""u32\""}, {\""name\"": \""osc_ext_control_set\"", \""type\"": \""u32\""}, {\""name\"": \""mcfg_addr\"", \""type\"": \""phys_addr_t\""}]"", ""header_file"": ""vendor/linux/include/acpi/acpi_bus.h"", ""line"": 725, ""size"": null, ""version_id"": ""6d35786de281""}",CORRECT,independent precision review of extracted fact source context; rank/score/ranker blinded,CORRECT,independent precision review of extracted fact source context; rank/score/ranker blinded,CORRECT,adjudicated precision sample from extractor output; separate from recall gold labels,
c-struct-field-0149,c_struct_fields,c_structs,6d35786de281,vendor/linux/include/acpi/acpi_bus.h,725,acpi_pci_root.bridge_type,"{""align"": null, ""c_type"": ""acpi_pci_root"", ""field_name"": ""bridge_type"", ""field_type"": ""int"", ""fields"": ""[{\""name\"": \""device\"", \""type\"": \""struct acpi_device *\""}, {\""name\"": \""segment\"", \""type\"": \""u16\""}, {\""name\"": \""bridge_type\"", \""type\"": \""int\""}, {\""name\"": \""secondary\"", \""type\"": \""struct resource\""}, {\""name\"": \""osc_support_set\"", \""type\"": \""u32\""}, {\""name\"": \""osc_control_set\"", \""type\"": \""u32\""}, {\""name\"": \""osc_ext_support_set\"", \""type\"": \""u32\""}, {\""name\"": \""osc_ext_control_set\"", \""type\"": \""u32\""}, {\""name\"": \""mcfg_addr\"", \""type\"": \""phys_addr_t\""}]"", ""header_file"": ""vendor/linux/include/acpi/acpi_bus.h"", ""line"": 725, ""size"": null, ""version_id"": ""6d35786de281""}",CORRECT,independent precision review of extracted fact source context; rank/score/ranker blinded,CORRECT,independent precision review of extracted fact source context; rank/score/ranker blinded,CORRECT,adjudicated precision sample from extractor output; separate from recall gold labels,
c-struct-field-0150,c_struct_fields,c_structs,6d35786de281,vendor/linux/include/acpi/acpi_bus.h,725,acpi_pci_root.secondary,"{""align"": null, ""c_type"": ""acpi_pci_root"", ""field_name"": ""secondary"", ""field_type"": ""struct resource"", ""fields"": ""[{\""name\"": \""device\"", \""type\"": \""struct acpi_device *\""}, {\""name\"": \""segment\"", \""type\"": \""u16\""}, {\""name\"": \""bridge_type\"", \""type\"": \""int\""}, {\""name\"": \""secondary\"", \""type\"": \""struct resource\""}, {\""name\"": \""osc_support_set\"", \""type\"": \""u32\""}, {\""name\"": \""osc_control_set\"", \""type\"": \""u32\""}, {\""name\"": \""osc_ext_support_set\"", \""type\"": \""u32\""}, {\""name\"": \""osc_ext_control_set\"", \""type\"": \""u32\""}, {\""name\"": \""mcfg_addr\"", \""type\"": \""phys_addr_t\""}]"", ""header_file"": ""vendor/linux/include/acpi/acpi_bus.h"", ""line"": 725, ""size"": null, ""version_id"": ""6d35786de281""}",CORRECT,independent precision review of extracted fact source context; rank/score/ranker blinded,CORRECT,independent precision review of extracted fact source context; rank/score/ranker blinded,CORRECT,adjudicated precision sample from extractor output; separate from recall gold labels,
c-struct-field-0151,c_struct_fields,c_structs,6d35786de281,vendor/linux/include/acpi/acpi_bus.h,725,acpi_pci_root.osc_support_set,"{""align"": null, ""c_type"": ""acpi_pci_root"", ""field_name"": ""osc_support_set"", ""field_type"": ""u32"", ""fields"": ""[{\""name\"": \""device\"", \""type\"": \""struct acpi_device *\""}, {\""name\"": \""segment\"", \""type\"": \""u16\""}, {\""name\"": \""bridge_type\"", \""type\"": \""int\""}, {\""name\"": \""secondary\"", \""type\"": \""struct resource\""}, {\""name\"": \""osc_support_set\"", \""type\"": \""u32\""}, {\""name\"": \""osc_control_set\"", \""type\"": \""u32\""}, {\""name\"": \""osc_ext_support_set\"", \""type\"": \""u32\""}, {\""name\"": \""osc_ext_control_set\"", \""type\"": \""u32\""}, {\""name\"": \""mcfg_addr\"", \""type\"": \""phys_addr_t\""}]"", ""header_file"": ""vendor/linux/include/acpi/acpi_bus.h"", ""line"": 725, ""size"": null, ""version_id"": ""6d35786de281""}",CORRECT,independent precision review of extracted fact source context; rank/score/ranker blinded,CORRECT,independent precision review of extracted fact source context; rank/score/ranker blinded,CORRECT,adjudicated precision sample from extractor output; separate from recall gold labels,
c-struct-field-0152,c_struct_fields,c_structs,6d35786de281,vendor/linux/include/acpi/acpi_bus.h,725,acpi_pci_root.osc_control_set,"{""align"": null, ""c_type"": ""acpi_pci_root"", ""field_name"": ""osc_control_set"", ""field_type"": ""u32"", ""fields"": ""[{\""name\"": \""device\"", \""type\"": \""struct acpi_device *\""}, {\""name\"": \""segment\"", \""type\"": \""u16\""}, {\""name\"": \""bridge_type\"", \""type\"": \""int\""}, {\""name\"": \""secondary\"", \""type\"": \""struct resource\""}, {\""name\"": \""osc_support_set\"", \""type\"": \""u32\""}, {\""name\"": \""osc_control_set\"", \""type\"": \""u32\""}, {\""name\"": \""osc_ext_support_set\"", \""type\"": \""u32\""}, {\""name\"": \""osc_ext_control_set\"", \""type\"": \""u32\""}, {\""name\"": \""mcfg_addr\"", \""type\"": \""phys_addr_t\""}]"", ""header_file"": ""vendor/linux/include/acpi/acpi_bus.h"", ""line"": 725, ""size"": null, ""version_id"": ""6d35786de281""}",CORRECT,independent precision review of extracted fact source context; rank/score/ranker blinded,CORRECT,independent precision review of extracted fact source context; rank/score/ranker blinded,CORRECT,adjudicated precision sample from extractor output; separate from recall gold labels,
c-struct-field-0153,c_struct_fields,c_structs,6d35786de281,vendor/linux/include/acpi/acpi_bus.h,725,acpi_pci_root.osc_ext_support_set,"{""align"": null, ""c_type"": ""acpi_pci_root"", ""field_name"": ""osc_ext_support_set"", ""field_type"": ""u32"", ""fields"": ""[{\""name\"": \""device\"", \""type\"": \""struct acpi_device *\""}, {\""name\"": \""segment\"", \""type\"": \""u16\""}, {\""name\"": \""bridge_type\"", \""type\"": \""int\""}, {\""name\"": \""secondary\"", \""type\"": \""struct resource\""}, {\""name\"": \""osc_support_set\"", \""type\"": \""u32\""}, {\""name\"": \""osc_control_set\"", \""type\"": \""u32\""}, {\""name\"": \""osc_ext_support_set\"", \""type\"": \""u32\""}, {\""name\"": \""osc_ext_control_set\"", \""type\"": \""u32\""}, {\""name\"": \""mcfg_addr\"", \""type\"": \""phys_addr_t\""}]"", ""header_file"": ""vendor/linux/include/acpi/acpi_bus.h"", ""line"": 725, ""size"": null, ""version_id"": ""6d35786de281""}",CORRECT,independent precision review of extracted fact source context; rank/score/ranker blinded,CORRECT,independent precision review of extracted fact source context; rank/score/ranker blinded,CORRECT,adjudicated precision sample from extractor output; separate from recall gold labels,
c-struct-field-0154,c_struct_fields,c_structs,6d35786de281,vendor/linux/include/acpi/acpi_bus.h,725,acpi_pci_root.osc_ext_control_set,"{""align"": null, ""c_type"": ""acpi_pci_root"", ""field_name"": ""osc_ext_control_set"", ""field_type"": ""u32"", ""fields"": ""[{\""name\"": \""device\"", \""type\"": \""struct acpi_device *\""}, {\""name\"": \""segment\"", \""type\"": \""u16\""}, {\""name\"": \""bridge_type\"", \""type\"": \""int\""}, {\""name\"": \""secondary\"", \""type\"": \""struct resource\""}, {\""name\"": \""osc_support_set\"", \""type\"": \""u32\""}, {\""name\"": \""osc_control_set\"", \""type\"": \""u32\""}, {\""name\"": \""osc_ext_support_set\"", \""type\"": \""u32\""}, {\""name\"": \""osc_ext_control_set\"", \""type\"": \""u32\""}, {\""name\"": \""mcfg_addr\"", \""type\"": \""phys_addr_t\""}]"", ""header_file"": ""vendor/linux/include/acpi/acpi_bus.h"", ""line"": 725, ""size"": null, ""version_id"": ""6d35786de281""}",CORRECT,independent precision review of extracted fact source context; rank/score/ranker blinded,CORRECT,independent precision review of extracted fact source context; rank/score/ranker blinded,CORRECT,adjudicated precision sample from extractor output; separate from recall gold labels,
c-struct-field-0155,c_struct_fields,c_structs,6d35786de281,vendor/linux/include/acpi/acpi_bus.h,725,acpi_pci_root.mcfg_addr,"{""align"": null, ""c_type"": ""acpi_pci_root"", ""field_name"": ""mcfg_addr"", ""field_type"": ""phys_addr_t"", ""fields"": ""[{\""name\"": \""device\"", \""type\"": \""struct acpi_device *\""}, {\""name\"": \""segment\"", \""type\"": \""u16\""}, {\""name\"": \""bridge_type\"", \""type\"": \""int\""}, {\""name\"": \""secondary\"", \""type\"": \""struct resource\""}, {\""name\"": \""osc_support_set\"", \""type\"": \""u32\""}, {\""name\"": \""osc_control_set\"", \""type\"": \""u32\""}, {\""name\"": \""osc_ext_support_set\"", \""type\"": \""u32\""}, {\""name\"": \""osc_ext_control_set\"", \""type\"": \""u32\""}, {\""name\"": \""mcfg_addr\"", \""type\"": \""phys_addr_t\""}]"", ""header_file"": ""vendor/linux/include/acpi/acpi_bus.h"", ""line"": 725, ""size"": null, ""version_id"": ""6d35786de281""}",CORRECT,independent precision review of extracted fact source context; rank/score/ranker blinded,CORRECT,independent precision review of extracted fact source context; rank/score/ranker blinded,CORRECT,adjudicated precision sample from extractor output; separate from recall gold labels,
c-struct-field-0156,c_struct_fields,c_structs,6d35786de281,vendor/linux/include/acpi/acpi_lpat.h,11,acpi_lpat.temp,"{""align"": null, ""c_type"": ""acpi_lpat"", ""field_name"": ""temp"", ""field_type"": ""int"", ""fields"": ""[{\""name\"": \""temp\"", \""type\"": \""int\""}, {\""name\"": \""raw\"", \""type\"": \""int\""}]"", ""header_file"": ""vendor/linux/include/acpi/acpi_lpat.h"", ""line"": 11, ""size"": null, ""version_id"": ""6d35786de281""}",CORRECT,independent precision review of extracted fact source context; rank/score/ranker blinded,CORRECT,independent precision review of extracted fact source context; rank/score/ranker blinded,CORRECT,adjudicated precision sample from extractor output; separate from recall gold labels,
c-struct-field-0157,c_struct_fields,c_structs,6d35786de281,vendor/linux/include/acpi/acpi_lpat.h,11,acpi_lpat.raw,"{""align"": null, ""c_type"": ""acpi_lpat"", ""field_name"": ""raw"", ""field_type"": ""int"", ""fields"": ""[{\""name\"": \""temp\"", \""type\"": \""int\""}, {\""name\"": \""raw\"", \""type\"": \""int\""}]"", ""header_file"": ""vendor/linux/include/acpi/acpi_lpat.h"", ""line"": 11, ""size"": null, ""version_id"": ""6d35786de281""}",CORRECT,independent precision review of extracted fact source context; rank/score/ranker blinded,CORRECT,independent precision review of extracted fact source context; rank/score/ranker blinded,CORRECT,adjudicated precision sample from extractor output; separate from recall gold labels,
c-struct-field-0158,c_struct_fields,c_structs,6d35786de281,vendor/linux/include/acpi/acpi_lpat.h,16,acpi_lpat_conversion_table.lpat_count,"{""align"": null, ""c_type"": ""acpi_lpat_conversion_table"", ""field_name"": ""lpat_count"", ""field_type"": ""int"", ""fields"": ""[{\""name\"": \""lpat_count\"", \""type\"": \""int\""}]"", ""header_file"": ""vendor/linux/include/acpi/acpi_lpat.h"", ""line"": 16, ""size"": null, ""version_id"": ""6d35786de281""}",CORRECT,independent precision review of extracted fact source context; rank/score/ranker blinded,CORRECT,independent precision review of extracted fact source context; rank/score/ranker blinded,CORRECT,adjudicated precision sample from extractor output; separate from recall gold labels,
c-struct-field-0159,c_struct_fields,c_structs,6d35786de281,vendor/linux/include/acpi/acpiosxf.h,38,acpi_signal_fatal_info.type,"{""align"": null, ""c_type"": ""acpi_signal_fatal_info"", ""field_name"": ""type"", ""field_type"": ""u32"", ""fields"": ""[{\""name\"": \""type\"", \""type\"": \""u32\""}, {\""name\"": \""code\"", \""type\"": \""u32\""}, {\""name\"": \""argument\"", \""type\"": \""u32\""}]"", ""header_file"": ""vendor/linux/include/acpi/acpiosxf.h"", ""line"": 38, ""size"": null, ""version_id"": ""6d35786de281""}",CORRECT,independent precision review of extracted fact source context; rank/score/ranker blinded,CORRECT,independent precision review of extracted fact source context; rank/score/ranker blinded,CORRECT,adjudicated precision sample from extractor output; separate from recall gold labels,
c-struct-field-0160,c_struct_fields,c_structs,6d35786de281,vendor/linux/include/acpi/acpiosxf.h,38,acpi_signal_fatal_info.code,"{""align"": null, ""c_type"": ""acpi_signal_fatal_info"", ""field_name"": ""code"", ""field_type"": ""u32"", ""fields"": ""[{\""name\"": \""type\"", \""type\"": \""u32\""}, {\""name\"": \""code\"", \""type\"": \""u32\""}, {\""name\"": \""argument\"", \""type\"": \""u32\""}]"", ""header_file"": ""vendor/linux/include/acpi/acpiosxf.h"", ""line"": 38, ""size"": null, ""version_id"": ""6d35786de281""}",CORRECT,independent precision review of extracted fact source context; rank/score/ranker blinded,CORRECT,independent precision review of extracted fact source context; rank/score/ranker blinded,CORRECT,adjudicated precision sample from extractor output; separate from recall gold labels,
c-struct-field-0161,c_struct_fields,c_structs,6d35786de281,vendor/linux/include/acpi/acpiosxf.h,38,acpi_signal_fatal_info.argument,"{""align"": null, ""c_type"": ""acpi_signal_fatal_info"", ""field_name"": ""argument"", ""field_type"": ""u32"", ""fields"": ""[{\""name\"": \""type\"", \""type\"": \""u32\""}, {\""name\"": \""code\"", \""type\"": \""u32\""}, {\""name\"": \""argument\"", \""type\"": \""u32\""}]"", ""header_file"": ""vendor/linux/include/acpi/acpiosxf.h"", ""line"": 38, ""size"": null, ""version_id"": ""6d35786de281""}",CORRECT,independent precision review of extracted fact source context; rank/score/ranker blinded,CORRECT,independent precision review of extracted fact source context; rank/score/ranker blinded,CORRECT,adjudicated precision sample from extractor output; separate from recall gold labels,
c-struct-field-0162,c_struct_fields,c_structs,6d35786de281,vendor/linux/include/acpi/acrestyp.h,126,acpi_uuid.data,"{""align"": null, ""c_type"": ""acpi_uuid"", ""field_name"": ""data"", ""field_type"": ""u8"", ""fields"": ""[{\""name\"": \""data\"", \""type\"": \""u8\""}]"", ""header_file"": ""vendor/linux/include/acpi/acrestyp.h"", ""line"": 126, ""size"": null, ""version_id"": ""6d35786de281""}",CORRECT,independent precision review of extracted fact source context; rank/score/ranker blinded,CORRECT,independent precision review of extracted fact source context; rank/score/ranker blinded,CORRECT,adjudicated precision sample from extractor output; separate from recall gold labels,
c-struct-field-0163,c_struct_fields,c_structs,6d35786de281,vendor/linux/include/acpi/acrestyp.h,130,acpi_vendor_uuid.subtype,"{""align"": null, ""c_type"": ""acpi_vendor_uuid"", ""field_name"": ""subtype"", ""field_type"": ""u8"", ""fields"": ""[{\""name\"": \""subtype\"", \""type\"": \""u8\""}, {\""name\"": \""data\"", \""type\"": \""u8\""}]"", ""header_file"": ""vendor/linux/include/acpi/acrestyp.h"", ""line"": 130, ""size"": null, ""version_id"": ""6d35786de281""}",CORRECT,independent precision review of extracted fact source context; rank/score/ranker blinded,CORRECT,independent precision review of extracted fact source context; rank/score/ranker blinded,CORRECT,adjudicated precision sample from extractor output; separate from recall gold labels,
c-struct-field-0164,c_struct_fields,c_structs,6d35786de281,vendor/linux/include/acpi/acrestyp.h,130,acpi_vendor_uuid.data,"{""align"": null, ""c_type"": ""acpi_vendor_uuid"", ""field_name"": ""data"", ""field_type"": ""u8"", ""fields"": ""[{\""name\"": \""subtype\"", \""type\"": \""u8\""}, {\""name\"": \""data\"", \""type\"": \""u8\""}]"", ""header_file"": ""vendor/linux/include/acpi/acrestyp.h"", ""line"": 130, ""size"": null, ""version_id"": ""6d35786de281""}",CORRECT,independent precision review of extracted fact source context; rank/score/ranker blinded,CORRECT,independent precision review of extracted fact source context; rank/score/ranker blinded,CORRECT,adjudicated precision sample from extractor output; separate from recall gold labels,
c-struct-field-0165,c_struct_fields,c_structs,6d35786de281,vendor/linux/include/acpi/acrestyp.h,138,acpi_resource_irq.descriptor_length,"{""align"": null, ""c_type"": ""acpi_resource_irq"", ""field_name"": ""descriptor_length"", ""field_type"": ""u8"", ""fields"": ""[{\""name\"": \""descriptor_length\"", \""type\"": \""u8\""}, {\""name\"": \""triggering\"", \""type\"": \""u8\""}, {\""name\"": \""polarity\"", \""type\"": \""u8\""}, {\""name\"": \""shareable\"", \""type\"": \""u8\""}, {\""name\"": \""wake_capable\"", \""type\"": \""u8\""}, {\""name\"": \""interrupt_count\"", \""type\"": \""u8\""}, {\""name\"": \""interrupt\"", \""type\"": \""u8\""}]"", ""header_file"": ""vendor/linux/include/acpi/acrestyp.h"", ""line"": 138, ""size"": null, ""version_id"": ""6d35786de281""}",CORRECT,independent precision review of extracted fact source context; rank/score/ranker blinded,CORRECT,independent precision review of extracted fact source context; rank/score/ranker blinded,CORRECT,adjudicated precision sample from extractor output; separate from recall gold labels,
c-struct-field-0166,c_struct_fields,c_structs,6d35786de281,vendor/linux/include/acpi/acrestyp.h,138,acpi_resource_irq.triggering,"{""align"": null, ""c_type"": ""acpi_resource_irq"", ""field_name"": ""triggering"", ""field_type"": ""u8"", ""fields"": ""[{\""name\"": \""descriptor_length\"", \""type\"": \""u8\""}, {\""name\"": \""triggering\"", \""type\"": \""u8\""}, {\""name\"": \""polarity\"", \""type\"": \""u8\""}, {\""name\"": \""shareable\"", \""type\"": \""u8\""}, {\""name\"": \""wake_capable\"", \""type\"": \""u8\""}, {\""name\"": \""interrupt_count\"", \""type\"": \""u8\""}, {\""name\"": \""interrupt\"", \""type\"": \""u8\""}]"", ""header_file"": ""vendor/linux/include/acpi/acrestyp.h"", ""line"": 138, ""size"": null, ""version_id"": ""6d35786de281""}",CORRECT,independent precision review of extracted fact source context; rank/score/ranker blinded,CORRECT,independent precision review of extracted fact source context; rank/score/ranker blinded,CORRECT,adjudicated precision sample from extractor output; separate from recall gold labels,
c-struct-field-0167,c_struct_fields,c_structs,6d35786de281,vendor/linux/include/acpi/acrestyp.h,138,acpi_resource_irq.polarity,"{""align"": null, ""c_type"": ""acpi_resource_irq"", ""field_name"": ""polarity"", ""field_type"": ""u8"", ""fields"": ""[{\""name\"": \""descriptor_length\"", \""type\"": \""u8\""}, {\""name\"": \""triggering\"", \""type\"": \""u8\""}, {\""name\"": \""polarity\"", \""type\"": \""u8\""}, {\""name\"": \""shareable\"", \""type\"": \""u8\""}, {\""name\"": \""wake_capable\"", \""type\"": \""u8\""}, {\""name\"": \""interrupt_count\"", \""type\"": \""u8\""}, {\""name\"": \""interrupt\"", \""type\"": \""u8\""}]"", ""header_file"": ""vendor/linux/include/acpi/acrestyp.h"", ""line"": 138, ""size"": null, ""version_id"": ""6d35786de281""}",CORRECT,independent precision review of extracted fact source context; rank/score/ranker blinded,CORRECT,independent precision review of extracted fact source context; rank/score/ranker blinded,CORRECT,adjudicated precision sample from extractor output; separate from recall gold labels,
c-struct-field-0168,c_struct_fields,c_structs,6d35786de281,vendor/linux/include/acpi/acrestyp.h,138,acpi_resource_irq.shareable,"{""align"": null, ""c_type"": ""acpi_resource_irq"", ""field_name"": ""shareable"", ""field_type"": ""u8"", ""fields"": ""[{\""name\"": \""descriptor_length\"", \""type\"": \""u8\""}, {\""name\"": \""triggering\"", \""type\"": \""u8\""}, {\""name\"": \""polarity\"", \""type\"": \""u8\""}, {\""name\"": \""shareable\"", \""type\"": \""u8\""}, {\""name\"": \""wake_capable\"", \""type\"": \""u8\""}, {\""name\"": \""interrupt_count\"", \""type\"": \""u8\""}, {\""name\"": \""interrupt\"", \""type\"": \""u8\""}]"", ""header_file"": ""vendor/linux/include/acpi/acrestyp.h"", ""line"": 138, ""size"": null, ""version_id"": ""6d35786de281""}",CORRECT,independent precision review of extracted fact source context; rank/score/ranker blinded,CORRECT,independent precision review of extracted fact source context; rank/score/ranker blinded,CORRECT,adjudicated precision sample from extractor output; separate from recall gold labels,
c-struct-field-0169,c_struct_fields,c_structs,6d35786de281,vendor/linux/include/acpi/acrestyp.h,138,acpi_resource_irq.wake_capable,"{""align"": null, ""c_type"": ""acpi_resource_irq"", ""field_name"": ""wake_capable"", ""field_type"": ""u8"", ""fields"": ""[{\""name\"": \""descriptor_length\"", \""type\"": \""u8\""}, {\""name\"": \""triggering\"", \""type\"": \""u8\""}, {\""name\"": \""polarity\"", \""type\"": \""u8\""}, {\""name\"": \""shareable\"", \""type\"": \""u8\""}, {\""name\"": \""wake_capable\"", \""type\"": \""u8\""}, {\""name\"": \""interrupt_count\"", \""type\"": \""u8\""}, {\""name\"": \""interrupt\"", \""type\"": \""u8\""}]"", ""header_file"": ""vendor/linux/include/acpi/acrestyp.h"", ""line"": 138, ""size"": null, ""version_id"": ""6d35786de281""}",CORRECT,independent precision review of extracted fact source context; rank/score/ranker blinded,CORRECT,independent precision review of extracted fact source context; rank/score/ranker blinded,CORRECT,adjudicated precision sample from extractor output; separate from recall gold labels,
c-struct-field-0170,c_struct_fields,c_structs,6d35786de281,vendor/linux/include/acpi/acrestyp.h,138,acpi_resource_irq.interrupt_count,"{""align"": null, ""c_type"": ""acpi_resource_irq"", ""field_name"": ""interrupt_count"", ""field_type"": ""u8"", ""fields"": ""[{\""name\"": \""descriptor_length\"", \""type\"": \""u8\""}, {\""name\"": \""triggering\"", \""type\"": \""u8\""}, {\""name\"": \""polarity\"", \""type\"": \""u8\""}, {\""name\"": \""shareable\"", \""type\"": \""u8\""}, {\""name\"": \""wake_capable\"", \""type\"": \""u8\""}, {\""name\"": \""interrupt_count\"", \""type\"": \""u8\""}, {\""name\"": \""interrupt\"", \""type\"": \""u8\""}]"", ""header_file"": ""vendor/linux/include/acpi/acrestyp.h"", ""line"": 138, ""size"": null, ""version_id"": ""6d35786de281""}",CORRECT,independent precision review of extracted fact source context; rank/score/ranker blinded,CORRECT,independent precision review of extracted fact source context; rank/score/ranker blinded,CORRECT,adjudicated precision sample from extractor output; separate from recall gold labels,
c-struct-field-0171,c_struct_fields,c_structs,6d35786de281,vendor/linux/include/acpi/acrestyp.h,138,acpi_resource_irq.interrupt,"{""align"": null, ""c_type"": ""acpi_resource_irq"", ""field_name"": ""interrupt"", ""field_type"": ""u8"", ""fields"": ""[{\""name\"": \""descriptor_length\"", \""type\"": \""u8\""}, {\""name\"": \""triggering\"", \""type\"": \""u8\""}, {\""name\"": \""polarity\"", \""type\"": \""u8\""}, {\""name\"": \""shareable\"", \""type\"": \""u8\""}, {\""name\"": \""wake_capable\"", \""type\"": \""u8\""}, {\""name\"": \""interrupt_count\"", \""type\"": \""u8\""}, {\""name\"": \""interrupt\"", \""type\"": \""u8\""}]"", ""header_file"": ""vendor/linux/include/acpi/acrestyp.h"", ""line"": 138, ""size"": null, ""version_id"": ""6d35786de281""}",CORRECT,independent precision review of extracted fact source context; rank/score/ranker blinded,CORRECT,independent precision review of extracted fact source context; rank/score/ranker blinded,CORRECT,adjudicated precision sample from extractor output; separate from recall gold labels,
c-struct-field-0172,c_struct_fields,c_structs,6d35786de281,vendor/linux/include/acpi/acrestyp.h,151,acpi_resource_dma.type,"{""align"": null, ""c_type"": ""acpi_resource_dma"", ""field_name"": ""type"", ""field_type"": ""u8"", ""fields"": ""[{\""name\"": \""type\"", \""type\"": \""u8\""}, {\""name\"": \""bus_master\"", \""type\"": \""u8\""}, {\""name\"": \""transfer\"", \""type\"": \""u8\""}, {\""name\"": \""channel_count\"", \""type\"": \""u8\""}, {\""name\"": \""channel\"", \""type\"": \""u8\""}]"", ""header_file"": ""vendor/linux/include/acpi/acrestyp.h"", ""line"": 151, ""size"": null, ""version_id"": ""6d35786de281""}",CORRECT,independent precision review of extracted fact source context; rank/score/ranker blinded,CORRECT,independent precision review of extracted fact source context; rank/score/ranker blinded,CORRECT,adjudicated precision sample from extractor output; separate from recall gold labels,
c-struct-field-0173,c_struct_fields,c_structs,6d35786de281,vendor/linux/include/acpi/acrestyp.h,151,acpi_resource_dma.bus_master,"{""align"": null, ""c_type"": ""acpi_resource_dma"", ""field_name"": ""bus_master"", ""field_type"": ""u8"", ""fields"": ""[{\""name\"": \""type\"", \""type\"": \""u8\""}, {\""name\"": \""bus_master\"", \""type\"": \""u8\""}, {\""name\"": \""transfer\"", \""type\"": \""u8\""}, {\""name\"": \""channel_count\"", \""type\"": \""u8\""}, {\""name\"": \""channel\"", \""type\"": \""u8\""}]"", ""header_file"": ""vendor/linux/include/acpi/acrestyp.h"", ""line"": 151, ""size"": null, ""version_id"": ""6d35786de281""}",CORRECT,independent precision review of extracted fact source context; rank/score/ranker blinded,CORRECT,independent precision review of extracted fact source context; rank/score/ranker blinded,CORRECT,adjudicated precision sample from extractor output; separate from recall gold labels,
c-struct-field-0174,c_struct_fields,c_structs,6d35786de281,vendor/linux/include/acpi/acrestyp.h,151,acpi_resource_dma.transfer,"{""align"": null, ""c_type"": ""acpi_resource_dma"", ""field_name"": ""transfer"", ""field_type"": ""u8"", ""fields"": ""[{\""name\"": \""type\"", \""type\"": \""u8\""}, {\""name\"": \""bus_master\"", \""type\"": \""u8\""}, {\""name\"": \""transfer\"", \""type\"": \""u8\""}, {\""name\"": \""channel_count\"", \""type\"": \""u8\""}, {\""name\"": \""channel\"", \""type\"": \""u8\""}]"", ""header_file"": ""vendor/linux/include/acpi/acrestyp.h"", ""line"": 151, ""size"": null, ""version_id"": ""6d35786de281""}",CORRECT,independent precision review of extracted fact source context; rank/score/ranker blinded,CORRECT,independent precision review of extracted fact source context; rank/score/ranker blinded,CORRECT,adjudicated precision sample from extractor output; separate from recall gold labels,
c-struct-field-0175,c_struct_fields,c_structs,6d35786de281,vendor/linux/include/acpi/acrestyp.h,151,acpi_resource_dma.channel_count,"{""align"": null, ""c_type"": ""acpi_resource_dma"", ""field_name"": ""channel_count"", ""field_type"": ""u8"", ""fields"": ""[{\""name\"": \""type\"", \""type\"": \""u8\""}, {\""name\"": \""bus_master\"", \""type\"": \""u8\""}, {\""name\"": \""transfer\"", \""type\"": \""u8\""}, {\""name\"": \""channel_count\"", \""type\"": \""u8\""}, {\""name\"": \""channel\"", \""type\"": \""u8\""}]"", ""header_file"": ""vendor/linux/include/acpi/acrestyp.h"", ""line"": 151, ""size"": null, ""version_id"": ""6d35786de281""}",CORRECT,independent precision review of extracted fact source context; rank/score/ranker blinded,CORRECT,independent precision review of extracted fact source context; rank/score/ranker blinded,CORRECT,adjudicated precision sample from extractor output; separate from recall gold labels,
c-struct-field-0176,c_struct_fields,c_structs,6d35786de281,vendor/linux/include/acpi/acrestyp.h,151,acpi_resource_dma.channel,"{""align"": null, ""c_type"": ""acpi_resource_dma"", ""field_name"": ""channel"", ""field_type"": ""u8"", ""fields"": ""[{\""name\"": \""type\"", \""type\"": \""u8\""}, {\""name\"": \""bus_master\"", \""type\"": \""u8\""}, {\""name\"": \""transfer\"", \""type\"": \""u8\""}, {\""name\"": \""channel_count\"", \""type\"": \""u8\""}, {\""name\"": \""channel\"", \""type\"": \""u8\""}]"", ""header_file"": ""vendor/linux/include/acpi/acrestyp.h"", ""line"": 151, ""size"": null, ""version_id"": ""6d35786de281""}",CORRECT,independent precision review of extracted fact source context; rank/score/ranker blinded,CORRECT,independent precision review of extracted fact source context; rank/score/ranker blinded,CORRECT,adjudicated precision sample from extractor output; separate from recall gold labels,
c-struct-field-0177,c_struct_fields,c_structs,6d35786de281,vendor/linux/include/acpi/acrestyp.h,162,acpi_resource_start_dependent.descriptor_length,"{""align"": null, ""c_type"": ""acpi_resource_start_dependent"", ""field_name"": ""descriptor_length"", ""field_type"": ""u8"", ""fields"": ""[{\""name\"": \""descriptor_length\"", \""type\"": \""u8\""}, {\""name\"": \""compatibility_priority\"", \""type\"": \""u8\""}, {\""name\"": \""performance_robustness\"", \""type\"": \""u8\""}]"", ""header_file"": ""vendor/linux/include/acpi/acrestyp.h"", ""line"": 162, ""size"": null, ""version_id"": ""6d35786de281""}",CORRECT,independent precision review of extracted fact source context; rank/score/ranker blinded,CORRECT,independent precision review of extracted fact source context; rank/score/ranker blinded,CORRECT,adjudicated precision sample from extractor output; separate from recall gold labels,
c-struct-field-0178,c_struct_fields,c_structs,6d35786de281,vendor/linux/include/acpi/acrestyp.h,162,acpi_resource_start_dependent.compatibility_priority,"{""align"": null, ""c_type"": ""acpi_resource_start_dependent"", ""field_name"": ""compatibility_priority"", ""field_type"": ""u8"", ""fields"": ""[{\""name\"": \""descriptor_length\"", \""type\"": \""u8\""}, {\""name\"": \""compatibility_priority\"", \""type\"": \""u8\""}, {\""name\"": \""performance_robustness\"", \""type\"": \""u8\""}]"", ""header_file"": ""vendor/linux/include/acpi/acrestyp.h"", ""line"": 162, ""size"": null, ""version_id"": ""6d35786de281""}",CORRECT,independent precision review of extracted fact source context; rank/score/ranker blinded,CORRECT,independent precision review of extracted fact source context; rank/score/ranker blinded,CORRECT,adjudicated precision sample from extractor output; separate from recall gold labels,
c-struct-field-0179,c_struct_fields,c_structs,6d35786de281,vendor/linux/include/acpi/acrestyp.h,162,acpi_resource_start_dependent.performance_robustness,"{""align"": null, ""c_type"": ""acpi_resource_start_dependent"", ""field_name"": ""performance_robustness"", ""field_type"": ""u8"", ""fields"": ""[{\""name\"": \""descriptor_length\"", \""type\"": \""u8\""}, {\""name\"": \""compatibility_priority\"", \""type\"": \""u8\""}, {\""name\"": \""performance_robustness\"", \""type\"": \""u8\""}]"", ""header_file"": ""vendor/linux/include/acpi/acrestyp.h"", ""line"": 162, ""size"": null, ""version_id"": ""6d35786de281""}",CORRECT,independent precision review of extracted fact source context; rank/score/ranker blinded,CORRECT,independent precision review of extracted fact source context; rank/score/ranker blinded,CORRECT,adjudicated precision sample from extractor output; separate from recall gold labels,
c-struct-field-0180,c_struct_fields,c_structs,6d35786de281,vendor/linux/include/acpi/acrestyp.h,173,acpi_resource_io.io_decode,"{""align"": null, ""c_type"": ""acpi_resource_io"", ""field_name"": ""io_decode"", ""field_type"": ""u8"", ""fields"": ""[{\""name\"": \""io_decode\"", \""type\"": \""u8\""}, {\""name\"": \""alignment\"", \""type\"": \""u8\""}, {\""name\"": \""address_length\"", \""type\"": \""u8\""}, {\""name\"": \""minimum\"", \""type\"": \""u16\""}, {\""name\"": \""maximum\"", \""type\"": \""u16\""}]"", ""header_file"": ""vendor/linux/include/acpi/acrestyp.h"", ""line"": 173, ""size"": null, ""version_id"": ""6d35786de281""}",CORRECT,independent precision review of extracted fact source context; rank/score/ranker blinded,CORRECT,independent precision review of extracted fact source context; rank/score/ranker blinded,CORRECT,adjudicated precision sample from extractor output; separate from recall gold labels,
c-struct-field-0181,c_struct_fields,c_structs,6d35786de281,vendor/linux/include/acpi/acrestyp.h,173,acpi_resource_io.alignment,"{""align"": null, ""c_type"": ""acpi_resource_io"", ""field_name"": ""alignment"", ""field_type"": ""u8"", ""fields"": ""[{\""name\"": \""io_decode\"", \""type\"": \""u8\""}, {\""name\"": \""alignment\"", \""type\"": \""u8\""}, {\""name\"": \""address_length\"", \""type\"": \""u8\""}, {\""name\"": \""minimum\"", \""type\"": \""u16\""}, {\""name\"": \""maximum\"", \""type\"": \""u16\""}]"", ""header_file"": ""vendor/linux/include/acpi/acrestyp.h"", ""line"": 173, ""size"": null, ""version_id"": ""6d35786de281""}",CORRECT,independent precision review of extracted fact source context; rank/score/ranker blinded,CORRECT,independent precision review of extracted fact source context; rank/score/ranker blinded,CORRECT,adjudicated precision sample from extractor output; separate from recall gold labels,
c-struct-field-0182,c_struct_fields,c_structs,6d35786de281,vendor/linux/include/acpi/acrestyp.h,173,acpi_resource_io.address_length,"{""align"": null, ""c_type"": ""acpi_resource_io"", ""field_name"": ""address_length"", ""field_type"": ""u8"", ""fields"": ""[{\""name\"": \""io_decode\"", \""type\"": \""u8\""}, {\""name\"": \""alignment\"", \""type\"": \""u8\""}, {\""name\"": \""address_length\"", \""type\"": \""u8\""}, {\""name\"": \""minimum\"", \""type\"": \""u16\""}, {\""name\"": \""maximum\"", \""type\"": \""u16\""}]"", ""header_file"": ""vendor/linux/include/acpi/acrestyp.h"", ""line"": 173, ""size"": null, ""version_id"": ""6d35786de281""}",CORRECT,independent precision review of extracted fact source context; rank/score/ranker blinded,CORRECT,independent precision review of extracted fact source context; rank/score/ranker blinded,CORRECT,adjudicated precision sample from extractor output; separate from recall gold labels,
c-struct-field-0183,c_struct_fields,c_structs,6d35786de281,vendor/linux/include/acpi/acrestyp.h,173,acpi_resource_io.minimum,"{""align"": null, ""c_type"": ""acpi_resource_io"", ""field_name"": ""minimum"", ""field_type"": ""u16"", ""fields"": ""[{\""name\"": \""io_decode\"", \""type\"": \""u8\""}, {\""name\"": \""alignment\"", \""type\"": \""u8\""}, {\""name\"": \""address_length\"", \""type\"": \""u8\""}, {\""name\"": \""minimum\"", \""type\"": \""u16\""}, {\""name\"": \""maximum\"", \""type\"": \""u16\""}]"", ""header_file"": ""vendor/linux/include/acpi/acrestyp.h"", ""line"": 173, ""size"": null, ""version_id"": ""6d35786de281""}",CORRECT,independent precision review of extracted fact source context; rank/score/ranker blinded,CORRECT,independent precision review of extracted fact source context; rank/score/ranker blinded,CORRECT,adjudicated precision sample from extractor output; separate from recall gold labels,
c-struct-field-0184,c_struct_fields,c_structs,6d35786de281,vendor/linux/include/acpi/acrestyp.h,173,acpi_resource_io.maximum,"{""align"": null, ""c_type"": ""acpi_resource_io"", ""field_name"": ""maximum"", ""field_type"": ""u16"", ""fields"": ""[{\""name\"": \""io_decode\"", \""type\"": \""u8\""}, {\""name\"": \""alignment\"", \""type\"": \""u8\""}, {\""name\"": \""address_length\"", \""type\"": \""u8\""}, {\""name\"": \""minimum\"", \""type\"": \""u16\""}, {\""name\"": \""maximum\"", \""type\"": \""u16\""}]"", ""header_file"": ""vendor/linux/include/acpi/acrestyp.h"", ""line"": 173, ""size"": null, ""version_id"": ""6d35786de281""}",CORRECT,independent precision review of extracted fact source context; rank/score/ranker blinded,CORRECT,independent precision review of extracted fact source context; rank/score/ranker blinded,CORRECT,adjudicated precision sample from extractor output; separate from recall gold labels,
c-struct-field-0185,c_struct_fields,c_structs,6d35786de281,vendor/linux/include/acpi/acrestyp.h,181,acpi_resource_fixed_io.address,"{""align"": null, ""c_type"": ""acpi_resource_fixed_io"", ""field_name"": ""address"", ""field_type"": ""u16"", ""fields"": ""[{\""name\"": \""address\"", \""type\"": \""u16\""}, {\""name\"": \""address_length\"", \""type\"": \""u8\""}]"", ""header_file"": ""vendor/linux/include/acpi/acrestyp.h"", ""line"": 181, ""size"": null, ""version_id"": ""6d35786de281""}",CORRECT,independent precision review of extracted fact source context; rank/score/ranker blinded,CORRECT,independent precision review of extracted fact source context; rank/score/ranker blinded,CORRECT,adjudicated precision sample from extractor output; separate from recall gold labels,
c-struct-field-0186,c_struct_fields,c_structs,6d35786de281,vendor/linux/include/acpi/acrestyp.h,181,acpi_resource_fixed_io.address_length,"{""align"": null, ""c_type"": ""acpi_resource_fixed_io"", ""field_name"": ""address_length"", ""field_type"": ""u8"", ""fields"": ""[{\""name\"": \""address\"", \""type\"": \""u16\""}, {\""name\"": \""address_length\"", \""type\"": \""u8\""}]"", ""header_file"": ""vendor/linux/include/acpi/acrestyp.h"", ""line"": 181, ""size"": null, ""version_id"": ""6d35786de281""}",CORRECT,independent precision review of extracted fact source context; rank/score/ranker blinded,CORRECT,independent precision review of extracted fact source context; rank/score/ranker blinded,CORRECT,adjudicated precision sample from extractor output; separate from recall gold labels,
c-struct-field-0187,c_struct_fields,c_structs,6d35786de281,vendor/linux/include/acpi/acrestyp.h,186,acpi_resource_fixed_dma.request_lines,"{""align"": null, ""c_type"": ""acpi_resource_fixed_dma"", ""field_name"": ""request_lines"", ""field_type"": ""u16"", ""fields"": ""[{\""name\"": \""request_lines\"", \""type\"": \""u16\""}, {\""name\"": \""channels\"", \""type\"": \""u16\""}, {\""name\"": \""width\"", \""type\"": \""u8\""}]"", ""header_file"": ""vendor/linux/include/acpi/acrestyp.h"", ""line"": 186, ""size"": null, ""version_id"": ""6d35786de281""}",CORRECT,independent precision review of extracted fact source context; rank/score/ranker blinded,CORRECT,independent precision review of extracted fact source context; rank/score/ranker blinded,CORRECT,adjudicated precision sample from extractor output; separate from recall gold labels,
c-struct-field-0188,c_struct_fields,c_structs,6d35786de281,vendor/linux/include/acpi/acrestyp.h,186,acpi_resource_fixed_dma.channels,"{""align"": null, ""c_type"": ""acpi_resource_fixed_dma"", ""field_name"": ""channels"", ""field_type"": ""u16"", ""fields"": ""[{\""name\"": \""request_lines\"", \""type\"": \""u16\""}, {\""name\"": \""channels\"", \""type\"": \""u16\""}, {\""name\"": \""width\"", \""type\"": \""u8\""}]"", ""header_file"": ""vendor/linux/include/acpi/acrestyp.h"", ""line"": 186, ""size"": null, ""version_id"": ""6d35786de281""}",CORRECT,independent precision review of extracted fact source context; rank/score/ranker blinded,CORRECT,independent precision review of extracted fact source context; rank/score/ranker blinded,CORRECT,adjudicated precision sample from extractor output; separate from recall gold labels,
c-struct-field-0189,c_struct_fields,c_structs,6d35786de281,vendor/linux/include/acpi/acrestyp.h,186,acpi_resource_fixed_dma.width,"{""align"": null, ""c_type"": ""acpi_resource_fixed_dma"", ""field_name"": ""width"", ""field_type"": ""u8"", ""fields"": ""[{\""name\"": \""request_lines\"", \""type\"": \""u16\""}, {\""name\"": \""channels\"", \""type\"": \""u16\""}, {\""name\"": \""width\"", \""type\"": \""u8\""}]"", ""header_file"": ""vendor/linux/include/acpi/acrestyp.h"", ""line"": 186, ""size"": null, ""version_id"": ""6d35786de281""}",CORRECT,independent precision review of extracted fact source context; rank/score/ranker blinded,CORRECT,independent precision review of extracted fact source context; rank/score/ranker blinded,CORRECT,adjudicated precision sample from extractor output; separate from recall gold labels,
c-struct-field-0190,c_struct_fields,c_structs,6d35786de281,vendor/linux/include/acpi/acrestyp.h,201,acpi_resource_vendor.byte_length,"{""align"": null, ""c_type"": ""acpi_resource_vendor"", ""field_name"": ""byte_length"", ""field_type"": ""u16"", ""fields"": ""[{\""name\"": \""byte_length\"", \""type\"": \""u16\""}]"", ""header_file"": ""vendor/linux/include/acpi/acrestyp.h"", ""line"": 201, ""size"": null, ""version_id"": ""6d35786de281""}",CORRECT,independent precision review of extracted fact source context; rank/score/ranker blinded,CORRECT,independent precision review of extracted fact source context; rank/score/ranker blinded,CORRECT,adjudicated precision sample from extractor output; separate from recall gold labels,
c-struct-field-0191,c_struct_fields,c_structs,6d35786de281,vendor/linux/include/acpi/acrestyp.h,208,acpi_resource_vendor_typed.byte_length,"{""align"": null, ""c_type"": ""acpi_resource_vendor_typed"", ""field_name"": ""byte_length"", ""field_type"": ""u16"", ""fields"": ""[{\""name\"": \""byte_length\"", \""type\"": \""u16\""}, {\""name\"": \""uuid_subtype\"", \""type\"": \""u8\""}, {\""name\"": \""uuid\"", \""type\"": \""u8\""}]"", ""header_file"": ""vendor/linux/include/acpi/acrestyp.h"", ""line"": 208, ""size"": null, ""version_id"": ""6d35786de281""}",CORRECT,independent precision review of extracted fact source context; rank/score/ranker blinded,CORRECT,independent precision review of extracted fact source context; rank/score/ranker blinded,CORRECT,adjudicated precision sample from extractor output; separate from recall gold labels,
c-struct-field-0192,c_struct_fields,c_structs,6d35786de281,vendor/linux/include/acpi/acrestyp.h,208,acpi_resource_vendor_typed.uuid_subtype,"{""align"": null, ""c_type"": ""acpi_resource_vendor_typed"", ""field_name"": ""uuid_subtype"", ""field_type"": ""u8"", ""fields"": ""[{\""name\"": \""byte_length\"", \""type\"": \""u16\""}, {\""name\"": \""uuid_subtype\"", \""type\"": \""u8\""}, {\""name\"": \""uuid\"", \""type\"": \""u8\""}]"", ""header_file"": ""vendor/linux/include/acpi/acrestyp.h"", ""line"": 208, ""size"": null, ""version_id"": ""6d35786de281""}",CORRECT,independent precision review of extracted fact source context; rank/score/ranker blinded,CORRECT,independent precision review of extracted fact source context; rank/score/ranker blinded,CORRECT,adjudicated precision sample from extractor output; separate from recall gold labels,
c-struct-field-0193,c_struct_fields,c_structs,6d35786de281,vendor/linux/include/acpi/acrestyp.h,208,acpi_resource_vendor_typed.uuid,"{""align"": null, ""c_type"": ""acpi_resource_vendor_typed"", ""field_name"": ""uuid"", ""field_type"": ""u8"", ""fields"": ""[{\""name\"": \""byte_length\"", \""type\"": \""u16\""}, {\""name\"": \""uuid_subtype\"", \""type\"": \""u8\""}, {\""name\"": \""uuid\"", \""type\"": \""u8\""}]"", ""header_file"": ""vendor/linux/include/acpi/acrestyp.h"", ""line"": 208, ""size"": null, ""version_id"": ""6d35786de281""}",CORRECT,independent precision review of extracted fact source context; rank/score/ranker blinded,CORRECT,independent precision review of extracted fact source context; rank/score/ranker blinded,CORRECT,adjudicated precision sample from extractor output; separate from recall gold labels,
c-struct-field-0194,c_struct_fields,c_structs,6d35786de281,vendor/linux/include/acpi/acrestyp.h,215,acpi_resource_end_tag.checksum,"{""align"": null, ""c_type"": ""acpi_resource_end_tag"", ""field_name"": ""checksum"", ""field_type"": ""u8"", ""fields"": ""[{\""name\"": \""checksum\"", \""type\"": \""u8\""}]"", ""header_file"": ""vendor/linux/include/acpi/acrestyp.h"", ""line"": 215, ""size"": null, ""version_id"": ""6d35786de281""}",CORRECT,independent precision review of extracted fact source context; rank/score/ranker blinded,CORRECT,independent precision review of extracted fact source context; rank/score/ranker blinded,CORRECT,adjudicated precision sample from extractor output; separate from recall gold labels,
c-struct-field-0195,c_struct_fields,c_structs,6d35786de281,vendor/linux/include/acpi/acrestyp.h,219,acpi_resource_memory24.write_protect,"{""align"": null, ""c_type"": ""acpi_resource_memory24"", ""field_name"": ""write_protect"", ""field_type"": ""u8"", ""fields"": ""[{\""name\"": \""write_protect\"", \""type\"": \""u8\""}, {\""name\"": \""minimum\"", \""type\"": \""u16\""}, {\""name\"": \""maximum\"", \""type\"": \""u16\""}, {\""name\"": \""alignment\"", \""type\"": \""u16\""}, {\""name\"": \""address_length\"", \""type\"": \""u16\""}]"", ""header_file"": ""vendor/linux/include/acpi/acrestyp.h"", ""line"": 219, ""size"": null, ""version_id"": ""6d35786de281""}",CORRECT,independent precision review of extracted fact source context; rank/score/ranker blinded,CORRECT,independent precision review of extracted fact source context; rank/score/ranker blinded,CORRECT,adjudicated precision sample from extractor output; separate from recall gold labels,
c-struct-field-0196,c_struct_fields,c_structs,6d35786de281,vendor/linux/include/acpi/acrestyp.h,219,acpi_resource_memory24.minimum,"{""align"": null, ""c_type"": ""acpi_resource_memory24"", ""field_name"": ""minimum"", ""field_type"": ""u16"", ""fields"": ""[{\""name\"": \""write_protect\"", \""type\"": \""u8\""}, {\""name\"": \""minimum\"", \""type\"": \""u16\""}, {\""name\"": \""maximum\"", \""type\"": \""u16\""}, {\""name\"": \""alignment\"", \""type\"": \""u16\""}, {\""name\"": \""address_length\"", \""type\"": \""u16\""}]"", ""header_file"": ""vendor/linux/include/acpi/acrestyp.h"", ""line"": 219, ""size"": null, ""version_id"": ""6d35786de281""}",CORRECT,independent precision review of extracted fact source context; rank/score/ranker blinded,CORRECT,independent precision review of extracted fact source context; rank/score/ranker blinded,CORRECT,adjudicated precision sample from extractor output; separate from recall gold labels,
c-struct-field-0197,c_struct_fields,c_structs,6d35786de281,vendor/linux/include/acpi/acrestyp.h,219,acpi_resource_memory24.maximum,"{""align"": null, ""c_type"": ""acpi_resource_memory24"", ""field_name"": ""maximum"", ""field_type"": ""u16"", ""fields"": ""[{\""name\"": \""write_protect\"", \""type\"": \""u8\""}, {\""name\"": \""minimum\"", \""type\"": \""u16\""}, {\""name\"": \""maximum\"", \""type\"": \""u16\""}, {\""name\"": \""alignment\"", \""type\"": \""u16\""}, {\""name\"": \""address_length\"", \""type\"": \""u16\""}]"", ""header_file"": ""vendor/linux/include/acpi/acrestyp.h"", ""line"": 219, ""size"": null, ""version_id"": ""6d35786de281""}",CORRECT,independent precision review of extracted fact source context; rank/score/ranker blinded,CORRECT,independent precision review of extracted fact source context; rank/score/ranker blinded,CORRECT,adjudicated precision sample from extractor output; separate from recall gold labels,
c-struct-field-0198,c_struct_fields,c_structs,6d35786de281,vendor/linux/include/acpi/acrestyp.h,219,acpi_resource_memory24.alignment,"{""align"": null, ""c_type"": ""acpi_resource_memory24"", ""field_name"": ""alignment"", ""field_type"": ""u16"", ""fields"": ""[{\""name\"": \""write_protect\"", \""type\"": \""u8\""}, {\""name\"": \""minimum\"", \""type\"": \""u16\""}, {\""name\"": \""maximum\"", \""type\"": \""u16\""}, {\""name\"": \""alignment\"", \""type\"": \""u16\""}, {\""name\"": \""address_length\"", \""type\"": \""u16\""}]"", ""header_file"": ""vendor/linux/include/acpi/acrestyp.h"", ""line"": 219, ""size"": null, ""version_id"": ""6d35786de281""}",CORRECT,independent precision review of extracted fact source context; rank/score/ranker blinded,CORRECT,independent precision review of extracted fact source context; rank/score/ranker blinded,CORRECT,adjudicated precision sample from extractor output; separate from recall gold labels,
c-struct-field-0199,c_struct_fields,c_structs,6d35786de281,vendor/linux/include/acpi/acrestyp.h,219,acpi_resource_memory24.address_length,"{""align"": null, ""c_type"": ""acpi_resource_memory24"", ""field_name"": ""address_length"", ""field_type"": ""u16"", ""fields"": ""[{\""name\"": \""write_protect\"", \""type\"": \""u8\""}, {\""name\"": \""minimum\"", \""type\"": \""u16\""}, {\""name\"": \""maximum\"", \""type\"": \""u16\""}, {\""name\"": \""alignment\"", \""type\"": \""u16\""}, {\""name\"": \""address_length\"", \""type\"": \""u16\""}]"", ""header_file"": ""vendor/linux/include/acpi/acrestyp.h"", ""line"": 219, ""size"": null, ""version_id"": ""6d35786de281""}",CORRECT,independent precision review of extracted fact source context; rank/score/ranker blinded,CORRECT,independent precision review of extracted fact source context; rank/score/ranker blinded,CORRECT,adjudicated precision sample from extractor output; separate from recall gold labels,
c-struct-field-0200,c_struct_fields,c_structs,6d35786de281,vendor/linux/include/acpi/acrestyp.h,227,acpi_resource_memory32.write_protect,"{""align"": null, ""c_type"": ""acpi_resource_memory32"", ""field_name"": ""write_protect"", ""field_type"": ""u8"", ""fields"": ""[{\""name\"": \""write_protect\"", \""type\"": \""u8\""}, {\""name\"": \""minimum\"", \""type\"": \""u32\""}, {\""name\"": \""maximum\"", \""type\"": \""u32\""}, {\""name\"": \""alignment\"", \""type\"": \""u32\""}, {\""name\"": \""address_length\"", \""type\"": \""u32\""}]"", ""header_file"": ""vendor/linux/include/acpi/acrestyp.h"", ""line"": 227, ""size"": null, ""version_id"": ""6d35786de281""}",CORRECT,independent precision review of extracted fact source context; rank/score/ranker blinded,CORRECT,independent precision review of extracted fact source context; rank/score/ranker blinded,CORRECT,adjudicated precision sample from extractor output; separate from recall gold labels,
generated-binding-0001,generated_binding_facts,generated_bindings,HEAD_6d35786de281,.binddrift/build/HEAD_6d35786de281/rust/bindings/bindings_generated.rs,29,get_bit,"{""_source_table"": ""binding_functions"", ""_symbol"": ""get_bit"", ""c_symbol"": ""get_bit"", ""is_unsafe"": 1, ""line"": 29, ""params"": ""[{\""name\"": \""\"", \""type\"": \""&self\""}, {\""name\"": \""index\"", \""type\"": \""usize\""}]"", ""return_type"": ""bool { debug_assert!(index / 8 < self.storage.as_ref().len())"", ""rust_symbol"": ""get_bit"", ""source_file"": "".binddrift/build/HEAD_6d35786de281/rust/bindings/bindings_generated.rs"", ""version_id"": ""HEAD_6d35786de281""}",CORRECT,independent precision review of extracted fact source context; rank/score/ranker blinded,CORRECT,independent precision review of extracted fact source context; rank/score/ranker blinded,CORRECT,adjudicated precision sample from extractor output; separate from recall gold labels,
generated-binding-0002,generated_binding_facts,generated_bindings,HEAD_6d35786de281,.binddrift/build/HEAD_6d35786de281/rust/bindings/bindings_generated.rs,57,set_bit,"{""_source_table"": ""binding_functions"", ""_symbol"": ""set_bit"", ""c_symbol"": ""set_bit"", ""is_unsafe"": 1, ""line"": 57, ""params"": ""[{\""name\"": \""\"", \""type\"": \""&mut self\""}, {\""name\"": \""index\"", \""type\"": \""usize\""}, {\""name\"": \""val\"", \""type\"": \""bool) { debug_assert!(index / 8 < self.storage.as_ref().len()\""}]"", ""return_type"": ""()"", ""rust_symbol"": ""set_bit"", ""source_file"": "".binddrift/build/HEAD_6d35786de281/rust/bindings/bindings_generated.rs"", ""version_id"": ""HEAD_6d35786de281""}",CORRECT,independent precision review of extracted fact source context; rank/score/ranker blinded,CORRECT,independent precision review of extracted fact source context; rank/score/ranker blinded,CORRECT,adjudicated precision sample from extractor output; separate from recall gold labels,
generated-binding-0003,generated_binding_facts,generated_bindings,HEAD_6d35786de281,.binddrift/build/HEAD_6d35786de281/rust/bindings/bindings_generated.rs,72,get,"{""_source_table"": ""binding_functions"", ""_symbol"": ""get"", ""c_symbol"": ""get"", ""is_unsafe"": 1, ""line"": 72, ""params"": ""[{\""name\"": \""\"", \""type\"": \""&self\""}, {\""name\"": \""bit_offset\"", \""type\"": \""usize\""}, {\""name\"": \""bit_width\"", \""type\"": \""u8\""}]"", ""return_type"": ""u64 { debug_assert!(bit_width <= 64)"", ""rust_symbol"": ""get"", ""source_file"": "".binddrift/build/HEAD_6d35786de281/rust/bindings/bindings_generated.rs"", ""version_id"": ""HEAD_6d35786de281""}",CORRECT,independent precision review of extracted fact source context; rank/score/ranker blinded,CORRECT,independent precision review of extracted fact source context; rank/score/ranker blinded,CORRECT,adjudicated precision sample from extractor output; separate from recall gold labels,
generated-binding-0004,generated_binding_facts,generated_bindings,HEAD_6d35786de281,.binddrift/build/HEAD_6d35786de281/rust/bindings/bindings_generated.rs,108,set,"{""_source_table"": ""binding_functions"", ""_symbol"": ""set"", ""c_symbol"": ""set"", ""is_unsafe"": 1, ""line"": 108, ""params"": ""[{\""name\"": \""\"", \""type\"": \""&mut self\""}, {\""name\"": \""bit_offset\"", \""type\"": \""usize\""}, {\""name\"": \""bit_width\"", \""type\"": \""u8\""}, {\""name\"": \""val\"", \""type\"": \""u64) { debug_assert!(bit_width <= 64\""}]"", ""return_type"": ""()"", ""rust_symbol"": ""set"", ""source_file"": "".binddrift/build/HEAD_6d35786de281/rust/bindings/bindings_generated.rs"", ""version_id"": ""HEAD_6d35786de281""}",CORRECT,independent precision review of extracted fact source context; rank/score/ranker blinded,CORRECT,independent precision review of extracted fact source context; rank/score/ranker blinded,CORRECT,adjudicated precision sample from extractor output; separate from recall gold labels,
generated-binding-0005,generated_binding_facts,generated_bindings,HEAD_6d35786de281,.binddrift/build/HEAD_6d35786de281/rust/bindings/bindings_generated.rs,149,as_ptr,"{""_source_table"": ""binding_functions"", ""_symbol"": ""as_ptr"", ""c_symbol"": ""as_ptr"", ""is_unsafe"": 1, ""line"": 149, ""params"": ""[{\""name\"": \""\"", \""type\"": \""&self\""}]"", ""return_type"": ""*const T { self as *const _ as *const T } #[inline] pub fn as_mut_ptr(&mut self) -> *mut T { self as *mut _ as *mut T } #[inline] pub unsafe fn as_slice(&self, len: usize) -> &[T] { ::core::slice::from_raw_parts(self.as_ptr(), len) } #[inline] pub unsafe fn as_mut_slice(&mut self, len: usize) -> &mut [T] { ::core::slice::from_raw_parts_mut(self.as_mut_ptr(), len) } } impl<T> ::core::fmt::Debug for __IncompleteArrayField<T> { fn fmt(&self, fmt: &mut ::core::fmt::Formatter<'_>) -> ::core::fmt::Result { fmt.write_str(\""__IncompleteArrayField\"") } } #[repr(C)] pub struct __BindgenUnionField<T>(::core::marker::PhantomData<T>)"", ""rust_symbol"": ""as_ptr"", ""source_file"": "".binddrift/build/HEAD_6d35786de281/rust/bindings/bindings_generated.rs"", ""version_id"": ""HEAD_6d35786de281""}",CORRECT,independent precision review of extracted fact source context; rank/score/ranker blinded,CORRECT,independent precision review of extracted fact source context; rank/score/ranker blinded,CORRECT,adjudicated precision sample from extractor output; separate from recall gold labels,
generated-binding-0006,generated_binding_facts,generated_bindings,HEAD_6d35786de281,.binddrift/build/HEAD_6d35786de281/rust/bindings/bindings_generated.rs,16688,ftrace_likely_update,"{""_source_table"": ""binding_functions"", ""_symbol"": ""ftrace_likely_update"", ""c_symbol"": ""ftrace_likely_update"", ""is_unsafe"": 1, ""line"": 16688, ""params"": ""[{\""name\"": \""f\"", \""type\"": \""*mut ftrace_likely_data\""}, {\""name\"": \""val\"", \""type\"": \""ffi::c_int\""}, {\""name\"": \""expect\"", \""type\"": \""ffi::c_int\""}, {\""name\"": \""is_constant\"", \""type\"": \""ffi::c_int\""}]"", ""return_type"": ""()"", ""rust_symbol"": ""ftrace_likely_update"", ""source_file"": "".binddrift/build/HEAD_6d35786de281/rust/bindings/bindings_generated.rs"", ""version_id"": ""HEAD_6d35786de281""}",CORRECT,independent precision review of extracted fact source context; rank/score/ranker blinded,CORRECT,independent precision review of extracted fact source context; rank/score/ranker blinded,CORRECT,adjudicated precision sample from extractor output; separate from recall gold labels,
generated-binding-0007,generated_binding_facts,generated_bindings,HEAD_6d35786de281,.binddrift/build/HEAD_6d35786de281/rust/bindings/bindings_generated.rs,16690,ftrace_likely_update,"{""_source_table"": ""binding_functions"", ""_symbol"": ""ftrace_likely_update"", ""c_symbol"": ""ftrace_likely_update"", ""is_unsafe"": 1, ""line"": 16690, ""params"": ""[{\""name\"": \""f\"", \""type\"": \""*mut ftrace_likely_data\""}, {\""name\"": \""val\"", \""type\"": \""ffi::c_int\""}, {\""name\"": \""expect\"", \""type\"": \""ffi::c_int\""}, {\""name\"": \""is_constant\"", \""type\"": \""ffi::c_int\""}]"", ""return_type"": ""()"", ""rust_symbol"": ""ftrace_likely_update"", ""source_file"": "".binddrift/build/HEAD_6d35786de281/rust/bindings/bindings_generated.rs"", ""version_id"": ""HEAD_6d35786de281""}",CORRECT,independent precision review of extracted fact source context; rank/score/ranker blinded,CORRECT,independent precision review of extracted fact source context; rank/score/ranker blinded,CORRECT,adjudicated precision sample from extractor output; separate from recall gold labels,
generated-binding-0008,generated_binding_facts,generated_bindings,HEAD_6d35786de281,.binddrift/build/HEAD_6d35786de281/rust/bindings/bindings_generated.rs,16770,request_resource_conflict,"{""_source_table"": ""binding_functions"", ""_symbol"": ""request_resource_conflict"", ""c_symbol"": ""request_resource_conflict"", ""is_unsafe"": 1, ""line"": 16770, ""params"": ""[{\""name\"": \""root\"", \""type\"": \""*mut resource\""}, {\""name\"": \""new\"", \""type\"": \""*mut resource\""}]"", ""return_type"": ""*mut resource"", ""rust_symbol"": ""request_resource_conflict"", ""source_file"": "".binddrift/build/HEAD_6d35786de281/rust/bindings/bindings_generated.rs"", ""version_id"": ""HEAD_6d35786de281""}",CORRECT,independent precision review of extracted fact source context; rank/score/ranker blinded,CORRECT,independent precision review of extracted fact source context; rank/score/ranker blinded,CORRECT,adjudicated precision sample from extractor output; separate from recall gold labels,
generated-binding-0009,generated_binding_facts,generated_bindings,HEAD_6d35786de281,.binddrift/build/HEAD_6d35786de281/rust/bindings/bindings_generated.rs,16772,request_resource_conflict,"{""_source_table"": ""binding_functions"", ""_symbol"": ""request_resource_conflict"", ""c_symbol"": ""request_resource_conflict"", ""is_unsafe"": 1, ""line"": 16772, ""params"": ""[{\""name\"": \""root\"", \""type\"": \""*mut resource\""}, {\""name\"": \""new\"", \""type\"": \""*mut resource\""}]"", ""return_type"": ""*mut resource"", ""rust_symbol"": ""request_resource_conflict"", ""source_file"": "".binddrift/build/HEAD_6d35786de281/rust/bindings/bindings_generated.rs"", ""version_id"": ""HEAD_6d35786de281""}",CORRECT,independent precision review of extracted fact source context; rank/score/ranker blinded,CORRECT,independent precision review of extracted fact source context; rank/score/ranker blinded,CORRECT,adjudicated precision sample from extractor output; separate from recall gold labels,
generated-binding-0010,generated_binding_facts,generated_bindings,HEAD_6d35786de281,.binddrift/build/HEAD_6d35786de281/rust/bindings/bindings_generated.rs,16773,request_resource,"{""_source_table"": ""binding_functions"", ""_symbol"": ""request_resource"", ""c_symbol"": ""request_resource"", ""is_unsafe"": 1, ""line"": 16773, ""params"": ""[{\""name\"": \""root\"", \""type\"": \""*mut resource\""}, {\""name\"": \""new\"", \""type\"": \""*mut resource\""}]"", ""return_type"": ""ffi::c_int"", ""rust_symbol"": ""request_resource"", ""source_file"": "".binddrift/build/HEAD_6d35786de281/rust/bindings/bindings_generated.rs"", ""version_id"": ""HEAD_6d35786de281""}",CORRECT,independent precision review of extracted fact source context; rank/score/ranker blinded,CORRECT,independent precision review of extracted fact source context; rank/score/ranker blinded,CORRECT,adjudicated precision sample from extractor output; separate from recall gold labels,
generated-binding-0011,generated_binding_facts,generated_bindings,HEAD_6d35786de281,.binddrift/build/HEAD_6d35786de281/rust/bindings/bindings_generated.rs,16775,request_resource,"{""_source_table"": ""binding_functions"", ""_symbol"": ""request_resource"", ""c_symbol"": ""request_resource"", ""is_unsafe"": 1, ""line"": 16775, ""params"": ""[{\""name\"": \""root\"", \""type\"": \""*mut resource\""}, {\""name\"": \""new\"", \""type\"": \""*mut resource\""}]"", ""return_type"": ""ffi::c_int"", ""rust_symbol"": ""request_resource"", ""source_file"": "".binddrift/build/HEAD_6d35786de281/rust/bindings/bindings_generated.rs"", ""version_id"": ""HEAD_6d35786de281""}",CORRECT,independent precision review of extracted fact source context; rank/score/ranker blinded,CORRECT,independent precision review of extracted fact source context; rank/score/ranker blinded,CORRECT,adjudicated precision sample from extractor output; separate from recall gold labels,
generated-binding-0012,generated_binding_facts,generated_bindings,HEAD_6d35786de281,.binddrift/build/HEAD_6d35786de281/rust/bindings/bindings_generated.rs,16776,release_resource,"{""_source_table"": ""binding_functions"", ""_symbol"": ""release_resource"", ""c_symbol"": ""release_resource"", ""is_unsafe"": 1, ""line"": 16776, ""params"": ""[{\""name\"": \""new\"", \""type\"": \""*mut resource\""}]"", ""return_type"": ""ffi::c_int"", ""rust_symbol"": ""release_resource"", ""source_file"": "".binddrift/build/HEAD_6d35786de281/rust/bindings/bindings_generated.rs"", ""version_id"": ""HEAD_6d35786de281""}",CORRECT,independent precision review of extracted fact source context; rank/score/ranker blinded,CORRECT,independent precision review of extracted fact source context; rank/score/ranker blinded,CORRECT,adjudicated precision sample from extractor output; separate from recall gold labels,
generated-binding-0013,generated_binding_facts,generated_bindings,HEAD_6d35786de281,.binddrift/build/HEAD_6d35786de281/rust/bindings/bindings_generated.rs,16778,release_resource,"{""_source_table"": ""binding_functions"", ""_symbol"": ""release_resource"", ""c_symbol"": ""release_resource"", ""is_unsafe"": 1, ""line"": 16778, ""params"": ""[{\""name\"": \""new\"", \""type\"": \""*mut resource\""}]"", ""return_type"": ""ffi::c_int"", ""rust_symbol"": ""release_resource"", ""source_file"": "".binddrift/build/HEAD_6d35786de281/rust/bindings/bindings_generated.rs"", ""version_id"": ""HEAD_6d35786de281""}",CORRECT,independent precision review of extracted fact source context; rank/score/ranker blinded,CORRECT,independent precision review of extracted fact source context; rank/score/ranker blinded,CORRECT,adjudicated precision sample from extractor output; separate from recall gold labels,
generated-binding-0014,generated_binding_facts,generated_bindings,HEAD_6d35786de281,.binddrift/build/HEAD_6d35786de281/rust/bindings/bindings_generated.rs,16779,release_child_resources,"{""_source_table"": ""binding_functions"", ""_symbol"": ""release_child_resources"", ""c_symbol"": ""release_child_resources"", ""is_unsafe"": 1, ""line"": 16779, ""params"": ""[{\""name\"": \""new\"", \""type\"": \""*mut resource\""}]"", ""return_type"": ""()"", ""rust_symbol"": ""release_child_resources"", ""source_file"": "".binddrift/build/HEAD_6d35786de281/rust/bindings/bindings_generated.rs"", ""version_id"": ""HEAD_6d35786de281""}",CORRECT,independent precision review of extracted fact source context; rank/score/ranker blinded,CORRECT,independent precision review of extracted fact source context; rank/score/ranker blinded,CORRECT,adjudicated precision sample from extractor output; separate from recall gold labels,
generated-binding-0015,generated_binding_facts,generated_bindings,HEAD_6d35786de281,.binddrift/build/HEAD_6d35786de281/rust/bindings/bindings_generated.rs,16781,release_child_resources,"{""_source_table"": ""binding_functions"", ""_symbol"": ""release_child_resources"", ""c_symbol"": ""release_child_resources"", ""is_unsafe"": 1, ""line"": 16781, ""params"": ""[{\""name\"": \""new\"", \""type\"": \""*mut resource\""}]"", ""return_type"": ""()"", ""rust_symbol"": ""release_child_resources"", ""source_file"": "".binddrift/build/HEAD_6d35786de281/rust/bindings/bindings_generated.rs"", ""version_id"": ""HEAD_6d35786de281""}",CORRECT,independent precision review of extracted fact source context; rank/score/ranker blinded,CORRECT,independent precision review of extracted fact source context; rank/score/ranker blinded,CORRECT,adjudicated precision sample from extractor output; separate from recall gold labels,
generated-binding-0016,generated_binding_facts,generated_bindings,HEAD_6d35786de281,.binddrift/build/HEAD_6d35786de281/rust/bindings/bindings_generated.rs,16782,reserve_region_with_split,"{""_source_table"": ""binding_functions"", ""_symbol"": ""reserve_region_with_split"", ""c_symbol"": ""reserve_region_with_split"", ""is_unsafe"": 1, ""line"": 16782, ""params"": ""[{\""name\"": \""root\"", \""type\"": \""*mut resource\""}, {\""name\"": \""start\"", \""type\"": \""resource_size_t\""}, {\""name\"": \""end\"", \""type\"": \""resource_size_t\""}, {\""name\"": \""name\"", \""type\"": \""*const ffi::c_char\""}]"", ""return_type"": ""()"", ""rust_symbol"": ""reserve_region_with_split"", ""source_file"": "".binddrift/build/HEAD_6d35786de281/rust/bindings/bindings_generated.rs"", ""version_id"": ""HEAD_6d35786de281""}",CORRECT,independent precision review of extracted fact source context; rank/score/ranker blinded,CORRECT,independent precision review of extracted fact source context; rank/score/ranker blinded,CORRECT,adjudicated precision sample from extractor output; separate from recall gold labels,
generated-binding-0017,generated_binding_facts,generated_bindings,HEAD_6d35786de281,.binddrift/build/HEAD_6d35786de281/rust/bindings/bindings_generated.rs,16784,reserve_region_with_split,"{""_source_table"": ""binding_functions"", ""_symbol"": ""reserve_region_with_split"", ""c_symbol"": ""reserve_region_with_split"", ""is_unsafe"": 1, ""line"": 16784, ""params"": ""[{\""name\"": \""root\"", \""type\"": \""*mut resource\""}, {\""name\"": \""start\"", \""type\"": \""resource_size_t\""}, {\""name\"": \""end\"", \""type\"": \""resource_size_t\""}, {\""name\"": \""name\"", \""type\"": \""*const ffi::c_char\""}]"", ""return_type"": ""()"", ""rust_symbol"": ""reserve_region_with_split"", ""source_file"": "".binddrift/build/HEAD_6d35786de281/rust/bindings/bindings_generated.rs"", ""version_id"": ""HEAD_6d35786de281""}",CORRECT,independent precision review of extracted fact source context; rank/score/ranker blinded,CORRECT,independent precision review of extracted fact source context; rank/score/ranker blinded,CORRECT,adjudicated precision sample from extractor output; separate from recall gold labels,
generated-binding-0018,generated_binding_facts,generated_bindings,HEAD_6d35786de281,.binddrift/build/HEAD_6d35786de281/rust/bindings/bindings_generated.rs,16790,insert_resource_conflict,"{""_source_table"": ""binding_functions"", ""_symbol"": ""insert_resource_conflict"", ""c_symbol"": ""insert_resource_conflict"", ""is_unsafe"": 1, ""line"": 16790, ""params"": ""[{\""name\"": \""parent\"", \""type\"": \""*mut resource\""}, {\""name\"": \""new\"", \""type\"": \""*mut resource\""}]"", ""return_type"": ""*mut resource"", ""rust_symbol"": ""insert_resource_conflict"", ""source_file"": "".binddrift/build/HEAD_6d35786de281/rust/bindings/bindings_generated.rs"", ""version_id"": ""HEAD_6d35786de281""}",CORRECT,independent precision review of extracted fact source context; rank/score/ranker blinded,CORRECT,independent precision review of extracted fact source context; rank/score/ranker blinded,CORRECT,adjudicated precision sample from extractor output; separate from recall gold labels,
generated-binding-0019,generated_binding_facts,generated_bindings,HEAD_6d35786de281,.binddrift/build/HEAD_6d35786de281/rust/bindings/bindings_generated.rs,16792,insert_resource_conflict,"{""_source_table"": ""binding_functions"", ""_symbol"": ""insert_resource_conflict"", ""c_symbol"": ""insert_resource_conflict"", ""is_unsafe"": 1, ""line"": 16792, ""params"": ""[{\""name\"": \""parent\"", \""type\"": \""*mut resource\""}, {\""name\"": \""new\"", \""type\"": \""*mut resource\""}]"", ""return_type"": ""*mut resource"", ""rust_symbol"": ""insert_resource_conflict"", ""source_file"": "".binddrift/build/HEAD_6d35786de281/rust/bindings/bindings_generated.rs"", ""version_id"": ""HEAD_6d35786de281""}",CORRECT,independent precision review of extracted fact source context; rank/score/ranker blinded,CORRECT,independent precision review of extracted fact source context; rank/score/ranker blinded,CORRECT,adjudicated precision sample from extractor output; separate from recall gold labels,
generated-binding-0020,generated_binding_facts,generated_bindings,HEAD_6d35786de281,.binddrift/build/HEAD_6d35786de281/rust/bindings/bindings_generated.rs,16793,insert_resource,"{""_source_table"": ""binding_functions"", ""_symbol"": ""insert_resource"", ""c_symbol"": ""insert_resource"", ""is_unsafe"": 1, ""line"": 16793, ""params"": ""[{\""name\"": \""parent\"", \""type\"": \""*mut resource\""}, {\""name\"": \""new\"", \""type\"": \""*mut resource\""}]"", ""return_type"": ""ffi::c_int"", ""rust_symbol"": ""insert_resource"", ""source_file"": "".binddrift/build/HEAD_6d35786de281/rust/bindings/bindings_generated.rs"", ""version_id"": ""HEAD_6d35786de281""}",CORRECT,independent precision review of extracted fact source context; rank/score/ranker blinded,CORRECT,independent precision review of extracted fact source context; rank/score/ranker blinded,CORRECT,adjudicated precision sample from extractor output; separate from recall gold labels,
generated-binding-0021,generated_binding_facts,generated_bindings,HEAD_6d35786de281,.binddrift/build/HEAD_6d35786de281/rust/bindings/bindings_generated.rs,16795,insert_resource,"{""_source_table"": ""binding_functions"", ""_symbol"": ""insert_resource"", ""c_symbol"": ""insert_resource"", ""is_unsafe"": 1, ""line"": 16795, ""params"": ""[{\""name\"": \""parent\"", \""type\"": \""*mut resource\""}, {\""name\"": \""new\"", \""type\"": \""*mut resource\""}]"", ""return_type"": ""ffi::c_int"", ""rust_symbol"": ""insert_resource"", ""source_file"": "".binddrift/build/HEAD_6d35786de281/rust/bindings/bindings_generated.rs"", ""version_id"": ""HEAD_6d35786de281""}",CORRECT,independent precision review of extracted fact source context; rank/score/ranker blinded,CORRECT,independent precision review of extracted fact source context; rank/score/ranker blinded,CORRECT,adjudicated precision sample from extractor output; separate from recall gold labels,
generated-binding-0022,generated_binding_facts,generated_bindings,HEAD_6d35786de281,.binddrift/build/HEAD_6d35786de281/rust/bindings/bindings_generated.rs,16796,insert_resource_expand_to_fit,"{""_source_table"": ""binding_functions"", ""_symbol"": ""insert_resource_expand_to_fit"", ""c_symbol"": ""insert_resource_expand_to_fit"", ""is_unsafe"": 1, ""line"": 16796, ""params"": ""[{\""name\"": \""root\"", \""type\"": \""*mut resource\""}, {\""name\"": \""new\"", \""type\"": \""*mut resource\""}]"", ""return_type"": ""()"", ""rust_symbol"": ""insert_resource_expand_to_fit"", ""source_file"": "".binddrift/build/HEAD_6d35786de281/rust/bindings/bindings_generated.rs"", ""version_id"": ""HEAD_6d35786de281""}",CORRECT,independent precision review of extracted fact source context; rank/score/ranker blinded,CORRECT,independent precision review of extracted fact source context; rank/score/ranker blinded,CORRECT,adjudicated precision sample from extractor output; separate from recall gold labels,
generated-binding-0023,generated_binding_facts,generated_bindings,HEAD_6d35786de281,.binddrift/build/HEAD_6d35786de281/rust/bindings/bindings_generated.rs,16798,insert_resource_expand_to_fit,"{""_source_table"": ""binding_functions"", ""_symbol"": ""insert_resource_expand_to_fit"", ""c_symbol"": ""insert_resource_expand_to_fit"", ""is_unsafe"": 1, ""line"": 16798, ""params"": ""[{\""name\"": \""root\"", \""type\"": \""*mut resource\""}, {\""name\"": \""new\"", \""type\"": \""*mut resource\""}]"", ""return_type"": ""()"", ""rust_symbol"": ""insert_resource_expand_to_fit"", ""source_file"": "".binddrift/build/HEAD_6d35786de281/rust/bindings/bindings_generated.rs"", ""version_id"": ""HEAD_6d35786de281""}",CORRECT,independent precision review of extracted fact source context; rank/score/ranker blinded,CORRECT,independent precision review of extracted fact source context; rank/score/ranker blinded,CORRECT,adjudicated precision sample from extractor output; separate from recall gold labels,
generated-binding-0024,generated_binding_facts,generated_bindings,HEAD_6d35786de281,.binddrift/build/HEAD_6d35786de281/rust/bindings/bindings_generated.rs,16799,remove_resource,"{""_source_table"": ""binding_functions"", ""_symbol"": ""remove_resource"", ""c_symbol"": ""remove_resource"", ""is_unsafe"": 1, ""line"": 16799, ""params"": ""[{\""name\"": \""old\"", \""type\"": \""*mut resource\""}]"", ""return_type"": ""ffi::c_int"", ""rust_symbol"": ""remove_resource"", ""source_file"": "".binddrift/build/HEAD_6d35786de281/rust/bindings/bindings_generated.rs"", ""version_id"": ""HEAD_6d35786de281""}",CORRECT,independent precision review of extracted fact source context; rank/score/ranker blinded,CORRECT,independent precision review of extracted fact source context; rank/score/ranker blinded,CORRECT,adjudicated precision sample from extractor output; separate from recall gold labels,
generated-binding-0025,generated_binding_facts,generated_bindings,HEAD_6d35786de281,.binddrift/build/HEAD_6d35786de281/rust/bindings/bindings_generated.rs,16801,remove_resource,"{""_source_table"": ""binding_functions"", ""_symbol"": ""remove_resource"", ""c_symbol"": ""remove_resource"", ""is_unsafe"": 1, ""line"": 16801, ""params"": ""[{\""name\"": \""old\"", \""type\"": \""*mut resource\""}]"", ""return_type"": ""ffi::c_int"", ""rust_symbol"": ""remove_resource"", ""source_file"": "".binddrift/build/HEAD_6d35786de281/rust/bindings/bindings_generated.rs"", ""version_id"": ""HEAD_6d35786de281""}",CORRECT,independent precision review of extracted fact source context; rank/score/ranker blinded,CORRECT,independent precision review of extracted fact source context; rank/score/ranker blinded,CORRECT,adjudicated precision sample from extractor output; separate from recall gold labels,
generated-binding-0026,generated_binding_facts,generated_bindings,HEAD_6d35786de281,.binddrift/build/HEAD_6d35786de281/rust/bindings/bindings_generated.rs,16802,arch_remove_reservations,"{""_source_table"": ""binding_functions"", ""_symbol"": ""arch_remove_reservations"", ""c_symbol"": ""arch_remove_reservations"", ""is_unsafe"": 1, ""line"": 16802, ""params"": ""[{\""name\"": \""avail\"", \""type\"": \""*mut resource\""}]"", ""return_type"": ""()"", ""rust_symbol"": ""arch_remove_reservations"", ""source_file"": "".binddrift/build/HEAD_6d35786de281/rust/bindings/bindings_generated.rs"", ""version_id"": ""HEAD_6d35786de281""}",CORRECT,independent precision review of extracted fact source context; rank/score/ranker blinded,CORRECT,independent precision review of extracted fact source context; rank/score/ranker blinded,CORRECT,adjudicated precision sample from extractor output; separate from recall gold labels,
generated-binding-0027,generated_binding_facts,generated_bindings,HEAD_6d35786de281,.binddrift/build/HEAD_6d35786de281/rust/bindings/bindings_generated.rs,16804,arch_remove_reservations,"{""_source_table"": ""binding_functions"", ""_symbol"": ""arch_remove_reservations"", ""c_symbol"": ""arch_remove_reservations"", ""is_unsafe"": 1, ""line"": 16804, ""params"": ""[{\""name\"": \""avail\"", \""type\"": \""*mut resource\""}]"", ""return_type"": ""()"", ""rust_symbol"": ""arch_remove_reservations"", ""source_file"": "".binddrift/build/HEAD_6d35786de281/rust/bindings/bindings_generated.rs"", ""version_id"": ""HEAD_6d35786de281""}",CORRECT,independent precision review of extracted fact source context; rank/score/ranker blinded,CORRECT,independent precision review of extracted fact source context; rank/score/ranker blinded,CORRECT,adjudicated precision sample from extractor output; separate from recall gold labels,
generated-binding-0028,generated_binding_facts,generated_bindings,HEAD_6d35786de281,.binddrift/build/HEAD_6d35786de281/rust/bindings/bindings_generated.rs,16805,allocate_resource,"{""_source_table"": ""binding_functions"", ""_symbol"": ""allocate_resource"", ""c_symbol"": ""allocate_resource"", ""is_unsafe"": 1, ""line"": 16805, ""params"": ""[{\""name\"": \""root\"", \""type\"": \""*mut resource\""}, {\""name\"": \""new\"", \""type\"": \""*mut resource\""}, {\""name\"": \""size\"", \""type\"": \""resource_size_t\""}, {\""name\"": \""min\"", \""type\"": \""resource_size_t\""}, {\""name\"": \""max\"", \""type\"": \""resource_size_t\""}, {\""name\"": \""align\"", \""type\"": \""resource_size_t\""}, {\""name\"": \""alignf\"", \""type\"": \""resource_alignf\""}, {\""name\"": \""alignf_data\"", \""type\"": \""*mut ffi::c_void\""}]"", ""return_type"": ""ffi::c_int"", ""rust_symbol"": ""allocate_resource"", ""source_file"": "".binddrift/build/HEAD_6d35786de281/rust/bindings/bindings_generated.rs"", ""version_id"": ""HEAD_6d35786de281""}",CORRECT,independent precision review of extracted fact source context; rank/score/ranker blinded,CORRECT,independent precision review of extracted fact source context; rank/score/ranker blinded,CORRECT,adjudicated precision sample from extractor output; separate from recall gold labels,
generated-binding-0029,generated_binding_facts,generated_bindings,HEAD_6d35786de281,.binddrift/build/HEAD_6d35786de281/rust/bindings/bindings_generated.rs,16807,allocate_resource,"{""_source_table"": ""binding_functions"", ""_symbol"": ""allocate_resource"", ""c_symbol"": ""allocate_resource"", ""is_unsafe"": 1, ""line"": 16807, ""params"": ""[{\""name\"": \""root\"", \""type\"": \""*mut resource\""}, {\""name\"": \""new\"", \""type\"": \""*mut resource\""}, {\""name\"": \""size\"", \""type\"": \""resource_size_t\""}, {\""name\"": \""min\"", \""type\"": \""resource_size_t\""}, {\""name\"": \""max\"", \""type\"": \""resource_size_t\""}, {\""name\"": \""align\"", \""type\"": \""resource_size_t\""}, {\""name\"": \""alignf\"", \""type\"": \""resource_alignf\""}, {\""name\"": \""alignf_data\"", \""type\"": \""*mut ffi::c_void\""}]"", ""return_type"": ""ffi::c_int"", ""rust_symbol"": ""allocate_resource"", ""source_file"": "".binddrift/build/HEAD_6d35786de281/rust/bindings/bindings_generated.rs"", ""version_id"": ""HEAD_6d35786de281""}",CORRECT,independent precision review of extracted fact source context; rank/score/ranker blinded,CORRECT,independent precision review of extracted fact source context; rank/score/ranker blinded,CORRECT,adjudicated precision sample from extractor output; separate from recall gold labels,
generated-binding-0030,generated_binding_facts,generated_bindings,HEAD_6d35786de281,.binddrift/build/HEAD_6d35786de281/rust/bindings/bindings_generated.rs,16817,lookup_resource,"{""_source_table"": ""binding_functions"", ""_symbol"": ""lookup_resource"", ""c_symbol"": ""lookup_resource"", ""is_unsafe"": 1, ""line"": 16817, ""params"": ""[{\""name\"": \""root\"", \""type\"": \""*mut resource\""}, {\""name\"": \""start\"", \""type\"": \""resource_size_t\""}]"", ""return_type"": ""*mut resource"", ""rust_symbol"": ""lookup_resource"", ""source_file"": "".binddrift/build/HEAD_6d35786de281/rust/bindings/bindings_generated.rs"", ""version_id"": ""HEAD_6d35786de281""}",CORRECT,independent precision review of extracted fact source context; rank/score/ranker blinded,CORRECT,independent precision review of extracted fact source context; rank/score/ranker blinded,CORRECT,adjudicated precision sample from extractor output; separate from recall gold labels,
generated-binding-0031,generated_binding_facts,generated_bindings,HEAD_6d35786de281,.binddrift/build/HEAD_6d35786de281/rust/bindings/bindings_generated.rs,16819,lookup_resource,"{""_source_table"": ""binding_functions"", ""_symbol"": ""lookup_resource"", ""c_symbol"": ""lookup_resource"", ""is_unsafe"": 1, ""line"": 16819, ""params"": ""[{\""name\"": \""root\"", \""type\"": \""*mut resource\""}, {\""name\"": \""start\"", \""type\"": \""resource_size_t\""}]"", ""return_type"": ""*mut resource"", ""rust_symbol"": ""lookup_resource"", ""source_file"": "".binddrift/build/HEAD_6d35786de281/rust/bindings/bindings_generated.rs"", ""version_id"": ""HEAD_6d35786de281""}",CORRECT,independent precision review of extracted fact source context; rank/score/ranker blinded,CORRECT,independent precision review of extracted fact source context; rank/score/ranker blinded,CORRECT,adjudicated precision sample from extractor output; separate from recall gold labels,
generated-binding-0032,generated_binding_facts,generated_bindings,HEAD_6d35786de281,.binddrift/build/HEAD_6d35786de281/rust/bindings/bindings_generated.rs,16820,adjust_resource,"{""_source_table"": ""binding_functions"", ""_symbol"": ""adjust_resource"", ""c_symbol"": ""adjust_resource"", ""is_unsafe"": 1, ""line"": 16820, ""params"": ""[{\""name\"": \""res\"", \""type\"": \""*mut resource\""}, {\""name\"": \""start\"", \""type\"": \""resource_size_t\""}, {\""name\"": \""size\"", \""type\"": \""resource_size_t\""}]"", ""return_type"": ""ffi::c_int"", ""rust_symbol"": ""adjust_resource"", ""source_file"": "".binddrift/build/HEAD_6d35786de281/rust/bindings/bindings_generated.rs"", ""version_id"": ""HEAD_6d35786de281""}",CORRECT,independent precision review of extracted fact source context; rank/score/ranker blinded,CORRECT,independent precision review of extracted fact source context; rank/score/ranker blinded,CORRECT,adjudicated precision sample from extractor output; separate from recall gold labels,
generated-binding-0033,generated_binding_facts,generated_bindings,HEAD_6d35786de281,.binddrift/build/HEAD_6d35786de281/rust/bindings/bindings_generated.rs,16822,adjust_resource,"{""_source_table"": ""binding_functions"", ""_symbol"": ""adjust_resource"", ""c_symbol"": ""adjust_resource"", ""is_unsafe"": 1, ""line"": 16822, ""params"": ""[{\""name\"": \""res\"", \""type\"": \""*mut resource\""}, {\""name\"": \""start\"", \""type\"": \""resource_size_t\""}, {\""name\"": \""size\"", \""type\"": \""resource_size_t\""}]"", ""return_type"": ""ffi::c_int"", ""rust_symbol"": ""adjust_resource"", ""source_file"": "".binddrift/build/HEAD_6d35786de281/rust/bindings/bindings_generated.rs"", ""version_id"": ""HEAD_6d35786de281""}",CORRECT,independent precision review of extracted fact source context; rank/score/ranker blinded,CORRECT,independent precision review of extracted fact source context; rank/score/ranker blinded,CORRECT,adjudicated precision sample from extractor output; separate from recall gold labels,
generated-binding-0034,generated_binding_facts,generated_bindings,HEAD_6d35786de281,.binddrift/build/HEAD_6d35786de281/rust/bindings/bindings_generated.rs,16827,resource_alignment,"{""_source_table"": ""binding_functions"", ""_symbol"": ""resource_alignment"", ""c_symbol"": ""resource_alignment"", ""is_unsafe"": 1, ""line"": 16827, ""params"": ""[{\""name\"": \""res\"", \""type\"": \""*mut resource\""}]"", ""return_type"": ""resource_size_t"", ""rust_symbol"": ""resource_alignment"", ""source_file"": "".binddrift/build/HEAD_6d35786de281/rust/bindings/bindings_generated.rs"", ""version_id"": ""HEAD_6d35786de281""}",CORRECT,independent precision review of extracted fact source context; rank/score/ranker blinded,CORRECT,independent precision review of extracted fact source context; rank/score/ranker blinded,CORRECT,adjudicated precision sample from extractor output; separate from recall gold labels,
generated-binding-0035,generated_binding_facts,generated_bindings,HEAD_6d35786de281,.binddrift/build/HEAD_6d35786de281/rust/bindings/bindings_generated.rs,16829,resource_alignment,"{""_source_table"": ""binding_functions"", ""_symbol"": ""resource_alignment"", ""c_symbol"": ""resource_alignment"", ""is_unsafe"": 1, ""line"": 16829, ""params"": ""[{\""name\"": \""res\"", \""type\"": \""*mut resource\""}]"", ""return_type"": ""resource_size_t"", ""rust_symbol"": ""resource_alignment"", ""source_file"": "".binddrift/build/HEAD_6d35786de281/rust/bindings/bindings_generated.rs"", ""version_id"": ""HEAD_6d35786de281""}",CORRECT,independent precision review of extracted fact source context; rank/score/ranker blinded,CORRECT,independent precision review of extracted fact source context; rank/score/ranker blinded,CORRECT,adjudicated precision sample from extractor output; separate from recall gold labels,
generated-binding-0036,generated_binding_facts,generated_bindings,HEAD_6d35786de281,.binddrift/build/HEAD_6d35786de281/rust/bindings/bindings_generated.rs,16830,find_resource_space,"{""_source_table"": ""binding_functions"", ""_symbol"": ""find_resource_space"", ""c_symbol"": ""find_resource_space"", ""is_unsafe"": 1, ""line"": 16830, ""params"": ""[{\""name\"": \""root\"", \""type\"": \""*mut resource\""}, {\""name\"": \""new\"", \""type\"": \""*mut resource\""}, {\""name\"": \""size\"", \""type\"": \""resource_size_t\""}, {\""name\"": \""constraint\"", \""type\"": \""*mut resource_constraint\""}]"", ""return_type"": ""ffi::c_int"", ""rust_symbol"": ""find_resource_space"", ""source_file"": "".binddrift/build/HEAD_6d35786de281/rust/bindings/bindings_generated.rs"", ""version_id"": ""HEAD_6d35786de281""}",CORRECT,independent precision review of extracted fact source context; rank/score/ranker blinded,CORRECT,independent precision review of extracted fact source context; rank/score/ranker blinded,CORRECT,adjudicated precision sample from extractor output; separate from recall gold labels,
generated-binding-0037,generated_binding_facts,generated_bindings,HEAD_6d35786de281,.binddrift/build/HEAD_6d35786de281/rust/bindings/bindings_generated.rs,16832,find_resource_space,"{""_source_table"": ""binding_functions"", ""_symbol"": ""find_resource_space"", ""c_symbol"": ""find_resource_space"", ""is_unsafe"": 1, ""line"": 16832, ""params"": ""[{\""name\"": \""root\"", \""type\"": \""*mut resource\""}, {\""name\"": \""new\"", \""type\"": \""*mut resource\""}, {\""name\"": \""size\"", \""type\"": \""resource_size_t\""}, {\""name\"": \""constraint\"", \""type\"": \""*mut resource_constraint\""}]"", ""return_type"": ""ffi::c_int"", ""rust_symbol"": ""find_resource_space"", ""source_file"": "".binddrift/build/HEAD_6d35786de281/rust/bindings/bindings_generated.rs"", ""version_id"": ""HEAD_6d35786de281""}",CORRECT,independent precision review of extracted fact source context; rank/score/ranker blinded,CORRECT,independent precision review of extracted fact source context; rank/score/ranker blinded,CORRECT,adjudicated precision sample from extractor output; separate from recall gold labels,
generated-binding-0038,generated_binding_facts,generated_bindings,HEAD_6d35786de281,.binddrift/build/HEAD_6d35786de281/rust/bindings/bindings_generated.rs,16838,__request_region,"{""_source_table"": ""binding_functions"", ""_symbol"": ""__request_region"", ""c_symbol"": ""__request_region"", ""is_unsafe"": 1, ""line"": 16838, ""params"": ""[{\""name\"": \""arg1\"", \""type\"": \""*mut resource\""}, {\""name\"": \""start\"", \""type\"": \""resource_size_t\""}, {\""name\"": \""n\"", \""type\"": \""resource_size_t\""}, {\""name\"": \""name\"", \""type\"": \""*const ffi::c_char\""}, {\""name\"": \""flags\"", \""type\"": \""ffi::c_int\""}]"", ""return_type"": ""*mut resource"", ""rust_symbol"": ""__request_region"", ""source_file"": "".binddrift/build/HEAD_6d35786de281/rust/bindings/bindings_generated.rs"", ""version_id"": ""HEAD_6d35786de281""}",CORRECT,independent precision review of extracted fact source context; rank/score/ranker blinded,CORRECT,independent precision review of extracted fact source context; rank/score/ranker blinded,CORRECT,adjudicated precision sample from extractor output; separate from recall gold labels,
generated-binding-0039,generated_binding_facts,generated_bindings,HEAD_6d35786de281,.binddrift/build/HEAD_6d35786de281/rust/bindings/bindings_generated.rs,16840,__request_region,"{""_source_table"": ""binding_functions"", ""_symbol"": ""__request_region"", ""c_symbol"": ""__request_region"", ""is_unsafe"": 1, ""line"": 16840, ""params"": ""[{\""name\"": \""arg1\"", \""type\"": \""*mut resource\""}, {\""name\"": \""start\"", \""type\"": \""resource_size_t\""}, {\""name\"": \""n\"", \""type\"": \""resource_size_t\""}, {\""name\"": \""name\"", \""type\"": \""*const ffi::c_char\""}, {\""name\"": \""flags\"", \""type\"": \""ffi::c_int\""}]"", ""return_type"": ""*mut resource"", ""rust_symbol"": ""__request_region"", ""source_file"": "".binddrift/build/HEAD_6d35786de281/rust/bindings/bindings_generated.rs"", ""version_id"": ""HEAD_6d35786de281""}",CORRECT,independent precision review of extracted fact source context; rank/score/ranker blinded,CORRECT,independent precision review of extracted fact source context; rank/score/ranker blinded,CORRECT,adjudicated precision sample from extractor output; separate from recall gold labels,
generated-binding-0040,generated_binding_facts,generated_bindings,HEAD_6d35786de281,.binddrift/build/HEAD_6d35786de281/rust/bindings/bindings_generated.rs,16847,__release_region,"{""_source_table"": ""binding_functions"", ""_symbol"": ""__release_region"", ""c_symbol"": ""__release_region"", ""is_unsafe"": 1, ""line"": 16847, ""params"": ""[{\""name\"": \""arg1\"", \""type\"": \""*mut resource\""}, {\""name\"": \""arg2\"", \""type\"": \""resource_size_t\""}, {\""name\"": \""arg3\"", \""type\"": \""resource_size_t\""}]"", ""return_type"": ""()"", ""rust_symbol"": ""__release_region"", ""source_file"": "".binddrift/build/HEAD_6d35786de281/rust/bindings/bindings_generated.rs"", ""version_id"": ""HEAD_6d35786de281""}",CORRECT,independent precision review of extracted fact source context; rank/score/ranker blinded,CORRECT,independent precision review of extracted fact source context; rank/score/ranker blinded,CORRECT,adjudicated precision sample from extractor output; separate from recall gold labels,
generated-binding-0041,generated_binding_facts,generated_bindings,HEAD_6d35786de281,.binddrift/build/HEAD_6d35786de281/rust/bindings/bindings_generated.rs,16849,__release_region,"{""_source_table"": ""binding_functions"", ""_symbol"": ""__release_region"", ""c_symbol"": ""__release_region"", ""is_unsafe"": 1, ""line"": 16849, ""params"": ""[{\""name\"": \""arg1\"", \""type\"": \""*mut resource\""}, {\""name\"": \""arg2\"", \""type\"": \""resource_size_t\""}, {\""name\"": \""arg3\"", \""type\"": \""resource_size_t\""}]"", ""return_type"": ""()"", ""rust_symbol"": ""__release_region"", ""source_file"": "".binddrift/build/HEAD_6d35786de281/rust/bindings/bindings_generated.rs"", ""version_id"": ""HEAD_6d35786de281""}",CORRECT,independent precision review of extracted fact source context; rank/score/ranker blinded,CORRECT,independent precision review of extracted fact source context; rank/score/ranker blinded,CORRECT,adjudicated precision sample from extractor output; separate from recall gold labels,
generated-binding-0042,generated_binding_facts,generated_bindings,HEAD_6d35786de281,.binddrift/build/HEAD_6d35786de281/rust/bindings/bindings_generated.rs,16850,devm_request_resource,"{""_source_table"": ""binding_functions"", ""_symbol"": ""devm_request_resource"", ""c_symbol"": ""devm_request_resource"", ""is_unsafe"": 1, ""line"": 16850, ""params"": ""[{\""name\"": \""dev\"", \""type\"": \""*mut device\""}, {\""name\"": \""root\"", \""type\"": \""*mut resource\""}, {\""name\"": \""new\"", \""type\"": \""*mut resource\""}]"", ""return_type"": ""ffi::c_int"", ""rust_symbol"": ""devm_request_resource"", ""source_file"": "".binddrift/build/HEAD_6d35786de281/rust/bindings/bindings_generated.rs"", ""version_id"": ""HEAD_6d35786de281""}",CORRECT,independent precision review of extracted fact source context; rank/score/ranker blinded,CORRECT,independent precision review of extracted fact source context; rank/score/ranker blinded,CORRECT,adjudicated precision sample from extractor output; separate from recall gold labels,
generated-binding-0043,generated_binding_facts,generated_bindings,HEAD_6d35786de281,.binddrift/build/HEAD_6d35786de281/rust/bindings/bindings_generated.rs,16852,devm_request_resource,"{""_source_table"": ""binding_functions"", ""_symbol"": ""devm_request_resource"", ""c_symbol"": ""devm_request_resource"", ""is_unsafe"": 1, ""line"": 16852, ""params"": ""[{\""name\"": \""dev\"", \""type\"": \""*mut device\""}, {\""name\"": \""root\"", \""type\"": \""*mut resource\""}, {\""name\"": \""new\"", \""type\"": \""*mut resource\""}]"", ""return_type"": ""ffi::c_int"", ""rust_symbol"": ""devm_request_resource"", ""source_file"": "".binddrift/build/HEAD_6d35786de281/rust/bindings/bindings_generated.rs"", ""version_id"": ""HEAD_6d35786de281""}",CORRECT,independent precision review of extracted fact source context; rank/score/ranker blinded,CORRECT,independent precision review of extracted fact source context; rank/score/ranker blinded,CORRECT,adjudicated precision sample from extractor output; separate from recall gold labels,
generated-binding-0044,generated_binding_facts,generated_bindings,HEAD_6d35786de281,.binddrift/build/HEAD_6d35786de281/rust/bindings/bindings_generated.rs,16857,devm_release_resource,"{""_source_table"": ""binding_functions"", ""_symbol"": ""devm_release_resource"", ""c_symbol"": ""devm_release_resource"", ""is_unsafe"": 1, ""line"": 16857, ""params"": ""[{\""name\"": \""dev\"", \""type\"": \""*mut device\""}, {\""name\"": \""new\"", \""type\"": \""*mut resource\""}]"", ""return_type"": ""()"", ""rust_symbol"": ""devm_release_resource"", ""source_file"": "".binddrift/build/HEAD_6d35786de281/rust/bindings/bindings_generated.rs"", ""version_id"": ""HEAD_6d35786de281""}",CORRECT,independent precision review of extracted fact source context; rank/score/ranker blinded,CORRECT,independent precision review of extracted fact source context; rank/score/ranker blinded,CORRECT,adjudicated precision sample from extractor output; separate from recall gold labels,
generated-binding-0045,generated_binding_facts,generated_bindings,HEAD_6d35786de281,.binddrift/build/HEAD_6d35786de281/rust/bindings/bindings_generated.rs,16859,devm_release_resource,"{""_source_table"": ""binding_functions"", ""_symbol"": ""devm_release_resource"", ""c_symbol"": ""devm_release_resource"", ""is_unsafe"": 1, ""line"": 16859, ""params"": ""[{\""name\"": \""dev\"", \""type\"": \""*mut device\""}, {\""name\"": \""new\"", \""type\"": \""*mut resource\""}]"", ""return_type"": ""()"", ""rust_symbol"": ""devm_release_resource"", ""source_file"": "".binddrift/build/HEAD_6d35786de281/rust/bindings/bindings_generated.rs"", ""version_id"": ""HEAD_6d35786de281""}",CORRECT,independent precision review of extracted fact source context; rank/score/ranker blinded,CORRECT,independent precision review of extracted fact source context; rank/score/ranker blinded,CORRECT,adjudicated precision sample from extractor output; separate from recall gold labels,
generated-binding-0046,generated_binding_facts,generated_bindings,HEAD_6d35786de281,.binddrift/build/HEAD_6d35786de281/rust/bindings/bindings_generated.rs,16860,__devm_request_region,"{""_source_table"": ""binding_functions"", ""_symbol"": ""__devm_request_region"", ""c_symbol"": ""__devm_request_region"", ""is_unsafe"": 1, ""line"": 16860, ""params"": ""[{\""name\"": \""dev\"", \""type\"": \""*mut device\""}, {\""name\"": \""parent\"", \""type\"": \""*mut resource\""}, {\""name\"": \""start\"", \""type\"": \""resource_size_t\""}, {\""name\"": \""n\"", \""type\"": \""resource_size_t\""}, {\""name\"": \""name\"", \""type\"": \""*const ffi::c_char\""}]"", ""return_type"": ""*mut resource"", ""rust_symbol"": ""__devm_request_region"", ""source_file"": "".binddrift/build/HEAD_6d35786de281/rust/bindings/bindings_generated.rs"", ""version_id"": ""HEAD_6d35786de281""}",CORRECT,independent precision review of extracted fact source context; rank/score/ranker blinded,CORRECT,independent precision review of extracted fact source context; rank/score/ranker blinded,CORRECT,adjudicated precision sample from extractor output; separate from recall gold labels,
generated-binding-0047,generated_binding_facts,generated_bindings,HEAD_6d35786de281,.binddrift/build/HEAD_6d35786de281/rust/bindings/bindings_generated.rs,16862,__devm_request_region,"{""_source_table"": ""binding_functions"", ""_symbol"": ""__devm_request_region"", ""c_symbol"": ""__devm_request_region"", ""is_unsafe"": 1, ""line"": 16862, ""params"": ""[{\""name\"": \""dev\"", \""type\"": \""*mut device\""}, {\""name\"": \""parent\"", \""type\"": \""*mut resource\""}, {\""name\"": \""start\"", \""type\"": \""resource_size_t\""}, {\""name\"": \""n\"", \""type\"": \""resource_size_t\""}, {\""name\"": \""name\"", \""type\"": \""*const ffi::c_char\""}]"", ""return_type"": ""*mut resource"", ""rust_symbol"": ""__devm_request_region"", ""source_file"": "".binddrift/build/HEAD_6d35786de281/rust/bindings/bindings_generated.rs"", ""version_id"": ""HEAD_6d35786de281""}",CORRECT,independent precision review of extracted fact source context; rank/score/ranker blinded,CORRECT,independent precision review of extracted fact source context; rank/score/ranker blinded,CORRECT,adjudicated precision sample from extractor output; separate from recall gold labels,
generated-binding-0048,generated_binding_facts,generated_bindings,HEAD_6d35786de281,.binddrift/build/HEAD_6d35786de281/rust/bindings/bindings_generated.rs,16869,__devm_release_region,"{""_source_table"": ""binding_functions"", ""_symbol"": ""__devm_release_region"", ""c_symbol"": ""__devm_release_region"", ""is_unsafe"": 1, ""line"": 16869, ""params"": ""[{\""name\"": \""dev\"", \""type\"": \""*mut device\""}, {\""name\"": \""parent\"", \""type\"": \""*mut resource\""}, {\""name\"": \""start\"", \""type\"": \""resource_size_t\""}, {\""name\"": \""n\"", \""type\"": \""resource_size_t\""}]"", ""return_type"": ""()"", ""rust_symbol"": ""__devm_release_region"", ""source_file"": "".binddrift/build/HEAD_6d35786de281/rust/bindings/bindings_generated.rs"", ""version_id"": ""HEAD_6d35786de281""}",CORRECT,independent precision review of extracted fact source context; rank/score/ranker blinded,CORRECT,independent precision review of extracted fact source context; rank/score/ranker blinded,CORRECT,adjudicated precision sample from extractor output; separate from recall gold labels,
generated-binding-0049,generated_binding_facts,generated_bindings,HEAD_6d35786de281,.binddrift/build/HEAD_6d35786de281/rust/bindings/bindings_generated.rs,16871,__devm_release_region,"{""_source_table"": ""binding_functions"", ""_symbol"": ""__devm_release_region"", ""c_symbol"": ""__devm_release_region"", ""is_unsafe"": 1, ""line"": 16871, ""params"": ""[{\""name\"": \""dev\"", \""type\"": \""*mut device\""}, {\""name\"": \""parent\"", \""type\"": \""*mut resource\""}, {\""name\"": \""start\"", \""type\"": \""resource_size_t\""}, {\""name\"": \""n\"", \""type\"": \""resource_size_t\""}]"", ""return_type"": ""()"", ""rust_symbol"": ""__devm_release_region"", ""source_file"": "".binddrift/build/HEAD_6d35786de281/rust/bindings/bindings_generated.rs"", ""version_id"": ""HEAD_6d35786de281""}",CORRECT,independent precision review of extracted fact source context; rank/score/ranker blinded,CORRECT,independent precision review of extracted fact source context; rank/score/ranker blinded,CORRECT,adjudicated precision sample from extractor output; separate from recall gold labels,
generated-binding-0050,generated_binding_facts,generated_bindings,HEAD_6d35786de281,.binddrift/build/HEAD_6d35786de281/rust/bindings/bindings_generated.rs,16877,iomem_map_sanity_check,"{""_source_table"": ""binding_functions"", ""_symbol"": ""iomem_map_sanity_check"", ""c_symbol"": ""iomem_map_sanity_check"", ""is_unsafe"": 1, ""line"": 16877, ""params"": ""[{\""name\"": \""addr\"", \""type\"": \""resource_size_t\""}, {\""name\"": \""size\"", \""type\"": \""ffi::c_ulong\""}]"", ""return_type"": ""ffi::c_int"", ""rust_symbol"": ""iomem_map_sanity_check"", ""source_file"": "".binddrift/build/HEAD_6d35786de281/rust/bindings/bindings_generated.rs"", ""version_id"": ""HEAD_6d35786de281""}",CORRECT,independent precision review of extracted fact source context; rank/score/ranker blinded,CORRECT,independent precision review of extracted fact source context; rank/score/ranker blinded,CORRECT,adjudicated precision sample from extractor output; separate from recall gold labels,
generated-binding-0051,generated_binding_facts,generated_bindings,HEAD_6d35786de281,.binddrift/build/HEAD_6d35786de281/rust/bindings/bindings_generated.rs,16879,iomem_map_sanity_check,"{""_source_table"": ""binding_functions"", ""_symbol"": ""iomem_map_sanity_check"", ""c_symbol"": ""iomem_map_sanity_check"", ""is_unsafe"": 1, ""line"": 16879, ""params"": ""[{\""name\"": \""addr\"", \""type\"": \""resource_size_t\""}, {\""name\"": \""size\"", \""type\"": \""ffi::c_ulong\""}]"", ""return_type"": ""ffi::c_int"", ""rust_symbol"": ""iomem_map_sanity_check"", ""source_file"": "".binddrift/build/HEAD_6d35786de281/rust/bindings/bindings_generated.rs"", ""version_id"": ""HEAD_6d35786de281""}",CORRECT,independent precision review of extracted fact source context; rank/score/ranker blinded,CORRECT,independent precision review of extracted fact source context; rank/score/ranker blinded,CORRECT,adjudicated precision sample from extractor output; separate from recall gold labels,
generated-binding-0052,generated_binding_facts,generated_bindings,HEAD_6d35786de281,.binddrift/build/HEAD_6d35786de281/rust/bindings/bindings_generated.rs,16880,iomem_is_exclusive,"{""_source_table"": ""binding_functions"", ""_symbol"": ""iomem_is_exclusive"", ""c_symbol"": ""iomem_is_exclusive"", ""is_unsafe"": 1, ""line"": 16880, ""params"": ""[{\""name\"": \""addr\"", \""type\"": \""u64_\""}]"", ""return_type"": ""bool_"", ""rust_symbol"": ""iomem_is_exclusive"", ""source_file"": "".binddrift/build/HEAD_6d35786de281/rust/bindings/bindings_generated.rs"", ""version_id"": ""HEAD_6d35786de281""}",CORRECT,independent precision review of extracted fact source context; rank/score/ranker blinded,CORRECT,independent precision review of extracted fact source context; rank/score/ranker blinded,CORRECT,adjudicated precision sample from extractor output; separate from recall gold labels,
generated-binding-0053,generated_binding_facts,generated_bindings,HEAD_6d35786de281,.binddrift/build/HEAD_6d35786de281/rust/bindings/bindings_generated.rs,16882,iomem_is_exclusive,"{""_source_table"": ""binding_functions"", ""_symbol"": ""iomem_is_exclusive"", ""c_symbol"": ""iomem_is_exclusive"", ""is_unsafe"": 1, ""line"": 16882, ""params"": ""[{\""name\"": \""addr\"", \""type\"": \""u64_\""}]"", ""return_type"": ""bool_"", ""rust_symbol"": ""iomem_is_exclusive"", ""source_file"": "".binddrift/build/HEAD_6d35786de281/rust/bindings/bindings_generated.rs"", ""version_id"": ""HEAD_6d35786de281""}",CORRECT,independent precision review of extracted fact source context; rank/score/ranker blinded,CORRECT,independent precision review of extracted fact source context; rank/score/ranker blinded,CORRECT,adjudicated precision sample from extractor output; separate from recall gold labels,
generated-binding-0054,generated_binding_facts,generated_bindings,HEAD_6d35786de281,.binddrift/build/HEAD_6d35786de281/rust/bindings/bindings_generated.rs,16883,resource_is_exclusive,"{""_source_table"": ""binding_functions"", ""_symbol"": ""resource_is_exclusive"", ""c_symbol"": ""resource_is_exclusive"", ""is_unsafe"": 1, ""line"": 16883, ""params"": ""[{\""name\"": \""resource\"", \""type\"": \""*mut resource\""}, {\""name\"": \""addr\"", \""type\"": \""u64_\""}, {\""name\"": \""size\"", \""type\"": \""resource_size_t\""}]"", ""return_type"": ""bool_"", ""rust_symbol"": ""resource_is_exclusive"", ""source_file"": "".binddrift/build/HEAD_6d35786de281/rust/bindings/bindings_generated.rs"", ""version_id"": ""HEAD_6d35786de281""}",CORRECT,independent precision review of extracted fact source context; rank/score/ranker blinded,CORRECT,independent precision review of extracted fact source context; rank/score/ranker blinded,CORRECT,adjudicated precision sample from extractor output; separate from recall gold labels,
generated-binding-0055,generated_binding_facts,generated_bindings,HEAD_6d35786de281,.binddrift/build/HEAD_6d35786de281/rust/bindings/bindings_generated.rs,16885,resource_is_exclusive,"{""_source_table"": ""binding_functions"", ""_symbol"": ""resource_is_exclusive"", ""c_symbol"": ""resource_is_exclusive"", ""is_unsafe"": 1, ""line"": 16885, ""params"": ""[{\""name\"": \""resource\"", \""type\"": \""*mut resource\""}, {\""name\"": \""addr\"", \""type\"": \""u64_\""}, {\""name\"": \""size\"", \""type\"": \""resource_size_t\""}]"", ""return_type"": ""bool_"", ""rust_symbol"": ""resource_is_exclusive"", ""source_file"": "".binddrift/build/HEAD_6d35786de281/rust/bindings/bindings_generated.rs"", ""version_id"": ""HEAD_6d35786de281""}",CORRECT,independent precision review of extracted fact source context; rank/score/ranker blinded,CORRECT,independent precision review of extracted fact source context; rank/score/ranker blinded,CORRECT,adjudicated precision sample from extractor output; separate from recall gold labels,
generated-binding-0056,generated_binding_facts,generated_bindings,HEAD_6d35786de281,.binddrift/build/HEAD_6d35786de281/rust/bindings/bindings_generated.rs,16890,walk_system_ram_range,"{""_source_table"": ""binding_functions"", ""_symbol"": ""walk_system_ram_range"", ""c_symbol"": ""walk_system_ram_range"", ""is_unsafe"": 1, ""line"": 16890, ""params"": ""[{\""name\"": \""start_pfn\"", \""type\"": \""ffi::c_ulong\""}, {\""name\"": \""nr_pages\"", \""type\"": \""ffi::c_ulong\""}, {\""name\"": \""arg\"", \""type\"": \""*mut ffi::c_void\""}, {\""name\"": \""func\"", \""type\"": \""::core::option::Option< unsafe extern \\\""C\\\"" fn( arg1: ffi::c_ulong, arg2: ffi::c_ulong, arg3: *mut ffi::c_void,\""}]"", ""return_type"": ""ffi::c_int, >, ) -> ffi::c_int"", ""rust_symbol"": ""walk_system_ram_range"", ""source_file"": "".binddrift/build/HEAD_6d35786de281/rust/bindings/bindings_generated.rs"", ""version_id"": ""HEAD_6d35786de281""}",CORRECT,independent precision review of extracted fact source context; rank/score/ranker blinded,CORRECT,independent precision review of extracted fact source context; rank/score/ranker blinded,CORRECT,adjudicated precision sample from extractor output; separate from recall gold labels,
generated-binding-0057,generated_binding_facts,generated_bindings,HEAD_6d35786de281,.binddrift/build/HEAD_6d35786de281/rust/bindings/bindings_generated.rs,16892,walk_system_ram_range,"{""_source_table"": ""binding_functions"", ""_symbol"": ""walk_system_ram_range"", ""c_symbol"": ""walk_system_ram_range"", ""is_unsafe"": 1, ""line"": 16892, ""params"": ""[{\""name\"": \""start_pfn\"", \""type\"": \""ffi::c_ulong\""}, {\""name\"": \""nr_pages\"", \""type\"": \""ffi::c_ulong\""}, {\""name\"": \""arg\"", \""type\"": \""*mut ffi::c_void\""}, {\""name\"": \""func\"", \""type\"": \""::core::option::Option< unsafe extern \\\""C\\\"" fn( arg1: ffi::c_ulong, arg2: ffi::c_ulong, arg3: *mut ffi::c_void,\""}]"", ""return_type"": ""ffi::c_int, >, ) -> ffi::c_int"", ""rust_symbol"": ""walk_system_ram_range"", ""source_file"": "".binddrift/build/HEAD_6d35786de281/rust/bindings/bindings_generated.rs"", ""version_id"": ""HEAD_6d35786de281""}",CORRECT,independent precision review of extracted fact source context; rank/score/ranker blinded,CORRECT,independent precision review of extracted fact source context; rank/score/ranker blinded,CORRECT,adjudicated precision sample from extractor output; separate from recall gold labels,
generated-binding-0058,generated_binding_facts,generated_bindings,HEAD_6d35786de281,.binddrift/build/HEAD_6d35786de281/rust/bindings/bindings_generated.rs,16904,walk_mem_res,"{""_source_table"": ""binding_functions"", ""_symbol"": ""walk_mem_res"", ""c_symbol"": ""walk_mem_res"", ""is_unsafe"": 1, ""line"": 16904, ""params"": ""[{\""name\"": \""start\"", \""type\"": \""u64_\""}, {\""name\"": \""end\"", \""type\"": \""u64_\""}, {\""name\"": \""arg\"", \""type\"": \""*mut ffi::c_void\""}, {\""name\"": \""func\"", \""type\"": \""::core::option::Option< unsafe extern \\\""C\\\"" fn(arg1: *mut resource, arg2: *mut ffi::c_void\""}]"", ""return_type"": ""ffi::c_int, >, ) -> ffi::c_int"", ""rust_symbol"": ""walk_mem_res"", ""source_file"": "".binddrift/build/HEAD_6d35786de281/rust/bindings/bindings_generated.rs"", ""version_id"": ""HEAD_6d35786de281""}",CORRECT,independent precision review of extracted fact source context; rank/score/ranker blinded,CORRECT,independent precision review of extracted fact source context; rank/score/ranker blinded,CORRECT,adjudicated precision sample from extractor output; separate from recall gold labels,
generated-binding-0059,generated_binding_facts,generated_bindings,HEAD_6d35786de281,.binddrift/build/HEAD_6d35786de281/rust/bindings/bindings_generated.rs,16906,walk_mem_res,"{""_source_table"": ""binding_functions"", ""_symbol"": ""walk_mem_res"", ""c_symbol"": ""walk_mem_res"", ""is_unsafe"": 1, ""line"": 16906, ""params"": ""[{\""name\"": \""start\"", \""type\"": \""u64_\""}, {\""name\"": \""end\"", \""type\"": \""u64_\""}, {\""name\"": \""arg\"", \""type\"": \""*mut ffi::c_void\""}, {\""name\"": \""func\"", \""type\"": \""::core::option::Option< unsafe extern \\\""C\\\"" fn(arg1: *mut resource, arg2: *mut ffi::c_void\""}]"", ""return_type"": ""ffi::c_int, >, ) -> ffi::c_int"", ""rust_symbol"": ""walk_mem_res"", ""source_file"": "".binddrift/build/HEAD_6d35786de281/rust/bindings/bindings_generated.rs"", ""version_id"": ""HEAD_6d35786de281""}",CORRECT,independent precision review of extracted fact source context; rank/score/ranker blinded,CORRECT,independent precision review of extracted fact source context; rank/score/ranker blinded,CORRECT,adjudicated precision sample from extractor output; separate from recall gold labels,
generated-binding-0060,generated_binding_facts,generated_bindings,HEAD_6d35786de281,.binddrift/build/HEAD_6d35786de281/rust/bindings/bindings_generated.rs,16914,walk_system_ram_res,"{""_source_table"": ""binding_functions"", ""_symbol"": ""walk_system_ram_res"", ""c_symbol"": ""walk_system_ram_res"", ""is_unsafe"": 1, ""line"": 16914, ""params"": ""[{\""name\"": \""start\"", \""type\"": \""u64_\""}, {\""name\"": \""end\"", \""type\"": \""u64_\""}, {\""name\"": \""arg\"", \""type\"": \""*mut ffi::c_void\""}, {\""name\"": \""func\"", \""type\"": \""::core::option::Option< unsafe extern \\\""C\\\"" fn(arg1: *mut resource, arg2: *mut ffi::c_void\""}]"", ""return_type"": ""ffi::c_int, >, ) -> ffi::c_int"", ""rust_symbol"": ""walk_system_ram_res"", ""source_file"": "".binddrift/build/HEAD_6d35786de281/rust/bindings/bindings_generated.rs"", ""version_id"": ""HEAD_6d35786de281""}",CORRECT,independent precision review of extracted fact source context; rank/score/ranker blinded,CORRECT,independent precision review of extracted fact source context; rank/score/ranker blinded,CORRECT,adjudicated precision sample from extractor output; separate from recall gold labels,
generated-binding-0061,generated_binding_facts,generated_bindings,HEAD_6d35786de281,.binddrift/build/HEAD_6d35786de281/rust/bindings/bindings_generated.rs,16916,walk_system_ram_res,"{""_source_table"": ""binding_functions"", ""_symbol"": ""walk_system_ram_res"", ""c_symbol"": ""walk_system_ram_res"", ""is_unsafe"": 1, ""line"": 16916, ""params"": ""[{\""name\"": \""start\"", \""type\"": \""u64_\""}, {\""name\"": \""end\"", \""type\"": \""u64_\""}, {\""name\"": \""arg\"", \""type\"": \""*mut ffi::c_void\""}, {\""name\"": \""func\"", \""type\"": \""::core::option::Option< unsafe extern \\\""C\\\"" fn(arg1: *mut resource, arg2: *mut ffi::c_void\""}]"", ""return_type"": ""ffi::c_int, >, ) -> ffi::c_int"", ""rust_symbol"": ""walk_system_ram_res"", ""source_file"": "".binddrift/build/HEAD_6d35786de281/rust/bindings/bindings_generated.rs"", ""version_id"": ""HEAD_6d35786de281""}",CORRECT,independent precision review of extracted fact source context; rank/score/ranker blinded,CORRECT,independent precision review of extracted fact source context; rank/score/ranker blinded,CORRECT,adjudicated precision sample from extractor output; separate from recall gold labels,
generated-binding-0062,generated_binding_facts,generated_bindings,HEAD_6d35786de281,.binddrift/build/HEAD_6d35786de281/rust/bindings/bindings_generated.rs,16924,walk_system_ram_res_rev,"{""_source_table"": ""binding_functions"", ""_symbol"": ""walk_system_ram_res_rev"", ""c_symbol"": ""walk_system_ram_res_rev"", ""is_unsafe"": 1, ""line"": 16924, ""params"": ""[{\""name\"": \""start\"", \""type\"": \""u64_\""}, {\""name\"": \""end\"", \""type\"": \""u64_\""}, {\""name\"": \""arg\"", \""type\"": \""*mut ffi::c_void\""}, {\""name\"": \""func\"", \""type\"": \""::core::option::Option< unsafe extern \\\""C\\\"" fn(arg1: *mut resource, arg2: *mut ffi::c_void\""}]"", ""return_type"": ""ffi::c_int, >, ) -> ffi::c_int"", ""rust_symbol"": ""walk_system_ram_res_rev"", ""source_file"": "".binddrift/build/HEAD_6d35786de281/rust/bindings/bindings_generated.rs"", ""version_id"": ""HEAD_6d35786de281""}",CORRECT,independent precision review of extracted fact source context; rank/score/ranker blinded,CORRECT,independent precision review of extracted fact source context; rank/score/ranker blinded,CORRECT,adjudicated precision sample from extractor output; separate from recall gold labels,
generated-binding-0063,generated_binding_facts,generated_bindings,HEAD_6d35786de281,.binddrift/build/HEAD_6d35786de281/rust/bindings/bindings_generated.rs,16926,walk_system_ram_res_rev,"{""_source_table"": ""binding_functions"", ""_symbol"": ""walk_system_ram_res_rev"", ""c_symbol"": ""walk_system_ram_res_rev"", ""is_unsafe"": 1, ""line"": 16926, ""params"": ""[{\""name\"": \""start\"", \""type\"": \""u64_\""}, {\""name\"": \""end\"", \""type\"": \""u64_\""}, {\""name\"": \""arg\"", \""type\"": \""*mut ffi::c_void\""}, {\""name\"": \""func\"", \""type\"": \""::core::option::Option< unsafe extern \\\""C\\\"" fn(arg1: *mut resource, arg2: *mut ffi::c_void\""}]"", ""return_type"": ""ffi::c_int, >, ) -> ffi::c_int"", ""rust_symbol"": ""walk_system_ram_res_rev"", ""source_file"": "".binddrift/build/HEAD_6d35786de281/rust/bindings/bindings_generated.rs"", ""version_id"": ""HEAD_6d35786de281""}",CORRECT,independent precision review of extracted fact source context; rank/score/ranker blinded,CORRECT,independent precision review of extracted fact source context; rank/score/ranker blinded,CORRECT,adjudicated precision sample from extractor output; separate from recall gold labels,
generated-binding-0064,generated_binding_facts,generated_bindings,HEAD_6d35786de281,.binddrift/build/HEAD_6d35786de281/rust/bindings/bindings_generated.rs,16934,walk_iomem_res_desc,"{""_source_table"": ""binding_functions"", ""_symbol"": ""walk_iomem_res_desc"", ""c_symbol"": ""walk_iomem_res_desc"", ""is_unsafe"": 1, ""line"": 16934, ""params"": ""[{\""name\"": \""desc\"", \""type\"": \""ffi::c_ulong\""}, {\""name\"": \""flags\"", \""type\"": \""ffi::c_ulong\""}, {\""name\"": \""start\"", \""type\"": \""u64_\""}, {\""name\"": \""end\"", \""type\"": \""u64_\""}, {\""name\"": \""arg\"", \""type\"": \""*mut ffi::c_void\""}, {\""name\"": \""func\"", \""type\"": \""::core::option::Option< unsafe extern \\\""C\\\"" fn(arg1: *mut resource, arg2: *mut ffi::c_void\""}]"", ""return_type"": ""ffi::c_int, >, ) -> ffi::c_int"", ""rust_symbol"": ""walk_iomem_res_desc"", ""source_file"": "".binddrift/build/HEAD_6d35786de281/rust/bindings/bindings_generated.rs"", ""version_id"": ""HEAD_6d35786de281""}",CORRECT,independent precision review of extracted fact source context; rank/score/ranker blinded,CORRECT,independent precision review of extracted fact source context; rank/score/ranker blinded,CORRECT,adjudicated precision sample from extractor output; separate from recall gold labels,
generated-binding-0065,generated_binding_facts,generated_bindings,HEAD_6d35786de281,.binddrift/build/HEAD_6d35786de281/rust/bindings/bindings_generated.rs,16936,walk_iomem_res_desc,"{""_source_table"": ""binding_functions"", ""_symbol"": ""walk_iomem_res_desc"", ""c_symbol"": ""walk_iomem_res_desc"", ""is_unsafe"": 1, ""line"": 16936, ""params"": ""[{\""name\"": \""desc\"", \""type\"": \""ffi::c_ulong\""}, {\""name\"": \""flags\"", \""type\"": \""ffi::c_ulong\""}, {\""name\"": \""start\"", \""type\"": \""u64_\""}, {\""name\"": \""end\"", \""type\"": \""u64_\""}, {\""name\"": \""arg\"", \""type\"": \""*mut ffi::c_void\""}, {\""name\"": \""func\"", \""type\"": \""::core::option::Option< unsafe extern \\\""C\\\"" fn(arg1: *mut resource, arg2: *mut ffi::c_void\""}]"", ""return_type"": ""ffi::c_int, >, ) -> ffi::c_int"", ""rust_symbol"": ""walk_iomem_res_desc"", ""source_file"": "".binddrift/build/HEAD_6d35786de281/rust/bindings/bindings_generated.rs"", ""version_id"": ""HEAD_6d35786de281""}",CORRECT,independent precision review of extracted fact source context; rank/score/ranker blinded,CORRECT,independent precision review of extracted fact source context; rank/score/ranker blinded,CORRECT,adjudicated precision sample from extractor output; separate from recall gold labels,
generated-binding-0066,generated_binding_facts,generated_bindings,HEAD_6d35786de281,.binddrift/build/HEAD_6d35786de281/rust/bindings/bindings_generated.rs,16946,walk_soft_reserve_res,"{""_source_table"": ""binding_functions"", ""_symbol"": ""walk_soft_reserve_res"", ""c_symbol"": ""walk_soft_reserve_res"", ""is_unsafe"": 1, ""line"": 16946, ""params"": ""[{\""name\"": \""start\"", \""type\"": \""u64_\""}, {\""name\"": \""end\"", \""type\"": \""u64_\""}, {\""name\"": \""arg\"", \""type\"": \""*mut ffi::c_void\""}, {\""name\"": \""func\"", \""type\"": \""::core::option::Option< unsafe extern \\\""C\\\"" fn(arg1: *mut resource, arg2: *mut ffi::c_void\""}]"", ""return_type"": ""ffi::c_int, >, ) -> ffi::c_int"", ""rust_symbol"": ""walk_soft_reserve_res"", ""source_file"": "".binddrift/build/HEAD_6d35786de281/rust/bindings/bindings_generated.rs"", ""version_id"": ""HEAD_6d35786de281""}",CORRECT,independent precision review of extracted fact source context; rank/score/ranker blinded,CORRECT,independent precision review of extracted fact source context; rank/score/ranker blinded,CORRECT,adjudicated precision sample from extractor output; separate from recall gold labels,
generated-binding-0067,generated_binding_facts,generated_bindings,HEAD_6d35786de281,.binddrift/build/HEAD_6d35786de281/rust/bindings/bindings_generated.rs,16948,walk_soft_reserve_res,"{""_source_table"": ""binding_functions"", ""_symbol"": ""walk_soft_reserve_res"", ""c_symbol"": ""walk_soft_reserve_res"", ""is_unsafe"": 1, ""line"": 16948, ""params"": ""[{\""name\"": \""start\"", \""type\"": \""u64_\""}, {\""name\"": \""end\"", \""type\"": \""u64_\""}, {\""name\"": \""arg\"", \""type\"": \""*mut ffi::c_void\""}, {\""name\"": \""func\"", \""type\"": \""::core::option::Option< unsafe extern \\\""C\\\"" fn(arg1: *mut resource, arg2: *mut ffi::c_void\""}]"", ""return_type"": ""ffi::c_int, >, ) -> ffi::c_int"", ""rust_symbol"": ""walk_soft_reserve_res"", ""source_file"": "".binddrift/build/HEAD_6d35786de281/rust/bindings/bindings_generated.rs"", ""version_id"": ""HEAD_6d35786de281""}",CORRECT,independent precision review of extracted fact source context; rank/score/ranker blinded,CORRECT,independent precision review of extracted fact source context; rank/score/ranker blinded,CORRECT,adjudicated precision sample from extractor output; separate from recall gold labels,
generated-binding-0068,generated_binding_facts,generated_bindings,HEAD_6d35786de281,.binddrift/build/HEAD_6d35786de281/rust/bindings/bindings_generated.rs,16956,region_intersects_soft_reserve,"{""_source_table"": ""binding_functions"", ""_symbol"": ""region_intersects_soft_reserve"", ""c_symbol"": ""region_intersects_soft_reserve"", ""is_unsafe"": 1, ""line"": 16956, ""params"": ""[{\""name\"": \""start\"", \""type\"": \""resource_size_t\""}, {\""name\"": \""size\"", \""type\"": \""usize\""}]"", ""return_type"": ""ffi::c_int"", ""rust_symbol"": ""region_intersects_soft_reserve"", ""source_file"": "".binddrift/build/HEAD_6d35786de281/rust/bindings/bindings_generated.rs"", ""version_id"": ""HEAD_6d35786de281""}",CORRECT,independent precision review of extracted fact source context; rank/score/ranker blinded,CORRECT,independent precision review of extracted fact source context; rank/score/ranker blinded,CORRECT,adjudicated precision sample from extractor output; separate from recall gold labels,
generated-binding-0069,generated_binding_facts,generated_bindings,HEAD_6d35786de281,.binddrift/build/HEAD_6d35786de281/rust/bindings/bindings_generated.rs,16958,region_intersects_soft_reserve,"{""_source_table"": ""binding_functions"", ""_symbol"": ""region_intersects_soft_reserve"", ""c_symbol"": ""region_intersects_soft_reserve"", ""is_unsafe"": 1, ""line"": 16958, ""params"": ""[{\""name\"": \""start\"", \""type\"": \""resource_size_t\""}, {\""name\"": \""size\"", \""type\"": \""usize\""}]"", ""return_type"": ""ffi::c_int"", ""rust_symbol"": ""region_intersects_soft_reserve"", ""source_file"": "".binddrift/build/HEAD_6d35786de281/rust/bindings/bindings_generated.rs"", ""version_id"": ""HEAD_6d35786de281""}",CORRECT,independent precision review of extracted fact source context; rank/score/ranker blinded,CORRECT,independent precision review of extracted fact source context; rank/score/ranker blinded,CORRECT,adjudicated precision sample from extractor output; separate from recall gold labels,
generated-binding-0070,generated_binding_facts,generated_bindings,HEAD_6d35786de281,.binddrift/build/HEAD_6d35786de281/rust/bindings/bindings_generated.rs,16959,devm_request_free_mem_region,"{""_source_table"": ""binding_functions"", ""_symbol"": ""devm_request_free_mem_region"", ""c_symbol"": ""devm_request_free_mem_region"", ""is_unsafe"": 1, ""line"": 16959, ""params"": ""[{\""name\"": \""dev\"", \""type\"": \""*mut device\""}, {\""name\"": \""base\"", \""type\"": \""*mut resource\""}, {\""name\"": \""size\"", \""type\"": \""ffi::c_ulong\""}]"", ""return_type"": ""*mut resource"", ""rust_symbol"": ""devm_request_free_mem_region"", ""source_file"": "".binddrift/build/HEAD_6d35786de281/rust/bindings/bindings_generated.rs"", ""version_id"": ""HEAD_6d35786de281""}",CORRECT,independent precision review of extracted fact source context; rank/score/ranker blinded,CORRECT,independent precision review of extracted fact source context; rank/score/ranker blinded,CORRECT,adjudicated precision sample from extractor output; separate from recall gold labels,
generated-binding-0071,generated_binding_facts,generated_bindings,HEAD_6d35786de281,.binddrift/build/HEAD_6d35786de281/rust/bindings/bindings_generated.rs,16961,devm_request_free_mem_region,"{""_source_table"": ""binding_functions"", ""_symbol"": ""devm_request_free_mem_region"", ""c_symbol"": ""devm_request_free_mem_region"", ""is_unsafe"": 1, ""line"": 16961, ""params"": ""[{\""name\"": \""dev\"", \""type\"": \""*mut device\""}, {\""name\"": \""base\"", \""type\"": \""*mut resource\""}, {\""name\"": \""size\"", \""type\"": \""ffi::c_ulong\""}]"", ""return_type"": ""*mut resource"", ""rust_symbol"": ""devm_request_free_mem_region"", ""source_file"": "".binddrift/build/HEAD_6d35786de281/rust/bindings/bindings_generated.rs"", ""version_id"": ""HEAD_6d35786de281""}",CORRECT,independent precision review of extracted fact source context; rank/score/ranker blinded,CORRECT,independent precision review of extracted fact source context; rank/score/ranker blinded,CORRECT,adjudicated precision sample from extractor output; separate from recall gold labels,
generated-binding-0072,generated_binding_facts,generated_bindings,HEAD_6d35786de281,.binddrift/build/HEAD_6d35786de281/rust/bindings/bindings_generated.rs,16966,request_free_mem_region,"{""_source_table"": ""binding_functions"", ""_symbol"": ""request_free_mem_region"", ""c_symbol"": ""request_free_mem_region"", ""is_unsafe"": 1, ""line"": 16966, ""params"": ""[{\""name\"": \""base\"", \""type\"": \""*mut resource\""}, {\""name\"": \""size\"", \""type\"": \""ffi::c_ulong\""}, {\""name\"": \""name\"", \""type\"": \""*const ffi::c_char\""}]"", ""return_type"": ""*mut resource"", ""rust_symbol"": ""request_free_mem_region"", ""source_file"": "".binddrift/build/HEAD_6d35786de281/rust/bindings/bindings_generated.rs"", ""version_id"": ""HEAD_6d35786de281""}",CORRECT,independent precision review of extracted fact source context; rank/score/ranker blinded,CORRECT,independent precision review of extracted fact source context; rank/score/ranker blinded,CORRECT,adjudicated precision sample from extractor output; separate from recall gold labels,
generated-binding-0073,generated_binding_facts,generated_bindings,HEAD_6d35786de281,.binddrift/build/HEAD_6d35786de281/rust/bindings/bindings_generated.rs,16968,request_free_mem_region,"{""_source_table"": ""binding_functions"", ""_symbol"": ""request_free_mem_region"", ""c_symbol"": ""request_free_mem_region"", ""is_unsafe"": 1, ""line"": 16968, ""params"": ""[{\""name\"": \""base\"", \""type\"": \""*mut resource\""}, {\""name\"": \""size\"", \""type\"": \""ffi::c_ulong\""}, {\""name\"": \""name\"", \""type\"": \""*const ffi::c_char\""}]"", ""return_type"": ""*mut resource"", ""rust_symbol"": ""request_free_mem_region"", ""source_file"": "".binddrift/build/HEAD_6d35786de281/rust/bindings/bindings_generated.rs"", ""version_id"": ""HEAD_6d35786de281""}",CORRECT,independent precision review of extracted fact source context; rank/score/ranker blinded,CORRECT,independent precision review of extracted fact source context; rank/score/ranker blinded,CORRECT,adjudicated precision sample from extractor output; separate from recall gold labels,
generated-binding-0074,generated_binding_facts,generated_bindings,HEAD_6d35786de281,.binddrift/build/HEAD_6d35786de281/rust/bindings/bindings_generated.rs,16973,alloc_free_mem_region,"{""_source_table"": ""binding_functions"", ""_symbol"": ""alloc_free_mem_region"", ""c_symbol"": ""alloc_free_mem_region"", ""is_unsafe"": 1, ""line"": 16973, ""params"": ""[{\""name\"": \""base\"", \""type\"": \""*mut resource\""}, {\""name\"": \""size\"", \""type\"": \""ffi::c_ulong\""}, {\""name\"": \""align\"", \""type\"": \""ffi::c_ulong\""}, {\""name\"": \""name\"", \""type\"": \""*const ffi::c_char\""}]"", ""return_type"": ""*mut resource"", ""rust_symbol"": ""alloc_free_mem_region"", ""source_file"": "".binddrift/build/HEAD_6d35786de281/rust/bindings/bindings_generated.rs"", ""version_id"": ""HEAD_6d35786de281""}",CORRECT,independent precision review of extracted fact source context; rank/score/ranker blinded,CORRECT,independent precision review of extracted fact source context; rank/score/ranker blinded,CORRECT,adjudicated precision sample from extractor output; separate from recall gold labels,
generated-binding-0075,generated_binding_facts,generated_bindings,HEAD_6d35786de281,.binddrift/build/HEAD_6d35786de281/rust/bindings/bindings_generated.rs,16975,alloc_free_mem_region,"{""_source_table"": ""binding_functions"", ""_symbol"": ""alloc_free_mem_region"", ""c_symbol"": ""alloc_free_mem_region"", ""is_unsafe"": 1, ""line"": 16975, ""params"": ""[{\""name\"": \""base\"", \""type\"": \""*mut resource\""}, {\""name\"": \""size\"", \""type\"": \""ffi::c_ulong\""}, {\""name\"": \""align\"", \""type\"": \""ffi::c_ulong\""}, {\""name\"": \""name\"", \""type\"": \""*const ffi::c_char\""}]"", ""return_type"": ""*mut resource"", ""rust_symbol"": ""alloc_free_mem_region"", ""source_file"": "".binddrift/build/HEAD_6d35786de281/rust/bindings/bindings_generated.rs"", ""version_id"": ""HEAD_6d35786de281""}",CORRECT,independent precision review of extracted fact source context; rank/score/ranker blinded,CORRECT,independent precision review of extracted fact source context; rank/score/ranker blinded,CORRECT,adjudicated precision sample from extractor output; separate from recall gold labels,
generated-binding-0076,generated_binding_facts,generated_bindings,HEAD_6d35786de281,.binddrift/build/HEAD_6d35786de281/rust/bindings/bindings_generated.rs,16981,iomem_get_mapping,"{""_source_table"": ""binding_functions"", ""_symbol"": ""iomem_get_mapping"", ""c_symbol"": ""iomem_get_mapping"", ""is_unsafe"": 1, ""line"": 16981, ""params"": ""[]"", ""return_type"": ""*mut address_space"", ""rust_symbol"": ""iomem_get_mapping"", ""source_file"": "".binddrift/build/HEAD_6d35786de281/rust/bindings/bindings_generated.rs"", ""version_id"": ""HEAD_6d35786de281""}",CORRECT,independent precision review of extracted fact source context; rank/score/ranker blinded,CORRECT,independent precision review of extracted fact source context; rank/score/ranker blinded,CORRECT,adjudicated precision sample from extractor output; separate from recall gold labels,
generated-binding-0077,generated_binding_facts,generated_bindings,HEAD_6d35786de281,.binddrift/build/HEAD_6d35786de281/rust/bindings/bindings_generated.rs,16983,iomem_get_mapping,"{""_source_table"": ""binding_functions"", ""_symbol"": ""iomem_get_mapping"", ""c_symbol"": ""iomem_get_mapping"", ""is_unsafe"": 1, ""line"": 16983, ""params"": ""[]"", ""return_type"": ""*mut address_space"", ""rust_symbol"": ""iomem_get_mapping"", ""source_file"": "".binddrift/build/HEAD_6d35786de281/rust/bindings/bindings_generated.rs"", ""version_id"": ""HEAD_6d35786de281""}",CORRECT,independent precision review of extracted fact source context; rank/score/ranker blinded,CORRECT,independent precision review of extracted fact source context; rank/score/ranker blinded,CORRECT,adjudicated precision sample from extractor output; separate from recall gold labels,
generated-binding-0078,generated_binding_facts,generated_bindings,HEAD_6d35786de281,.binddrift/build/HEAD_6d35786de281/rust/bindings/bindings_generated.rs,16997,__WARN_trap,"{""_source_table"": ""binding_functions"", ""_symbol"": ""__WARN_trap"", ""c_symbol"": ""__WARN_trap"", ""is_unsafe"": 1, ""line"": 16997, ""params"": ""[{\""name\"": \""bug\"", \""type\"": \""*mut bug_entry\""}, {\""name\"": \""\"", \""type\"": \""...\""}]"", ""return_type"": ""()"", ""rust_symbol"": ""__WARN_trap"", ""source_file"": "".binddrift/build/HEAD_6d35786de281/rust/bindings/bindings_generated.rs"", ""version_id"": ""HEAD_6d35786de281""}",CORRECT,independent precision review of extracted fact source context; rank/score/ranker blinded,CORRECT,independent precision review of extracted fact source context; rank/score/ranker blinded,CORRECT,adjudicated precision sample from extractor output; separate from recall gold labels,
generated-binding-0079,generated_binding_facts,generated_bindings,HEAD_6d35786de281,.binddrift/build/HEAD_6d35786de281/rust/bindings/bindings_generated.rs,16999,__WARN_trap,"{""_source_table"": ""binding_functions"", ""_symbol"": ""__WARN_trap"", ""c_symbol"": ""__WARN_trap"", ""is_unsafe"": 1, ""line"": 16999, ""params"": ""[{\""name\"": \""bug\"", \""type\"": \""*mut bug_entry\""}, {\""name\"": \""\"", \""type\"": \""...\""}]"", ""return_type"": ""()"", ""rust_symbol"": ""__WARN_trap"", ""source_file"": "".binddrift/build/HEAD_6d35786de281/rust/bindings/bindings_generated.rs"", ""version_id"": ""HEAD_6d35786de281""}",CORRECT,independent precision review of extracted fact source context; rank/score/ranker blinded,CORRECT,independent precision review of extracted fact source context; rank/score/ranker blinded,CORRECT,adjudicated precision sample from extractor output; separate from recall gold labels,
generated-binding-0080,generated_binding_facts,generated_bindings,HEAD_6d35786de281,.binddrift/build/HEAD_6d35786de281/rust/bindings/bindings_generated.rs,17040,__SCT__WARN_trap,"{""_source_table"": ""binding_functions"", ""_symbol"": ""__SCT__WARN_trap"", ""c_symbol"": ""__SCT__WARN_trap"", ""is_unsafe"": 1, ""line"": 17040, ""params"": ""[{\""name\"": \""arg1\"", \""type\"": \""*mut bug_entry\""}, {\""name\"": \""\"", \""type\"": \""...\""}]"", ""return_type"": ""()"", ""rust_symbol"": ""__SCT__WARN_trap"", ""source_file"": "".binddrift/build/HEAD_6d35786de281/rust/bindings/bindings_generated.rs"", ""version_id"": ""HEAD_6d35786de281""}",CORRECT,independent precision review of extracted fact source context; rank/score/ranker blinded,CORRECT,independent precision review of extracted fact source context; rank/score/ranker blinded,CORRECT,adjudicated precision sample from extractor output; separate from recall gold labels,
generated-binding-0081,generated_binding_facts,generated_bindings,HEAD_6d35786de281,.binddrift/build/HEAD_6d35786de281/rust/bindings/bindings_generated.rs,17042,__SCT__WARN_trap,"{""_source_table"": ""binding_functions"", ""_symbol"": ""__SCT__WARN_trap"", ""c_symbol"": ""__SCT__WARN_trap"", ""is_unsafe"": 1, ""line"": 17042, ""params"": ""[{\""name\"": \""arg1\"", \""type\"": \""*mut bug_entry\""}, {\""name\"": \""\"", \""type\"": \""...\""}]"", ""return_type"": ""()"", ""rust_symbol"": ""__SCT__WARN_trap"", ""source_file"": "".binddrift/build/HEAD_6d35786de281/rust/bindings/bindings_generated.rs"", ""version_id"": ""HEAD_6d35786de281""}",CORRECT,independent precision review of extracted fact source context; rank/score/ranker blinded,CORRECT,independent precision review of extracted fact source context; rank/score/ranker blinded,CORRECT,adjudicated precision sample from extractor output; separate from recall gold labels,
generated-binding-0082,generated_binding_facts,generated_bindings,HEAD_6d35786de281,.binddrift/build/HEAD_6d35786de281/rust/bindings/bindings_generated.rs,17075,__warn_args,"{""_source_table"": ""binding_functions"", ""_symbol"": ""__warn_args"", ""c_symbol"": ""__warn_args"", ""is_unsafe"": 1, ""line"": 17075, ""params"": ""[{\""name\"": \""args\"", \""type\"": \""*mut arch_va_list\""}, {\""name\"": \""regs\"", \""type\"": \""*mut pt_regs\""}]"", ""return_type"": ""*mut ffi::c_void"", ""rust_symbol"": ""__warn_args"", ""source_file"": "".binddrift/build/HEAD_6d35786de281/rust/bindings/bindings_generated.rs"", ""version_id"": ""HEAD_6d35786de281""}",CORRECT,independent precision review of extracted fact source context; rank/score/ranker blinded,CORRECT,independent precision review of extracted fact source context; rank/score/ranker blinded,CORRECT,adjudicated precision sample from extractor output; separate from recall gold labels,
generated-binding-0083,generated_binding_facts,generated_bindings,HEAD_6d35786de281,.binddrift/build/HEAD_6d35786de281/rust/bindings/bindings_generated.rs,17077,__warn_args,"{""_source_table"": ""binding_functions"", ""_symbol"": ""__warn_args"", ""c_symbol"": ""__warn_args"", ""is_unsafe"": 1, ""line"": 17077, ""params"": ""[{\""name\"": \""args\"", \""type\"": \""*mut arch_va_list\""}, {\""name\"": \""regs\"", \""type\"": \""*mut pt_regs\""}]"", ""return_type"": ""*mut ffi::c_void"", ""rust_symbol"": ""__warn_args"", ""source_file"": "".binddrift/build/HEAD_6d35786de281/rust/bindings/bindings_generated.rs"", ""version_id"": ""HEAD_6d35786de281""}",CORRECT,independent precision review of extracted fact source context; rank/score/ranker blinded,CORRECT,independent precision review of extracted fact source context; rank/score/ranker blinded,CORRECT,adjudicated precision sample from extractor output; separate from recall gold labels,
generated-binding-0084,generated_binding_facts,generated_bindings,HEAD_6d35786de281,.binddrift/build/HEAD_6d35786de281/rust/bindings/bindings_generated.rs,17083,panic,"{""_source_table"": ""binding_functions"", ""_symbol"": ""panic"", ""c_symbol"": ""panic"", ""is_unsafe"": 1, ""line"": 17083, ""params"": ""[{\""name\"": \""fmt\"", \""type\"": \""*const ffi::c_char\""}, {\""name\"": \""\"", \""type\"": \""...\""}]"", ""return_type"": ""!"", ""rust_symbol"": ""panic"", ""source_file"": "".binddrift/build/HEAD_6d35786de281/rust/bindings/bindings_generated.rs"", ""version_id"": ""HEAD_6d35786de281""}",CORRECT,independent precision review of extracted fact source context; rank/score/ranker blinded,CORRECT,independent precision review of extracted fact source context; rank/score/ranker blinded,CORRECT,adjudicated precision sample from extractor output; separate from recall gold labels,
generated-binding-0085,generated_binding_facts,generated_bindings,HEAD_6d35786de281,.binddrift/build/HEAD_6d35786de281/rust/bindings/bindings_generated.rs,17085,panic,"{""_source_table"": ""binding_functions"", ""_symbol"": ""panic"", ""c_symbol"": ""panic"", ""is_unsafe"": 1, ""line"": 17085, ""params"": ""[{\""name\"": \""fmt\"", \""type\"": \""*const ffi::c_char\""}, {\""name\"": \""\"", \""type\"": \""...\""}]"", ""return_type"": ""!"", ""rust_symbol"": ""panic"", ""source_file"": "".binddrift/build/HEAD_6d35786de281/rust/bindings/bindings_generated.rs"", ""version_id"": ""HEAD_6d35786de281""}",CORRECT,independent precision review of extracted fact source context; rank/score/ranker blinded,CORRECT,independent precision review of extracted fact source context; rank/score/ranker blinded,CORRECT,adjudicated precision sample from extractor output; separate from recall gold labels,
generated-binding-0086,generated_binding_facts,generated_bindings,HEAD_6d35786de281,.binddrift/build/HEAD_6d35786de281/rust/bindings/bindings_generated.rs,17086,vpanic,"{""_source_table"": ""binding_functions"", ""_symbol"": ""vpanic"", ""c_symbol"": ""vpanic"", ""is_unsafe"": 1, ""line"": 17086, ""params"": ""[{\""name\"": \""fmt\"", \""type\"": \""*const ffi::c_char\""}, {\""name\"": \""args\"", \""type\"": \""*mut __va_list_tag\""}]"", ""return_type"": ""!"", ""rust_symbol"": ""vpanic"", ""source_file"": "".binddrift/build/HEAD_6d35786de281/rust/bindings/bindings_generated.rs"", ""version_id"": ""HEAD_6d35786de281""}",CORRECT,independent precision review of extracted fact source context; rank/score/ranker blinded,CORRECT,independent precision review of extracted fact source context; rank/score/ranker blinded,CORRECT,adjudicated precision sample from extractor output; separate from recall gold labels,
generated-binding-0087,generated_binding_facts,generated_bindings,HEAD_6d35786de281,.binddrift/build/HEAD_6d35786de281/rust/bindings/bindings_generated.rs,17088,vpanic,"{""_source_table"": ""binding_functions"", ""_symbol"": ""vpanic"", ""c_symbol"": ""vpanic"", ""is_unsafe"": 1, ""line"": 17088, ""params"": ""[{\""name\"": \""fmt\"", \""type\"": \""*const ffi::c_char\""}, {\""name\"": \""args\"", \""type\"": \""*mut __va_list_tag\""}]"", ""return_type"": ""!"", ""rust_symbol"": ""vpanic"", ""source_file"": "".binddrift/build/HEAD_6d35786de281/rust/bindings/bindings_generated.rs"", ""version_id"": ""HEAD_6d35786de281""}",CORRECT,independent precision review of extracted fact source context; rank/score/ranker blinded,CORRECT,independent precision review of extracted fact source context; rank/score/ranker blinded,CORRECT,adjudicated precision sample from extractor output; separate from recall gold labels,
generated-binding-0088,generated_binding_facts,generated_bindings,HEAD_6d35786de281,.binddrift/build/HEAD_6d35786de281/rust/bindings/bindings_generated.rs,17089,nmi_panic,"{""_source_table"": ""binding_functions"", ""_symbol"": ""nmi_panic"", ""c_symbol"": ""nmi_panic"", ""is_unsafe"": 1, ""line"": 17089, ""params"": ""[{\""name\"": \""regs\"", \""type\"": \""*mut pt_regs\""}, {\""name\"": \""msg\"", \""type\"": \""*const ffi::c_char\""}]"", ""return_type"": ""()"", ""rust_symbol"": ""nmi_panic"", ""source_file"": "".binddrift/build/HEAD_6d35786de281/rust/bindings/bindings_generated.rs"", ""version_id"": ""HEAD_6d35786de281""}",CORRECT,independent precision review of extracted fact source context; rank/score/ranker blinded,CORRECT,independent precision review of extracted fact source context; rank/score/ranker blinded,CORRECT,adjudicated precision sample from extractor output; separate from recall gold labels,
generated-binding-0089,generated_binding_facts,generated_bindings,HEAD_6d35786de281,.binddrift/build/HEAD_6d35786de281/rust/bindings/bindings_generated.rs,17091,nmi_panic,"{""_source_table"": ""binding_functions"", ""_symbol"": ""nmi_panic"", ""c_symbol"": ""nmi_panic"", ""is_unsafe"": 1, ""line"": 17091, ""params"": ""[{\""name\"": \""regs\"", \""type\"": \""*mut pt_regs\""}, {\""name\"": \""msg\"", \""type\"": \""*const ffi::c_char\""}]"", ""return_type"": ""()"", ""rust_symbol"": ""nmi_panic"", ""source_file"": "".binddrift/build/HEAD_6d35786de281/rust/bindings/bindings_generated.rs"", ""version_id"": ""HEAD_6d35786de281""}",CORRECT,independent precision review of extracted fact source context; rank/score/ranker blinded,CORRECT,independent precision review of extracted fact source context; rank/score/ranker blinded,CORRECT,adjudicated precision sample from extractor output; separate from recall gold labels,
generated-binding-0090,generated_binding_facts,generated_bindings,HEAD_6d35786de281,.binddrift/build/HEAD_6d35786de281/rust/bindings/bindings_generated.rs,17092,check_panic_on_warn,"{""_source_table"": ""binding_functions"", ""_symbol"": ""check_panic_on_warn"", ""c_symbol"": ""check_panic_on_warn"", ""is_unsafe"": 1, ""line"": 17092, ""params"": ""[{\""name\"": \""origin\"", \""type\"": \""*const ffi::c_char\""}]"", ""return_type"": ""()"", ""rust_symbol"": ""check_panic_on_warn"", ""source_file"": "".binddrift/build/HEAD_6d35786de281/rust/bindings/bindings_generated.rs"", ""version_id"": ""HEAD_6d35786de281""}",CORRECT,independent precision review of extracted fact source context; rank/score/ranker blinded,CORRECT,independent precision review of extracted fact source context; rank/score/ranker blinded,CORRECT,adjudicated precision sample from extractor output; separate from recall gold labels,
generated-binding-0091,generated_binding_facts,generated_bindings,HEAD_6d35786de281,.binddrift/build/HEAD_6d35786de281/rust/bindings/bindings_generated.rs,17094,check_panic_on_warn,"{""_source_table"": ""binding_functions"", ""_symbol"": ""check_panic_on_warn"", ""c_symbol"": ""check_panic_on_warn"", ""is_unsafe"": 1, ""line"": 17094, ""params"": ""[{\""name\"": \""origin\"", \""type\"": \""*const ffi::c_char\""}]"", ""return_type"": ""()"", ""rust_symbol"": ""check_panic_on_warn"", ""source_file"": "".binddrift/build/HEAD_6d35786de281/rust/bindings/bindings_generated.rs"", ""version_id"": ""HEAD_6d35786de281""}",CORRECT,independent precision review of extracted fact source context; rank/score/ranker blinded,CORRECT,independent precision review of extracted fact source context; rank/score/ranker blinded,CORRECT,adjudicated precision sample from extractor output; separate from recall gold labels,
generated-binding-0092,generated_binding_facts,generated_bindings,HEAD_6d35786de281,.binddrift/build/HEAD_6d35786de281/rust/bindings/bindings_generated.rs,17095,oops_enter,"{""_source_table"": ""binding_functions"", ""_symbol"": ""oops_enter"", ""c_symbol"": ""oops_enter"", ""is_unsafe"": 1, ""line"": 17095, ""params"": ""[]"", ""return_type"": ""()"", ""rust_symbol"": ""oops_enter"", ""source_file"": "".binddrift/build/HEAD_6d35786de281/rust/bindings/bindings_generated.rs"", ""version_id"": ""HEAD_6d35786de281""}",CORRECT,independent precision review of extracted fact source context; rank/score/ranker blinded,CORRECT,independent precision review of extracted fact source context; rank/score/ranker blinded,CORRECT,adjudicated precision sample from extractor output; separate from recall gold labels,
generated-binding-0093,generated_binding_facts,generated_bindings,HEAD_6d35786de281,.binddrift/build/HEAD_6d35786de281/rust/bindings/bindings_generated.rs,17097,oops_enter,"{""_source_table"": ""binding_functions"", ""_symbol"": ""oops_enter"", ""c_symbol"": ""oops_enter"", ""is_unsafe"": 1, ""line"": 17097, ""params"": ""[]"", ""return_type"": ""()"", ""rust_symbol"": ""oops_enter"", ""source_file"": "".binddrift/build/HEAD_6d35786de281/rust/bindings/bindings_generated.rs"", ""version_id"": ""HEAD_6d35786de281""}",CORRECT,independent precision review of extracted fact source context; rank/score/ranker blinded,CORRECT,independent precision review of extracted fact source context; rank/score/ranker blinded,CORRECT,adjudicated precision sample from extractor output; separate from recall gold labels,
generated-binding-0094,generated_binding_facts,generated_bindings,HEAD_6d35786de281,.binddrift/build/HEAD_6d35786de281/rust/bindings/bindings_generated.rs,17098,oops_exit,"{""_source_table"": ""binding_functions"", ""_symbol"": ""oops_exit"", ""c_symbol"": ""oops_exit"", ""is_unsafe"": 1, ""line"": 17098, ""params"": ""[]"", ""return_type"": ""()"", ""rust_symbol"": ""oops_exit"", ""source_file"": "".binddrift/build/HEAD_6d35786de281/rust/bindings/bindings_generated.rs"", ""version_id"": ""HEAD_6d35786de281""}",CORRECT,independent precision review of extracted fact source context; rank/score/ranker blinded,CORRECT,independent precision review of extracted fact source context; rank/score/ranker blinded,CORRECT,adjudicated precision sample from extractor output; separate from recall gold labels,
generated-binding-0095,generated_binding_facts,generated_bindings,HEAD_6d35786de281,.binddrift/build/HEAD_6d35786de281/rust/bindings/bindings_generated.rs,17100,oops_exit,"{""_source_table"": ""binding_functions"", ""_symbol"": ""oops_exit"", ""c_symbol"": ""oops_exit"", ""is_unsafe"": 1, ""line"": 17100, ""params"": ""[]"", ""return_type"": ""()"", ""rust_symbol"": ""oops_exit"", ""source_file"": "".binddrift/build/HEAD_6d35786de281/rust/bindings/bindings_generated.rs"", ""version_id"": ""HEAD_6d35786de281""}",CORRECT,independent precision review of extracted fact source context; rank/score/ranker blinded,CORRECT,independent precision review of extracted fact source context; rank/score/ranker blinded,CORRECT,adjudicated precision sample from extractor output; separate from recall gold labels,
generated-binding-0096,generated_binding_facts,generated_bindings,HEAD_6d35786de281,.binddrift/build/HEAD_6d35786de281/rust/bindings/bindings_generated.rs,17101,oops_may_print,"{""_source_table"": ""binding_functions"", ""_symbol"": ""oops_may_print"", ""c_symbol"": ""oops_may_print"", ""is_unsafe"": 1, ""line"": 17101, ""params"": ""[]"", ""return_type"": ""bool_"", ""rust_symbol"": ""oops_may_print"", ""source_file"": "".binddrift/build/HEAD_6d35786de281/rust/bindings/bindings_generated.rs"", ""version_id"": ""HEAD_6d35786de281""}",CORRECT,independent precision review of extracted fact source context; rank/score/ranker blinded,CORRECT,independent precision review of extracted fact source context; rank/score/ranker blinded,CORRECT,adjudicated precision sample from extractor output; separate from recall gold labels,
generated-binding-0097,generated_binding_facts,generated_bindings,HEAD_6d35786de281,.binddrift/build/HEAD_6d35786de281/rust/bindings/bindings_generated.rs,17103,oops_may_print,"{""_source_table"": ""binding_functions"", ""_symbol"": ""oops_may_print"", ""c_symbol"": ""oops_may_print"", ""is_unsafe"": 1, ""line"": 17103, ""params"": ""[]"", ""return_type"": ""bool_"", ""rust_symbol"": ""oops_may_print"", ""source_file"": "".binddrift/build/HEAD_6d35786de281/rust/bindings/bindings_generated.rs"", ""version_id"": ""HEAD_6d35786de281""}",CORRECT,independent precision review of extracted fact source context; rank/score/ranker blinded,CORRECT,independent precision review of extracted fact source context; rank/score/ranker blinded,CORRECT,adjudicated precision sample from extractor output; separate from recall gold labels,
generated-binding-0098,generated_binding_facts,generated_bindings,HEAD_6d35786de281,.binddrift/build/HEAD_6d35786de281/rust/bindings/bindings_generated.rs,17131,__stack_chk_fail,"{""_source_table"": ""binding_functions"", ""_symbol"": ""__stack_chk_fail"", ""c_symbol"": ""__stack_chk_fail"", ""is_unsafe"": 1, ""line"": 17131, ""params"": ""[]"", ""return_type"": ""()"", ""rust_symbol"": ""__stack_chk_fail"", ""source_file"": "".binddrift/build/HEAD_6d35786de281/rust/bindings/bindings_generated.rs"", ""version_id"": ""HEAD_6d35786de281""}",CORRECT,independent precision review of extracted fact source context; rank/score/ranker blinded,CORRECT,independent precision review of extracted fact source context; rank/score/ranker blinded,CORRECT,adjudicated precision sample from extractor output; separate from recall gold labels,
generated-binding-0099,generated_binding_facts,generated_bindings,HEAD_6d35786de281,.binddrift/build/HEAD_6d35786de281/rust/bindings/bindings_generated.rs,17133,__stack_chk_fail,"{""_source_table"": ""binding_functions"", ""_symbol"": ""__stack_chk_fail"", ""c_symbol"": ""__stack_chk_fail"", ""is_unsafe"": 1, ""line"": 17133, ""params"": ""[]"", ""return_type"": ""()"", ""rust_symbol"": ""__stack_chk_fail"", ""source_file"": "".binddrift/build/HEAD_6d35786de281/rust/bindings/bindings_generated.rs"", ""version_id"": ""HEAD_6d35786de281""}",CORRECT,independent precision review of extracted fact source context; rank/score/ranker blinded,CORRECT,independent precision review of extracted fact source context; rank/score/ranker blinded,CORRECT,adjudicated precision sample from extractor output; separate from recall gold labels,
generated-binding-0100,generated_binding_facts,generated_bindings,HEAD_6d35786de281,.binddrift/build/HEAD_6d35786de281/rust/bindings/bindings_generated.rs,17134,abort,"{""_source_table"": ""binding_functions"", ""_symbol"": ""abort"", ""c_symbol"": ""abort"", ""is_unsafe"": 1, ""line"": 17134, ""params"": ""[]"", ""return_type"": ""()"", ""rust_symbol"": ""abort"", ""source_file"": "".binddrift/build/HEAD_6d35786de281/rust/bindings/bindings_generated.rs"", ""version_id"": ""HEAD_6d35786de281""}",CORRECT,independent precision review of extracted fact source context; rank/score/ranker blinded,CORRECT,independent precision review of extracted fact source context; rank/score/ranker blinded,CORRECT,adjudicated precision sample from extractor output; separate from recall gold labels,
generated-binding-0101,generated_binding_facts,generated_bindings,HEAD_6d35786de281,.binddrift/build/HEAD_6d35786de281/rust/bindings/bindings_generated.rs,17136,abort,"{""_source_table"": ""binding_functions"", ""_symbol"": ""abort"", ""c_symbol"": ""abort"", ""is_unsafe"": 1, ""line"": 17136, ""params"": ""[]"", ""return_type"": ""()"", ""rust_symbol"": ""abort"", ""source_file"": "".binddrift/build/HEAD_6d35786de281/rust/bindings/bindings_generated.rs"", ""version_id"": ""HEAD_6d35786de281""}",CORRECT,independent precision review of extracted fact source context; rank/score/ranker blinded,CORRECT,independent precision review of extracted fact source context; rank/score/ranker blinded,CORRECT,adjudicated precision sample from extractor output; separate from recall gold labels,
generated-binding-0102,generated_binding_facts,generated_bindings,HEAD_6d35786de281,.binddrift/build/HEAD_6d35786de281/rust/bindings/bindings_generated.rs,17143,panic_try_start,"{""_source_table"": ""binding_functions"", ""_symbol"": ""panic_try_start"", ""c_symbol"": ""panic_try_start"", ""is_unsafe"": 1, ""line"": 17143, ""params"": ""[]"", ""return_type"": ""bool_"", ""rust_symbol"": ""panic_try_start"", ""source_file"": "".binddrift/build/HEAD_6d35786de281/rust/bindings/bindings_generated.rs"", ""version_id"": ""HEAD_6d35786de281""}",CORRECT,independent precision review of extracted fact source context; rank/score/ranker blinded,CORRECT,independent precision review of extracted fact source context; rank/score/ranker blinded,CORRECT,adjudicated precision sample from extractor output; separate from recall gold labels,
generated-binding-0103,generated_binding_facts,generated_bindings,HEAD_6d35786de281,.binddrift/build/HEAD_6d35786de281/rust/bindings/bindings_generated.rs,17145,panic_try_start,"{""_source_table"": ""binding_functions"", ""_symbol"": ""panic_try_start"", ""c_symbol"": ""panic_try_start"", ""is_unsafe"": 1, ""line"": 17145, ""params"": ""[]"", ""return_type"": ""bool_"", ""rust_symbol"": ""panic_try_start"", ""source_file"": "".binddrift/build/HEAD_6d35786de281/rust/bindings/bindings_generated.rs"", ""version_id"": ""HEAD_6d35786de281""}",CORRECT,independent precision review of extracted fact source context; rank/score/ranker blinded,CORRECT,independent precision review of extracted fact source context; rank/score/ranker blinded,CORRECT,adjudicated precision sample from extractor output; separate from recall gold labels,
generated-binding-0104,generated_binding_facts,generated_bindings,HEAD_6d35786de281,.binddrift/build/HEAD_6d35786de281/rust/bindings/bindings_generated.rs,17146,panic_reset,"{""_source_table"": ""binding_functions"", ""_symbol"": ""panic_reset"", ""c_symbol"": ""panic_reset"", ""is_unsafe"": 1, ""line"": 17146, ""params"": ""[]"", ""return_type"": ""()"", ""rust_symbol"": ""panic_reset"", ""source_file"": "".binddrift/build/HEAD_6d35786de281/rust/bindings/bindings_generated.rs"", ""version_id"": ""HEAD_6d35786de281""}",CORRECT,independent precision review of extracted fact source context; rank/score/ranker blinded,CORRECT,independent precision review of extracted fact source context; rank/score/ranker blinded,CORRECT,adjudicated precision sample from extractor output; separate from recall gold labels,
generated-binding-0105,generated_binding_facts,generated_bindings,HEAD_6d35786de281,.binddrift/build/HEAD_6d35786de281/rust/bindings/bindings_generated.rs,17148,panic_reset,"{""_source_table"": ""binding_functions"", ""_symbol"": ""panic_reset"", ""c_symbol"": ""panic_reset"", ""is_unsafe"": 1, ""line"": 17148, ""params"": ""[]"", ""return_type"": ""()"", ""rust_symbol"": ""panic_reset"", ""source_file"": "".binddrift/build/HEAD_6d35786de281/rust/bindings/bindings_generated.rs"", ""version_id"": ""HEAD_6d35786de281""}",CORRECT,independent precision review of extracted fact source context; rank/score/ranker blinded,CORRECT,independent precision review of extracted fact source context; rank/score/ranker blinded,CORRECT,adjudicated precision sample from extractor output; separate from recall gold labels,
generated-binding-0106,generated_binding_facts,generated_bindings,HEAD_6d35786de281,.binddrift/build/HEAD_6d35786de281/rust/bindings/bindings_generated.rs,17149,panic_in_progress,"{""_source_table"": ""binding_functions"", ""_symbol"": ""panic_in_progress"", ""c_symbol"": ""panic_in_progress"", ""is_unsafe"": 1, ""line"": 17149, ""params"": ""[]"", ""return_type"": ""bool_"", ""rust_symbol"": ""panic_in_progress"", ""source_file"": "".binddrift/build/HEAD_6d35786de281/rust/bindings/bindings_generated.rs"", ""version_id"": ""HEAD_6d35786de281""}",CORRECT,independent precision review of extracted fact source context; rank/score/ranker blinded,CORRECT,independent precision review of extracted fact source context; rank/score/ranker blinded,CORRECT,adjudicated precision sample from extractor output; separate from recall gold labels,
generated-binding-0107,generated_binding_facts,generated_bindings,HEAD_6d35786de281,.binddrift/build/HEAD_6d35786de281/rust/bindings/bindings_generated.rs,17151,panic_in_progress,"{""_source_table"": ""binding_functions"", ""_symbol"": ""panic_in_progress"", ""c_symbol"": ""panic_in_progress"", ""is_unsafe"": 1, ""line"": 17151, ""params"": ""[]"", ""return_type"": ""bool_"", ""rust_symbol"": ""panic_in_progress"", ""source_file"": "".binddrift/build/HEAD_6d35786de281/rust/bindings/bindings_generated.rs"", ""version_id"": ""HEAD_6d35786de281""}",CORRECT,independent precision review of extracted fact source context; rank/score/ranker blinded,CORRECT,independent precision review of extracted fact source context; rank/score/ranker blinded,CORRECT,adjudicated precision sample from extractor output; separate from recall gold labels,
generated-binding-0108,generated_binding_facts,generated_bindings,HEAD_6d35786de281,.binddrift/build/HEAD_6d35786de281/rust/bindings/bindings_generated.rs,17152,panic_on_this_cpu,"{""_source_table"": ""binding_functions"", ""_symbol"": ""panic_on_this_cpu"", ""c_symbol"": ""panic_on_this_cpu"", ""is_unsafe"": 1, ""line"": 17152, ""params"": ""[]"", ""return_type"": ""bool_"", ""rust_symbol"": ""panic_on_this_cpu"", ""source_file"": "".binddrift/build/HEAD_6d35786de281/rust/bindings/bindings_generated.rs"", ""version_id"": ""HEAD_6d35786de281""}",CORRECT,independent precision review of extracted fact source context; rank/score/ranker blinded,CORRECT,independent precision review of extracted fact source context; rank/score/ranker blinded,CORRECT,adjudicated precision sample from extractor output; separate from recall gold labels,
generated-binding-0109,generated_binding_facts,generated_bindings,HEAD_6d35786de281,.binddrift/build/HEAD_6d35786de281/rust/bindings/bindings_generated.rs,17154,panic_on_this_cpu,"{""_source_table"": ""binding_functions"", ""_symbol"": ""panic_on_this_cpu"", ""c_symbol"": ""panic_on_this_cpu"", ""is_unsafe"": 1, ""line"": 17154, ""params"": ""[]"", ""return_type"": ""bool_"", ""rust_symbol"": ""panic_on_this_cpu"", ""source_file"": "".binddrift/build/HEAD_6d35786de281/rust/bindings/bindings_generated.rs"", ""version_id"": ""HEAD_6d35786de281""}",CORRECT,independent precision review of extracted fact source context; rank/score/ranker blinded,CORRECT,independent precision review of extracted fact source context; rank/score/ranker blinded,CORRECT,adjudicated precision sample from extractor output; separate from recall gold labels,
generated-binding-0110,generated_binding_facts,generated_bindings,HEAD_6d35786de281,.binddrift/build/HEAD_6d35786de281/rust/bindings/bindings_generated.rs,17155,panic_on_other_cpu,"{""_source_table"": ""binding_functions"", ""_symbol"": ""panic_on_other_cpu"", ""c_symbol"": ""panic_on_other_cpu"", ""is_unsafe"": 1, ""line"": 17155, ""params"": ""[]"", ""return_type"": ""bool_"", ""rust_symbol"": ""panic_on_other_cpu"", ""source_file"": "".binddrift/build/HEAD_6d35786de281/rust/bindings/bindings_generated.rs"", ""version_id"": ""HEAD_6d35786de281""}",CORRECT,independent precision review of extracted fact source context; rank/score/ranker blinded,CORRECT,independent precision review of extracted fact source context; rank/score/ranker blinded,CORRECT,adjudicated precision sample from extractor output; separate from recall gold labels,
generated-binding-0111,generated_binding_facts,generated_bindings,HEAD_6d35786de281,.binddrift/build/HEAD_6d35786de281/rust/bindings/bindings_generated.rs,17157,panic_on_other_cpu,"{""_source_table"": ""binding_functions"", ""_symbol"": ""panic_on_other_cpu"", ""c_symbol"": ""panic_on_other_cpu"", ""is_unsafe"": 1, ""line"": 17157, ""params"": ""[]"", ""return_type"": ""bool_"", ""rust_symbol"": ""panic_on_other_cpu"", ""source_file"": "".binddrift/build/HEAD_6d35786de281/rust/bindings/bindings_generated.rs"", ""version_id"": ""HEAD_6d35786de281""}",CORRECT,independent precision review of extracted fact source context; rank/score/ranker blinded,CORRECT,independent precision review of extracted fact source context; rank/score/ranker blinded,CORRECT,adjudicated precision sample from extractor output; separate from recall gold labels,
generated-binding-0112,generated_binding_facts,generated_bindings,HEAD_6d35786de281,.binddrift/build/HEAD_6d35786de281/rust/bindings/bindings_generated.rs,17180,print_tainted,"{""_source_table"": ""binding_functions"", ""_symbol"": ""print_tainted"", ""c_symbol"": ""print_tainted"", ""is_unsafe"": 1, ""line"": 17180, ""params"": ""[]"", ""return_type"": ""*const ffi::c_char"", ""rust_symbol"": ""print_tainted"", ""source_file"": "".binddrift/build/HEAD_6d35786de281/rust/bindings/bindings_generated.rs"", ""version_id"": ""HEAD_6d35786de281""}",CORRECT,independent precision review of extracted fact source context; rank/score/ranker blinded,CORRECT,independent precision review of extracted fact source context; rank/score/ranker blinded,CORRECT,adjudicated precision sample from extractor output; separate from recall gold labels,
generated-binding-0113,generated_binding_facts,generated_bindings,HEAD_6d35786de281,.binddrift/build/HEAD_6d35786de281/rust/bindings/bindings_generated.rs,17182,print_tainted,"{""_source_table"": ""binding_functions"", ""_symbol"": ""print_tainted"", ""c_symbol"": ""print_tainted"", ""is_unsafe"": 1, ""line"": 17182, ""params"": ""[]"", ""return_type"": ""*const ffi::c_char"", ""rust_symbol"": ""print_tainted"", ""source_file"": "".binddrift/build/HEAD_6d35786de281/rust/bindings/bindings_generated.rs"", ""version_id"": ""HEAD_6d35786de281""}",CORRECT,independent precision review of extracted fact source context; rank/score/ranker blinded,CORRECT,independent precision review of extracted fact source context; rank/score/ranker blinded,CORRECT,adjudicated precision sample from extractor output; separate from recall gold labels,
generated-binding-0114,generated_binding_facts,generated_bindings,HEAD_6d35786de281,.binddrift/build/HEAD_6d35786de281/rust/bindings/bindings_generated.rs,17183,print_tainted_verbose,"{""_source_table"": ""binding_functions"", ""_symbol"": ""print_tainted_verbose"", ""c_symbol"": ""print_tainted_verbose"", ""is_unsafe"": 1, ""line"": 17183, ""params"": ""[]"", ""return_type"": ""*const ffi::c_char"", ""rust_symbol"": ""print_tainted_verbose"", ""source_file"": "".binddrift/build/HEAD_6d35786de281/rust/bindings/bindings_generated.rs"", ""version_id"": ""HEAD_6d35786de281""}",CORRECT,independent precision review of extracted fact source context; rank/score/ranker blinded,CORRECT,independent precision review of extracted fact source context; rank/score/ranker blinded,CORRECT,adjudicated precision sample from extractor output; separate from recall gold labels,
generated-binding-0115,generated_binding_facts,generated_bindings,HEAD_6d35786de281,.binddrift/build/HEAD_6d35786de281/rust/bindings/bindings_generated.rs,17185,print_tainted_verbose,"{""_source_table"": ""binding_functions"", ""_symbol"": ""print_tainted_verbose"", ""c_symbol"": ""print_tainted_verbose"", ""is_unsafe"": 1, ""line"": 17185, ""params"": ""[]"", ""return_type"": ""*const ffi::c_char"", ""rust_symbol"": ""print_tainted_verbose"", ""source_file"": "".binddrift/build/HEAD_6d35786de281/rust/bindings/bindings_generated.rs"", ""version_id"": ""HEAD_6d35786de281""}",CORRECT,independent precision review of extracted fact source context; rank/score/ranker blinded,CORRECT,independent precision review of extracted fact source context; rank/score/ranker blinded,CORRECT,adjudicated precision sample from extractor output; separate from recall gold labels,
generated-binding-0116,generated_binding_facts,generated_bindings,HEAD_6d35786de281,.binddrift/build/HEAD_6d35786de281/rust/bindings/bindings_generated.rs,17186,add_taint,"{""_source_table"": ""binding_functions"", ""_symbol"": ""add_taint"", ""c_symbol"": ""add_taint"", ""is_unsafe"": 1, ""line"": 17186, ""params"": ""[{\""name\"": \""flag\"", \""type\"": \""ffi::c_uint\""}, {\""name\"": \""arg1\"", \""type\"": \""lockdep_ok\""}]"", ""return_type"": ""()"", ""rust_symbol"": ""add_taint"", ""source_file"": "".binddrift/build/HEAD_6d35786de281/rust/bindings/bindings_generated.rs"", ""version_id"": ""HEAD_6d35786de281""}",CORRECT,independent precision review of extracted fact source context; rank/score/ranker blinded,CORRECT,independent precision review of extracted fact source context; rank/score/ranker blinded,CORRECT,adjudicated precision sample from extractor output; separate from recall gold labels,
generated-binding-0117,generated_binding_facts,generated_bindings,HEAD_6d35786de281,.binddrift/build/HEAD_6d35786de281/rust/bindings/bindings_generated.rs,17188,add_taint,"{""_source_table"": ""binding_functions"", ""_symbol"": ""add_taint"", ""c_symbol"": ""add_taint"", ""is_unsafe"": 1, ""line"": 17188, ""params"": ""[{\""name\"": \""flag\"", \""type\"": \""ffi::c_uint\""}, {\""name\"": \""arg1\"", \""type\"": \""lockdep_ok\""}]"", ""return_type"": ""()"", ""rust_symbol"": ""add_taint"", ""source_file"": "".binddrift/build/HEAD_6d35786de281/rust/bindings/bindings_generated.rs"", ""version_id"": ""HEAD_6d35786de281""}",CORRECT,independent precision review of extracted fact source context; rank/score/ranker blinded,CORRECT,independent precision review of extracted fact source context; rank/score/ranker blinded,CORRECT,adjudicated precision sample from extractor output; separate from recall gold labels,
generated-binding-0118,generated_binding_facts,generated_bindings,HEAD_6d35786de281,.binddrift/build/HEAD_6d35786de281/rust/bindings/bindings_generated.rs,17189,test_taint,"{""_source_table"": ""binding_functions"", ""_symbol"": ""test_taint"", ""c_symbol"": ""test_taint"", ""is_unsafe"": 1, ""line"": 17189, ""params"": ""[{\""name\"": \""flag\"", \""type\"": \""ffi::c_uint\""}]"", ""return_type"": ""ffi::c_int"", ""rust_symbol"": ""test_taint"", ""source_file"": "".binddrift/build/HEAD_6d35786de281/rust/bindings/bindings_generated.rs"", ""version_id"": ""HEAD_6d35786de281""}",CORRECT,independent precision review of extracted fact source context; rank/score/ranker blinded,CORRECT,independent precision review of extracted fact source context; rank/score/ranker blinded,CORRECT,adjudicated precision sample from extractor output; separate from recall gold labels,
generated-binding-0119,generated_binding_facts,generated_bindings,HEAD_6d35786de281,.binddrift/build/HEAD_6d35786de281/rust/bindings/bindings_generated.rs,17191,test_taint,"{""_source_table"": ""binding_functions"", ""_symbol"": ""test_taint"", ""c_symbol"": ""test_taint"", ""is_unsafe"": 1, ""line"": 17191, ""params"": ""[{\""name\"": \""flag\"", \""type\"": \""ffi::c_uint\""}]"", ""return_type"": ""ffi::c_int"", ""rust_symbol"": ""test_taint"", ""source_file"": "".binddrift/build/HEAD_6d35786de281/rust/bindings/bindings_generated.rs"", ""version_id"": ""HEAD_6d35786de281""}",CORRECT,independent precision review of extracted fact source context; rank/score/ranker blinded,CORRECT,independent precision review of extracted fact source context; rank/score/ranker blinded,CORRECT,adjudicated precision sample from extractor output; separate from recall gold labels,
generated-binding-0120,generated_binding_facts,generated_bindings,HEAD_6d35786de281,.binddrift/build/HEAD_6d35786de281/rust/bindings/bindings_generated.rs,17192,get_taint,"{""_source_table"": ""binding_functions"", ""_symbol"": ""get_taint"", ""c_symbol"": ""get_taint"", ""is_unsafe"": 1, ""line"": 17192, ""params"": ""[]"", ""return_type"": ""ffi::c_ulong"", ""rust_symbol"": ""get_taint"", ""source_file"": "".binddrift/build/HEAD_6d35786de281/rust/bindings/bindings_generated.rs"", ""version_id"": ""HEAD_6d35786de281""}",CORRECT,independent precision review of extracted fact source context; rank/score/ranker blinded,CORRECT,independent precision review of extracted fact source context; rank/score/ranker blinded,CORRECT,adjudicated precision sample from extractor output; separate from recall gold labels,
generated-binding-0121,generated_binding_facts,generated_bindings,HEAD_6d35786de281,.binddrift/build/HEAD_6d35786de281/rust/bindings/bindings_generated.rs,17194,get_taint,"{""_source_table"": ""binding_functions"", ""_symbol"": ""get_taint"", ""c_symbol"": ""get_taint"", ""is_unsafe"": 1, ""line"": 17194, ""params"": ""[]"", ""return_type"": ""ffi::c_ulong"", ""rust_symbol"": ""get_taint"", ""source_file"": "".binddrift/build/HEAD_6d35786de281/rust/bindings/bindings_generated.rs"", ""version_id"": ""HEAD_6d35786de281""}",CORRECT,independent precision review of extracted fact source context; rank/score/ranker blinded,CORRECT,independent precision review of extracted fact source context; rank/score/ranker blinded,CORRECT,adjudicated precision sample from extractor output; separate from recall gold labels,
generated-binding-0122,generated_binding_facts,generated_bindings,HEAD_6d35786de281,.binddrift/build/HEAD_6d35786de281/rust/bindings/bindings_generated.rs,17205,do_one_initcall,"{""_source_table"": ""binding_functions"", ""_symbol"": ""do_one_initcall"", ""c_symbol"": ""do_one_initcall"", ""is_unsafe"": 1, ""line"": 17205, ""params"": ""[{\""name\"": \""fn_\"", \""type\"": \""initcall_t\""}]"", ""return_type"": ""ffi::c_int"", ""rust_symbol"": ""do_one_initcall"", ""source_file"": "".binddrift/build/HEAD_6d35786de281/rust/bindings/bindings_generated.rs"", ""version_id"": ""HEAD_6d35786de281""}",CORRECT,independent precision review of extracted fact source context; rank/score/ranker blinded,CORRECT,independent precision review of extracted fact source context; rank/score/ranker blinded,CORRECT,adjudicated precision sample from extractor output; separate from recall gold labels,
generated-binding-0123,generated_binding_facts,generated_bindings,HEAD_6d35786de281,.binddrift/build/HEAD_6d35786de281/rust/bindings/bindings_generated.rs,17207,do_one_initcall,"{""_source_table"": ""binding_functions"", ""_symbol"": ""do_one_initcall"", ""c_symbol"": ""do_one_initcall"", ""is_unsafe"": 1, ""line"": 17207, ""params"": ""[{\""name\"": \""fn_\"", \""type\"": \""initcall_t\""}]"", ""return_type"": ""ffi::c_int"", ""rust_symbol"": ""do_one_initcall"", ""source_file"": "".binddrift/build/HEAD_6d35786de281/rust/bindings/bindings_generated.rs"", ""version_id"": ""HEAD_6d35786de281""}",CORRECT,independent precision review of extracted fact source context; rank/score/ranker blinded,CORRECT,independent precision review of extracted fact source context; rank/score/ranker blinded,CORRECT,adjudicated precision sample from extractor output; separate from recall gold labels,
generated-binding-0124,generated_binding_facts,generated_bindings,HEAD_6d35786de281,.binddrift/build/HEAD_6d35786de281/rust/bindings/bindings_generated.rs,17220,setup_arch,"{""_source_table"": ""binding_functions"", ""_symbol"": ""setup_arch"", ""c_symbol"": ""setup_arch"", ""is_unsafe"": 1, ""line"": 17220, ""params"": ""[{\""name\"": \""arg1\"", \""type\"": \""*mut *mut ffi::c_char\""}]"", ""return_type"": ""()"", ""rust_symbol"": ""setup_arch"", ""source_file"": "".binddrift/build/HEAD_6d35786de281/rust/bindings/bindings_generated.rs"", ""version_id"": ""HEAD_6d35786de281""}",CORRECT,independent precision review of extracted fact source context; rank/score/ranker blinded,CORRECT,independent precision review of extracted fact source context; rank/score/ranker blinded,CORRECT,adjudicated precision sample from extractor output; separate from recall gold labels,
generated-binding-0125,generated_binding_facts,generated_bindings,HEAD_6d35786de281,.binddrift/build/HEAD_6d35786de281/rust/bindings/bindings_generated.rs,17222,setup_arch,"{""_source_table"": ""binding_functions"", ""_symbol"": ""setup_arch"", ""c_symbol"": ""setup_arch"", ""is_unsafe"": 1, ""line"": 17222, ""params"": ""[{\""name\"": \""arg1\"", \""type\"": \""*mut *mut ffi::c_char\""}]"", ""return_type"": ""()"", ""rust_symbol"": ""setup_arch"", ""source_file"": "".binddrift/build/HEAD_6d35786de281/rust/bindings/bindings_generated.rs"", ""version_id"": ""HEAD_6d35786de281""}",CORRECT,independent precision review of extracted fact source context; rank/score/ranker blinded,CORRECT,independent precision review of extracted fact source context; rank/score/ranker blinded,CORRECT,adjudicated precision sample from extractor output; separate from recall gold labels,
generated-binding-0126,generated_binding_facts,generated_bindings,HEAD_6d35786de281,.binddrift/build/HEAD_6d35786de281/rust/bindings/bindings_generated.rs,17223,prepare_namespace,"{""_source_table"": ""binding_functions"", ""_symbol"": ""prepare_namespace"", ""c_symbol"": ""prepare_namespace"", ""is_unsafe"": 1, ""line"": 17223, ""params"": ""[]"", ""return_type"": ""()"", ""rust_symbol"": ""prepare_namespace"", ""source_file"": "".binddrift/build/HEAD_6d35786de281/rust/bindings/bindings_generated.rs"", ""version_id"": ""HEAD_6d35786de281""}",CORRECT,independent precision review of extracted fact source context; rank/score/ranker blinded,CORRECT,independent precision review of extracted fact source context; rank/score/ranker blinded,CORRECT,adjudicated precision sample from extractor output; separate from recall gold labels,
generated-binding-0127,generated_binding_facts,generated_bindings,HEAD_6d35786de281,.binddrift/build/HEAD_6d35786de281/rust/bindings/bindings_generated.rs,17225,prepare_namespace,"{""_source_table"": ""binding_functions"", ""_symbol"": ""prepare_namespace"", ""c_symbol"": ""prepare_namespace"", ""is_unsafe"": 1, ""line"": 17225, ""params"": ""[]"", ""return_type"": ""()"", ""rust_symbol"": ""prepare_namespace"", ""source_file"": "".binddrift/build/HEAD_6d35786de281/rust/bindings/bindings_generated.rs"", ""version_id"": ""HEAD_6d35786de281""}",CORRECT,independent precision review of extracted fact source context; rank/score/ranker blinded,CORRECT,independent precision review of extracted fact source context; rank/score/ranker blinded,CORRECT,adjudicated precision sample from extractor output; separate from recall gold labels,
generated-binding-0128,generated_binding_facts,generated_bindings,HEAD_6d35786de281,.binddrift/build/HEAD_6d35786de281/rust/bindings/bindings_generated.rs,17226,init_rootfs,"{""_source_table"": ""binding_functions"", ""_symbol"": ""init_rootfs"", ""c_symbol"": ""init_rootfs"", ""is_unsafe"": 1, ""line"": 17226, ""params"": ""[]"", ""return_type"": ""()"", ""rust_symbol"": ""init_rootfs"", ""source_file"": "".binddrift/build/HEAD_6d35786de281/rust/bindings/bindings_generated.rs"", ""version_id"": ""HEAD_6d35786de281""}",CORRECT,independent precision review of extracted fact source context; rank/score/ranker blinded,CORRECT,independent precision review of extracted fact source context; rank/score/ranker blinded,CORRECT,adjudicated precision sample from extractor output; separate from recall gold labels,
generated-binding-0129,generated_binding_facts,generated_bindings,HEAD_6d35786de281,.binddrift/build/HEAD_6d35786de281/rust/bindings/bindings_generated.rs,17228,init_rootfs,"{""_source_table"": ""binding_functions"", ""_symbol"": ""init_rootfs"", ""c_symbol"": ""init_rootfs"", ""is_unsafe"": 1, ""line"": 17228, ""params"": ""[]"", ""return_type"": ""()"", ""rust_symbol"": ""init_rootfs"", ""source_file"": "".binddrift/build/HEAD_6d35786de281/rust/bindings/bindings_generated.rs"", ""version_id"": ""HEAD_6d35786de281""}",CORRECT,independent precision review of extracted fact source context; rank/score/ranker blinded,CORRECT,independent precision review of extracted fact source context; rank/score/ranker blinded,CORRECT,adjudicated precision sample from extractor output; separate from recall gold labels,
generated-binding-0130,generated_binding_facts,generated_bindings,HEAD_6d35786de281,.binddrift/build/HEAD_6d35786de281/rust/bindings/bindings_generated.rs,17229,init_IRQ,"{""_source_table"": ""binding_functions"", ""_symbol"": ""init_IRQ"", ""c_symbol"": ""init_IRQ"", ""is_unsafe"": 1, ""line"": 17229, ""params"": ""[]"", ""return_type"": ""()"", ""rust_symbol"": ""init_IRQ"", ""source_file"": "".binddrift/build/HEAD_6d35786de281/rust/bindings/bindings_generated.rs"", ""version_id"": ""HEAD_6d35786de281""}",CORRECT,independent precision review of extracted fact source context; rank/score/ranker blinded,CORRECT,independent precision review of extracted fact source context; rank/score/ranker blinded,CORRECT,adjudicated precision sample from extractor output; separate from recall gold labels,
generated-binding-0131,generated_binding_facts,generated_bindings,HEAD_6d35786de281,.binddrift/build/HEAD_6d35786de281/rust/bindings/bindings_generated.rs,17231,init_IRQ,"{""_source_table"": ""binding_functions"", ""_symbol"": ""init_IRQ"", ""c_symbol"": ""init_IRQ"", ""is_unsafe"": 1, ""line"": 17231, ""params"": ""[]"", ""return_type"": ""()"", ""rust_symbol"": ""init_IRQ"", ""source_file"": "".binddrift/build/HEAD_6d35786de281/rust/bindings/bindings_generated.rs"", ""version_id"": ""HEAD_6d35786de281""}",CORRECT,independent precision review of extracted fact source context; rank/score/ranker blinded,CORRECT,independent precision review of extracted fact source context; rank/score/ranker blinded,CORRECT,adjudicated precision sample from extractor output; separate from recall gold labels,
generated-binding-0132,generated_binding_facts,generated_bindings,HEAD_6d35786de281,.binddrift/build/HEAD_6d35786de281/rust/bindings/bindings_generated.rs,17232,time_init,"{""_source_table"": ""binding_functions"", ""_symbol"": ""time_init"", ""c_symbol"": ""time_init"", ""is_unsafe"": 1, ""line"": 17232, ""params"": ""[]"", ""return_type"": ""()"", ""rust_symbol"": ""time_init"", ""source_file"": "".binddrift/build/HEAD_6d35786de281/rust/bindings/bindings_generated.rs"", ""version_id"": ""HEAD_6d35786de281""}",CORRECT,independent precision review of extracted fact source context; rank/score/ranker blinded,CORRECT,independent precision review of extracted fact source context; rank/score/ranker blinded,CORRECT,adjudicated precision sample from extractor output; separate from recall gold labels,
generated-binding-0133,generated_binding_facts,generated_bindings,HEAD_6d35786de281,.binddrift/build/HEAD_6d35786de281/rust/bindings/bindings_generated.rs,17234,time_init,"{""_source_table"": ""binding_functions"", ""_symbol"": ""time_init"", ""c_symbol"": ""time_init"", ""is_unsafe"": 1, ""line"": 17234, ""params"": ""[]"", ""return_type"": ""()"", ""rust_symbol"": ""time_init"", ""source_file"": "".binddrift/build/HEAD_6d35786de281/rust/bindings/bindings_generated.rs"", ""version_id"": ""HEAD_6d35786de281""}",CORRECT,independent precision review of extracted fact source context; rank/score/ranker blinded,CORRECT,independent precision review of extracted fact source context; rank/score/ranker blinded,CORRECT,adjudicated precision sample from extractor output; separate from recall gold labels,
generated-binding-0134,generated_binding_facts,generated_bindings,HEAD_6d35786de281,.binddrift/build/HEAD_6d35786de281/rust/bindings/bindings_generated.rs,17235,poking_init,"{""_source_table"": ""binding_functions"", ""_symbol"": ""poking_init"", ""c_symbol"": ""poking_init"", ""is_unsafe"": 1, ""line"": 17235, ""params"": ""[]"", ""return_type"": ""()"", ""rust_symbol"": ""poking_init"", ""source_file"": "".binddrift/build/HEAD_6d35786de281/rust/bindings/bindings_generated.rs"", ""version_id"": ""HEAD_6d35786de281""}",CORRECT,independent precision review of extracted fact source context; rank/score/ranker blinded,CORRECT,independent precision review of extracted fact source context; rank/score/ranker blinded,CORRECT,adjudicated precision sample from extractor output; separate from recall gold labels,
generated-binding-0135,generated_binding_facts,generated_bindings,HEAD_6d35786de281,.binddrift/build/HEAD_6d35786de281/rust/bindings/bindings_generated.rs,17237,poking_init,"{""_source_table"": ""binding_functions"", ""_symbol"": ""poking_init"", ""c_symbol"": ""poking_init"", ""is_unsafe"": 1, ""line"": 17237, ""params"": ""[]"", ""return_type"": ""()"", ""rust_symbol"": ""poking_init"", ""source_file"": "".binddrift/build/HEAD_6d35786de281/rust/bindings/bindings_generated.rs"", ""version_id"": ""HEAD_6d35786de281""}",CORRECT,independent precision review of extracted fact source context; rank/score/ranker blinded,CORRECT,independent precision review of extracted fact source context; rank/score/ranker blinded,CORRECT,adjudicated precision sample from extractor output; separate from recall gold labels,
generated-binding-0136,generated_binding_facts,generated_bindings,HEAD_6d35786de281,.binddrift/build/HEAD_6d35786de281/rust/bindings/bindings_generated.rs,17238,pgtable_cache_init,"{""_source_table"": ""binding_functions"", ""_symbol"": ""pgtable_cache_init"", ""c_symbol"": ""pgtable_cache_init"", ""is_unsafe"": 1, ""line"": 17238, ""params"": ""[]"", ""return_type"": ""()"", ""rust_symbol"": ""pgtable_cache_init"", ""source_file"": "".binddrift/build/HEAD_6d35786de281/rust/bindings/bindings_generated.rs"", ""version_id"": ""HEAD_6d35786de281""}",CORRECT,independent precision review of extracted fact source context; rank/score/ranker blinded,CORRECT,independent precision review of extracted fact source context; rank/score/ranker blinded,CORRECT,adjudicated precision sample from extractor output; separate from recall gold labels,
generated-binding-0137,generated_binding_facts,generated_bindings,HEAD_6d35786de281,.binddrift/build/HEAD_6d35786de281/rust/bindings/bindings_generated.rs,17240,pgtable_cache_init,"{""_source_table"": ""binding_functions"", ""_symbol"": ""pgtable_cache_init"", ""c_symbol"": ""pgtable_cache_init"", ""is_unsafe"": 1, ""line"": 17240, ""params"": ""[]"", ""return_type"": ""()"", ""rust_symbol"": ""pgtable_cache_init"", ""source_file"": "".binddrift/build/HEAD_6d35786de281/rust/bindings/bindings_generated.rs"", ""version_id"": ""HEAD_6d35786de281""}",CORRECT,independent precision review of extracted fact source context; rank/score/ranker blinded,CORRECT,independent precision review of extracted fact source context; rank/score/ranker blinded,CORRECT,adjudicated precision sample from extractor output; separate from recall gold labels,
generated-binding-0138,generated_binding_facts,generated_bindings,HEAD_6d35786de281,.binddrift/build/HEAD_6d35786de281/rust/bindings/bindings_generated.rs,17307,mark_rodata_ro,"{""_source_table"": ""binding_functions"", ""_symbol"": ""mark_rodata_ro"", ""c_symbol"": ""mark_rodata_ro"", ""is_unsafe"": 1, ""line"": 17307, ""params"": ""[]"", ""return_type"": ""()"", ""rust_symbol"": ""mark_rodata_ro"", ""source_file"": "".binddrift/build/HEAD_6d35786de281/rust/bindings/bindings_generated.rs"", ""version_id"": ""HEAD_6d35786de281""}",CORRECT,independent precision review of extracted fact source context; rank/score/ranker blinded,CORRECT,independent precision review of extracted fact source context; rank/score/ranker blinded,CORRECT,adjudicated precision sample from extractor output; separate from recall gold labels,
generated-binding-0139,generated_binding_facts,generated_bindings,HEAD_6d35786de281,.binddrift/build/HEAD_6d35786de281/rust/bindings/bindings_generated.rs,17309,mark_rodata_ro,"{""_source_table"": ""binding_functions"", ""_symbol"": ""mark_rodata_ro"", ""c_symbol"": ""mark_rodata_ro"", ""is_unsafe"": 1, ""line"": 17309, ""params"": ""[]"", ""return_type"": ""()"", ""rust_symbol"": ""mark_rodata_ro"", ""source_file"": "".binddrift/build/HEAD_6d35786de281/rust/bindings/bindings_generated.rs"", ""version_id"": ""HEAD_6d35786de281""}",CORRECT,independent precision review of extracted fact source context; rank/score/ranker blinded,CORRECT,independent precision review of extracted fact source context; rank/score/ranker blinded,CORRECT,adjudicated precision sample from extractor output; separate from recall gold labels,
generated-binding-0140,generated_binding_facts,generated_bindings,HEAD_6d35786de281,.binddrift/build/HEAD_6d35786de281/rust/bindings/bindings_generated.rs,17392,is_endbr,"{""_source_table"": ""binding_functions"", ""_symbol"": ""is_endbr"", ""c_symbol"": ""is_endbr"", ""is_unsafe"": 1, ""line"": 17392, ""params"": ""[{\""name\"": \""val\"", \""type\"": \""*mut u32_\""}]"", ""return_type"": ""bool_"", ""rust_symbol"": ""is_endbr"", ""source_file"": "".binddrift/build/HEAD_6d35786de281/rust/bindings/bindings_generated.rs"", ""version_id"": ""HEAD_6d35786de281""}",CORRECT,independent precision review of extracted fact source context; rank/score/ranker blinded,CORRECT,independent precision review of extracted fact source context; rank/score/ranker blinded,CORRECT,adjudicated precision sample from extractor output; separate from recall gold labels,
generated-binding-0141,generated_binding_facts,generated_bindings,HEAD_6d35786de281,.binddrift/build/HEAD_6d35786de281/rust/bindings/bindings_generated.rs,17394,is_endbr,"{""_source_table"": ""binding_functions"", ""_symbol"": ""is_endbr"", ""c_symbol"": ""is_endbr"", ""is_unsafe"": 1, ""line"": 17394, ""params"": ""[{\""name\"": \""val\"", \""type\"": \""*mut u32_\""}]"", ""return_type"": ""bool_"", ""rust_symbol"": ""is_endbr"", ""source_file"": "".binddrift/build/HEAD_6d35786de281/rust/bindings/bindings_generated.rs"", ""version_id"": ""HEAD_6d35786de281""}",CORRECT,independent precision review of extracted fact source context; rank/score/ranker blinded,CORRECT,independent precision review of extracted fact source context; rank/score/ranker blinded,CORRECT,adjudicated precision sample from extractor output; separate from recall gold labels,
generated-binding-0142,generated_binding_facts,generated_bindings,HEAD_6d35786de281,.binddrift/build/HEAD_6d35786de281/rust/bindings/bindings_generated.rs,17395,ibt_save,"{""_source_table"": ""binding_functions"", ""_symbol"": ""ibt_save"", ""c_symbol"": ""ibt_save"", ""is_unsafe"": 1, ""line"": 17395, ""params"": ""[{\""name\"": \""disable\"", \""type\"": \""bool_\""}]"", ""return_type"": ""u64_"", ""rust_symbol"": ""ibt_save"", ""source_file"": "".binddrift/build/HEAD_6d35786de281/rust/bindings/bindings_generated.rs"", ""version_id"": ""HEAD_6d35786de281""}",CORRECT,independent precision review of extracted fact source context; rank/score/ranker blinded,CORRECT,independent precision review of extracted fact source context; rank/score/ranker blinded,CORRECT,adjudicated precision sample from extractor output; separate from recall gold labels,
generated-binding-0143,generated_binding_facts,generated_bindings,HEAD_6d35786de281,.binddrift/build/HEAD_6d35786de281/rust/bindings/bindings_generated.rs,17397,ibt_save,"{""_source_table"": ""binding_functions"", ""_symbol"": ""ibt_save"", ""c_symbol"": ""ibt_save"", ""is_unsafe"": 1, ""line"": 17397, ""params"": ""[{\""name\"": \""disable\"", \""type\"": \""bool_\""}]"", ""return_type"": ""u64_"", ""rust_symbol"": ""ibt_save"", ""source_file"": "".binddrift/build/HEAD_6d35786de281/rust/bindings/bindings_generated.rs"", ""version_id"": ""HEAD_6d35786de281""}",CORRECT,independent precision review of extracted fact source context; rank/score/ranker blinded,CORRECT,independent precision review of extracted fact source context; rank/score/ranker blinded,CORRECT,adjudicated precision sample from extractor output; separate from recall gold labels,
generated-binding-0144,generated_binding_facts,generated_bindings,HEAD_6d35786de281,.binddrift/build/HEAD_6d35786de281/rust/bindings/bindings_generated.rs,17398,ibt_restore,"{""_source_table"": ""binding_functions"", ""_symbol"": ""ibt_restore"", ""c_symbol"": ""ibt_restore"", ""is_unsafe"": 1, ""line"": 17398, ""params"": ""[{\""name\"": \""save\"", \""type\"": \""u64_\""}]"", ""return_type"": ""()"", ""rust_symbol"": ""ibt_restore"", ""source_file"": "".binddrift/build/HEAD_6d35786de281/rust/bindings/bindings_generated.rs"", ""version_id"": ""HEAD_6d35786de281""}",CORRECT,independent precision review of extracted fact source context; rank/score/ranker blinded,CORRECT,independent precision review of extracted fact source context; rank/score/ranker blinded,CORRECT,adjudicated precision sample from extractor output; separate from recall gold labels,
generated-binding-0145,generated_binding_facts,generated_bindings,HEAD_6d35786de281,.binddrift/build/HEAD_6d35786de281/rust/bindings/bindings_generated.rs,17400,ibt_restore,"{""_source_table"": ""binding_functions"", ""_symbol"": ""ibt_restore"", ""c_symbol"": ""ibt_restore"", ""is_unsafe"": 1, ""line"": 17400, ""params"": ""[{\""name\"": \""save\"", \""type\"": \""u64_\""}]"", ""return_type"": ""()"", ""rust_symbol"": ""ibt_restore"", ""source_file"": "".binddrift/build/HEAD_6d35786de281/rust/bindings/bindings_generated.rs"", ""version_id"": ""HEAD_6d35786de281""}",CORRECT,independent precision review of extracted fact source context; rank/score/ranker blinded,CORRECT,independent precision review of extracted fact source context; rank/score/ranker blinded,CORRECT,adjudicated precision sample from extractor output; separate from recall gold labels,
generated-binding-0146,generated_binding_facts,generated_bindings,HEAD_6d35786de281,.binddrift/build/HEAD_6d35786de281/rust/bindings/bindings_generated.rs,17537,___ratelimit,"{""_source_table"": ""binding_functions"", ""_symbol"": ""___ratelimit"", ""c_symbol"": ""___ratelimit"", ""is_unsafe"": 1, ""line"": 17537, ""params"": ""[{\""name\"": \""rs\"", \""type\"": \""*mut ratelimit_state\""}, {\""name\"": \""func\"", \""type\"": \""*const ffi::c_char\""}]"", ""return_type"": ""ffi::c_int"", ""rust_symbol"": ""___ratelimit"", ""source_file"": "".binddrift/build/HEAD_6d35786de281/rust/bindings/bindings_generated.rs"", ""version_id"": ""HEAD_6d35786de281""}",CORRECT,independent precision review of extracted fact source context; rank/score/ranker blinded,CORRECT,independent precision review of extracted fact source context; rank/score/ranker blinded,CORRECT,adjudicated precision sample from extractor output; separate from recall gold labels,
generated-binding-0147,generated_binding_facts,generated_bindings,HEAD_6d35786de281,.binddrift/build/HEAD_6d35786de281/rust/bindings/bindings_generated.rs,17539,___ratelimit,"{""_source_table"": ""binding_functions"", ""_symbol"": ""___ratelimit"", ""c_symbol"": ""___ratelimit"", ""is_unsafe"": 1, ""line"": 17539, ""params"": ""[{\""name\"": \""rs\"", \""type\"": \""*mut ratelimit_state\""}, {\""name\"": \""func\"", \""type\"": \""*const ffi::c_char\""}]"", ""return_type"": ""ffi::c_int"", ""rust_symbol"": ""___ratelimit"", ""source_file"": "".binddrift/build/HEAD_6d35786de281/rust/bindings/bindings_generated.rs"", ""version_id"": ""HEAD_6d35786de281""}",CORRECT,independent precision review of extracted fact source context; rank/score/ranker blinded,CORRECT,independent precision review of extracted fact source context; rank/score/ranker blinded,CORRECT,adjudicated precision sample from extractor output; separate from recall gold labels,
generated-binding-0148,generated_binding_facts,generated_bindings,HEAD_6d35786de281,.binddrift/build/HEAD_6d35786de281/rust/bindings/bindings_generated.rs,17554,match_devname_and_update_preferred_console,"{""_source_table"": ""binding_functions"", ""_symbol"": ""match_devname_and_update_preferred_console"", ""c_symbol"": ""match_devname_and_update_preferred_console"", ""is_unsafe"": 1, ""line"": 17554, ""params"": ""[{\""name\"": \""match_\"", \""type\"": \""*const ffi::c_char\""}, {\""name\"": \""name\"", \""type\"": \""*const ffi::c_char\""}, {\""name\"": \""idx\"", \""type\"": \""ffi::c_short\""}]"", ""return_type"": ""ffi::c_int"", ""rust_symbol"": ""match_devname_and_update_preferred_console"", ""source_file"": "".binddrift/build/HEAD_6d35786de281/rust/bindings/bindings_generated.rs"", ""version_id"": ""HEAD_6d35786de281""}",CORRECT,independent precision review of extracted fact source context; rank/score/ranker blinded,CORRECT,independent precision review of extracted fact source context; rank/score/ranker blinded,CORRECT,adjudicated precision sample from extractor output; separate from recall gold labels,
generated-binding-0149,generated_binding_facts,generated_bindings,HEAD_6d35786de281,.binddrift/build/HEAD_6d35786de281/rust/bindings/bindings_generated.rs,17556,match_devname_and_update_preferred_console,"{""_source_table"": ""binding_functions"", ""_symbol"": ""match_devname_and_update_preferred_console"", ""c_symbol"": ""match_devname_and_update_preferred_console"", ""is_unsafe"": 1, ""line"": 17556, ""params"": ""[{\""name\"": \""match_\"", \""type\"": \""*const ffi::c_char\""}, {\""name\"": \""name\"", \""type\"": \""*const ffi::c_char\""}, {\""name\"": \""idx\"", \""type\"": \""ffi::c_short\""}]"", ""return_type"": ""ffi::c_int"", ""rust_symbol"": ""match_devname_and_update_preferred_console"", ""source_file"": "".binddrift/build/HEAD_6d35786de281/rust/bindings/bindings_generated.rs"", ""version_id"": ""HEAD_6d35786de281""}",CORRECT,independent precision review of extracted fact source context; rank/score/ranker blinded,CORRECT,independent precision review of extracted fact source context; rank/score/ranker blinded,CORRECT,adjudicated precision sample from extractor output; separate from recall gold labels,
generated-binding-0150,generated_binding_facts,generated_bindings,HEAD_6d35786de281,.binddrift/build/HEAD_6d35786de281/rust/bindings/bindings_generated.rs,17564,console_verbose,"{""_source_table"": ""binding_functions"", ""_symbol"": ""console_verbose"", ""c_symbol"": ""console_verbose"", ""is_unsafe"": 1, ""line"": 17564, ""params"": ""[]"", ""return_type"": ""()"", ""rust_symbol"": ""console_verbose"", ""source_file"": "".binddrift/build/HEAD_6d35786de281/rust/bindings/bindings_generated.rs"", ""version_id"": ""HEAD_6d35786de281""}",CORRECT,independent precision review of extracted fact source context; rank/score/ranker blinded,CORRECT,independent precision review of extracted fact source context; rank/score/ranker blinded,CORRECT,adjudicated precision sample from extractor output; separate from recall gold labels,
generated-binding-0151,generated_binding_facts,generated_bindings,HEAD_6d35786de281,.binddrift/build/HEAD_6d35786de281/rust/bindings/bindings_generated.rs,16223,ftrace_branch_data,"{""_source_table"": ""binding_structs"", ""_symbol"": ""ftrace_branch_data"", ""align"": null, ""c_type"": ""ftrace_branch_data"", ""fields"": ""[{\""name\"": \""func\"", \""type\"": \""*const ffi::c_char\""}, {\""name\"": \""file\"", \""type\"": \""*const ffi::c_char\""}, {\""name\"": \""line\"", \""type\"": \""ffi::c_uint\""}, {\""name\"": \""__bindgen_anon_1\"", \""type\"": \""ftrace_branch_data__bindgen_ty_1\""}]"", ""line"": 16223, ""rust_type"": ""ftrace_branch_data"", ""size"": null, ""source_file"": "".binddrift/build/HEAD_6d35786de281/rust/bindings/bindings_generated.rs"", ""version_id"": ""HEAD_6d35786de281""}",CORRECT,independent precision review of extracted fact source context; rank/score/ranker blinded,CORRECT,independent precision review of extracted fact source context; rank/score/ranker blinded,CORRECT,adjudicated precision sample from extractor output; separate from recall gold labels,
generated-binding-0152,generated_binding_facts,generated_bindings,HEAD_6d35786de281,.binddrift/build/HEAD_6d35786de281/rust/bindings/bindings_generated.rs,16225,ftrace_branch_data,"{""_source_table"": ""binding_structs"", ""_symbol"": ""ftrace_branch_data"", ""align"": null, ""c_type"": ""ftrace_branch_data"", ""fields"": ""[{\""name\"": \""func\"", \""type\"": \""*const ffi::c_char\""}, {\""name\"": \""file\"", \""type\"": \""*const ffi::c_char\""}, {\""name\"": \""line\"", \""type\"": \""ffi::c_uint\""}, {\""name\"": \""__bindgen_anon_1\"", \""type\"": \""ftrace_branch_data__bindgen_ty_1\""}]"", ""line"": 16225, ""rust_type"": ""ftrace_branch_data"", ""size"": null, ""source_file"": "".binddrift/build/HEAD_6d35786de281/rust/bindings/bindings_generated.rs"", ""version_id"": ""HEAD_6d35786de281""}",CORRECT,independent precision review of extracted fact source context; rank/score/ranker blinded,CORRECT,independent precision review of extracted fact source context; rank/score/ranker blinded,CORRECT,adjudicated precision sample from extractor output; separate from recall gold labels,
generated-binding-0153,generated_binding_facts,generated_bindings,HEAD_6d35786de281,.binddrift/build/HEAD_6d35786de281/rust/bindings/bindings_generated.rs,16238,ftrace_branch_data__bindgen_ty_1__bindgen_ty_1,"{""_source_table"": ""binding_structs"", ""_symbol"": ""ftrace_branch_data__bindgen_ty_1__bindgen_ty_1"", ""align"": null, ""c_type"": ""ftrace_branch_data__bindgen_ty_1__bindgen_ty_1"", ""fields"": ""[{\""name\"": \""correct\"", \""type\"": \""ffi::c_ulong\""}, {\""name\"": \""incorrect\"", \""type\"": \""ffi::c_ulong\""}]"", ""line"": 16238, ""rust_type"": ""ftrace_branch_data__bindgen_ty_1__bindgen_ty_1"", ""size"": null, ""source_file"": "".binddrift/build/HEAD_6d35786de281/rust/bindings/bindings_generated.rs"", ""version_id"": ""HEAD_6d35786de281""}",CORRECT,independent precision review of extracted fact source context; rank/score/ranker blinded,CORRECT,independent precision review of extracted fact source context; rank/score/ranker blinded,CORRECT,adjudicated precision sample from extractor output; separate from recall gold labels,
generated-binding-0154,generated_binding_facts,generated_bindings,HEAD_6d35786de281,.binddrift/build/HEAD_6d35786de281/rust/bindings/bindings_generated.rs,16240,ftrace_branch_data__bindgen_ty_1__bindgen_ty_1,"{""_source_table"": ""binding_structs"", ""_symbol"": ""ftrace_branch_data__bindgen_ty_1__bindgen_ty_1"", ""align"": null, ""c_type"": ""ftrace_branch_data__bindgen_ty_1__bindgen_ty_1"", ""fields"": ""[{\""name\"": \""correct\"", \""type\"": \""ffi::c_ulong\""}, {\""name\"": \""incorrect\"", \""type\"": \""ffi::c_ulong\""}]"", ""line"": 16240, ""rust_type"": ""ftrace_branch_data__bindgen_ty_1__bindgen_ty_1"", ""size"": null, ""source_file"": "".binddrift/build/HEAD_6d35786de281/rust/bindings/bindings_generated.rs"", ""version_id"": ""HEAD_6d35786de281""}",CORRECT,independent precision review of extracted fact source context; rank/score/ranker blinded,CORRECT,independent precision review of extracted fact source context; rank/score/ranker blinded,CORRECT,adjudicated precision sample from extractor output; separate from recall gold labels,
generated-binding-0155,generated_binding_facts,generated_bindings,HEAD_6d35786de281,.binddrift/build/HEAD_6d35786de281/rust/bindings/bindings_generated.rs,16244,ftrace_branch_data__bindgen_ty_1__bindgen_ty_2,"{""_source_table"": ""binding_structs"", ""_symbol"": ""ftrace_branch_data__bindgen_ty_1__bindgen_ty_2"", ""align"": null, ""c_type"": ""ftrace_branch_data__bindgen_ty_1__bindgen_ty_2"", ""fields"": ""[{\""name\"": \""miss\"", \""type\"": \""ffi::c_ulong\""}, {\""name\"": \""hit\"", \""type\"": \""ffi::c_ulong\""}]"", ""line"": 16244, ""rust_type"": ""ftrace_branch_data__bindgen_ty_1__bindgen_ty_2"", ""size"": null, ""source_file"": "".binddrift/build/HEAD_6d35786de281/rust/bindings/bindings_generated.rs"", ""version_id"": ""HEAD_6d35786de281""}",CORRECT,independent precision review of extracted fact source context; rank/score/ranker blinded,CORRECT,independent precision review of extracted fact source context; rank/score/ranker blinded,CORRECT,adjudicated precision sample from extractor output; separate from recall gold labels,
generated-binding-0156,generated_binding_facts,generated_bindings,HEAD_6d35786de281,.binddrift/build/HEAD_6d35786de281/rust/bindings/bindings_generated.rs,16246,ftrace_branch_data__bindgen_ty_1__bindgen_ty_2,"{""_source_table"": ""binding_structs"", ""_symbol"": ""ftrace_branch_data__bindgen_ty_1__bindgen_ty_2"", ""align"": null, ""c_type"": ""ftrace_branch_data__bindgen_ty_1__bindgen_ty_2"", ""fields"": ""[{\""name\"": \""miss\"", \""type\"": \""ffi::c_ulong\""}, {\""name\"": \""hit\"", \""type\"": \""ffi::c_ulong\""}]"", ""line"": 16246, ""rust_type"": ""ftrace_branch_data__bindgen_ty_1__bindgen_ty_2"", ""size"": null, ""source_file"": "".binddrift/build/HEAD_6d35786de281/rust/bindings/bindings_generated.rs"", ""version_id"": ""HEAD_6d35786de281""}",CORRECT,independent precision review of extracted fact source context; rank/score/ranker blinded,CORRECT,independent precision review of extracted fact source context; rank/score/ranker blinded,CORRECT,adjudicated precision sample from extractor output; separate from recall gold labels,
generated-binding-0157,generated_binding_facts,generated_bindings,HEAD_6d35786de281,.binddrift/build/HEAD_6d35786de281/rust/bindings/bindings_generated.rs,16268,ftrace_likely_data,"{""_source_table"": ""binding_structs"", ""_symbol"": ""ftrace_likely_data"", ""align"": null, ""c_type"": ""ftrace_likely_data"", ""fields"": ""[{\""name\"": \""data\"", \""type\"": \""ftrace_branch_data\""}, {\""name\"": \""constant\"", \""type\"": \""ffi::c_ulong\""}]"", ""line"": 16268, ""rust_type"": ""ftrace_likely_data"", ""size"": null, ""source_file"": "".binddrift/build/HEAD_6d35786de281/rust/bindings/bindings_generated.rs"", ""version_id"": ""HEAD_6d35786de281""}",CORRECT,independent precision review of extracted fact source context; rank/score/ranker blinded,CORRECT,independent precision review of extracted fact source context; rank/score/ranker blinded,CORRECT,adjudicated precision sample from extractor output; separate from recall gold labels,
generated-binding-0158,generated_binding_facts,generated_bindings,HEAD_6d35786de281,.binddrift/build/HEAD_6d35786de281/rust/bindings/bindings_generated.rs,16270,ftrace_likely_data,"{""_source_table"": ""binding_structs"", ""_symbol"": ""ftrace_likely_data"", ""align"": null, ""c_type"": ""ftrace_likely_data"", ""fields"": ""[{\""name\"": \""data\"", \""type\"": \""ftrace_branch_data\""}, {\""name\"": \""constant\"", \""type\"": \""ffi::c_ulong\""}]"", ""line"": 16270, ""rust_type"": ""ftrace_likely_data"", ""size"": null, ""source_file"": "".binddrift/build/HEAD_6d35786de281/rust/bindings/bindings_generated.rs"", ""version_id"": ""HEAD_6d35786de281""}",CORRECT,independent precision review of extracted fact source context; rank/score/ranker blinded,CORRECT,independent precision review of extracted fact source context; rank/score/ranker blinded,CORRECT,adjudicated precision sample from extractor output; separate from recall gold labels,
generated-binding-0159,generated_binding_facts,generated_bindings,HEAD_6d35786de281,.binddrift/build/HEAD_6d35786de281/rust/bindings/bindings_generated.rs,16302,__kernel_fd_set,"{""_source_table"": ""binding_structs"", ""_symbol"": ""__kernel_fd_set"", ""align"": null, ""c_type"": ""__kernel_fd_set"", ""fields"": ""[{\""name\"": \""fds_bits\"", \""type\"": \""[ffi::c_ulong; 16usize]\""}]"", ""line"": 16302, ""rust_type"": ""__kernel_fd_set"", ""size"": null, ""source_file"": "".binddrift/build/HEAD_6d35786de281/rust/bindings/bindings_generated.rs"", ""version_id"": ""HEAD_6d35786de281""}",CORRECT,independent precision review of extracted fact source context; rank/score/ranker blinded,CORRECT,independent precision review of extracted fact source context; rank/score/ranker blinded,CORRECT,adjudicated precision sample from extractor output; separate from recall gold labels,
generated-binding-0160,generated_binding_facts,generated_bindings,HEAD_6d35786de281,.binddrift/build/HEAD_6d35786de281/rust/bindings/bindings_generated.rs,16304,__kernel_fd_set,"{""_source_table"": ""binding_structs"", ""_symbol"": ""__kernel_fd_set"", ""align"": null, ""c_type"": ""__kernel_fd_set"", ""fields"": ""[{\""name\"": \""fds_bits\"", \""type\"": \""[ffi::c_ulong; 16usize]\""}]"", ""line"": 16304, ""rust_type"": ""__kernel_fd_set"", ""size"": null, ""source_file"": "".binddrift/build/HEAD_6d35786de281/rust/bindings/bindings_generated.rs"", ""version_id"": ""HEAD_6d35786de281""}",CORRECT,independent precision review of extracted fact source context; rank/score/ranker blinded,CORRECT,independent precision review of extracted fact source context; rank/score/ranker blinded,CORRECT,adjudicated precision sample from extractor output; separate from recall gold labels,
generated-binding-0161,generated_binding_facts,generated_bindings,HEAD_6d35786de281,.binddrift/build/HEAD_6d35786de281/rust/bindings/bindings_generated.rs,16325,__kernel_fsid_t,"{""_source_table"": ""binding_structs"", ""_symbol"": ""__kernel_fsid_t"", ""align"": null, ""c_type"": ""__kernel_fsid_t"", ""fields"": ""[{\""name\"": \""val\"", \""type\"": \""[ffi::c_int; 2usize]\""}]"", ""line"": 16325, ""rust_type"": ""__kernel_fsid_t"", ""size"": null, ""source_file"": "".binddrift/build/HEAD_6d35786de281/rust/bindings/bindings_generated.rs"", ""version_id"": ""HEAD_6d35786de281""}",CORRECT,independent precision review of extracted fact source context; rank/score/ranker blinded,CORRECT,independent precision review of extracted fact source context; rank/score/ranker blinded,CORRECT,adjudicated precision sample from extractor output; separate from recall gold labels,
generated-binding-0162,generated_binding_facts,generated_bindings,HEAD_6d35786de281,.binddrift/build/HEAD_6d35786de281/rust/bindings/bindings_generated.rs,16327,__kernel_fsid_t,"{""_source_table"": ""binding_structs"", ""_symbol"": ""__kernel_fsid_t"", ""align"": null, ""c_type"": ""__kernel_fsid_t"", ""fields"": ""[{\""name\"": \""val\"", \""type\"": \""[ffi::c_int; 2usize]\""}]"", ""line"": 16327, ""rust_type"": ""__kernel_fsid_t"", ""size"": null, ""source_file"": "".binddrift/build/HEAD_6d35786de281/rust/bindings/bindings_generated.rs"", ""version_id"": ""HEAD_6d35786de281""}",CORRECT,independent precision review of extracted fact source context; rank/score/ranker blinded,CORRECT,independent precision review of extracted fact source context; rank/score/ranker blinded,CORRECT,adjudicated precision sample from extractor output; separate from recall gold labels,
generated-binding-0163,generated_binding_facts,generated_bindings,HEAD_6d35786de281,.binddrift/build/HEAD_6d35786de281/rust/bindings/bindings_generated.rs,16401,phys_vec,"{""_source_table"": ""binding_structs"", ""_symbol"": ""phys_vec"", ""align"": null, ""c_type"": ""phys_vec"", ""fields"": ""[{\""name\"": \""paddr\"", \""type\"": \""phys_addr_t\""}, {\""name\"": \""len\"", \""type\"": \""usize\""}]"", ""line"": 16401, ""rust_type"": ""phys_vec"", ""size"": null, ""source_file"": "".binddrift/build/HEAD_6d35786de281/rust/bindings/bindings_generated.rs"", ""version_id"": ""HEAD_6d35786de281""}",CORRECT,independent precision review of extracted fact source context; rank/score/ranker blinded,CORRECT,independent precision review of extracted fact source context; rank/score/ranker blinded,CORRECT,adjudicated precision sample from extractor output; separate from recall gold labels,
generated-binding-0164,generated_binding_facts,generated_bindings,HEAD_6d35786de281,.binddrift/build/HEAD_6d35786de281/rust/bindings/bindings_generated.rs,16403,phys_vec,"{""_source_table"": ""binding_structs"", ""_symbol"": ""phys_vec"", ""align"": null, ""c_type"": ""phys_vec"", ""fields"": ""[{\""name\"": \""paddr\"", \""type\"": \""phys_addr_t\""}, {\""name\"": \""len\"", \""type\"": \""usize\""}]"", ""line"": 16403, ""rust_type"": ""phys_vec"", ""size"": null, ""source_file"": "".binddrift/build/HEAD_6d35786de281/rust/bindings/bindings_generated.rs"", ""version_id"": ""HEAD_6d35786de281""}",CORRECT,independent precision review of extracted fact source context; rank/score/ranker blinded,CORRECT,independent precision review of extracted fact source context; rank/score/ranker blinded,CORRECT,adjudicated precision sample from extractor output; separate from recall gold labels,
generated-binding-0165,generated_binding_facts,generated_bindings,HEAD_6d35786de281,.binddrift/build/HEAD_6d35786de281/rust/bindings/bindings_generated.rs,16409,atomic_t,"{""_source_table"": ""binding_structs"", ""_symbol"": ""atomic_t"", ""align"": null, ""c_type"": ""atomic_t"", ""fields"": ""[{\""name\"": \""counter\"", \""type\"": \""ffi::c_int\""}]"", ""line"": 16409, ""rust_type"": ""atomic_t"", ""size"": null, ""source_file"": "".binddrift/build/HEAD_6d35786de281/rust/bindings/bindings_generated.rs"", ""version_id"": ""HEAD_6d35786de281""}",CORRECT,independent precision review of extracted fact source context; rank/score/ranker blinded,CORRECT,independent precision review of extracted fact source context; rank/score/ranker blinded,CORRECT,adjudicated precision sample from extractor output; separate from recall gold labels,
generated-binding-0166,generated_binding_facts,generated_bindings,HEAD_6d35786de281,.binddrift/build/HEAD_6d35786de281/rust/bindings/bindings_generated.rs,16411,atomic_t,"{""_source_table"": ""binding_structs"", ""_symbol"": ""atomic_t"", ""align"": null, ""c_type"": ""atomic_t"", ""fields"": ""[{\""name\"": \""counter\"", \""type\"": \""ffi::c_int\""}]"", ""line"": 16411, ""rust_type"": ""atomic_t"", ""size"": null, ""source_file"": "".binddrift/build/HEAD_6d35786de281/rust/bindings/bindings_generated.rs"", ""version_id"": ""HEAD_6d35786de281""}",CORRECT,independent precision review of extracted fact source context; rank/score/ranker blinded,CORRECT,independent precision review of extracted fact source context; rank/score/ranker blinded,CORRECT,adjudicated precision sample from extractor output; separate from recall gold labels,
generated-binding-0167,generated_binding_facts,generated_bindings,HEAD_6d35786de281,.binddrift/build/HEAD_6d35786de281/rust/bindings/bindings_generated.rs,16414,atomic64_t,"{""_source_table"": ""binding_structs"", ""_symbol"": ""atomic64_t"", ""align"": null, ""c_type"": ""atomic64_t"", ""fields"": ""[{\""name\"": \""counter\"", \""type\"": \""s64\""}]"", ""line"": 16414, ""rust_type"": ""atomic64_t"", ""size"": null, ""source_file"": "".binddrift/build/HEAD_6d35786de281/rust/bindings/bindings_generated.rs"", ""version_id"": ""HEAD_6d35786de281""}",CORRECT,independent precision review of extracted fact source context; rank/score/ranker blinded,CORRECT,independent precision review of extracted fact source context; rank/score/ranker blinded,CORRECT,adjudicated precision sample from extractor output; separate from recall gold labels,
generated-binding-0168,generated_binding_facts,generated_bindings,HEAD_6d35786de281,.binddrift/build/HEAD_6d35786de281/rust/bindings/bindings_generated.rs,16416,atomic64_t,"{""_source_table"": ""binding_structs"", ""_symbol"": ""atomic64_t"", ""align"": null, ""c_type"": ""atomic64_t"", ""fields"": ""[{\""name\"": \""counter\"", \""type\"": \""s64\""}]"", ""line"": 16416, ""rust_type"": ""atomic64_t"", ""size"": null, ""source_file"": "".binddrift/build/HEAD_6d35786de281/rust/bindings/bindings_generated.rs"", ""version_id"": ""HEAD_6d35786de281""}",CORRECT,independent precision review of extracted fact source context; rank/score/ranker blinded,CORRECT,independent precision review of extracted fact source context; rank/score/ranker blinded,CORRECT,adjudicated precision sample from extractor output; separate from recall gold labels,
generated-binding-0169,generated_binding_facts,generated_bindings,HEAD_6d35786de281,.binddrift/build/HEAD_6d35786de281/rust/bindings/bindings_generated.rs,16419,rcuref_t,"{""_source_table"": ""binding_structs"", ""_symbol"": ""rcuref_t"", ""align"": null, ""c_type"": ""rcuref_t"", ""fields"": ""[{\""name\"": \""refcnt\"", \""type\"": \""atomic_t\""}]"", ""line"": 16419, ""rust_type"": ""rcuref_t"", ""size"": null, ""source_file"": "".binddrift/build/HEAD_6d35786de281/rust/bindings/bindings_generated.rs"", ""version_id"": ""HEAD_6d35786de281""}",CORRECT,independent precision review of extracted fact source context; rank/score/ranker blinded,CORRECT,independent precision review of extracted fact source context; rank/score/ranker blinded,CORRECT,adjudicated precision sample from extractor output; separate from recall gold labels,
generated-binding-0170,generated_binding_facts,generated_bindings,HEAD_6d35786de281,.binddrift/build/HEAD_6d35786de281/rust/bindings/bindings_generated.rs,16421,rcuref_t,"{""_source_table"": ""binding_structs"", ""_symbol"": ""rcuref_t"", ""align"": null, ""c_type"": ""rcuref_t"", ""fields"": ""[{\""name\"": \""refcnt\"", \""type\"": \""atomic_t\""}]"", ""line"": 16421, ""rust_type"": ""rcuref_t"", ""size"": null, ""source_file"": "".binddrift/build/HEAD_6d35786de281/rust/bindings/bindings_generated.rs"", ""version_id"": ""HEAD_6d35786de281""}",CORRECT,independent precision review of extracted fact source context; rank/score/ranker blinded,CORRECT,independent precision review of extracted fact source context; rank/score/ranker blinded,CORRECT,adjudicated precision sample from extractor output; separate from recall gold labels,
generated-binding-0171,generated_binding_facts,generated_bindings,HEAD_6d35786de281,.binddrift/build/HEAD_6d35786de281/rust/bindings/bindings_generated.rs,16424,list_head,"{""_source_table"": ""binding_structs"", ""_symbol"": ""list_head"", ""align"": null, ""c_type"": ""list_head"", ""fields"": ""[{\""name\"": \""next\"", \""type\"": \""*mut list_head\""}, {\""name\"": \""prev\"", \""type\"": \""*mut list_head\""}]"", ""line"": 16424, ""rust_type"": ""list_head"", ""size"": null, ""source_file"": "".binddrift/build/HEAD_6d35786de281/rust/bindings/bindings_generated.rs"", ""version_id"": ""HEAD_6d35786de281""}",CORRECT,independent precision review of extracted fact source context; rank/score/ranker blinded,CORRECT,independent precision review of extracted fact source context; rank/score/ranker blinded,CORRECT,adjudicated precision sample from extractor output; separate from recall gold labels,
generated-binding-0172,generated_binding_facts,generated_bindings,HEAD_6d35786de281,.binddrift/build/HEAD_6d35786de281/rust/bindings/bindings_generated.rs,16426,list_head,"{""_source_table"": ""binding_structs"", ""_symbol"": ""list_head"", ""align"": null, ""c_type"": ""list_head"", ""fields"": ""[{\""name\"": \""next\"", \""type\"": \""*mut list_head\""}, {\""name\"": \""prev\"", \""type\"": \""*mut list_head\""}]"", ""line"": 16426, ""rust_type"": ""list_head"", ""size"": null, ""source_file"": "".binddrift/build/HEAD_6d35786de281/rust/bindings/bindings_generated.rs"", ""version_id"": ""HEAD_6d35786de281""}",CORRECT,independent precision review of extracted fact source context; rank/score/ranker blinded,CORRECT,independent precision review of extracted fact source context; rank/score/ranker blinded,CORRECT,adjudicated precision sample from extractor output; separate from recall gold labels,
generated-binding-0173,generated_binding_facts,generated_bindings,HEAD_6d35786de281,.binddrift/build/HEAD_6d35786de281/rust/bindings/bindings_generated.rs,16439,hlist_head,"{""_source_table"": ""binding_structs"", ""_symbol"": ""hlist_head"", ""align"": null, ""c_type"": ""hlist_head"", ""fields"": ""[{\""name\"": \""first\"", \""type\"": \""*mut hlist_node\""}]"", ""line"": 16439, ""rust_type"": ""hlist_head"", ""size"": null, ""source_file"": "".binddrift/build/HEAD_6d35786de281/rust/bindings/bindings_generated.rs"", ""version_id"": ""HEAD_6d35786de281""}",CORRECT,independent precision review of extracted fact source context; rank/score/ranker blinded,CORRECT,independent precision review of extracted fact source context; rank/score/ranker blinded,CORRECT,adjudicated precision sample from extractor output; separate from recall gold labels,
generated-binding-0174,generated_binding_facts,generated_bindings,HEAD_6d35786de281,.binddrift/build/HEAD_6d35786de281/rust/bindings/bindings_generated.rs,16441,hlist_head,"{""_source_table"": ""binding_structs"", ""_symbol"": ""hlist_head"", ""align"": null, ""c_type"": ""hlist_head"", ""fields"": ""[{\""name\"": \""first\"", \""type\"": \""*mut hlist_node\""}]"", ""line"": 16441, ""rust_type"": ""hlist_head"", ""size"": null, ""source_file"": "".binddrift/build/HEAD_6d35786de281/rust/bindings/bindings_generated.rs"", ""version_id"": ""HEAD_6d35786de281""}",CORRECT,independent precision review of extracted fact source context; rank/score/ranker blinded,CORRECT,independent precision review of extracted fact source context; rank/score/ranker blinded,CORRECT,adjudicated precision sample from extractor output; separate from recall gold labels,
generated-binding-0175,generated_binding_facts,generated_bindings,HEAD_6d35786de281,.binddrift/build/HEAD_6d35786de281/rust/bindings/bindings_generated.rs,16453,hlist_node,"{""_source_table"": ""binding_structs"", ""_symbol"": ""hlist_node"", ""align"": null, ""c_type"": ""hlist_node"", ""fields"": ""[{\""name\"": \""next\"", \""type\"": \""*mut hlist_node\""}, {\""name\"": \""pprev\"", \""type\"": \""*mut *mut hlist_node\""}]"", ""line"": 16453, ""rust_type"": ""hlist_node"", ""size"": null, ""source_file"": "".binddrift/build/HEAD_6d35786de281/rust/bindings/bindings_generated.rs"", ""version_id"": ""HEAD_6d35786de281""}",CORRECT,independent precision review of extracted fact source context; rank/score/ranker blinded,CORRECT,independent precision review of extracted fact source context; rank/score/ranker blinded,CORRECT,adjudicated precision sample from extractor output; separate from recall gold labels,
generated-binding-0176,generated_binding_facts,generated_bindings,HEAD_6d35786de281,.binddrift/build/HEAD_6d35786de281/rust/bindings/bindings_generated.rs,16455,hlist_node,"{""_source_table"": ""binding_structs"", ""_symbol"": ""hlist_node"", ""align"": null, ""c_type"": ""hlist_node"", ""fields"": ""[{\""name\"": \""next\"", \""type\"": \""*mut hlist_node\""}, {\""name\"": \""pprev\"", \""type\"": \""*mut *mut hlist_node\""}]"", ""line"": 16455, ""rust_type"": ""hlist_node"", ""size"": null, ""source_file"": "".binddrift/build/HEAD_6d35786de281/rust/bindings/bindings_generated.rs"", ""version_id"": ""HEAD_6d35786de281""}",CORRECT,independent precision review of extracted fact source context; rank/score/ranker blinded,CORRECT,independent precision review of extracted fact source context; rank/score/ranker blinded,CORRECT,adjudicated precision sample from extractor output; separate from recall gold labels,
generated-binding-0177,generated_binding_facts,generated_bindings,HEAD_6d35786de281,.binddrift/build/HEAD_6d35786de281/rust/bindings/bindings_generated.rs,16468,ustat,"{""_source_table"": ""binding_structs"", ""_symbol"": ""ustat"", ""align"": null, ""c_type"": ""ustat"", ""fields"": ""[{\""name\"": \""f_tfree\"", \""type\"": \""__kernel_daddr_t\""}, {\""name\"": \""f_tinode\"", \""type\"": \""ffi::c_ulong\""}, {\""name\"": \""f_fname\"", \""type\"": \""[ffi::c_char; 6usize]\""}, {\""name\"": \""f_fpack\"", \""type\"": \""[ffi::c_char; 6usize]\""}]"", ""line"": 16468, ""rust_type"": ""ustat"", ""size"": null, ""source_file"": "".binddrift/build/HEAD_6d35786de281/rust/bindings/bindings_generated.rs"", ""version_id"": ""HEAD_6d35786de281""}",CORRECT,independent precision review of extracted fact source context; rank/score/ranker blinded,CORRECT,independent precision review of extracted fact source context; rank/score/ranker blinded,CORRECT,adjudicated precision sample from extractor output; separate from recall gold labels,
generated-binding-0178,generated_binding_facts,generated_bindings,HEAD_6d35786de281,.binddrift/build/HEAD_6d35786de281/rust/bindings/bindings_generated.rs,16470,ustat,"{""_source_table"": ""binding_structs"", ""_symbol"": ""ustat"", ""align"": null, ""c_type"": ""ustat"", ""fields"": ""[{\""name\"": \""f_tfree\"", \""type\"": \""__kernel_daddr_t\""}, {\""name\"": \""f_tinode\"", \""type\"": \""ffi::c_ulong\""}, {\""name\"": \""f_fname\"", \""type\"": \""[ffi::c_char; 6usize]\""}, {\""name\"": \""f_fpack\"", \""type\"": \""[ffi::c_char; 6usize]\""}]"", ""line"": 16470, ""rust_type"": ""ustat"", ""size"": null, ""source_file"": "".binddrift/build/HEAD_6d35786de281/rust/bindings/bindings_generated.rs"", ""version_id"": ""HEAD_6d35786de281""}",CORRECT,independent precision review of extracted fact source context; rank/score/ranker blinded,CORRECT,independent precision review of extracted fact source context; rank/score/ranker blinded,CORRECT,adjudicated precision sample from extractor output; separate from recall gold labels,
generated-binding-0179,generated_binding_facts,generated_bindings,HEAD_6d35786de281,.binddrift/build/HEAD_6d35786de281/rust/bindings/bindings_generated.rs,16476,callback_head,"{""_source_table"": ""binding_structs"", ""_symbol"": ""callback_head"", ""align"": null, ""c_type"": ""callback_head"", ""fields"": ""[{\""name\"": \""next\"", \""type\"": \""*mut callback_head\""}, {\""name\"": \""func\"", \""type\"": \""::core::option::Option<unsafe extern \\\""C\\\"" fn(head: *mut callback_head)>\""}]"", ""line"": 16476, ""rust_type"": ""callback_head"", ""size"": null, ""source_file"": "".binddrift/build/HEAD_6d35786de281/rust/bindings/bindings_generated.rs"", ""version_id"": ""HEAD_6d35786de281""}",CORRECT,independent precision review of extracted fact source context; rank/score/ranker blinded,CORRECT,independent precision review of extracted fact source context; rank/score/ranker blinded,CORRECT,adjudicated precision sample from extractor output; separate from recall gold labels,
generated-binding-0180,generated_binding_facts,generated_bindings,HEAD_6d35786de281,.binddrift/build/HEAD_6d35786de281/rust/bindings/bindings_generated.rs,16478,callback_head,"{""_source_table"": ""binding_structs"", ""_symbol"": ""callback_head"", ""align"": null, ""c_type"": ""callback_head"", ""fields"": ""[{\""name\"": \""next\"", \""type\"": \""*mut callback_head\""}, {\""name\"": \""func\"", \""type\"": \""::core::option::Option<unsafe extern \\\""C\\\"" fn(head: *mut callback_head)>\""}]"", ""line"": 16478, ""rust_type"": ""callback_head"", ""size"": null, ""source_file"": "".binddrift/build/HEAD_6d35786de281/rust/bindings/bindings_generated.rs"", ""version_id"": ""HEAD_6d35786de281""}",CORRECT,independent precision review of extracted fact source context; rank/score/ranker blinded,CORRECT,independent precision review of extracted fact source context; rank/score/ranker blinded,CORRECT,adjudicated precision sample from extractor output; separate from recall gold labels,
generated-binding-0181,generated_binding_facts,generated_bindings,HEAD_6d35786de281,.binddrift/build/HEAD_6d35786de281/rust/bindings/bindings_generated.rs,16515,rcuwait,"{""_source_table"": ""binding_structs"", ""_symbol"": ""rcuwait"", ""align"": null, ""c_type"": ""rcuwait"", ""fields"": ""[{\""name\"": \""task\"", \""type\"": \""*mut task_struct\""}]"", ""line"": 16515, ""rust_type"": ""rcuwait"", ""size"": null, ""source_file"": "".binddrift/build/HEAD_6d35786de281/rust/bindings/bindings_generated.rs"", ""version_id"": ""HEAD_6d35786de281""}",CORRECT,independent precision review of extracted fact source context; rank/score/ranker blinded,CORRECT,independent precision review of extracted fact source context; rank/score/ranker blinded,CORRECT,adjudicated precision sample from extractor output; separate from recall gold labels,
generated-binding-0182,generated_binding_facts,generated_bindings,HEAD_6d35786de281,.binddrift/build/HEAD_6d35786de281/rust/bindings/bindings_generated.rs,16517,rcuwait,"{""_source_table"": ""binding_structs"", ""_symbol"": ""rcuwait"", ""align"": null, ""c_type"": ""rcuwait"", ""fields"": ""[{\""name\"": \""task\"", \""type\"": \""*mut task_struct\""}]"", ""line"": 16517, ""rust_type"": ""rcuwait"", ""size"": null, ""source_file"": "".binddrift/build/HEAD_6d35786de281/rust/bindings/bindings_generated.rs"", ""version_id"": ""HEAD_6d35786de281""}",CORRECT,independent precision review of extracted fact source context; rank/score/ranker blinded,CORRECT,independent precision review of extracted fact source context; rank/score/ranker blinded,CORRECT,adjudicated precision sample from extractor output; separate from recall gold labels,
generated-binding-0183,generated_binding_facts,generated_bindings,HEAD_6d35786de281,.binddrift/build/HEAD_6d35786de281/rust/bindings/bindings_generated.rs,16529,rb_node,"{""_source_table"": ""binding_structs"", ""_symbol"": ""rb_node"", ""align"": null, ""c_type"": ""rb_node"", ""fields"": ""[{\""name\"": \""__rb_parent_color\"", \""type\"": \""ffi::c_ulong\""}, {\""name\"": \""rb_right\"", \""type\"": \""*mut rb_node\""}, {\""name\"": \""rb_left\"", \""type\"": \""*mut rb_node\""}]"", ""line"": 16529, ""rust_type"": ""rb_node"", ""size"": null, ""source_file"": "".binddrift/build/HEAD_6d35786de281/rust/bindings/bindings_generated.rs"", ""version_id"": ""HEAD_6d35786de281""}",CORRECT,independent precision review of extracted fact source context; rank/score/ranker blinded,CORRECT,independent precision review of extracted fact source context; rank/score/ranker blinded,CORRECT,adjudicated precision sample from extractor output; separate from recall gold labels,
generated-binding-0184,generated_binding_facts,generated_bindings,HEAD_6d35786de281,.binddrift/build/HEAD_6d35786de281/rust/bindings/bindings_generated.rs,16531,rb_node,"{""_source_table"": ""binding_structs"", ""_symbol"": ""rb_node"", ""align"": null, ""c_type"": ""rb_node"", ""fields"": ""[{\""name\"": \""__rb_parent_color\"", \""type\"": \""ffi::c_ulong\""}, {\""name\"": \""rb_right\"", \""type\"": \""*mut rb_node\""}, {\""name\"": \""rb_left\"", \""type\"": \""*mut rb_node\""}]"", ""line"": 16531, ""rust_type"": ""rb_node"", ""size"": null, ""source_file"": "".binddrift/build/HEAD_6d35786de281/rust/bindings/bindings_generated.rs"", ""version_id"": ""HEAD_6d35786de281""}",CORRECT,independent precision review of extracted fact source context; rank/score/ranker blinded,CORRECT,independent precision review of extracted fact source context; rank/score/ranker blinded,CORRECT,adjudicated precision sample from extractor output; separate from recall gold labels,
generated-binding-0185,generated_binding_facts,generated_bindings,HEAD_6d35786de281,.binddrift/build/HEAD_6d35786de281/rust/bindings/bindings_generated.rs,16545,rb_node_linked,"{""_source_table"": ""binding_structs"", ""_symbol"": ""rb_node_linked"", ""align"": null, ""c_type"": ""rb_node_linked"", ""fields"": ""[{\""name\"": \""node\"", \""type\"": \""rb_node\""}, {\""name\"": \""prev\"", \""type\"": \""*mut rb_node_linked\""}, {\""name\"": \""next\"", \""type\"": \""*mut rb_node_linked\""}]"", ""line"": 16545, ""rust_type"": ""rb_node_linked"", ""size"": null, ""source_file"": "".binddrift/build/HEAD_6d35786de281/rust/bindings/bindings_generated.rs"", ""version_id"": ""HEAD_6d35786de281""}",CORRECT,independent precision review of extracted fact source context; rank/score/ranker blinded,CORRECT,independent precision review of extracted fact source context; rank/score/ranker blinded,CORRECT,adjudicated precision sample from extractor output; separate from recall gold labels,
generated-binding-0186,generated_binding_facts,generated_bindings,HEAD_6d35786de281,.binddrift/build/HEAD_6d35786de281/rust/bindings/bindings_generated.rs,16547,rb_node_linked,"{""_source_table"": ""binding_structs"", ""_symbol"": ""rb_node_linked"", ""align"": null, ""c_type"": ""rb_node_linked"", ""fields"": ""[{\""name\"": \""node\"", \""type\"": \""rb_node\""}, {\""name\"": \""prev\"", \""type\"": \""*mut rb_node_linked\""}, {\""name\"": \""next\"", \""type\"": \""*mut rb_node_linked\""}]"", ""line"": 16547, ""rust_type"": ""rb_node_linked"", ""size"": null, ""source_file"": "".binddrift/build/HEAD_6d35786de281/rust/bindings/bindings_generated.rs"", ""version_id"": ""HEAD_6d35786de281""}",CORRECT,independent precision review of extracted fact source context; rank/score/ranker blinded,CORRECT,independent precision review of extracted fact source context; rank/score/ranker blinded,CORRECT,adjudicated precision sample from extractor output; separate from recall gold labels,
generated-binding-0187,generated_binding_facts,generated_bindings,HEAD_6d35786de281,.binddrift/build/HEAD_6d35786de281/rust/bindings/bindings_generated.rs,16561,rb_root,"{""_source_table"": ""binding_structs"", ""_symbol"": ""rb_root"", ""align"": null, ""c_type"": ""rb_root"", ""fields"": ""[{\""name\"": \""rb_node\"", \""type\"": \""*mut rb_node\""}]"", ""line"": 16561, ""rust_type"": ""rb_root"", ""size"": null, ""source_file"": "".binddrift/build/HEAD_6d35786de281/rust/bindings/bindings_generated.rs"", ""version_id"": ""HEAD_6d35786de281""}",CORRECT,independent precision review of extracted fact source context; rank/score/ranker blinded,CORRECT,independent precision review of extracted fact source context; rank/score/ranker blinded,CORRECT,adjudicated precision sample from extractor output; separate from recall gold labels,
generated-binding-0188,generated_binding_facts,generated_bindings,HEAD_6d35786de281,.binddrift/build/HEAD_6d35786de281/rust/bindings/bindings_generated.rs,16563,rb_root,"{""_source_table"": ""binding_structs"", ""_symbol"": ""rb_root"", ""align"": null, ""c_type"": ""rb_root"", ""fields"": ""[{\""name\"": \""rb_node\"", \""type\"": \""*mut rb_node\""}]"", ""line"": 16563, ""rust_type"": ""rb_root"", ""size"": null, ""source_file"": "".binddrift/build/HEAD_6d35786de281/rust/bindings/bindings_generated.rs"", ""version_id"": ""HEAD_6d35786de281""}",CORRECT,independent precision review of extracted fact source context; rank/score/ranker blinded,CORRECT,independent precision review of extracted fact source context; rank/score/ranker blinded,CORRECT,adjudicated precision sample from extractor output; separate from recall gold labels,
generated-binding-0189,generated_binding_facts,generated_bindings,HEAD_6d35786de281,.binddrift/build/HEAD_6d35786de281/rust/bindings/bindings_generated.rs,16575,rb_root_cached,"{""_source_table"": ""binding_structs"", ""_symbol"": ""rb_root_cached"", ""align"": null, ""c_type"": ""rb_root_cached"", ""fields"": ""[{\""name\"": \""rb_root\"", \""type\"": \""rb_root\""}, {\""name\"": \""rb_leftmost\"", \""type\"": \""*mut rb_node\""}]"", ""line"": 16575, ""rust_type"": ""rb_root_cached"", ""size"": null, ""source_file"": "".binddrift/build/HEAD_6d35786de281/rust/bindings/bindings_generated.rs"", ""version_id"": ""HEAD_6d35786de281""}",CORRECT,independent precision review of extracted fact source context; rank/score/ranker blinded,CORRECT,independent precision review of extracted fact source context; rank/score/ranker blinded,CORRECT,adjudicated precision sample from extractor output; separate from recall gold labels,
generated-binding-0190,generated_binding_facts,generated_bindings,HEAD_6d35786de281,.binddrift/build/HEAD_6d35786de281/rust/bindings/bindings_generated.rs,16577,rb_root_cached,"{""_source_table"": ""binding_structs"", ""_symbol"": ""rb_root_cached"", ""align"": null, ""c_type"": ""rb_root_cached"", ""fields"": ""[{\""name\"": \""rb_root\"", \""type\"": \""rb_root\""}, {\""name\"": \""rb_leftmost\"", \""type\"": \""*mut rb_node\""}]"", ""line"": 16577, ""rust_type"": ""rb_root_cached"", ""size"": null, ""source_file"": "".binddrift/build/HEAD_6d35786de281/rust/bindings/bindings_generated.rs"", ""version_id"": ""HEAD_6d35786de281""}",CORRECT,independent precision review of extracted fact source context; rank/score/ranker blinded,CORRECT,independent precision review of extracted fact source context; rank/score/ranker blinded,CORRECT,adjudicated precision sample from extractor output; separate from recall gold labels,
generated-binding-0191,generated_binding_facts,generated_bindings,HEAD_6d35786de281,.binddrift/build/HEAD_6d35786de281/rust/bindings/bindings_generated.rs,16590,rb_root_linked,"{""_source_table"": ""binding_structs"", ""_symbol"": ""rb_root_linked"", ""align"": null, ""c_type"": ""rb_root_linked"", ""fields"": ""[{\""name\"": \""rb_root\"", \""type\"": \""rb_root\""}, {\""name\"": \""rb_leftmost\"", \""type\"": \""*mut rb_node_linked\""}]"", ""line"": 16590, ""rust_type"": ""rb_root_linked"", ""size"": null, ""source_file"": "".binddrift/build/HEAD_6d35786de281/rust/bindings/bindings_generated.rs"", ""version_id"": ""HEAD_6d35786de281""}",CORRECT,independent precision review of extracted fact source context; rank/score/ranker blinded,CORRECT,independent precision review of extracted fact source context; rank/score/ranker blinded,CORRECT,adjudicated precision sample from extractor output; separate from recall gold labels,
generated-binding-0192,generated_binding_facts,generated_bindings,HEAD_6d35786de281,.binddrift/build/HEAD_6d35786de281/rust/bindings/bindings_generated.rs,16592,rb_root_linked,"{""_source_table"": ""binding_structs"", ""_symbol"": ""rb_root_linked"", ""align"": null, ""c_type"": ""rb_root_linked"", ""fields"": ""[{\""name\"": \""rb_root\"", \""type\"": \""rb_root\""}, {\""name\"": \""rb_leftmost\"", \""type\"": \""*mut rb_node_linked\""}]"", ""line"": 16592, ""rust_type"": ""rb_root_linked"", ""size"": null, ""source_file"": "".binddrift/build/HEAD_6d35786de281/rust/bindings/bindings_generated.rs"", ""version_id"": ""HEAD_6d35786de281""}",CORRECT,independent precision review of extracted fact source context; rank/score/ranker blinded,CORRECT,independent precision review of extracted fact source context; rank/score/ranker blinded,CORRECT,adjudicated precision sample from extractor output; separate from recall gold labels,
generated-binding-0193,generated_binding_facts,generated_bindings,HEAD_6d35786de281,.binddrift/build/HEAD_6d35786de281/rust/bindings/bindings_generated.rs,16605,timerqueue_node,"{""_source_table"": ""binding_structs"", ""_symbol"": ""timerqueue_node"", ""align"": null, ""c_type"": ""timerqueue_node"", ""fields"": ""[{\""name\"": \""node\"", \""type\"": \""rb_node\""}, {\""name\"": \""expires\"", \""type\"": \""ktime_t\""}]"", ""line"": 16605, ""rust_type"": ""timerqueue_node"", ""size"": null, ""source_file"": "".binddrift/build/HEAD_6d35786de281/rust/bindings/bindings_generated.rs"", ""version_id"": ""HEAD_6d35786de281""}",CORRECT,independent precision review of extracted fact source context; rank/score/ranker blinded,CORRECT,independent precision review of extracted fact source context; rank/score/ranker blinded,CORRECT,adjudicated precision sample from extractor output; separate from recall gold labels,
generated-binding-0194,generated_binding_facts,generated_bindings,HEAD_6d35786de281,.binddrift/build/HEAD_6d35786de281/rust/bindings/bindings_generated.rs,16607,timerqueue_node,"{""_source_table"": ""binding_structs"", ""_symbol"": ""timerqueue_node"", ""align"": null, ""c_type"": ""timerqueue_node"", ""fields"": ""[{\""name\"": \""node\"", \""type\"": \""rb_node\""}, {\""name\"": \""expires\"", \""type\"": \""ktime_t\""}]"", ""line"": 16607, ""rust_type"": ""timerqueue_node"", ""size"": null, ""source_file"": "".binddrift/build/HEAD_6d35786de281/rust/bindings/bindings_generated.rs"", ""version_id"": ""HEAD_6d35786de281""}",CORRECT,independent precision review of extracted fact source context; rank/score/ranker blinded,CORRECT,independent precision review of extracted fact source context; rank/score/ranker blinded,CORRECT,adjudicated precision sample from extractor output; separate from recall gold labels,
generated-binding-0195,generated_binding_facts,generated_bindings,HEAD_6d35786de281,.binddrift/build/HEAD_6d35786de281/rust/bindings/bindings_generated.rs,16620,timerqueue_head,"{""_source_table"": ""binding_structs"", ""_symbol"": ""timerqueue_head"", ""align"": null, ""c_type"": ""timerqueue_head"", ""fields"": ""[{\""name\"": \""rb_root\"", \""type\"": \""rb_root_cached\""}]"", ""line"": 16620, ""rust_type"": ""timerqueue_head"", ""size"": null, ""source_file"": "".binddrift/build/HEAD_6d35786de281/rust/bindings/bindings_generated.rs"", ""version_id"": ""HEAD_6d35786de281""}",CORRECT,independent precision review of extracted fact source context; rank/score/ranker blinded,CORRECT,independent precision review of extracted fact source context; rank/score/ranker blinded,CORRECT,adjudicated precision sample from extractor output; separate from recall gold labels,
generated-binding-0196,generated_binding_facts,generated_bindings,HEAD_6d35786de281,.binddrift/build/HEAD_6d35786de281/rust/bindings/bindings_generated.rs,16622,timerqueue_head,"{""_source_table"": ""binding_structs"", ""_symbol"": ""timerqueue_head"", ""align"": null, ""c_type"": ""timerqueue_head"", ""fields"": ""[{\""name\"": \""rb_root\"", \""type\"": \""rb_root_cached\""}]"", ""line"": 16622, ""rust_type"": ""timerqueue_head"", ""size"": null, ""source_file"": "".binddrift/build/HEAD_6d35786de281/rust/bindings/bindings_generated.rs"", ""version_id"": ""HEAD_6d35786de281""}",CORRECT,independent precision review of extracted fact source context; rank/score/ranker blinded,CORRECT,independent precision review of extracted fact source context; rank/score/ranker blinded,CORRECT,adjudicated precision sample from extractor output; separate from recall gold labels,
generated-binding-0197,generated_binding_facts,generated_bindings,HEAD_6d35786de281,.binddrift/build/HEAD_6d35786de281/rust/bindings/bindings_generated.rs,16634,timerqueue_linked_node,"{""_source_table"": ""binding_structs"", ""_symbol"": ""timerqueue_linked_node"", ""align"": null, ""c_type"": ""timerqueue_linked_node"", ""fields"": ""[{\""name\"": \""node\"", \""type\"": \""rb_node_linked\""}, {\""name\"": \""expires\"", \""type\"": \""ktime_t\""}]"", ""line"": 16634, ""rust_type"": ""timerqueue_linked_node"", ""size"": null, ""source_file"": "".binddrift/build/HEAD_6d35786de281/rust/bindings/bindings_generated.rs"", ""version_id"": ""HEAD_6d35786de281""}",CORRECT,independent precision review of extracted fact source context; rank/score/ranker blinded,CORRECT,independent precision review of extracted fact source context; rank/score/ranker blinded,CORRECT,adjudicated precision sample from extractor output; separate from recall gold labels,
generated-binding-0198,generated_binding_facts,generated_bindings,HEAD_6d35786de281,.binddrift/build/HEAD_6d35786de281/rust/bindings/bindings_generated.rs,16636,timerqueue_linked_node,"{""_source_table"": ""binding_structs"", ""_symbol"": ""timerqueue_linked_node"", ""align"": null, ""c_type"": ""timerqueue_linked_node"", ""fields"": ""[{\""name\"": \""node\"", \""type\"": \""rb_node_linked\""}, {\""name\"": \""expires\"", \""type\"": \""ktime_t\""}]"", ""line"": 16636, ""rust_type"": ""timerqueue_linked_node"", ""size"": null, ""source_file"": "".binddrift/build/HEAD_6d35786de281/rust/bindings/bindings_generated.rs"", ""version_id"": ""HEAD_6d35786de281""}",CORRECT,independent precision review of extracted fact source context; rank/score/ranker blinded,CORRECT,independent precision review of extracted fact source context; rank/score/ranker blinded,CORRECT,adjudicated precision sample from extractor output; separate from recall gold labels,
generated-binding-0199,generated_binding_facts,generated_bindings,HEAD_6d35786de281,.binddrift/build/HEAD_6d35786de281/rust/bindings/bindings_generated.rs,16649,timerqueue_linked_head,"{""_source_table"": ""binding_structs"", ""_symbol"": ""timerqueue_linked_head"", ""align"": null, ""c_type"": ""timerqueue_linked_head"", ""fields"": ""[{\""name\"": \""rb_root\"", \""type\"": \""rb_root_linked\""}]"", ""line"": 16649, ""rust_type"": ""timerqueue_linked_head"", ""size"": null, ""source_file"": "".binddrift/build/HEAD_6d35786de281/rust/bindings/bindings_generated.rs"", ""version_id"": ""HEAD_6d35786de281""}",CORRECT,independent precision review of extracted fact source context; rank/score/ranker blinded,CORRECT,independent precision review of extracted fact source context; rank/score/ranker blinded,CORRECT,adjudicated precision sample from extractor output; separate from recall gold labels,
generated-binding-0200,generated_binding_facts,generated_bindings,HEAD_6d35786de281,.binddrift/build/HEAD_6d35786de281/rust/bindings/bindings_generated.rs,16651,timerqueue_linked_head,"{""_source_table"": ""binding_structs"", ""_symbol"": ""timerqueue_linked_head"", ""align"": null, ""c_type"": ""timerqueue_linked_head"", ""fields"": ""[{\""name\"": \""rb_root\"", \""type\"": \""rb_root_linked\""}]"", ""line"": 16651, ""rust_type"": ""timerqueue_linked_head"", ""size"": null, ""source_file"": "".binddrift/build/HEAD_6d35786de281/rust/bindings/bindings_generated.rs"", ""version_id"": ""HEAD_6d35786de281""}",CORRECT,independent precision review of extracted fact source context; rank/score/ranker blinded,CORRECT,independent precision review of extracted fact source context; rank/score/ranker blinded,CORRECT,adjudicated precision sample from extractor output; separate from recall gold labels,
generated-binding-0201,generated_binding_facts,generated_bindings,HEAD_6d35786de281,.binddrift/build/HEAD_6d35786de281/rust/bindings/bindings_generated.rs,16666,hrtimer,"{""_source_table"": ""binding_structs"", ""_symbol"": ""hrtimer"", ""align"": null, ""c_type"": ""hrtimer"", ""fields"": ""[{\""name\"": \""node\"", \""type\"": \""timerqueue_linked_node\""}, {\""name\"": \""base\"", \""type\"": \""*mut hrtimer_clock_base\""}, {\""name\"": \""is_queued\"", \""type\"": \""bool_\""}, {\""name\"": \""is_rel\"", \""type\"": \""bool_\""}, {\""name\"": \""is_soft\"", \""type\"": \""bool_\""}, {\""name\"": \""is_hard\"", \""type\"": \""bool_\""}, {\""name\"": \""is_lazy\"", \""type\"": \""bool_\""}, {\""name\"": \""_softexpires\"", \""type\"": \""ktime_t\""}]"", ""line"": 16666, ""rust_type"": ""hrtimer"", ""size"": null, ""source_file"": "".binddrift/build/HEAD_6d35786de281/rust/bindings/bindings_generated.rs"", ""version_id"": ""HEAD_6d35786de281""}",CORRECT,independent precision review of extracted fact source context; rank/score/ranker blinded,CORRECT,independent precision review of extracted fact source context; rank/score/ranker blinded,CORRECT,adjudicated precision sample from extractor output; separate from recall gold labels,
generated-binding-0202,generated_binding_facts,generated_bindings,HEAD_6d35786de281,.binddrift/build/HEAD_6d35786de281/rust/bindings/bindings_generated.rs,16668,hrtimer,"{""_source_table"": ""binding_structs"", ""_symbol"": ""hrtimer"", ""align"": null, ""c_type"": ""hrtimer"", ""fields"": ""[{\""name\"": \""node\"", \""type\"": \""timerqueue_linked_node\""}, {\""name\"": \""base\"", \""type\"": \""*mut hrtimer_clock_base\""}, {\""name\"": \""is_queued\"", \""type\"": \""bool_\""}, {\""name\"": \""is_rel\"", \""type\"": \""bool_\""}, {\""name\"": \""is_soft\"", \""type\"": \""bool_\""}, {\""name\"": \""is_hard\"", \""type\"": \""bool_\""}, {\""name\"": \""is_lazy\"", \""type\"": \""bool_\""}, {\""name\"": \""_softexpires\"", \""type\"": \""ktime_t\""}]"", ""line"": 16668, ""rust_type"": ""hrtimer"", ""size"": null, ""source_file"": "".binddrift/build/HEAD_6d35786de281/rust/bindings/bindings_generated.rs"", ""version_id"": ""HEAD_6d35786de281""}",CORRECT,independent precision review of extracted fact source context; rank/score/ranker blinded,CORRECT,independent precision review of extracted fact source context; rank/score/ranker blinded,CORRECT,adjudicated precision sample from extractor output; separate from recall gold labels,
generated-binding-0203,generated_binding_facts,generated_bindings,HEAD_6d35786de281,.binddrift/build/HEAD_6d35786de281/rust/bindings/bindings_generated.rs,16697,kcsan_scoped_access,"{""_source_table"": ""binding_structs"", ""_symbol"": ""kcsan_scoped_access"", ""align"": null, ""c_type"": ""kcsan_scoped_access"", ""fields"": ""[]"", ""line"": 16697, ""rust_type"": ""kcsan_scoped_access"", ""size"": null, ""source_file"": "".binddrift/build/HEAD_6d35786de281/rust/bindings/bindings_generated.rs"", ""version_id"": ""HEAD_6d35786de281""}",CORRECT,independent precision review of extracted fact source context; rank/score/ranker blinded,CORRECT,independent precision review of extracted fact source context; rank/score/ranker blinded,CORRECT,adjudicated precision sample from extractor output; separate from recall gold labels,
generated-binding-0204,generated_binding_facts,generated_bindings,HEAD_6d35786de281,.binddrift/build/HEAD_6d35786de281/rust/bindings/bindings_generated.rs,16699,kcsan_scoped_access,"{""_source_table"": ""binding_structs"", ""_symbol"": ""kcsan_scoped_access"", ""align"": null, ""c_type"": ""kcsan_scoped_access"", ""fields"": ""[]"", ""line"": 16699, ""rust_type"": ""kcsan_scoped_access"", ""size"": null, ""source_file"": "".binddrift/build/HEAD_6d35786de281/rust/bindings/bindings_generated.rs"", ""version_id"": ""HEAD_6d35786de281""}",CORRECT,independent precision review of extracted fact source context; rank/score/ranker blinded,CORRECT,independent precision review of extracted fact source context; rank/score/ranker blinded,CORRECT,adjudicated precision sample from extractor output; separate from recall gold labels,
generated-binding-0205,generated_binding_facts,generated_bindings,HEAD_6d35786de281,.binddrift/build/HEAD_6d35786de281/rust/bindings/bindings_generated.rs,16700,resource,"{""_source_table"": ""binding_structs"", ""_symbol"": ""resource"", ""align"": null, ""c_type"": ""resource"", ""fields"": ""[{\""name\"": \""start\"", \""type\"": \""resource_size_t\""}, {\""name\"": \""end\"", \""type\"": \""resource_size_t\""}, {\""name\"": \""name\"", \""type\"": \""*const ffi::c_char\""}, {\""name\"": \""flags\"", \""type\"": \""ffi::c_ulong\""}, {\""name\"": \""desc\"", \""type\"": \""ffi::c_ulong\""}, {\""name\"": \""parent\"", \""type\"": \""*mut resource\""}, {\""name\"": \""sibling\"", \""type\"": \""*mut resource\""}, {\""name\"": \""child\"", \""type\"": \""*mut resource\""}]"", ""line"": 16700, ""rust_type"": ""resource"", ""size"": null, ""source_file"": "".binddrift/build/HEAD_6d35786de281/rust/bindings/bindings_generated.rs"", ""version_id"": ""HEAD_6d35786de281""}",CORRECT,independent precision review of extracted fact source context; rank/score/ranker blinded,CORRECT,independent precision review of extracted fact source context; rank/score/ranker blinded,CORRECT,adjudicated precision sample from extractor output; separate from recall gold labels,
generated-binding-0206,generated_binding_facts,generated_bindings,HEAD_6d35786de281,.binddrift/build/HEAD_6d35786de281/rust/bindings/bindings_generated.rs,16702,resource,"{""_source_table"": ""binding_structs"", ""_symbol"": ""resource"", ""align"": null, ""c_type"": ""resource"", ""fields"": ""[{\""name\"": \""start\"", \""type\"": \""resource_size_t\""}, {\""name\"": \""end\"", \""type\"": \""resource_size_t\""}, {\""name\"": \""name\"", \""type\"": \""*const ffi::c_char\""}, {\""name\"": \""flags\"", \""type\"": \""ffi::c_ulong\""}, {\""name\"": \""desc\"", \""type\"": \""ffi::c_ulong\""}, {\""name\"": \""parent\"", \""type\"": \""*mut resource\""}, {\""name\"": \""sibling\"", \""type\"": \""*mut resource\""}, {\""name\"": \""child\"", \""type\"": \""*mut resource\""}]"", ""line"": 16702, ""rust_type"": ""resource"", ""size"": null, ""source_file"": "".binddrift/build/HEAD_6d35786de281/rust/bindings/bindings_generated.rs"", ""version_id"": ""HEAD_6d35786de281""}",CORRECT,independent precision review of extracted fact source context; rank/score/ranker blinded,CORRECT,independent precision review of extracted fact source context; rank/score/ranker blinded,CORRECT,adjudicated precision sample from extractor output; separate from recall gold labels,
generated-binding-0207,generated_binding_facts,generated_bindings,HEAD_6d35786de281,.binddrift/build/HEAD_6d35786de281/rust/bindings/bindings_generated.rs,16744,resource_constraint,"{""_source_table"": ""binding_structs"", ""_symbol"": ""resource_constraint"", ""align"": null, ""c_type"": ""resource_constraint"", ""fields"": ""[{\""name\"": \""min\"", \""type\"": \""resource_size_t\""}, {\""name\"": \""max\"", \""type\"": \""resource_size_t\""}, {\""name\"": \""align\"", \""type\"": \""resource_size_t\""}, {\""name\"": \""alignf\"", \""type\"": \""resource_alignf\""}, {\""name\"": \""alignf_data\"", \""type\"": \""*mut ffi::c_void\""}]"", ""line"": 16744, ""rust_type"": ""resource_constraint"", ""size"": null, ""source_file"": "".binddrift/build/HEAD_6d35786de281/rust/bindings/bindings_generated.rs"", ""version_id"": ""HEAD_6d35786de281""}",CORRECT,independent precision review of extracted fact source context; rank/score/ranker blinded,CORRECT,independent precision review of extracted fact source context; rank/score/ranker blinded,CORRECT,adjudicated precision sample from extractor output; separate from recall gold labels,
generated-binding-0208,generated_binding_facts,generated_bindings,HEAD_6d35786de281,.binddrift/build/HEAD_6d35786de281/rust/bindings/bindings_generated.rs,16746,resource_constraint,"{""_source_table"": ""binding_structs"", ""_symbol"": ""resource_constraint"", ""align"": null, ""c_type"": ""resource_constraint"", ""fields"": ""[{\""name\"": \""min\"", \""type\"": \""resource_size_t\""}, {\""name\"": \""max\"", \""type\"": \""resource_size_t\""}, {\""name\"": \""align\"", \""type\"": \""resource_size_t\""}, {\""name\"": \""alignf\"", \""type\"": \""resource_alignf\""}, {\""name\"": \""alignf_data\"", \""type\"": \""*mut ffi::c_void\""}]"", ""line"": 16746, ""rust_type"": ""resource_constraint"", ""size"": null, ""source_file"": "".binddrift/build/HEAD_6d35786de281/rust/bindings/bindings_generated.rs"", ""version_id"": ""HEAD_6d35786de281""}",CORRECT,independent precision review of extracted fact source context; rank/score/ranker blinded,CORRECT,independent precision review of extracted fact source context; rank/score/ranker blinded,CORRECT,adjudicated precision sample from extractor output; separate from recall gold labels,
generated-binding-0209,generated_binding_facts,generated_bindings,HEAD_6d35786de281,.binddrift/build/HEAD_6d35786de281/rust/bindings/bindings_generated.rs,16985,unwind_hint,"{""_source_table"": ""binding_structs"", ""_symbol"": ""unwind_hint"", ""align"": null, ""c_type"": ""unwind_hint"", ""fields"": ""[{\""name\"": \""ip\"", \""type\"": \""u32_\""}, {\""name\"": \""sp_offset\"", \""type\"": \""s16\""}, {\""name\"": \""sp_reg\"", \""type\"": \""u8_\""}, {\""name\"": \""type_\"", \""type\"": \""u8_\""}, {\""name\"": \""signal\"", \""type\"": \""u8_\""}]"", ""line"": 16985, ""rust_type"": ""unwind_hint"", ""size"": null, ""source_file"": "".binddrift/build/HEAD_6d35786de281/rust/bindings/bindings_generated.rs"", ""version_id"": ""HEAD_6d35786de281""}",CORRECT,independent precision review of extracted fact source context; rank/score/ranker blinded,CORRECT,independent precision review of extracted fact source context; rank/score/ranker blinded,CORRECT,adjudicated precision sample from extractor output; separate from recall gold labels,
generated-binding-0210,generated_binding_facts,generated_bindings,HEAD_6d35786de281,.binddrift/build/HEAD_6d35786de281/rust/bindings/bindings_generated.rs,16987,unwind_hint,"{""_source_table"": ""binding_structs"", ""_symbol"": ""unwind_hint"", ""align"": null, ""c_type"": ""unwind_hint"", ""fields"": ""[{\""name\"": \""ip\"", \""type\"": \""u32_\""}, {\""name\"": \""sp_offset\"", \""type\"": \""s16\""}, {\""name\"": \""sp_reg\"", \""type\"": \""u8_\""}, {\""name\"": \""type_\"", \""type\"": \""u8_\""}, {\""name\"": \""signal\"", \""type\"": \""u8_\""}]"", ""line"": 16987, ""rust_type"": ""unwind_hint"", ""size"": null, ""source_file"": "".binddrift/build/HEAD_6d35786de281/rust/bindings/bindings_generated.rs"", ""version_id"": ""HEAD_6d35786de281""}",CORRECT,independent precision review of extracted fact source context; rank/score/ranker blinded,CORRECT,independent precision review of extracted fact source context; rank/score/ranker blinded,CORRECT,adjudicated precision sample from extractor output; separate from recall gold labels,
generated-binding-0211,generated_binding_facts,generated_bindings,HEAD_6d35786de281,.binddrift/build/HEAD_6d35786de281/rust/bindings/bindings_generated.rs,17001,static_call_site,"{""_source_table"": ""binding_structs"", ""_symbol"": ""static_call_site"", ""align"": null, ""c_type"": ""static_call_site"", ""fields"": ""[{\""name\"": \""addr\"", \""type\"": \""s32\""}, {\""name\"": \""key\"", \""type\"": \""s32\""}]"", ""line"": 17001, ""rust_type"": ""static_call_site"", ""size"": null, ""source_file"": "".binddrift/build/HEAD_6d35786de281/rust/bindings/bindings_generated.rs"", ""version_id"": ""HEAD_6d35786de281""}",CORRECT,independent precision review of extracted fact source context; rank/score/ranker blinded,CORRECT,independent precision review of extracted fact source context; rank/score/ranker blinded,CORRECT,adjudicated precision sample from extractor output; separate from recall gold labels,
generated-binding-0212,generated_binding_facts,generated_bindings,HEAD_6d35786de281,.binddrift/build/HEAD_6d35786de281/rust/bindings/bindings_generated.rs,17003,static_call_site,"{""_source_table"": ""binding_structs"", ""_symbol"": ""static_call_site"", ""align"": null, ""c_type"": ""static_call_site"", ""fields"": ""[{\""name\"": \""addr\"", \""type\"": \""s32\""}, {\""name\"": \""key\"", \""type\"": \""s32\""}]"", ""line"": 17003, ""rust_type"": ""static_call_site"", ""size"": null, ""source_file"": "".binddrift/build/HEAD_6d35786de281/rust/bindings/bindings_generated.rs"", ""version_id"": ""HEAD_6d35786de281""}",CORRECT,independent precision review of extracted fact source context; rank/score/ranker blinded,CORRECT,independent precision review of extracted fact source context; rank/score/ranker blinded,CORRECT,adjudicated precision sample from extractor output; separate from recall gold labels,
generated-binding-0213,generated_binding_facts,generated_bindings,HEAD_6d35786de281,.binddrift/build/HEAD_6d35786de281/rust/bindings/bindings_generated.rs,17007,static_call_key,"{""_source_table"": ""binding_structs"", ""_symbol"": ""static_call_key"", ""align"": null, ""c_type"": ""static_call_key"", ""fields"": ""[{\""name\"": \""func\"", \""type\"": \""*mut ffi::c_void\""}, {\""name\"": \""__bindgen_anon_1\"", \""type\"": \""static_call_key__bindgen_ty_1\""}]"", ""line"": 17007, ""rust_type"": ""static_call_key"", ""size"": null, ""source_file"": "".binddrift/build/HEAD_6d35786de281/rust/bindings/bindings_generated.rs"", ""version_id"": ""HEAD_6d35786de281""}",CORRECT,independent precision review of extracted fact source context; rank/score/ranker blinded,CORRECT,independent precision review of extracted fact source context; rank/score/ranker blinded,CORRECT,adjudicated precision sample from extractor output; separate from recall gold labels,
generated-binding-0214,generated_binding_facts,generated_bindings,HEAD_6d35786de281,.binddrift/build/HEAD_6d35786de281/rust/bindings/bindings_generated.rs,17009,static_call_key,"{""_source_table"": ""binding_structs"", ""_symbol"": ""static_call_key"", ""align"": null, ""c_type"": ""static_call_key"", ""fields"": ""[{\""name\"": \""func\"", \""type\"": \""*mut ffi::c_void\""}, {\""name\"": \""__bindgen_anon_1\"", \""type\"": \""static_call_key__bindgen_ty_1\""}]"", ""line"": 17009, ""rust_type"": ""static_call_key"", ""size"": null, ""source_file"": "".binddrift/build/HEAD_6d35786de281/rust/bindings/bindings_generated.rs"", ""version_id"": ""HEAD_6d35786de281""}",CORRECT,independent precision review of extracted fact source context; rank/score/ranker blinded,CORRECT,independent precision review of extracted fact source context; rank/score/ranker blinded,CORRECT,adjudicated precision sample from extractor output; separate from recall gold labels,
generated-binding-0215,generated_binding_facts,generated_bindings,HEAD_6d35786de281,.binddrift/build/HEAD_6d35786de281/rust/bindings/bindings_generated.rs,17044,sysv_va_list,"{""_source_table"": ""binding_structs"", ""_symbol"": ""sysv_va_list"", ""align"": null, ""c_type"": ""sysv_va_list"", ""fields"": ""[{\""name\"": \""gp_offset\"", \""type\"": \""ffi::c_uint\""}, {\""name\"": \""fp_offset\"", \""type\"": \""ffi::c_uint\""}, {\""name\"": \""overflow_arg_area\"", \""type\"": \""*mut ffi::c_void\""}, {\""name\"": \""reg_save_area\"", \""type\"": \""*mut ffi::c_void\""}]"", ""line"": 17044, ""rust_type"": ""sysv_va_list"", ""size"": null, ""source_file"": "".binddrift/build/HEAD_6d35786de281/rust/bindings/bindings_generated.rs"", ""version_id"": ""HEAD_6d35786de281""}",CORRECT,independent precision review of extracted fact source context; rank/score/ranker blinded,CORRECT,independent precision review of extracted fact source context; rank/score/ranker blinded,CORRECT,adjudicated precision sample from extractor output; separate from recall gold labels,
generated-binding-0216,generated_binding_facts,generated_bindings,HEAD_6d35786de281,.binddrift/build/HEAD_6d35786de281/rust/bindings/bindings_generated.rs,17046,sysv_va_list,"{""_source_table"": ""binding_structs"", ""_symbol"": ""sysv_va_list"", ""align"": null, ""c_type"": ""sysv_va_list"", ""fields"": ""[{\""name\"": \""gp_offset\"", \""type\"": \""ffi::c_uint\""}, {\""name\"": \""fp_offset\"", \""type\"": \""ffi::c_uint\""}, {\""name\"": \""overflow_arg_area\"", \""type\"": \""*mut ffi::c_void\""}, {\""name\"": \""reg_save_area\"", \""type\"": \""*mut ffi::c_void\""}]"", ""line"": 17046, ""rust_type"": ""sysv_va_list"", ""size"": null, ""source_file"": "".binddrift/build/HEAD_6d35786de281/rust/bindings/bindings_generated.rs"", ""version_id"": ""HEAD_6d35786de281""}",CORRECT,independent precision review of extracted fact source context; rank/score/ranker blinded,CORRECT,independent precision review of extracted fact source context; rank/score/ranker blinded,CORRECT,adjudicated precision sample from extractor output; separate from recall gold labels,
generated-binding-0217,generated_binding_facts,generated_bindings,HEAD_6d35786de281,.binddrift/build/HEAD_6d35786de281/rust/bindings/bindings_generated.rs,17061,arch_va_list,"{""_source_table"": ""binding_structs"", ""_symbol"": ""arch_va_list"", ""align"": null, ""c_type"": ""arch_va_list"", ""fields"": ""[{\""name\"": \""regs\"", \""type\"": \""[ffi::c_ulong; 6usize]\""}, {\""name\"": \""args\"", \""type\"": \""sysv_va_list\""}]"", ""line"": 17061, ""rust_type"": ""arch_va_list"", ""size"": null, ""source_file"": "".binddrift/build/HEAD_6d35786de281/rust/bindings/bindings_generated.rs"", ""version_id"": ""HEAD_6d35786de281""}",CORRECT,independent precision review of extracted fact source context; rank/score/ranker blinded,CORRECT,independent precision review of extracted fact source context; rank/score/ranker blinded,CORRECT,adjudicated precision sample from extractor output; separate from recall gold labels,
generated-binding-0218,generated_binding_facts,generated_bindings,HEAD_6d35786de281,.binddrift/build/HEAD_6d35786de281/rust/bindings/bindings_generated.rs,17063,arch_va_list,"{""_source_table"": ""binding_structs"", ""_symbol"": ""arch_va_list"", ""align"": null, ""c_type"": ""arch_va_list"", ""fields"": ""[{\""name\"": \""regs\"", \""type\"": \""[ffi::c_ulong; 6usize]\""}, {\""name\"": \""args\"", \""type\"": \""sysv_va_list\""}]"", ""line"": 17063, ""rust_type"": ""arch_va_list"", ""size"": null, ""source_file"": "".binddrift/build/HEAD_6d35786de281/rust/bindings/bindings_generated.rs"", ""version_id"": ""HEAD_6d35786de281""}",CORRECT,independent precision review of extracted fact source context; rank/score/ranker blinded,CORRECT,independent precision review of extracted fact source context; rank/score/ranker blinded,CORRECT,adjudicated precision sample from extractor output; separate from recall gold labels,
generated-binding-0219,generated_binding_facts,generated_bindings,HEAD_6d35786de281,.binddrift/build/HEAD_6d35786de281/rust/bindings/bindings_generated.rs,17159,taint_flag,"{""_source_table"": ""binding_structs"", ""_symbol"": ""taint_flag"", ""align"": null, ""c_type"": ""taint_flag"", ""fields"": ""[{\""name\"": \""c_true\"", \""type\"": \""ffi::c_char\""}, {\""name\"": \""c_false\"", \""type\"": \""ffi::c_char\""}, {\""name\"": \""desc\"", \""type\"": \""*const ffi::c_char\""}]"", ""line"": 17159, ""rust_type"": ""taint_flag"", ""size"": null, ""source_file"": "".binddrift/build/HEAD_6d35786de281/rust/bindings/bindings_generated.rs"", ""version_id"": ""HEAD_6d35786de281""}",CORRECT,independent precision review of extracted fact source context; rank/score/ranker blinded,CORRECT,independent precision review of extracted fact source context; rank/score/ranker blinded,CORRECT,adjudicated precision sample from extractor output; separate from recall gold labels,
generated-binding-0220,generated_binding_facts,generated_bindings,HEAD_6d35786de281,.binddrift/build/HEAD_6d35786de281/rust/bindings/bindings_generated.rs,17161,taint_flag,"{""_source_table"": ""binding_structs"", ""_symbol"": ""taint_flag"", ""align"": null, ""c_type"": ""taint_flag"", ""fields"": ""[{\""name\"": \""c_true\"", \""type\"": \""ffi::c_char\""}, {\""name\"": \""c_false\"", \""type\"": \""ffi::c_char\""}, {\""name\"": \""desc\"", \""type\"": \""*const ffi::c_char\""}]"", ""line"": 17161, ""rust_type"": ""taint_flag"", ""size"": null, ""source_file"": "".binddrift/build/HEAD_6d35786de281/rust/bindings/bindings_generated.rs"", ""version_id"": ""HEAD_6d35786de281""}",CORRECT,independent precision review of extracted fact source context; rank/score/ranker blinded,CORRECT,independent precision review of extracted fact source context; rank/score/ranker blinded,CORRECT,adjudicated precision sample from extractor output; separate from recall gold labels,
generated-binding-0221,generated_binding_facts,generated_bindings,HEAD_6d35786de281,.binddrift/build/HEAD_6d35786de281/rust/bindings/bindings_generated.rs,17272,file_system_type,"{""_source_table"": ""binding_structs"", ""_symbol"": ""file_system_type"", ""align"": null, ""c_type"": ""file_system_type"", ""fields"": ""[{\""name\"": \""name\"", \""type\"": \""*const ffi::c_char\""}, {\""name\"": \""fs_flags\"", \""type\"": \""ffi::c_int\""}, {\""name\"": \""parameters\"", \""type\"": \""*const fs_parameter_spec\""}, {\""name\"": \""kill_sb\"", \""type\"": \""::core::option::Option<unsafe extern \\\""C\\\"" fn(arg1: *mut super_block)>\""}, {\""name\"": \""owner\"", \""type\"": \""*mut module\""}, {\""name\"": \""next\"", \""type\"": \""*mut file_system_type\""}, {\""name\"": \""fs_supers\"", \""type\"": \""hlist_head\""}, {\""name\"": \""s_lock_key\"", \""type\"": \""lock_class_key\""}, {\""name\"": \""s_umount_key\"", \""type\"": \""lock_class_key\""}, {\""name\"": \""s_vfs_rename_key\"", \""type\"": \""lock_class_key\""}, {\""name\"": \""s_writers_key\"", \""type\"": \""[lock_class_key; 3usize]\""}, {\""name\"": \""i_lock_key\"", \""type\"": \""lock_class_key\""}, {\""name\"": \""i_mutex_key\"", \""type\"": \""lock_class_key\""}, {\""name\"": \""invalidate_lock_key\"", \""type\"": \""lock_class_key\""}, {\""name\"": \""i_mutex_dir_key\"", \""type\"": \""lock_class_key\""}]"", ""line"": 17272, ""rust_type"": ""file_system_type"", ""size"": null, ""source_file"": "".binddrift/build/HEAD_6d35786de281/rust/bindings/bindings_generated.rs"", ""version_id"": ""HEAD_6d35786de281""}",CORRECT,independent precision review of extracted fact source context; rank/score/ranker blinded,CORRECT,independent precision review of extracted fact source context; rank/score/ranker blinded,CORRECT,adjudicated precision sample from extractor output; separate from recall gold labels,
generated-binding-0222,generated_binding_facts,generated_bindings,HEAD_6d35786de281,.binddrift/build/HEAD_6d35786de281/rust/bindings/bindings_generated.rs,17274,file_system_type,"{""_source_table"": ""binding_structs"", ""_symbol"": ""file_system_type"", ""align"": null, ""c_type"": ""file_system_type"", ""fields"": ""[{\""name\"": \""name\"", \""type\"": \""*const ffi::c_char\""}, {\""name\"": \""fs_flags\"", \""type\"": \""ffi::c_int\""}, {\""name\"": \""parameters\"", \""type\"": \""*const fs_parameter_spec\""}, {\""name\"": \""kill_sb\"", \""type\"": \""::core::option::Option<unsafe extern \\\""C\\\"" fn(arg1: *mut super_block)>\""}, {\""name\"": \""owner\"", \""type\"": \""*mut module\""}, {\""name\"": \""next\"", \""type\"": \""*mut file_system_type\""}, {\""name\"": \""fs_supers\"", \""type\"": \""hlist_head\""}, {\""name\"": \""s_lock_key\"", \""type\"": \""lock_class_key\""}, {\""name\"": \""s_umount_key\"", \""type\"": \""lock_class_key\""}, {\""name\"": \""s_vfs_rename_key\"", \""type\"": \""lock_class_key\""}, {\""name\"": \""s_writers_key\"", \""type\"": \""[lock_class_key; 3usize]\""}, {\""name\"": \""i_lock_key\"", \""type\"": \""lock_class_key\""}, {\""name\"": \""i_mutex_key\"", \""type\"": \""lock_class_key\""}, {\""name\"": \""invalidate_lock_key\"", \""type\"": \""lock_class_key\""}, {\""name\"": \""i_mutex_dir_key\"", \""type\"": \""lock_class_key\""}]"", ""line"": 17274, ""rust_type"": ""file_system_type"", ""size"": null, ""source_file"": "".binddrift/build/HEAD_6d35786de281/rust/bindings/bindings_generated.rs"", ""version_id"": ""HEAD_6d35786de281""}",CORRECT,independent precision review of extracted fact source context; rank/score/ranker blinded,CORRECT,independent precision review of extracted fact source context; rank/score/ranker blinded,CORRECT,adjudicated precision sample from extractor output; separate from recall gold labels,
generated-binding-0223,generated_binding_facts,generated_bindings,HEAD_6d35786de281,.binddrift/build/HEAD_6d35786de281/rust/bindings/bindings_generated.rs,17318,module,"{""_source_table"": ""binding_structs"", ""_symbol"": ""module"", ""align"": null, ""c_type"": ""module"", ""fields"": ""[{\""name\"": \""state\"", \""type\"": \""module_state\""}, {\""name\"": \""list\"", \""type\"": \""list_head\""}, {\""name\"": \""name\"", \""type\"": \""[ffi::c_char; 56usize]\""}, {\""name\"": \""mkobj\"", \""type\"": \""module_kobject\""}, {\""name\"": \""modinfo_attrs\"", \""type\"": \""*mut module_attribute\""}, {\""name\"": \""version\"", \""type\"": \""*const ffi::c_char\""}, {\""name\"": \""srcversion\"", \""type\"": \""*const ffi::c_char\""}, {\""name\"": \""imported_namespaces\"", \""type\"": \""*const ffi::c_char\""}, {\""name\"": \""holders_dir\"", \""type\"": \""*mut kobject\""}, {\""name\"": \""syms\"", \""type\"": \""*mut kernel_symbol\""}, {\""name\"": \""crcs\"", \""type\"": \""*const u32_\""}, {\""name\"": \""flagstab\"", \""type\"": \""*const u8_\""}, {\""name\"": \""num_syms\"", \""type\"": \""ffi::c_uint\""}, {\""name\"": \""param_lock\"", \""type\"": \""mutex\""}, {\""name\"": \""kp\"", \""type\"": \""*mut kernel_param\""}, {\""name\"": \""num_kp\"", \""type\"": \""ffi::c_uint\""}, {\""name\"": \""using_gplonly_symbols\"", \""type\"": \""bool_\""}, {\""name\"": \""async_probe_requested\"", \""type\"": \""bool_\""}, {\""name\"": \""num_exentries\"", \""type\"": \""ffi::c_uint\""}, {\""name\"": \""extable\"", \""type\"": \""*mut exception_table_entry\""}, {\""name\"": \""init\"", \""type\"": \""::core::option::Option<unsafe extern \\\""C\\\"" fn() -> ffi::c_int>\""}, {\""name\"": \""__bindgen_padding_0\"", \""type\"": \""u64\""}, {\""name\"": \""mem\"", \""type\"": \""[module_memory; 7usize]\""}, {\""name\"": \""arch\"", \""type\"": \""mod_arch_specific\""}, {\""name\"": \""taints\"", \""type\"": \""ffi::c_ulong\""}, {\""name\"": \""num_bugs\"", \""type\"": \""ffi::c_uint\""}, {\""name\"": \""bug_list\"", \""type\"": \""list_head\""}, {\""name\"": \""bug_table\"", \""type\"": \""*mut bug_entry\""}, {\""name\"": \""kallsyms\"", \""type\"": \""*mut mod_kallsyms\""}, {\""name\"": \""core_kallsyms\"", \""type\"": \""mod_kallsyms\""}, {\""name\"": \""sect_attrs\"", \""type\"": \""*mut module_sect_attrs\""}, {\""name\"": \""notes_attrs\"", \""type\"": \""*mut module_notes_attrs\""}, {\""name\"": \""args\"", \""type\"": \""*mut ffi::c_char\""}, {\""name\"": \""percpu\"", \""type\"": \""*mut ffi::c_void\""}, {\""name\"": \""percpu_size\"", \""type\"": \""ffi::c_uint\""}, {\""name\"": \""noinstr_text_start\"", \""type\"": \""*mut ffi::c_void\""}, {\""name\"": \""noinstr_text_size\"", \""type\"": \""ffi::c_uint\""}, {\""name\"": \""num_tracepoints\"", \""type\"": \""ffi::c_uint\""}, {\""name\"": \""tracepoints_ptrs\"", \""type\"": \""*const ffi::c_int\""}, {\""name\"": \""num_srcu_structs\"", \""type\"": \""ffi::c_uint\""}, {\""name\"": \""srcu_struct_ptrs\"", \""type\"": \""*mut *mut srcu_struct\""}, {\""name\"": \""jump_entries\"", \""type\"": \""*mut jump_entry\""}, {\""name\"": \""num_jump_entries\"", \""type\"": \""ffi::c_uint\""}, {\""name\"": \""num_trace_bprintk_fmt\"", \""type\"": \""ffi::c_uint\""}, {\""name\"": \""trace_bprintk_fmt_start\"", \""type\"": \""*mut *const ffi::c_char\""}, {\""name\"": \""trace_events\"", \""type\"": \""*mut *mut trace_event_call\""}, {\""name\"": \""num_trace_events\"", \""type\"": \""ffi::c_uint\""}, {\""name\"": \""trace_evals\"", \""type\"": \""*mut *mut trace_eval_map\""}, {\""name\"": \""num_trace_evals\"", \""type\"": \""ffi::c_uint\""}, {\""name\"": \""kprobes_text_start\"", \""type\"": \""*mut ffi::c_void\""}, {\""name\"": \""kprobes_text_size\"", \""type\"": \""ffi::c_uint\""}, {\""name\"": \""kprobe_blacklist\"", \""type\"": \""*mut ffi::c_ulong\""}, {\""name\"": \""num_kprobe_blacklist\"", \""type\"": \""ffi::c_uint\""}, {\""name\"": \""num_static_call_sites\"", \""type\"": \""ffi::c_int\""}, {\""name\"": \""static_call_sites\"", \""type\"": \""*mut static_call_site\""}, {\""name\"": \""source_list\"", \""type\"": \""list_head\""}, {\""name\"": \""target_list\"", \""type\"": \""list_head\""}, {\""name\"": \""exit\"", \""type\"": \""::core::option::Option<unsafe extern \\\""C\\\"" fn()>\""}, {\""name\"": \""refcnt\"", \""type\"": \""atomic_t\""}]"", ""line"": 17318, ""rust_type"": ""module"", ""size"": null, ""source_file"": "".binddrift/build/HEAD_6d35786de281/rust/bindings/bindings_generated.rs"", ""version_id"": ""HEAD_6d35786de281""}",CORRECT,independent precision review of extracted fact source context; rank/score/ranker blinded,CORRECT,independent precision review of extracted fact source context; rank/score/ranker blinded,CORRECT,adjudicated precision sample from extractor output; separate from recall gold labels,
generated-binding-0224,generated_binding_facts,generated_bindings,HEAD_6d35786de281,.binddrift/build/HEAD_6d35786de281/rust/bindings/bindings_generated.rs,17320,module,"{""_source_table"": ""binding_structs"", ""_symbol"": ""module"", ""align"": null, ""c_type"": ""module"", ""fields"": ""[{\""name\"": \""state\"", \""type\"": \""module_state\""}, {\""name\"": \""list\"", \""type\"": \""list_head\""}, {\""name\"": \""name\"", \""type\"": \""[ffi::c_char; 56usize]\""}, {\""name\"": \""mkobj\"", \""type\"": \""module_kobject\""}, {\""name\"": \""modinfo_attrs\"", \""type\"": \""*mut module_attribute\""}, {\""name\"": \""version\"", \""type\"": \""*const ffi::c_char\""}, {\""name\"": \""srcversion\"", \""type\"": \""*const ffi::c_char\""}, {\""name\"": \""imported_namespaces\"", \""type\"": \""*const ffi::c_char\""}, {\""name\"": \""holders_dir\"", \""type\"": \""*mut kobject\""}, {\""name\"": \""syms\"", \""type\"": \""*mut kernel_symbol\""}, {\""name\"": \""crcs\"", \""type\"": \""*const u32_\""}, {\""name\"": \""flagstab\"", \""type\"": \""*const u8_\""}, {\""name\"": \""num_syms\"", \""type\"": \""ffi::c_uint\""}, {\""name\"": \""param_lock\"", \""type\"": \""mutex\""}, {\""name\"": \""kp\"", \""type\"": \""*mut kernel_param\""}, {\""name\"": \""num_kp\"", \""type\"": \""ffi::c_uint\""}, {\""name\"": \""using_gplonly_symbols\"", \""type\"": \""bool_\""}, {\""name\"": \""async_probe_requested\"", \""type\"": \""bool_\""}, {\""name\"": \""num_exentries\"", \""type\"": \""ffi::c_uint\""}, {\""name\"": \""extable\"", \""type\"": \""*mut exception_table_entry\""}, {\""name\"": \""init\"", \""type\"": \""::core::option::Option<unsafe extern \\\""C\\\"" fn() -> ffi::c_int>\""}, {\""name\"": \""__bindgen_padding_0\"", \""type\"": \""u64\""}, {\""name\"": \""mem\"", \""type\"": \""[module_memory; 7usize]\""}, {\""name\"": \""arch\"", \""type\"": \""mod_arch_specific\""}, {\""name\"": \""taints\"", \""type\"": \""ffi::c_ulong\""}, {\""name\"": \""num_bugs\"", \""type\"": \""ffi::c_uint\""}, {\""name\"": \""bug_list\"", \""type\"": \""list_head\""}, {\""name\"": \""bug_table\"", \""type\"": \""*mut bug_entry\""}, {\""name\"": \""kallsyms\"", \""type\"": \""*mut mod_kallsyms\""}, {\""name\"": \""core_kallsyms\"", \""type\"": \""mod_kallsyms\""}, {\""name\"": \""sect_attrs\"", \""type\"": \""*mut module_sect_attrs\""}, {\""name\"": \""notes_attrs\"", \""type\"": \""*mut module_notes_attrs\""}, {\""name\"": \""args\"", \""type\"": \""*mut ffi::c_char\""}, {\""name\"": \""percpu\"", \""type\"": \""*mut ffi::c_void\""}, {\""name\"": \""percpu_size\"", \""type\"": \""ffi::c_uint\""}, {\""name\"": \""noinstr_text_start\"", \""type\"": \""*mut ffi::c_void\""}, {\""name\"": \""noinstr_text_size\"", \""type\"": \""ffi::c_uint\""}, {\""name\"": \""num_tracepoints\"", \""type\"": \""ffi::c_uint\""}, {\""name\"": \""tracepoints_ptrs\"", \""type\"": \""*const ffi::c_int\""}, {\""name\"": \""num_srcu_structs\"", \""type\"": \""ffi::c_uint\""}, {\""name\"": \""srcu_struct_ptrs\"", \""type\"": \""*mut *mut srcu_struct\""}, {\""name\"": \""jump_entries\"", \""type\"": \""*mut jump_entry\""}, {\""name\"": \""num_jump_entries\"", \""type\"": \""ffi::c_uint\""}, {\""name\"": \""num_trace_bprintk_fmt\"", \""type\"": \""ffi::c_uint\""}, {\""name\"": \""trace_bprintk_fmt_start\"", \""type\"": \""*mut *const ffi::c_char\""}, {\""name\"": \""trace_events\"", \""type\"": \""*mut *mut trace_event_call\""}, {\""name\"": \""num_trace_events\"", \""type\"": \""ffi::c_uint\""}, {\""name\"": \""trace_evals\"", \""type\"": \""*mut *mut trace_eval_map\""}, {\""name\"": \""num_trace_evals\"", \""type\"": \""ffi::c_uint\""}, {\""name\"": \""kprobes_text_start\"", \""type\"": \""*mut ffi::c_void\""}, {\""name\"": \""kprobes_text_size\"", \""type\"": \""ffi::c_uint\""}, {\""name\"": \""kprobe_blacklist\"", \""type\"": \""*mut ffi::c_ulong\""}, {\""name\"": \""num_kprobe_blacklist\"", \""type\"": \""ffi::c_uint\""}, {\""name\"": \""num_static_call_sites\"", \""type\"": \""ffi::c_int\""}, {\""name\"": \""static_call_sites\"", \""type\"": \""*mut static_call_site\""}, {\""name\"": \""source_list\"", \""type\"": \""list_head\""}, {\""name\"": \""target_list\"", \""type\"": \""list_head\""}, {\""name\"": \""exit\"", \""type\"": \""::core::option::Option<unsafe extern \\\""C\\\"" fn()>\""}, {\""name\"": \""refcnt\"", \""type\"": \""atomic_t\""}]"", ""line"": 17320, ""rust_type"": ""module"", ""size"": null, ""source_file"": "".binddrift/build/HEAD_6d35786de281/rust/bindings/bindings_generated.rs"", ""version_id"": ""HEAD_6d35786de281""}",CORRECT,independent precision review of extracted fact source context; rank/score/ranker blinded,CORRECT,independent precision review of extracted fact source context; rank/score/ranker blinded,CORRECT,adjudicated precision sample from extractor output; separate from recall gold labels,
generated-binding-0225,generated_binding_facts,generated_bindings,HEAD_6d35786de281,.binddrift/build/HEAD_6d35786de281/rust/bindings/bindings_generated.rs,17402,qspinlock,"{""_source_table"": ""binding_structs"", ""_symbol"": ""qspinlock"", ""align"": null, ""c_type"": ""qspinlock"", ""fields"": ""[{\""name\"": \""__bindgen_anon_1\"", \""type\"": \""qspinlock__bindgen_ty_1\""}]"", ""line"": 17402, ""rust_type"": ""qspinlock"", ""size"": null, ""source_file"": "".binddrift/build/HEAD_6d35786de281/rust/bindings/bindings_generated.rs"", ""version_id"": ""HEAD_6d35786de281""}",CORRECT,independent precision review of extracted fact source context; rank/score/ranker blinded,CORRECT,independent precision review of extracted fact source context; rank/score/ranker blinded,CORRECT,adjudicated precision sample from extractor output; separate from recall gold labels,
generated-binding-0226,generated_binding_facts,generated_bindings,HEAD_6d35786de281,.binddrift/build/HEAD_6d35786de281/rust/bindings/bindings_generated.rs,17404,qspinlock,"{""_source_table"": ""binding_structs"", ""_symbol"": ""qspinlock"", ""align"": null, ""c_type"": ""qspinlock"", ""fields"": ""[{\""name\"": \""__bindgen_anon_1\"", \""type\"": \""qspinlock__bindgen_ty_1\""}]"", ""line"": 17404, ""rust_type"": ""qspinlock"", ""size"": null, ""source_file"": "".binddrift/build/HEAD_6d35786de281/rust/bindings/bindings_generated.rs"", ""version_id"": ""HEAD_6d35786de281""}",CORRECT,independent precision review of extracted fact source context; rank/score/ranker blinded,CORRECT,independent precision review of extracted fact source context; rank/score/ranker blinded,CORRECT,adjudicated precision sample from extractor output; separate from recall gold labels,
generated-binding-0227,generated_binding_facts,generated_bindings,HEAD_6d35786de281,.binddrift/build/HEAD_6d35786de281/rust/bindings/bindings_generated.rs,17414,qspinlock__bindgen_ty_1__bindgen_ty_1,"{""_source_table"": ""binding_structs"", ""_symbol"": ""qspinlock__bindgen_ty_1__bindgen_ty_1"", ""align"": null, ""c_type"": ""qspinlock__bindgen_ty_1__bindgen_ty_1"", ""fields"": ""[{\""name\"": \""locked\"", \""type\"": \""u8_\""}, {\""name\"": \""pending\"", \""type\"": \""u8_\""}]"", ""line"": 17414, ""rust_type"": ""qspinlock__bindgen_ty_1__bindgen_ty_1"", ""size"": null, ""source_file"": "".binddrift/build/HEAD_6d35786de281/rust/bindings/bindings_generated.rs"", ""version_id"": ""HEAD_6d35786de281""}",CORRECT,independent precision review of extracted fact source context; rank/score/ranker blinded,CORRECT,independent precision review of extracted fact source context; rank/score/ranker blinded,CORRECT,adjudicated precision sample from extractor output; separate from recall gold labels,
generated-binding-0228,generated_binding_facts,generated_bindings,HEAD_6d35786de281,.binddrift/build/HEAD_6d35786de281/rust/bindings/bindings_generated.rs,17416,qspinlock__bindgen_ty_1__bindgen_ty_1,"{""_source_table"": ""binding_structs"", ""_symbol"": ""qspinlock__bindgen_ty_1__bindgen_ty_1"", ""align"": null, ""c_type"": ""qspinlock__bindgen_ty_1__bindgen_ty_1"", ""fields"": ""[{\""name\"": \""locked\"", \""type\"": \""u8_\""}, {\""name\"": \""pending\"", \""type\"": \""u8_\""}]"", ""line"": 17416, ""rust_type"": ""qspinlock__bindgen_ty_1__bindgen_ty_1"", ""size"": null, ""source_file"": "".binddrift/build/HEAD_6d35786de281/rust/bindings/bindings_generated.rs"", ""version_id"": ""HEAD_6d35786de281""}",CORRECT,independent precision review of extracted fact source context; rank/score/ranker blinded,CORRECT,independent precision review of extracted fact source context; rank/score/ranker blinded,CORRECT,adjudicated precision sample from extractor output; separate from recall gold labels,
generated-binding-0229,generated_binding_facts,generated_bindings,HEAD_6d35786de281,.binddrift/build/HEAD_6d35786de281/rust/bindings/bindings_generated.rs,17420,qspinlock__bindgen_ty_1__bindgen_ty_2,"{""_source_table"": ""binding_structs"", ""_symbol"": ""qspinlock__bindgen_ty_1__bindgen_ty_2"", ""align"": null, ""c_type"": ""qspinlock__bindgen_ty_1__bindgen_ty_2"", ""fields"": ""[{\""name\"": \""locked_pending\"", \""type\"": \""u16_\""}, {\""name\"": \""tail\"", \""type\"": \""u16_\""}]"", ""line"": 17420, ""rust_type"": ""qspinlock__bindgen_ty_1__bindgen_ty_2"", ""size"": null, ""source_file"": "".binddrift/build/HEAD_6d35786de281/rust/bindings/bindings_generated.rs"", ""version_id"": ""HEAD_6d35786de281""}",CORRECT,independent precision review of extracted fact source context; rank/score/ranker blinded,CORRECT,independent precision review of extracted fact source context; rank/score/ranker blinded,CORRECT,adjudicated precision sample from extractor output; separate from recall gold labels,
generated-binding-0230,generated_binding_facts,generated_bindings,HEAD_6d35786de281,.binddrift/build/HEAD_6d35786de281/rust/bindings/bindings_generated.rs,17422,qspinlock__bindgen_ty_1__bindgen_ty_2,"{""_source_table"": ""binding_structs"", ""_symbol"": ""qspinlock__bindgen_ty_1__bindgen_ty_2"", ""align"": null, ""c_type"": ""qspinlock__bindgen_ty_1__bindgen_ty_2"", ""fields"": ""[{\""name\"": \""locked_pending\"", \""type\"": \""u16_\""}, {\""name\"": \""tail\"", \""type\"": \""u16_\""}]"", ""line"": 17422, ""rust_type"": ""qspinlock__bindgen_ty_1__bindgen_ty_2"", ""size"": null, ""source_file"": "".binddrift/build/HEAD_6d35786de281/rust/bindings/bindings_generated.rs"", ""version_id"": ""HEAD_6d35786de281""}",CORRECT,independent precision review of extracted fact source context; rank/score/ranker blinded,CORRECT,independent precision review of extracted fact source context; rank/score/ranker blinded,CORRECT,adjudicated precision sample from extractor output; separate from recall gold labels,
generated-binding-0231,generated_binding_facts,generated_bindings,HEAD_6d35786de281,.binddrift/build/HEAD_6d35786de281/rust/bindings/bindings_generated.rs,17445,qrwlock,"{""_source_table"": ""binding_structs"", ""_symbol"": ""qrwlock"", ""align"": null, ""c_type"": ""qrwlock"", ""fields"": ""[{\""name\"": \""__bindgen_anon_1\"", \""type\"": \""qrwlock__bindgen_ty_1\""}, {\""name\"": \""wait_lock\"", \""type\"": \""arch_spinlock_t\""}]"", ""line"": 17445, ""rust_type"": ""qrwlock"", ""size"": null, ""source_file"": "".binddrift/build/HEAD_6d35786de281/rust/bindings/bindings_generated.rs"", ""version_id"": ""HEAD_6d35786de281""}",CORRECT,independent precision review of extracted fact source context; rank/score/ranker blinded,CORRECT,independent precision review of extracted fact source context; rank/score/ranker blinded,CORRECT,adjudicated precision sample from extractor output; separate from recall gold labels,
generated-binding-0232,generated_binding_facts,generated_bindings,HEAD_6d35786de281,.binddrift/build/HEAD_6d35786de281/rust/bindings/bindings_generated.rs,17447,qrwlock,"{""_source_table"": ""binding_structs"", ""_symbol"": ""qrwlock"", ""align"": null, ""c_type"": ""qrwlock"", ""fields"": ""[{\""name\"": \""__bindgen_anon_1\"", \""type\"": \""qrwlock__bindgen_ty_1\""}, {\""name\"": \""wait_lock\"", \""type\"": \""arch_spinlock_t\""}]"", ""line"": 17447, ""rust_type"": ""qrwlock"", ""size"": null, ""source_file"": "".binddrift/build/HEAD_6d35786de281/rust/bindings/bindings_generated.rs"", ""version_id"": ""HEAD_6d35786de281""}",CORRECT,independent precision review of extracted fact source context; rank/score/ranker blinded,CORRECT,independent precision review of extracted fact source context; rank/score/ranker blinded,CORRECT,adjudicated precision sample from extractor output; separate from recall gold labels,
generated-binding-0233,generated_binding_facts,generated_bindings,HEAD_6d35786de281,.binddrift/build/HEAD_6d35786de281/rust/bindings/bindings_generated.rs,17457,qrwlock__bindgen_ty_1__bindgen_ty_1,"{""_source_table"": ""binding_structs"", ""_symbol"": ""qrwlock__bindgen_ty_1__bindgen_ty_1"", ""align"": null, ""c_type"": ""qrwlock__bindgen_ty_1__bindgen_ty_1"", ""fields"": ""[{\""name\"": \""wlocked\"", \""type\"": \""u8_\""}, {\""name\"": \""__lstate\"", \""type\"": \""[u8_; 3usize]\""}]"", ""line"": 17457, ""rust_type"": ""qrwlock__bindgen_ty_1__bindgen_ty_1"", ""size"": null, ""source_file"": "".binddrift/build/HEAD_6d35786de281/rust/bindings/bindings_generated.rs"", ""version_id"": ""HEAD_6d35786de281""}",CORRECT,independent precision review of extracted fact source context; rank/score/ranker blinded,CORRECT,independent precision review of extracted fact source context; rank/score/ranker blinded,CORRECT,adjudicated precision sample from extractor output; separate from recall gold labels,
generated-binding-0234,generated_binding_facts,generated_bindings,HEAD_6d35786de281,.binddrift/build/HEAD_6d35786de281/rust/bindings/bindings_generated.rs,17459,qrwlock__bindgen_ty_1__bindgen_ty_1,"{""_source_table"": ""binding_structs"", ""_symbol"": ""qrwlock__bindgen_ty_1__bindgen_ty_1"", ""align"": null, ""c_type"": ""qrwlock__bindgen_ty_1__bindgen_ty_1"", ""fields"": ""[{\""name\"": \""wlocked\"", \""type\"": \""u8_\""}, {\""name\"": \""__lstate\"", \""type\"": \""[u8_; 3usize]\""}]"", ""line"": 17459, ""rust_type"": ""qrwlock__bindgen_ty_1__bindgen_ty_1"", ""size"": null, ""source_file"": "".binddrift/build/HEAD_6d35786de281/rust/bindings/bindings_generated.rs"", ""version_id"": ""HEAD_6d35786de281""}",CORRECT,independent precision review of extracted fact source context; rank/score/ranker blinded,CORRECT,independent precision review of extracted fact source context; rank/score/ranker blinded,CORRECT,adjudicated precision sample from extractor output; separate from recall gold labels,
generated-binding-0235,generated_binding_facts,generated_bindings,HEAD_6d35786de281,.binddrift/build/HEAD_6d35786de281/rust/bindings/bindings_generated.rs,17494,lock_class_key,"{""_source_table"": ""binding_structs"", ""_symbol"": ""lock_class_key"", ""align"": null, ""c_type"": ""lock_class_key"", ""fields"": ""[]"", ""line"": 17494, ""rust_type"": ""lock_class_key"", ""size"": null, ""source_file"": "".binddrift/build/HEAD_6d35786de281/rust/bindings/bindings_generated.rs"", ""version_id"": ""HEAD_6d35786de281""}",CORRECT,independent precision review of extracted fact source context; rank/score/ranker blinded,CORRECT,independent precision review of extracted fact source context; rank/score/ranker blinded,CORRECT,adjudicated precision sample from extractor output; separate from recall gold labels,
generated-binding-0236,generated_binding_facts,generated_bindings,HEAD_6d35786de281,.binddrift/build/HEAD_6d35786de281/rust/bindings/bindings_generated.rs,17496,lock_class_key,"{""_source_table"": ""binding_structs"", ""_symbol"": ""lock_class_key"", ""align"": null, ""c_type"": ""lock_class_key"", ""fields"": ""[]"", ""line"": 17496, ""rust_type"": ""lock_class_key"", ""size"": null, ""source_file"": "".binddrift/build/HEAD_6d35786de281/rust/bindings/bindings_generated.rs"", ""version_id"": ""HEAD_6d35786de281""}",CORRECT,independent precision review of extracted fact source context; rank/score/ranker blinded,CORRECT,independent precision review of extracted fact source context; rank/score/ranker blinded,CORRECT,adjudicated precision sample from extractor output; separate from recall gold labels,
generated-binding-0237,generated_binding_facts,generated_bindings,HEAD_6d35786de281,.binddrift/build/HEAD_6d35786de281/rust/bindings/bindings_generated.rs,17497,lockdep_map,"{""_source_table"": ""binding_structs"", ""_symbol"": ""lockdep_map"", ""align"": null, ""c_type"": ""lockdep_map"", ""fields"": ""[]"", ""line"": 17497, ""rust_type"": ""lockdep_map"", ""size"": null, ""source_file"": "".binddrift/build/HEAD_6d35786de281/rust/bindings/bindings_generated.rs"", ""version_id"": ""HEAD_6d35786de281""}",CORRECT,independent precision review of extracted fact source context; rank/score/ranker blinded,CORRECT,independent precision review of extracted fact source context; rank/score/ranker blinded,CORRECT,adjudicated precision sample from extractor output; separate from recall gold labels,
generated-binding-0238,generated_binding_facts,generated_bindings,HEAD_6d35786de281,.binddrift/build/HEAD_6d35786de281/rust/bindings/bindings_generated.rs,17499,lockdep_map,"{""_source_table"": ""binding_structs"", ""_symbol"": ""lockdep_map"", ""align"": null, ""c_type"": ""lockdep_map"", ""fields"": ""[]"", ""line"": 17499, ""rust_type"": ""lockdep_map"", ""size"": null, ""source_file"": "".binddrift/build/HEAD_6d35786de281/rust/bindings/bindings_generated.rs"", ""version_id"": ""HEAD_6d35786de281""}",CORRECT,independent precision review of extracted fact source context; rank/score/ranker blinded,CORRECT,independent precision review of extracted fact source context; rank/score/ranker blinded,CORRECT,adjudicated precision sample from extractor output; separate from recall gold labels,
generated-binding-0239,generated_binding_facts,generated_bindings,HEAD_6d35786de281,.binddrift/build/HEAD_6d35786de281/rust/bindings/bindings_generated.rs,17500,pin_cookie,"{""_source_table"": ""binding_structs"", ""_symbol"": ""pin_cookie"", ""align"": null, ""c_type"": ""pin_cookie"", ""fields"": ""[]"", ""line"": 17500, ""rust_type"": ""pin_cookie"", ""size"": null, ""source_file"": "".binddrift/build/HEAD_6d35786de281/rust/bindings/bindings_generated.rs"", ""version_id"": ""HEAD_6d35786de281""}",CORRECT,independent precision review of extracted fact source context; rank/score/ranker blinded,CORRECT,independent precision review of extracted fact source context; rank/score/ranker blinded,CORRECT,adjudicated precision sample from extractor output; separate from recall gold labels,
generated-binding-0240,generated_binding_facts,generated_bindings,HEAD_6d35786de281,.binddrift/build/HEAD_6d35786de281/rust/bindings/bindings_generated.rs,17502,pin_cookie,"{""_source_table"": ""binding_structs"", ""_symbol"": ""pin_cookie"", ""align"": null, ""c_type"": ""pin_cookie"", ""fields"": ""[]"", ""line"": 17502, ""rust_type"": ""pin_cookie"", ""size"": null, ""source_file"": "".binddrift/build/HEAD_6d35786de281/rust/bindings/bindings_generated.rs"", ""version_id"": ""HEAD_6d35786de281""}",CORRECT,independent precision review of extracted fact source context; rank/score/ranker blinded,CORRECT,independent precision review of extracted fact source context; rank/score/ranker blinded,CORRECT,adjudicated precision sample from extractor output; separate from recall gold labels,
generated-binding-0241,generated_binding_facts,generated_bindings,HEAD_6d35786de281,.binddrift/build/HEAD_6d35786de281/rust/bindings/bindings_generated.rs,17503,raw_spinlock,"{""_source_table"": ""binding_structs"", ""_symbol"": ""raw_spinlock"", ""align"": null, ""c_type"": ""raw_spinlock"", ""fields"": ""[{\""name\"": \""raw_lock\"", \""type\"": \""arch_spinlock_t\""}]"", ""line"": 17503, ""rust_type"": ""raw_spinlock"", ""size"": null, ""source_file"": "".binddrift/build/HEAD_6d35786de281/rust/bindings/bindings_generated.rs"", ""version_id"": ""HEAD_6d35786de281""}",CORRECT,independent precision review of extracted fact source context; rank/score/ranker blinded,CORRECT,independent precision review of extracted fact source context; rank/score/ranker blinded,CORRECT,adjudicated precision sample from extractor output; separate from recall gold labels,
generated-binding-0242,generated_binding_facts,generated_bindings,HEAD_6d35786de281,.binddrift/build/HEAD_6d35786de281/rust/bindings/bindings_generated.rs,17505,raw_spinlock,"{""_source_table"": ""binding_structs"", ""_symbol"": ""raw_spinlock"", ""align"": null, ""c_type"": ""raw_spinlock"", ""fields"": ""[{\""name\"": \""raw_lock\"", \""type\"": \""arch_spinlock_t\""}]"", ""line"": 17505, ""rust_type"": ""raw_spinlock"", ""size"": null, ""source_file"": "".binddrift/build/HEAD_6d35786de281/rust/bindings/bindings_generated.rs"", ""version_id"": ""HEAD_6d35786de281""}",CORRECT,independent precision review of extracted fact source context; rank/score/ranker blinded,CORRECT,independent precision review of extracted fact source context; rank/score/ranker blinded,CORRECT,adjudicated precision sample from extractor output; separate from recall gold labels,
generated-binding-0243,generated_binding_facts,generated_bindings,HEAD_6d35786de281,.binddrift/build/HEAD_6d35786de281/rust/bindings/bindings_generated.rs,17518,ratelimit_state,"{""_source_table"": ""binding_structs"", ""_symbol"": ""ratelimit_state"", ""align"": null, ""c_type"": ""ratelimit_state"", ""fields"": ""[{\""name\"": \""lock\"", \""type\"": \""raw_spinlock_t\""}, {\""name\"": \""interval\"", \""type\"": \""ffi::c_int\""}, {\""name\"": \""burst\"", \""type\"": \""ffi::c_int\""}, {\""name\"": \""rs_n_left\"", \""type\"": \""atomic_t\""}, {\""name\"": \""missed\"", \""type\"": \""atomic_t\""}, {\""name\"": \""flags\"", \""type\"": \""ffi::c_uint\""}, {\""name\"": \""begin\"", \""type\"": \""ffi::c_ulong\""}]"", ""line"": 17518, ""rust_type"": ""ratelimit_state"", ""size"": null, ""source_file"": "".binddrift/build/HEAD_6d35786de281/rust/bindings/bindings_generated.rs"", ""version_id"": ""HEAD_6d35786de281""}",CORRECT,independent precision review of extracted fact source context; rank/score/ranker blinded,CORRECT,independent precision review of extracted fact source context; rank/score/ranker blinded,CORRECT,adjudicated precision sample from extractor output; separate from recall gold labels,
generated-binding-0244,generated_binding_facts,generated_bindings,HEAD_6d35786de281,.binddrift/build/HEAD_6d35786de281/rust/bindings/bindings_generated.rs,17520,ratelimit_state,"{""_source_table"": ""binding_structs"", ""_symbol"": ""ratelimit_state"", ""align"": null, ""c_type"": ""ratelimit_state"", ""fields"": ""[{\""name\"": \""lock\"", \""type\"": \""raw_spinlock_t\""}, {\""name\"": \""interval\"", \""type\"": \""ffi::c_int\""}, {\""name\"": \""burst\"", \""type\"": \""ffi::c_int\""}, {\""name\"": \""rs_n_left\"", \""type\"": \""atomic_t\""}, {\""name\"": \""missed\"", \""type\"": \""atomic_t\""}, {\""name\"": \""flags\"", \""type\"": \""ffi::c_uint\""}, {\""name\"": \""begin\"", \""type\"": \""ffi::c_ulong\""}]"", ""line"": 17520, ""rust_type"": ""ratelimit_state"", ""size"": null, ""source_file"": "".binddrift/build/HEAD_6d35786de281/rust/bindings/bindings_generated.rs"", ""version_id"": ""HEAD_6d35786de281""}",CORRECT,independent precision review of extracted fact source context; rank/score/ranker blinded,CORRECT,independent precision review of extracted fact source context; rank/score/ranker blinded,CORRECT,adjudicated precision sample from extractor output; separate from recall gold labels,
generated-binding-0245,generated_binding_facts,generated_bindings,HEAD_6d35786de281,.binddrift/build/HEAD_6d35786de281/rust/bindings/bindings_generated.rs,17541,console,"{""_source_table"": ""binding_structs"", ""_symbol"": ""console"", ""align"": null, ""c_type"": ""console"", ""fields"": ""[]"", ""line"": 17541, ""rust_type"": ""console"", ""size"": null, ""source_file"": "".binddrift/build/HEAD_6d35786de281/rust/bindings/bindings_generated.rs"", ""version_id"": ""HEAD_6d35786de281""}",CORRECT,independent precision review of extracted fact source context; rank/score/ranker blinded,CORRECT,independent precision review of extracted fact source context; rank/score/ranker blinded,CORRECT,adjudicated precision sample from extractor output; separate from recall gold labels,
generated-binding-0246,generated_binding_facts,generated_bindings,HEAD_6d35786de281,.binddrift/build/HEAD_6d35786de281/rust/bindings/bindings_generated.rs,17543,console,"{""_source_table"": ""binding_structs"", ""_symbol"": ""console"", ""align"": null, ""c_type"": ""console"", ""fields"": ""[]"", ""line"": 17543, ""rust_type"": ""console"", ""size"": null, ""source_file"": "".binddrift/build/HEAD_6d35786de281/rust/bindings/bindings_generated.rs"", ""version_id"": ""HEAD_6d35786de281""}",CORRECT,independent precision review of extracted fact source context; rank/score/ranker blinded,CORRECT,independent precision review of extracted fact source context; rank/score/ranker blinded,CORRECT,adjudicated precision sample from extractor output; separate from recall gold labels,
generated-binding-0247,generated_binding_facts,generated_bindings,HEAD_6d35786de281,.binddrift/build/HEAD_6d35786de281/rust/bindings/bindings_generated.rs,17574,va_format,"{""_source_table"": ""binding_structs"", ""_symbol"": ""va_format"", ""align"": null, ""c_type"": ""va_format"", ""fields"": ""[{\""name\"": \""fmt\"", \""type\"": \""*const ffi::c_char\""}, {\""name\"": \""va\"", \""type\"": \""*mut va_list\""}]"", ""line"": 17574, ""rust_type"": ""va_format"", ""size"": null, ""source_file"": "".binddrift/build/HEAD_6d35786de281/rust/bindings/bindings_generated.rs"", ""version_id"": ""HEAD_6d35786de281""}",CORRECT,independent precision review of extracted fact source context; rank/score/ranker blinded,CORRECT,independent precision review of extracted fact source context; rank/score/ranker blinded,CORRECT,adjudicated precision sample from extractor output; separate from recall gold labels,
generated-binding-0248,generated_binding_facts,generated_bindings,HEAD_6d35786de281,.binddrift/build/HEAD_6d35786de281/rust/bindings/bindings_generated.rs,17576,va_format,"{""_source_table"": ""binding_structs"", ""_symbol"": ""va_format"", ""align"": null, ""c_type"": ""va_format"", ""fields"": ""[{\""name\"": \""fmt\"", \""type\"": \""*const ffi::c_char\""}, {\""name\"": \""va\"", \""type\"": \""*mut va_list\""}]"", ""line"": 17576, ""rust_type"": ""va_format"", ""size"": null, ""source_file"": "".binddrift/build/HEAD_6d35786de281/rust/bindings/bindings_generated.rs"", ""version_id"": ""HEAD_6d35786de281""}",CORRECT,independent precision review of extracted fact source context; rank/score/ranker blinded,CORRECT,independent precision review of extracted fact source context; rank/score/ranker blinded,CORRECT,adjudicated precision sample from extractor output; separate from recall gold labels,
generated-binding-0249,generated_binding_facts,generated_bindings,HEAD_6d35786de281,.binddrift/build/HEAD_6d35786de281/rust/bindings/bindings_generated.rs,17703,file_operations,"{""_source_table"": ""binding_structs"", ""_symbol"": ""file_operations"", ""align"": null, ""c_type"": ""file_operations"", ""fields"": ""[{\""name\"": \""owner\"", \""type\"": \""*mut module\""}, {\""name\"": \""fop_flags\"", \""type\"": \""fop_flags_t\""}, {\""name\"": \""llseek\"", \""type\"": \""::core::option::Option<\""}, {\""name\"": \""read\"", \""type\"": \""::core::option::Option<\""}, {\""name\"": \""write\"", \""type\"": \""::core::option::Option<\""}, {\""name\"": \""read_iter\"", \""type\"": \""::core::option::Option<\""}, {\""name\"": \""write_iter\"", \""type\"": \""::core::option::Option<\""}, {\""name\"": \""iopoll\"", \""type\"": \""::core::option::Option<\""}, {\""name\"": \""iterate_shared\"", \""type\"": \""::core::option::Option<\""}, {\""name\"": \""poll\"", \""type\"": \""::core::option::Option<\""}, {\""name\"": \""unlocked_ioctl\"", \""type\"": \""::core::option::Option<\""}, {\""name\"": \""compat_ioctl\"", \""type\"": \""::core::option::Option<\""}, {\""name\"": \""mmap\"", \""type\"": \""::core::option::Option<\""}, {\""name\"": \""open\"", \""type\"": \""::core::option::Option<\""}, {\""name\"": \""release\"", \""type\"": \""::core::option::Option<\""}, {\""name\"": \""fsync\"", \""type\"": \""::core::option::Option<\""}, {\""name\"": \""fasync\"", \""type\"": \""::core::option::Option<\""}, {\""name\"": \""lock\"", \""type\"": \""::core::option::Option<\""}, {\""name\"": \""get_unmapped_area\"", \""type\"": \""::core::option::Option<\""}, {\""name\"": \""check_flags\"", \""type\"": \""::core::option::Option<unsafe extern \\\""C\\\"" fn(arg1: ffi::c_int) -> ffi::c_int>\""}, {\""name\"": \""flock\"", \""type\"": \""::core::option::Option<\""}, {\""name\"": \""splice_write\"", \""type\"": \""::core::option::Option<\""}, {\""name\"": \""splice_read\"", \""type\"": \""::core::option::Option<\""}, {\""name\"": \""splice_eof\"", \""type\"": \""::core::option::Option<unsafe extern \\\""C\\\"" fn(file: *mut file)>\""}, {\""name\"": \""setlease\"", \""type\"": \""::core::option::Option<\""}, {\""name\"": \""fallocate\"", \""type\"": \""::core::option::Option<\""}, {\""name\"": \""show_fdinfo\"", \""type\"": \""::core::option::Option<unsafe extern \\\""C\\\"" fn(m: *mut seq_file\""}, {\""name\"": \""copy_file_range\"", \""type\"": \""::core::option::Option<\""}, {\""name\"": \""remap_file_range\"", \""type\"": \""::core::option::Option<\""}, {\""name\"": \""fadvise\"", \""type\"": \""::core::option::Option<\""}, {\""name\"": \""uring_cmd\"", \""type\"": \""::core::option::Option<\""}, {\""name\"": \""uring_cmd_iopoll\"", \""type\"": \""::core::option::Option<\""}]"", ""line"": 17703, ""rust_type"": ""file_operations"", ""size"": null, ""source_file"": "".binddrift/build/HEAD_6d35786de281/rust/bindings/bindings_generated.rs"", ""version_id"": ""HEAD_6d35786de281""}",CORRECT,independent precision review of extracted fact source context; rank/score/ranker blinded,CORRECT,independent precision review of extracted fact source context; rank/score/ranker blinded,CORRECT,adjudicated precision sample from extractor output; separate from recall gold labels,
generated-binding-0250,generated_binding_facts,generated_bindings,HEAD_6d35786de281,.binddrift/build/HEAD_6d35786de281/rust/bindings/bindings_generated.rs,17705,file_operations,"{""_source_table"": ""binding_structs"", ""_symbol"": ""file_operations"", ""align"": null, ""c_type"": ""file_operations"", ""fields"": ""[{\""name\"": \""owner\"", \""type\"": \""*mut module\""}, {\""name\"": \""fop_flags\"", \""type\"": \""fop_flags_t\""}, {\""name\"": \""llseek\"", \""type\"": \""::core::option::Option<\""}, {\""name\"": \""read\"", \""type\"": \""::core::option::Option<\""}, {\""name\"": \""write\"", \""type\"": \""::core::option::Option<\""}, {\""name\"": \""read_iter\"", \""type\"": \""::core::option::Option<\""}, {\""name\"": \""write_iter\"", \""type\"": \""::core::option::Option<\""}, {\""name\"": \""iopoll\"", \""type\"": \""::core::option::Option<\""}, {\""name\"": \""iterate_shared\"", \""type\"": \""::core::option::Option<\""}, {\""name\"": \""poll\"", \""type\"": \""::core::option::Option<\""}, {\""name\"": \""unlocked_ioctl\"", \""type\"": \""::core::option::Option<\""}, {\""name\"": \""compat_ioctl\"", \""type\"": \""::core::option::Option<\""}, {\""name\"": \""mmap\"", \""type\"": \""::core::option::Option<\""}, {\""name\"": \""open\"", \""type\"": \""::core::option::Option<\""}, {\""name\"": \""release\"", \""type\"": \""::core::option::Option<\""}, {\""name\"": \""fsync\"", \""type\"": \""::core::option::Option<\""}, {\""name\"": \""fasync\"", \""type\"": \""::core::option::Option<\""}, {\""name\"": \""lock\"", \""type\"": \""::core::option::Option<\""}, {\""name\"": \""get_unmapped_area\"", \""type\"": \""::core::option::Option<\""}, {\""name\"": \""check_flags\"", \""type\"": \""::core::option::Option<unsafe extern \\\""C\\\"" fn(arg1: ffi::c_int) -> ffi::c_int>\""}, {\""name\"": \""flock\"", \""type\"": \""::core::option::Option<\""}, {\""name\"": \""splice_write\"", \""type\"": \""::core::option::Option<\""}, {\""name\"": \""splice_read\"", \""type\"": \""::core::option::Option<\""}, {\""name\"": \""splice_eof\"", \""type\"": \""::core::option::Option<unsafe extern \\\""C\\\"" fn(file: *mut file)>\""}, {\""name\"": \""setlease\"", \""type\"": \""::core::option::Option<\""}, {\""name\"": \""fallocate\"", \""type\"": \""::core::option::Option<\""}, {\""name\"": \""show_fdinfo\"", \""type\"": \""::core::option::Option<unsafe extern \\\""C\\\"" fn(m: *mut seq_file\""}, {\""name\"": \""copy_file_range\"", \""type\"": \""::core::option::Option<\""}, {\""name\"": \""remap_file_range\"", \""type\"": \""::core::option::Option<\""}, {\""name\"": \""fadvise\"", \""type\"": \""::core::option::Option<\""}, {\""name\"": \""uring_cmd\"", \""type\"": \""::core::option::Option<\""}, {\""name\"": \""uring_cmd_iopoll\"", \""type\"": \""::core::option::Option<\""}]"", ""line"": 17705, ""rust_type"": ""file_operations"", ""size"": null, ""source_file"": "".binddrift/build/HEAD_6d35786de281/rust/bindings/bindings_generated.rs"", ""version_id"": ""HEAD_6d35786de281""}",CORRECT,independent precision review of extracted fact source context; rank/score/ranker blinded,CORRECT,independent precision review of extracted fact source context; rank/score/ranker blinded,CORRECT,adjudicated precision sample from extractor output; separate from recall gold labels,
generated-binding-0251,generated_binding_facts,generated_bindings,HEAD_6d35786de281,.binddrift/build/HEAD_6d35786de281/rust/bindings/bindings_generated.rs,17906,warn_args,"{""_source_table"": ""binding_structs"", ""_symbol"": ""warn_args"", ""align"": null, ""c_type"": ""warn_args"", ""fields"": ""[]"", ""line"": 17906, ""rust_type"": ""warn_args"", ""size"": null, ""source_file"": "".binddrift/build/HEAD_6d35786de281/rust/bindings/bindings_generated.rs"", ""version_id"": ""HEAD_6d35786de281""}",CORRECT,independent precision review of extracted fact source context; rank/score/ranker blinded,CORRECT,independent precision review of extracted fact source context; rank/score/ranker blinded,CORRECT,adjudicated precision sample from extractor output; separate from recall gold labels,
generated-binding-0252,generated_binding_facts,generated_bindings,HEAD_6d35786de281,.binddrift/build/HEAD_6d35786de281/rust/bindings/bindings_generated.rs,17908,warn_args,"{""_source_table"": ""binding_structs"", ""_symbol"": ""warn_args"", ""align"": null, ""c_type"": ""warn_args"", ""fields"": ""[]"", ""line"": 17908, ""rust_type"": ""warn_args"", ""size"": null, ""source_file"": "".binddrift/build/HEAD_6d35786de281/rust/bindings/bindings_generated.rs"", ""version_id"": ""HEAD_6d35786de281""}",CORRECT,independent precision review of extracted fact source context; rank/score/ranker blinded,CORRECT,independent precision review of extracted fact source context; rank/score/ranker blinded,CORRECT,adjudicated precision sample from extractor output; separate from recall gold labels,
generated-binding-0253,generated_binding_facts,generated_bindings,HEAD_6d35786de281,.binddrift/build/HEAD_6d35786de281/rust/bindings/bindings_generated.rs,17921,bug_entry,"{""_source_table"": ""binding_structs"", ""_symbol"": ""bug_entry"", ""align"": null, ""c_type"": ""bug_entry"", ""fields"": ""[{\""name\"": \""bug_addr_disp\"", \""type\"": \""ffi::c_int\""}, {\""name\"": \""format_disp\"", \""type\"": \""ffi::c_int\""}, {\""name\"": \""file_disp\"", \""type\"": \""ffi::c_int\""}, {\""name\"": \""line\"", \""type\"": \""ffi::c_ushort\""}, {\""name\"": \""flags\"", \""type\"": \""ffi::c_ushort\""}]"", ""line"": 17921, ""rust_type"": ""bug_entry"", ""size"": null, ""source_file"": "".binddrift/build/HEAD_6d35786de281/rust/bindings/bindings_generated.rs"", ""version_id"": ""HEAD_6d35786de281""}",CORRECT,independent precision review of extracted fact source context; rank/score/ranker blinded,CORRECT,independent precision review of extracted fact source context; rank/score/ranker blinded,CORRECT,adjudicated precision sample from extractor output; separate from recall gold labels,
generated-binding-0254,generated_binding_facts,generated_bindings,HEAD_6d35786de281,.binddrift/build/HEAD_6d35786de281/rust/bindings/bindings_generated.rs,17923,bug_entry,"{""_source_table"": ""binding_structs"", ""_symbol"": ""bug_entry"", ""align"": null, ""c_type"": ""bug_entry"", ""fields"": ""[{\""name\"": \""bug_addr_disp\"", \""type\"": \""ffi::c_int\""}, {\""name\"": \""format_disp\"", \""type\"": \""ffi::c_int\""}, {\""name\"": \""file_disp\"", \""type\"": \""ffi::c_int\""}, {\""name\"": \""line\"", \""type\"": \""ffi::c_ushort\""}, {\""name\"": \""flags\"", \""type\"": \""ffi::c_ushort\""}]"", ""line"": 17923, ""rust_type"": ""bug_entry"", ""size"": null, ""source_file"": "".binddrift/build/HEAD_6d35786de281/rust/bindings/bindings_generated.rs"", ""version_id"": ""HEAD_6d35786de281""}",CORRECT,independent precision review of extracted fact source context; rank/score/ranker blinded,CORRECT,independent precision review of extracted fact source context; rank/score/ranker blinded,CORRECT,adjudicated precision sample from extractor output; separate from recall gold labels,
generated-binding-0255,generated_binding_facts,generated_bindings,HEAD_6d35786de281,.binddrift/build/HEAD_6d35786de281/rust/bindings/bindings_generated.rs,17943,alt_instr,"{""_source_table"": ""binding_structs"", ""_symbol"": ""alt_instr"", ""align"": null, ""c_type"": ""alt_instr"", ""fields"": ""[{\""name\"": \""_bindgen_opaque_blob\"", \""type\"": \""[u8; 14usize]\""}]"", ""line"": 17943, ""rust_type"": ""alt_instr"", ""size"": null, ""source_file"": "".binddrift/build/HEAD_6d35786de281/rust/bindings/bindings_generated.rs"", ""version_id"": ""HEAD_6d35786de281""}",CORRECT,independent precision review of extracted fact source context; rank/score/ranker blinded,CORRECT,independent precision review of extracted fact source context; rank/score/ranker blinded,CORRECT,adjudicated precision sample from extractor output; separate from recall gold labels,
generated-binding-0256,generated_binding_facts,generated_bindings,HEAD_6d35786de281,.binddrift/build/HEAD_6d35786de281/rust/bindings/bindings_generated.rs,17945,alt_instr,"{""_source_table"": ""binding_structs"", ""_symbol"": ""alt_instr"", ""align"": null, ""c_type"": ""alt_instr"", ""fields"": ""[{\""name\"": \""_bindgen_opaque_blob\"", \""type\"": \""[u8; 14usize]\""}]"", ""line"": 17945, ""rust_type"": ""alt_instr"", ""size"": null, ""source_file"": "".binddrift/build/HEAD_6d35786de281/rust/bindings/bindings_generated.rs"", ""version_id"": ""HEAD_6d35786de281""}",CORRECT,independent precision review of extracted fact source context; rank/score/ranker blinded,CORRECT,independent precision review of extracted fact source context; rank/score/ranker blinded,CORRECT,adjudicated precision sample from extractor output; separate from recall gold labels,
generated-binding-0257,generated_binding_facts,generated_bindings,HEAD_6d35786de281,.binddrift/build/HEAD_6d35786de281/rust/bindings/bindings_generated.rs,17955,alt_instr__bindgen_ty_1__bindgen_ty_1,"{""_source_table"": ""binding_structs"", ""_symbol"": ""alt_instr__bindgen_ty_1__bindgen_ty_1"", ""align"": null, ""c_type"": ""alt_instr__bindgen_ty_1__bindgen_ty_1"", ""fields"": ""[{\""name\"": \""_bitfield_align_1\"", \""type\"": \""[u16; 0]\""}, {\""name\"": \""_bitfield_1\"", \""type\"": \""__BindgenBitfieldUnit<[u8; 4usize]>\""}]"", ""line"": 17955, ""rust_type"": ""alt_instr__bindgen_ty_1__bindgen_ty_1"", ""size"": null, ""source_file"": "".binddrift/build/HEAD_6d35786de281/rust/bindings/bindings_generated.rs"", ""version_id"": ""HEAD_6d35786de281""}",CORRECT,independent precision review of extracted fact source context; rank/score/ranker blinded,CORRECT,independent precision review of extracted fact source context; rank/score/ranker blinded,CORRECT,adjudicated precision sample from extractor output; separate from recall gold labels,
generated-binding-0258,generated_binding_facts,generated_bindings,HEAD_6d35786de281,.binddrift/build/HEAD_6d35786de281/rust/bindings/bindings_generated.rs,17957,alt_instr__bindgen_ty_1__bindgen_ty_1,"{""_source_table"": ""binding_structs"", ""_symbol"": ""alt_instr__bindgen_ty_1__bindgen_ty_1"", ""align"": null, ""c_type"": ""alt_instr__bindgen_ty_1__bindgen_ty_1"", ""fields"": ""[{\""name\"": \""_bitfield_align_1\"", \""type\"": \""[u16; 0]\""}, {\""name\"": \""_bitfield_1\"", \""type\"": \""__BindgenBitfieldUnit<[u8; 4usize]>\""}]"", ""line"": 17957, ""rust_type"": ""alt_instr__bindgen_ty_1__bindgen_ty_1"", ""size"": null, ""source_file"": "".binddrift/build/HEAD_6d35786de281/rust/bindings/bindings_generated.rs"", ""version_id"": ""HEAD_6d35786de281""}",CORRECT,independent precision review of extracted fact source context; rank/score/ranker blinded,CORRECT,independent precision review of extracted fact source context; rank/score/ranker blinded,CORRECT,adjudicated precision sample from extractor output; separate from recall gold labels,
generated-binding-0259,generated_binding_facts,generated_bindings,HEAD_6d35786de281,.binddrift/build/HEAD_6d35786de281/rust/bindings/bindings_generated.rs,18113,callthunk_sites,"{""_source_table"": ""binding_structs"", ""_symbol"": ""callthunk_sites"", ""align"": null, ""c_type"": ""callthunk_sites"", ""fields"": ""[{\""name\"": \""call_start\"", \""type\"": \""*mut s32\""}, {\""name\"": \""call_end\"", \""type\"": \""*mut s32\""}]"", ""line"": 18113, ""rust_type"": ""callthunk_sites"", ""size"": null, ""source_file"": "".binddrift/build/HEAD_6d35786de281/rust/bindings/bindings_generated.rs"", ""version_id"": ""HEAD_6d35786de281""}",CORRECT,independent precision review of extracted fact source context; rank/score/ranker blinded,CORRECT,independent precision review of extracted fact source context; rank/score/ranker blinded,CORRECT,adjudicated precision sample from extractor output; separate from recall gold labels,
generated-binding-0260,generated_binding_facts,generated_bindings,HEAD_6d35786de281,.binddrift/build/HEAD_6d35786de281/rust/bindings/bindings_generated.rs,18115,callthunk_sites,"{""_source_table"": ""binding_structs"", ""_symbol"": ""callthunk_sites"", ""align"": null, ""c_type"": ""callthunk_sites"", ""fields"": ""[{\""name\"": \""call_start\"", \""type\"": \""*mut s32\""}, {\""name\"": \""call_end\"", \""type\"": \""*mut s32\""}]"", ""line"": 18115, ""rust_type"": ""callthunk_sites"", ""size"": null, ""source_file"": "".binddrift/build/HEAD_6d35786de281/rust/bindings/bindings_generated.rs"", ""version_id"": ""HEAD_6d35786de281""}",CORRECT,independent precision review of extracted fact source context; rank/score/ranker blinded,CORRECT,independent precision review of extracted fact source context; rank/score/ranker blinded,CORRECT,adjudicated precision sample from extractor output; separate from recall gold labels,
generated-binding-0261,generated_binding_facts,generated_bindings,HEAD_6d35786de281,.binddrift/build/HEAD_6d35786de281/rust/bindings/bindings_generated.rs,18223,sysinfo,"{""_source_table"": ""binding_structs"", ""_symbol"": ""sysinfo"", ""align"": null, ""c_type"": ""sysinfo"", ""fields"": ""[{\""name\"": \""uptime\"", \""type\"": \""__kernel_long_t\""}, {\""name\"": \""loads\"", \""type\"": \""[__kernel_ulong_t; 3usize]\""}, {\""name\"": \""totalram\"", \""type\"": \""__kernel_ulong_t\""}, {\""name\"": \""freeram\"", \""type\"": \""__kernel_ulong_t\""}, {\""name\"": \""sharedram\"", \""type\"": \""__kernel_ulong_t\""}, {\""name\"": \""bufferram\"", \""type\"": \""__kernel_ulong_t\""}, {\""name\"": \""totalswap\"", \""type\"": \""__kernel_ulong_t\""}, {\""name\"": \""freeswap\"", \""type\"": \""__kernel_ulong_t\""}, {\""name\"": \""procs\"", \""type\"": \""__u16\""}, {\""name\"": \""pad\"", \""type\"": \""__u16\""}, {\""name\"": \""totalhigh\"", \""type\"": \""__kernel_ulong_t\""}, {\""name\"": \""freehigh\"", \""type\"": \""__kernel_ulong_t\""}, {\""name\"": \""mem_unit\"", \""type\"": \""__u32\""}, {\""name\"": \""_f\"", \""type\"": \""__IncompleteArrayField<ffi::c_char>\""}]"", ""line"": 18223, ""rust_type"": ""sysinfo"", ""size"": null, ""source_file"": "".binddrift/build/HEAD_6d35786de281/rust/bindings/bindings_generated.rs"", ""version_id"": ""HEAD_6d35786de281""}",CORRECT,independent precision review of extracted fact source context; rank/score/ranker blinded,CORRECT,independent precision review of extracted fact source context; rank/score/ranker blinded,CORRECT,adjudicated precision sample from extractor output; separate from recall gold labels,
generated-binding-0262,generated_binding_facts,generated_bindings,HEAD_6d35786de281,.binddrift/build/HEAD_6d35786de281/rust/bindings/bindings_generated.rs,18225,sysinfo,"{""_source_table"": ""binding_structs"", ""_symbol"": ""sysinfo"", ""align"": null, ""c_type"": ""sysinfo"", ""fields"": ""[{\""name\"": \""uptime\"", \""type\"": \""__kernel_long_t\""}, {\""name\"": \""loads\"", \""type\"": \""[__kernel_ulong_t; 3usize]\""}, {\""name\"": \""totalram\"", \""type\"": \""__kernel_ulong_t\""}, {\""name\"": \""freeram\"", \""type\"": \""__kernel_ulong_t\""}, {\""name\"": \""sharedram\"", \""type\"": \""__kernel_ulong_t\""}, {\""name\"": \""bufferram\"", \""type\"": \""__kernel_ulong_t\""}, {\""name\"": \""totalswap\"", \""type\"": \""__kernel_ulong_t\""}, {\""name\"": \""freeswap\"", \""type\"": \""__kernel_ulong_t\""}, {\""name\"": \""procs\"", \""type\"": \""__u16\""}, {\""name\"": \""pad\"", \""type\"": \""__u16\""}, {\""name\"": \""totalhigh\"", \""type\"": \""__kernel_ulong_t\""}, {\""name\"": \""freehigh\"", \""type\"": \""__kernel_ulong_t\""}, {\""name\"": \""mem_unit\"", \""type\"": \""__u32\""}, {\""name\"": \""_f\"", \""type\"": \""__IncompleteArrayField<ffi::c_char>\""}]"", ""line"": 18225, ""rust_type"": ""sysinfo"", ""size"": null, ""source_file"": "".binddrift/build/HEAD_6d35786de281/rust/bindings/bindings_generated.rs"", ""version_id"": ""HEAD_6d35786de281""}",CORRECT,independent precision review of extracted fact source context; rank/score/ranker blinded,CORRECT,independent precision review of extracted fact source context; rank/score/ranker blinded,CORRECT,adjudicated precision sample from extractor output; separate from recall gold labels,
generated-binding-0263,generated_binding_facts,generated_bindings,HEAD_6d35786de281,.binddrift/build/HEAD_6d35786de281/rust/bindings/bindings_generated.rs,18242,cacheline_padding,"{""_source_table"": ""binding_structs"", ""_symbol"": ""cacheline_padding"", ""align"": null, ""c_type"": ""cacheline_padding"", ""fields"": ""[{\""name\"": \""x\"", \""type\"": \""__IncompleteArrayField<ffi::c_char>\""}]"", ""line"": 18242, ""rust_type"": ""cacheline_padding"", ""size"": null, ""source_file"": "".binddrift/build/HEAD_6d35786de281/rust/bindings/bindings_generated.rs"", ""version_id"": ""HEAD_6d35786de281""}",CORRECT,independent precision review of extracted fact source context; rank/score/ranker blinded,CORRECT,independent precision review of extracted fact source context; rank/score/ranker blinded,CORRECT,adjudicated precision sample from extractor output; separate from recall gold labels,
generated-binding-0264,generated_binding_facts,generated_bindings,HEAD_6d35786de281,.binddrift/build/HEAD_6d35786de281/rust/bindings/bindings_generated.rs,18244,cacheline_padding,"{""_source_table"": ""binding_structs"", ""_symbol"": ""cacheline_padding"", ""align"": null, ""c_type"": ""cacheline_padding"", ""fields"": ""[{\""name\"": \""x\"", \""type\"": \""__IncompleteArrayField<ffi::c_char>\""}]"", ""line"": 18244, ""rust_type"": ""cacheline_padding"", ""size"": null, ""source_file"": "".binddrift/build/HEAD_6d35786de281/rust/bindings/bindings_generated.rs"", ""version_id"": ""HEAD_6d35786de281""}",CORRECT,independent precision review of extracted fact source context; rank/score/ranker blinded,CORRECT,independent precision review of extracted fact source context; rank/score/ranker blinded,CORRECT,adjudicated precision sample from extractor output; separate from recall gold labels,
generated-binding-0265,generated_binding_facts,generated_bindings,HEAD_6d35786de281,.binddrift/build/HEAD_6d35786de281/rust/bindings/bindings_generated.rs,18324,class_preempt_t,"{""_source_table"": ""binding_structs"", ""_symbol"": ""class_preempt_t"", ""align"": null, ""c_type"": ""class_preempt_t"", ""fields"": ""[{\""name\"": \""lock\"", \""type\"": \""*mut ffi::c_void\""}]"", ""line"": 18324, ""rust_type"": ""class_preempt_t"", ""size"": null, ""source_file"": "".binddrift/build/HEAD_6d35786de281/rust/bindings/bindings_generated.rs"", ""version_id"": ""HEAD_6d35786de281""}",CORRECT,independent precision review of extracted fact source context; rank/score/ranker blinded,CORRECT,independent precision review of extracted fact source context; rank/score/ranker blinded,CORRECT,adjudicated precision sample from extractor output; separate from recall gold labels,
generated-binding-0266,generated_binding_facts,generated_bindings,HEAD_6d35786de281,.binddrift/build/HEAD_6d35786de281/rust/bindings/bindings_generated.rs,18326,class_preempt_t,"{""_source_table"": ""binding_structs"", ""_symbol"": ""class_preempt_t"", ""align"": null, ""c_type"": ""class_preempt_t"", ""fields"": ""[{\""name\"": \""lock\"", \""type\"": \""*mut ffi::c_void\""}]"", ""line"": 18326, ""rust_type"": ""class_preempt_t"", ""size"": null, ""source_file"": "".binddrift/build/HEAD_6d35786de281/rust/bindings/bindings_generated.rs"", ""version_id"": ""HEAD_6d35786de281""}",CORRECT,independent precision review of extracted fact source context; rank/score/ranker blinded,CORRECT,independent precision review of extracted fact source context; rank/score/ranker blinded,CORRECT,adjudicated precision sample from extractor output; separate from recall gold labels,
generated-binding-0267,generated_binding_facts,generated_bindings,HEAD_6d35786de281,.binddrift/build/HEAD_6d35786de281/rust/bindings/bindings_generated.rs,18340,class_preempt_notrace_t,"{""_source_table"": ""binding_structs"", ""_symbol"": ""class_preempt_notrace_t"", ""align"": null, ""c_type"": ""class_preempt_notrace_t"", ""fields"": ""[{\""name\"": \""lock\"", \""type\"": \""*mut ffi::c_void\""}]"", ""line"": 18340, ""rust_type"": ""class_preempt_notrace_t"", ""size"": null, ""source_file"": "".binddrift/build/HEAD_6d35786de281/rust/bindings/bindings_generated.rs"", ""version_id"": ""HEAD_6d35786de281""}",CORRECT,independent precision review of extracted fact source context; rank/score/ranker blinded,CORRECT,independent precision review of extracted fact source context; rank/score/ranker blinded,CORRECT,adjudicated precision sample from extractor output; separate from recall gold labels,
generated-binding-0268,generated_binding_facts,generated_bindings,HEAD_6d35786de281,.binddrift/build/HEAD_6d35786de281/rust/bindings/bindings_generated.rs,18342,class_preempt_notrace_t,"{""_source_table"": ""binding_structs"", ""_symbol"": ""class_preempt_notrace_t"", ""align"": null, ""c_type"": ""class_preempt_notrace_t"", ""fields"": ""[{\""name\"": \""lock\"", \""type\"": \""*mut ffi::c_void\""}]"", ""line"": 18342, ""rust_type"": ""class_preempt_notrace_t"", ""size"": null, ""source_file"": "".binddrift/build/HEAD_6d35786de281/rust/bindings/bindings_generated.rs"", ""version_id"": ""HEAD_6d35786de281""}",CORRECT,independent precision review of extracted fact source context; rank/score/ranker blinded,CORRECT,independent precision review of extracted fact source context; rank/score/ranker blinded,CORRECT,adjudicated precision sample from extractor output; separate from recall gold labels,
generated-binding-0269,generated_binding_facts,generated_bindings,HEAD_6d35786de281,.binddrift/build/HEAD_6d35786de281/rust/bindings/bindings_generated.rs,18379,boot_params,"{""_source_table"": ""binding_structs"", ""_symbol"": ""boot_params"", ""align"": null, ""c_type"": ""boot_params"", ""fields"": ""[]"", ""line"": 18379, ""rust_type"": ""boot_params"", ""size"": null, ""source_file"": "".binddrift/build/HEAD_6d35786de281/rust/bindings/bindings_generated.rs"", ""version_id"": ""HEAD_6d35786de281""}",CORRECT,independent precision review of extracted fact source context; rank/score/ranker blinded,CORRECT,independent precision review of extracted fact source context; rank/score/ranker blinded,CORRECT,adjudicated precision sample from extractor output; separate from recall gold labels,
generated-binding-0270,generated_binding_facts,generated_bindings,HEAD_6d35786de281,.binddrift/build/HEAD_6d35786de281/rust/bindings/bindings_generated.rs,18381,boot_params,"{""_source_table"": ""binding_structs"", ""_symbol"": ""boot_params"", ""align"": null, ""c_type"": ""boot_params"", ""fields"": ""[]"", ""line"": 18381, ""rust_type"": ""boot_params"", ""size"": null, ""source_file"": "".binddrift/build/HEAD_6d35786de281/rust/bindings/bindings_generated.rs"", ""version_id"": ""HEAD_6d35786de281""}",CORRECT,independent precision review of extracted fact source context; rank/score/ranker blinded,CORRECT,independent precision review of extracted fact source context; rank/score/ranker blinded,CORRECT,adjudicated precision sample from extractor output; separate from recall gold labels,
generated-binding-0271,generated_binding_facts,generated_bindings,HEAD_6d35786de281,.binddrift/build/HEAD_6d35786de281/rust/bindings/bindings_generated.rs,18399,static_key,"{""_source_table"": ""binding_structs"", ""_symbol"": ""static_key"", ""align"": null, ""c_type"": ""static_key"", ""fields"": ""[{\""name\"": \""enabled\"", \""type\"": \""atomic_t\""}, {\""name\"": \""__bindgen_anon_1\"", \""type\"": \""static_key__bindgen_ty_1\""}]"", ""line"": 18399, ""rust_type"": ""static_key"", ""size"": null, ""source_file"": "".binddrift/build/HEAD_6d35786de281/rust/bindings/bindings_generated.rs"", ""version_id"": ""HEAD_6d35786de281""}",CORRECT,independent precision review of extracted fact source context; rank/score/ranker blinded,CORRECT,independent precision review of extracted fact source context; rank/score/ranker blinded,CORRECT,adjudicated precision sample from extractor output; separate from recall gold labels,
generated-binding-0272,generated_binding_facts,generated_bindings,HEAD_6d35786de281,.binddrift/build/HEAD_6d35786de281/rust/bindings/bindings_generated.rs,18401,static_key,"{""_source_table"": ""binding_structs"", ""_symbol"": ""static_key"", ""align"": null, ""c_type"": ""static_key"", ""fields"": ""[{\""name\"": \""enabled\"", \""type\"": \""atomic_t\""}, {\""name\"": \""__bindgen_anon_1\"", \""type\"": \""static_key__bindgen_ty_1\""}]"", ""line"": 18401, ""rust_type"": ""static_key"", ""size"": null, ""source_file"": "".binddrift/build/HEAD_6d35786de281/rust/bindings/bindings_generated.rs"", ""version_id"": ""HEAD_6d35786de281""}",CORRECT,independent precision review of extracted fact source context; rank/score/ranker blinded,CORRECT,independent precision review of extracted fact source context; rank/score/ranker blinded,CORRECT,adjudicated precision sample from extractor output; separate from recall gold labels,
generated-binding-0273,generated_binding_facts,generated_bindings,HEAD_6d35786de281,.binddrift/build/HEAD_6d35786de281/rust/bindings/bindings_generated.rs,18433,jump_entry,"{""_source_table"": ""binding_structs"", ""_symbol"": ""jump_entry"", ""align"": null, ""c_type"": ""jump_entry"", ""fields"": ""[{\""name\"": \""code\"", \""type\"": \""s32\""}, {\""name\"": \""target\"", \""type\"": \""s32\""}, {\""name\"": \""key\"", \""type\"": \""ffi::c_long\""}]"", ""line"": 18433, ""rust_type"": ""jump_entry"", ""size"": null, ""source_file"": "".binddrift/build/HEAD_6d35786de281/rust/bindings/bindings_generated.rs"", ""version_id"": ""HEAD_6d35786de281""}",CORRECT,independent precision review of extracted fact source context; rank/score/ranker blinded,CORRECT,independent precision review of extracted fact source context; rank/score/ranker blinded,CORRECT,adjudicated precision sample from extractor output; separate from recall gold labels,
generated-binding-0274,generated_binding_facts,generated_bindings,HEAD_6d35786de281,.binddrift/build/HEAD_6d35786de281/rust/bindings/bindings_generated.rs,18435,jump_entry,"{""_source_table"": ""binding_structs"", ""_symbol"": ""jump_entry"", ""align"": null, ""c_type"": ""jump_entry"", ""fields"": ""[{\""name\"": \""code\"", \""type\"": \""s32\""}, {\""name\"": \""target\"", \""type\"": \""s32\""}, {\""name\"": \""key\"", \""type\"": \""ffi::c_long\""}]"", ""line"": 18435, ""rust_type"": ""jump_entry"", ""size"": null, ""source_file"": "".binddrift/build/HEAD_6d35786de281/rust/bindings/bindings_generated.rs"", ""version_id"": ""HEAD_6d35786de281""}",CORRECT,independent precision review of extracted fact source context; rank/score/ranker blinded,CORRECT,independent precision review of extracted fact source context; rank/score/ranker blinded,CORRECT,adjudicated precision sample from extractor output; separate from recall gold labels,
generated-binding-0275,generated_binding_facts,generated_bindings,HEAD_6d35786de281,.binddrift/build/HEAD_6d35786de281/rust/bindings/bindings_generated.rs,18509,class_jump_label_lock_t,"{""_source_table"": ""binding_structs"", ""_symbol"": ""class_jump_label_lock_t"", ""align"": null, ""c_type"": ""class_jump_label_lock_t"", ""fields"": ""[{\""name\"": \""lock\"", \""type\"": \""*mut ffi::c_void\""}]"", ""line"": 18509, ""rust_type"": ""class_jump_label_lock_t"", ""size"": null, ""source_file"": "".binddrift/build/HEAD_6d35786de281/rust/bindings/bindings_generated.rs"", ""version_id"": ""HEAD_6d35786de281""}",CORRECT,independent precision review of extracted fact source context; rank/score/ranker blinded,CORRECT,independent precision review of extracted fact source context; rank/score/ranker blinded,CORRECT,adjudicated precision sample from extractor output; separate from recall gold labels,
generated-binding-0276,generated_binding_facts,generated_bindings,HEAD_6d35786de281,.binddrift/build/HEAD_6d35786de281/rust/bindings/bindings_generated.rs,18511,class_jump_label_lock_t,"{""_source_table"": ""binding_structs"", ""_symbol"": ""class_jump_label_lock_t"", ""align"": null, ""c_type"": ""class_jump_label_lock_t"", ""fields"": ""[{\""name\"": \""lock\"", \""type\"": \""*mut ffi::c_void\""}]"", ""line"": 18511, ""rust_type"": ""class_jump_label_lock_t"", ""size"": null, ""source_file"": "".binddrift/build/HEAD_6d35786de281/rust/bindings/bindings_generated.rs"", ""version_id"": ""HEAD_6d35786de281""}",CORRECT,independent precision review of extracted fact source context; rank/score/ranker blinded,CORRECT,independent precision review of extracted fact source context; rank/score/ranker blinded,CORRECT,adjudicated precision sample from extractor output; separate from recall gold labels,
generated-binding-0277,generated_binding_facts,generated_bindings,HEAD_6d35786de281,.binddrift/build/HEAD_6d35786de281/rust/bindings/bindings_generated.rs,18523,static_key_true,"{""_source_table"": ""binding_structs"", ""_symbol"": ""static_key_true"", ""align"": null, ""c_type"": ""static_key_true"", ""fields"": ""[{\""name\"": \""key\"", \""type\"": \""static_key\""}]"", ""line"": 18523, ""rust_type"": ""static_key_true"", ""size"": null, ""source_file"": "".binddrift/build/HEAD_6d35786de281/rust/bindings/bindings_generated.rs"", ""version_id"": ""HEAD_6d35786de281""}",CORRECT,independent precision review of extracted fact source context; rank/score/ranker blinded,CORRECT,independent precision review of extracted fact source context; rank/score/ranker blinded,CORRECT,adjudicated precision sample from extractor output; separate from recall gold labels,
generated-binding-0278,generated_binding_facts,generated_bindings,HEAD_6d35786de281,.binddrift/build/HEAD_6d35786de281/rust/bindings/bindings_generated.rs,18525,static_key_true,"{""_source_table"": ""binding_structs"", ""_symbol"": ""static_key_true"", ""align"": null, ""c_type"": ""static_key_true"", ""fields"": ""[{\""name\"": \""key\"", \""type\"": \""static_key\""}]"", ""line"": 18525, ""rust_type"": ""static_key_true"", ""size"": null, ""source_file"": "".binddrift/build/HEAD_6d35786de281/rust/bindings/bindings_generated.rs"", ""version_id"": ""HEAD_6d35786de281""}",CORRECT,independent precision review of extracted fact source context; rank/score/ranker blinded,CORRECT,independent precision review of extracted fact source context; rank/score/ranker blinded,CORRECT,adjudicated precision sample from extractor output; separate from recall gold labels,
generated-binding-0279,generated_binding_facts,generated_bindings,HEAD_6d35786de281,.binddrift/build/HEAD_6d35786de281/rust/bindings/bindings_generated.rs,18537,static_key_false,"{""_source_table"": ""binding_structs"", ""_symbol"": ""static_key_false"", ""align"": null, ""c_type"": ""static_key_false"", ""fields"": ""[{\""name\"": \""key\"", \""type\"": \""static_key\""}]"", ""line"": 18537, ""rust_type"": ""static_key_false"", ""size"": null, ""source_file"": "".binddrift/build/HEAD_6d35786de281/rust/bindings/bindings_generated.rs"", ""version_id"": ""HEAD_6d35786de281""}",CORRECT,independent precision review of extracted fact source context; rank/score/ranker blinded,CORRECT,independent precision review of extracted fact source context; rank/score/ranker blinded,CORRECT,adjudicated precision sample from extractor output; separate from recall gold labels,
generated-binding-0280,generated_binding_facts,generated_bindings,HEAD_6d35786de281,.binddrift/build/HEAD_6d35786de281/rust/bindings/bindings_generated.rs,18539,static_key_false,"{""_source_table"": ""binding_structs"", ""_symbol"": ""static_key_false"", ""align"": null, ""c_type"": ""static_key_false"", ""fields"": ""[{\""name\"": \""key\"", \""type\"": \""static_key\""}]"", ""line"": 18539, ""rust_type"": ""static_key_false"", ""size"": null, ""source_file"": "".binddrift/build/HEAD_6d35786de281/rust/bindings/bindings_generated.rs"", ""version_id"": ""HEAD_6d35786de281""}",CORRECT,independent precision review of extracted fact source context; rank/score/ranker blinded,CORRECT,independent precision review of extracted fact source context; rank/score/ranker blinded,CORRECT,adjudicated precision sample from extractor output; separate from recall gold labels,
generated-binding-0281,generated_binding_facts,generated_bindings,HEAD_6d35786de281,.binddrift/build/HEAD_6d35786de281/rust/bindings/bindings_generated.rs,18554,orc_entry,"{""_source_table"": ""binding_structs"", ""_symbol"": ""orc_entry"", ""align"": null, ""c_type"": ""orc_entry"", ""fields"": ""[{\""name\"": \""sp_offset\"", \""type\"": \""s16\""}, {\""name\"": \""bp_offset\"", \""type\"": \""s16\""}, {\""name\"": \""_bitfield_align_1\"", \""type\"": \""[u8; 0]\""}, {\""name\"": \""_bitfield_1\"", \""type\"": \""__BindgenBitfieldUnit<[u8; 2usize]>\""}]"", ""line"": 18554, ""rust_type"": ""orc_entry"", ""size"": null, ""source_file"": "".binddrift/build/HEAD_6d35786de281/rust/bindings/bindings_generated.rs"", ""version_id"": ""HEAD_6d35786de281""}",CORRECT,independent precision review of extracted fact source context; rank/score/ranker blinded,CORRECT,independent precision review of extracted fact source context; rank/score/ranker blinded,CORRECT,adjudicated precision sample from extractor output; separate from recall gold labels,
generated-binding-0282,generated_binding_facts,generated_bindings,HEAD_6d35786de281,.binddrift/build/HEAD_6d35786de281/rust/bindings/bindings_generated.rs,18556,orc_entry,"{""_source_table"": ""binding_structs"", ""_symbol"": ""orc_entry"", ""align"": null, ""c_type"": ""orc_entry"", ""fields"": ""[{\""name\"": \""sp_offset\"", \""type\"": \""s16\""}, {\""name\"": \""bp_offset\"", \""type\"": \""s16\""}, {\""name\"": \""_bitfield_align_1\"", \""type\"": \""[u8; 0]\""}, {\""name\"": \""_bitfield_1\"", \""type\"": \""__BindgenBitfieldUnit<[u8; 2usize]>\""}]"", ""line"": 18556, ""rust_type"": ""orc_entry"", ""size"": null, ""source_file"": "".binddrift/build/HEAD_6d35786de281/rust/bindings/bindings_generated.rs"", ""version_id"": ""HEAD_6d35786de281""}",CORRECT,independent precision review of extracted fact source context; rank/score/ranker blinded,CORRECT,independent precision review of extracted fact source context; rank/score/ranker blinded,CORRECT,adjudicated precision sample from extractor output; separate from recall gold labels,
generated-binding-0283,generated_binding_facts,generated_bindings,HEAD_6d35786de281,.binddrift/build/HEAD_6d35786de281/rust/bindings/bindings_generated.rs,18982,paravirt_callee_save,"{""_source_table"": ""binding_structs"", ""_symbol"": ""paravirt_callee_save"", ""align"": null, ""c_type"": ""paravirt_callee_save"", ""fields"": ""[{\""name\"": \""func\"", \""type\"": \""*mut ffi::c_void\""}]"", ""line"": 18982, ""rust_type"": ""paravirt_callee_save"", ""size"": null, ""source_file"": "".binddrift/build/HEAD_6d35786de281/rust/bindings/bindings_generated.rs"", ""version_id"": ""HEAD_6d35786de281""}",CORRECT,independent precision review of extracted fact source context; rank/score/ranker blinded,CORRECT,independent precision review of extracted fact source context; rank/score/ranker blinded,CORRECT,adjudicated precision sample from extractor output; separate from recall gold labels,
generated-binding-0284,generated_binding_facts,generated_bindings,HEAD_6d35786de281,.binddrift/build/HEAD_6d35786de281/rust/bindings/bindings_generated.rs,18984,paravirt_callee_save,"{""_source_table"": ""binding_structs"", ""_symbol"": ""paravirt_callee_save"", ""align"": null, ""c_type"": ""paravirt_callee_save"", ""fields"": ""[{\""name\"": \""func\"", \""type\"": \""*mut ffi::c_void\""}]"", ""line"": 18984, ""rust_type"": ""paravirt_callee_save"", ""size"": null, ""source_file"": "".binddrift/build/HEAD_6d35786de281/rust/bindings/bindings_generated.rs"", ""version_id"": ""HEAD_6d35786de281""}",CORRECT,independent precision review of extracted fact source context; rank/score/ranker blinded,CORRECT,independent precision review of extracted fact source context; rank/score/ranker blinded,CORRECT,adjudicated precision sample from extractor output; separate from recall gold labels,
generated-binding-0285,generated_binding_facts,generated_bindings,HEAD_6d35786de281,.binddrift/build/HEAD_6d35786de281/rust/bindings/bindings_generated.rs,18996,pv_info,"{""_source_table"": ""binding_structs"", ""_symbol"": ""pv_info"", ""align"": null, ""c_type"": ""pv_info"", ""fields"": ""[{\""name\"": \""io_delay\"", \""type\"": \""bool_\""}, {\""name\"": \""name\"", \""type\"": \""*const ffi::c_char\""}]"", ""line"": 18996, ""rust_type"": ""pv_info"", ""size"": null, ""source_file"": "".binddrift/build/HEAD_6d35786de281/rust/bindings/bindings_generated.rs"", ""version_id"": ""HEAD_6d35786de281""}",CORRECT,independent precision review of extracted fact source context; rank/score/ranker blinded,CORRECT,independent precision review of extracted fact source context; rank/score/ranker blinded,CORRECT,adjudicated precision sample from extractor output; separate from recall gold labels,
generated-binding-0286,generated_binding_facts,generated_bindings,HEAD_6d35786de281,.binddrift/build/HEAD_6d35786de281/rust/bindings/bindings_generated.rs,18998,pv_info,"{""_source_table"": ""binding_structs"", ""_symbol"": ""pv_info"", ""align"": null, ""c_type"": ""pv_info"", ""fields"": ""[{\""name\"": \""io_delay\"", \""type\"": \""bool_\""}, {\""name\"": \""name\"", \""type\"": \""*const ffi::c_char\""}]"", ""line"": 18998, ""rust_type"": ""pv_info"", ""size"": null, ""source_file"": "".binddrift/build/HEAD_6d35786de281/rust/bindings/bindings_generated.rs"", ""version_id"": ""HEAD_6d35786de281""}",CORRECT,independent precision review of extracted fact source context; rank/score/ranker blinded,CORRECT,independent precision review of extracted fact source context; rank/score/ranker blinded,CORRECT,adjudicated precision sample from extractor output; separate from recall gold labels,
generated-binding-0287,generated_binding_facts,generated_bindings,HEAD_6d35786de281,.binddrift/build/HEAD_6d35786de281/rust/bindings/bindings_generated.rs,19021,desc_struct,"{""_source_table"": ""binding_structs"", ""_symbol"": ""desc_struct"", ""align"": null, ""c_type"": ""desc_struct"", ""fields"": ""[{\""name\"": \""_bindgen_opaque_blob\"", \""type\"": \""[u8; 8usize]\""}]"", ""line"": 19021, ""rust_type"": ""desc_struct"", ""size"": null, ""source_file"": "".binddrift/build/HEAD_6d35786de281/rust/bindings/bindings_generated.rs"", ""version_id"": ""HEAD_6d35786de281""}",CORRECT,independent precision review of extracted fact source context; rank/score/ranker blinded,CORRECT,independent precision review of extracted fact source context; rank/score/ranker blinded,CORRECT,adjudicated precision sample from extractor output; separate from recall gold labels,
generated-binding-0288,generated_binding_facts,generated_bindings,HEAD_6d35786de281,.binddrift/build/HEAD_6d35786de281/rust/bindings/bindings_generated.rs,19023,desc_struct,"{""_source_table"": ""binding_structs"", ""_symbol"": ""desc_struct"", ""align"": null, ""c_type"": ""desc_struct"", ""fields"": ""[{\""name\"": \""_bindgen_opaque_blob\"", \""type\"": \""[u8; 8usize]\""}]"", ""line"": 19023, ""rust_type"": ""desc_struct"", ""size"": null, ""source_file"": "".binddrift/build/HEAD_6d35786de281/rust/bindings/bindings_generated.rs"", ""version_id"": ""HEAD_6d35786de281""}",CORRECT,independent precision review of extracted fact source context; rank/score/ranker blinded,CORRECT,independent precision review of extracted fact source context; rank/score/ranker blinded,CORRECT,adjudicated precision sample from extractor output; separate from recall gold labels,
generated-binding-0289,generated_binding_facts,generated_bindings,HEAD_6d35786de281,.binddrift/build/HEAD_6d35786de281/rust/bindings/bindings_generated.rs,19035,ldttss_desc,"{""_source_table"": ""binding_structs"", ""_symbol"": ""ldttss_desc"", ""align"": null, ""c_type"": ""ldttss_desc"", ""fields"": ""[{\""name\"": \""limit0\"", \""type\"": \""u16_\""}, {\""name\"": \""base0\"", \""type\"": \""u16_\""}, {\""name\"": \""_bitfield_align_1\"", \""type\"": \""[u8; 0]\""}, {\""name\"": \""_bitfield_1\"", \""type\"": \""__BindgenBitfieldUnit<[u8; 4usize]>\""}, {\""name\"": \""base3\"", \""type\"": \""u32_\""}, {\""name\"": \""zero1\"", \""type\"": \""u32_\""}]"", ""line"": 19035, ""rust_type"": ""ldttss_desc"", ""size"": null, ""source_file"": "".binddrift/build/HEAD_6d35786de281/rust/bindings/bindings_generated.rs"", ""version_id"": ""HEAD_6d35786de281""}",CORRECT,independent precision review of extracted fact source context; rank/score/ranker blinded,CORRECT,independent precision review of extracted fact source context; rank/score/ranker blinded,CORRECT,adjudicated precision sample from extractor output; separate from recall gold labels,
generated-binding-0290,generated_binding_facts,generated_bindings,HEAD_6d35786de281,.binddrift/build/HEAD_6d35786de281/rust/bindings/bindings_generated.rs,19037,ldttss_desc,"{""_source_table"": ""binding_structs"", ""_symbol"": ""ldttss_desc"", ""align"": null, ""c_type"": ""ldttss_desc"", ""fields"": ""[{\""name\"": \""limit0\"", \""type\"": \""u16_\""}, {\""name\"": \""base0\"", \""type\"": \""u16_\""}, {\""name\"": \""_bitfield_align_1\"", \""type\"": \""[u8; 0]\""}, {\""name\"": \""_bitfield_1\"", \""type\"": \""__BindgenBitfieldUnit<[u8; 4usize]>\""}, {\""name\"": \""base3\"", \""type\"": \""u32_\""}, {\""name\"": \""zero1\"", \""type\"": \""u32_\""}]"", ""line"": 19037, ""rust_type"": ""ldttss_desc"", ""size"": null, ""source_file"": "".binddrift/build/HEAD_6d35786de281/rust/bindings/bindings_generated.rs"", ""version_id"": ""HEAD_6d35786de281""}",CORRECT,independent precision review of extracted fact source context; rank/score/ranker blinded,CORRECT,independent precision review of extracted fact source context; rank/score/ranker blinded,CORRECT,adjudicated precision sample from extractor output; separate from recall gold labels,
generated-binding-0291,generated_binding_facts,generated_bindings,HEAD_6d35786de281,.binddrift/build/HEAD_6d35786de281/rust/bindings/bindings_generated.rs,19359,idt_bits,"{""_source_table"": ""binding_structs"", ""_symbol"": ""idt_bits"", ""align"": null, ""c_type"": ""idt_bits"", ""fields"": ""[{\""name\"": \""_bitfield_align_1\"", \""type\"": \""[u8; 0]\""}, {\""name\"": \""_bitfield_1\"", \""type\"": \""__BindgenBitfieldUnit<[u8; 2usize]>\""}]"", ""line"": 19359, ""rust_type"": ""idt_bits"", ""size"": null, ""source_file"": "".binddrift/build/HEAD_6d35786de281/rust/bindings/bindings_generated.rs"", ""version_id"": ""HEAD_6d35786de281""}",CORRECT,independent precision review of extracted fact source context; rank/score/ranker blinded,CORRECT,independent precision review of extracted fact source context; rank/score/ranker blinded,CORRECT,adjudicated precision sample from extractor output; separate from recall gold labels,
generated-binding-0292,generated_binding_facts,generated_bindings,HEAD_6d35786de281,.binddrift/build/HEAD_6d35786de281/rust/bindings/bindings_generated.rs,19361,idt_bits,"{""_source_table"": ""binding_structs"", ""_symbol"": ""idt_bits"", ""align"": null, ""c_type"": ""idt_bits"", ""fields"": ""[{\""name\"": \""_bitfield_align_1\"", \""type\"": \""[u8; 0]\""}, {\""name\"": \""_bitfield_1\"", \""type\"": \""__BindgenBitfieldUnit<[u8; 2usize]>\""}]"", ""line"": 19361, ""rust_type"": ""idt_bits"", ""size"": null, ""source_file"": "".binddrift/build/HEAD_6d35786de281/rust/bindings/bindings_generated.rs"", ""version_id"": ""HEAD_6d35786de281""}",CORRECT,independent precision review of extracted fact source context; rank/score/ranker blinded,CORRECT,independent precision review of extracted fact source context; rank/score/ranker blinded,CORRECT,adjudicated precision sample from extractor output; separate from recall gold labels,
generated-binding-0293,generated_binding_facts,generated_bindings,HEAD_6d35786de281,.binddrift/build/HEAD_6d35786de281/rust/bindings/bindings_generated.rs,19563,idt_data,"{""_source_table"": ""binding_structs"", ""_symbol"": ""idt_data"", ""align"": null, ""c_type"": ""idt_data"", ""fields"": ""[{\""name\"": \""vector\"", \""type\"": \""ffi::c_uint\""}, {\""name\"": \""segment\"", \""type\"": \""ffi::c_uint\""}, {\""name\"": \""bits\"", \""type\"": \""idt_bits\""}, {\""name\"": \""addr\"", \""type\"": \""*const ffi::c_void\""}]"", ""line"": 19563, ""rust_type"": ""idt_data"", ""size"": null, ""source_file"": "".binddrift/build/HEAD_6d35786de281/rust/bindings/bindings_generated.rs"", ""version_id"": ""HEAD_6d35786de281""}",CORRECT,independent precision review of extracted fact source context; rank/score/ranker blinded,CORRECT,independent precision review of extracted fact source context; rank/score/ranker blinded,CORRECT,adjudicated precision sample from extractor output; separate from recall gold labels,
generated-binding-0294,generated_binding_facts,generated_bindings,HEAD_6d35786de281,.binddrift/build/HEAD_6d35786de281/rust/bindings/bindings_generated.rs,19565,idt_data,"{""_source_table"": ""binding_structs"", ""_symbol"": ""idt_data"", ""align"": null, ""c_type"": ""idt_data"", ""fields"": ""[{\""name\"": \""vector\"", \""type\"": \""ffi::c_uint\""}, {\""name\"": \""segment\"", \""type\"": \""ffi::c_uint\""}, {\""name\"": \""bits\"", \""type\"": \""idt_bits\""}, {\""name\"": \""addr\"", \""type\"": \""*const ffi::c_void\""}]"", ""line"": 19565, ""rust_type"": ""idt_data"", ""size"": null, ""source_file"": "".binddrift/build/HEAD_6d35786de281/rust/bindings/bindings_generated.rs"", ""version_id"": ""HEAD_6d35786de281""}",CORRECT,independent precision review of extracted fact source context; rank/score/ranker blinded,CORRECT,independent precision review of extracted fact source context; rank/score/ranker blinded,CORRECT,adjudicated precision sample from extractor output; separate from recall gold labels,
generated-binding-0295,generated_binding_facts,generated_bindings,HEAD_6d35786de281,.binddrift/build/HEAD_6d35786de281/rust/bindings/bindings_generated.rs,19580,gate_struct,"{""_source_table"": ""binding_structs"", ""_symbol"": ""gate_struct"", ""align"": null, ""c_type"": ""gate_struct"", ""fields"": ""[{\""name\"": \""offset_low\"", \""type\"": \""u16_\""}, {\""name\"": \""segment\"", \""type\"": \""u16_\""}, {\""name\"": \""bits\"", \""type\"": \""idt_bits\""}, {\""name\"": \""offset_middle\"", \""type\"": \""u16_\""}, {\""name\"": \""offset_high\"", \""type\"": \""u32_\""}, {\""name\"": \""reserved\"", \""type\"": \""u32_\""}]"", ""line"": 19580, ""rust_type"": ""gate_struct"", ""size"": null, ""source_file"": "".binddrift/build/HEAD_6d35786de281/rust/bindings/bindings_generated.rs"", ""version_id"": ""HEAD_6d35786de281""}",CORRECT,independent precision review of extracted fact source context; rank/score/ranker blinded,CORRECT,independent precision review of extracted fact source context; rank/score/ranker blinded,CORRECT,adjudicated precision sample from extractor output; separate from recall gold labels,
generated-binding-0296,generated_binding_facts,generated_bindings,HEAD_6d35786de281,.binddrift/build/HEAD_6d35786de281/rust/bindings/bindings_generated.rs,19582,gate_struct,"{""_source_table"": ""binding_structs"", ""_symbol"": ""gate_struct"", ""align"": null, ""c_type"": ""gate_struct"", ""fields"": ""[{\""name\"": \""offset_low\"", \""type\"": \""u16_\""}, {\""name\"": \""segment\"", \""type\"": \""u16_\""}, {\""name\"": \""bits\"", \""type\"": \""idt_bits\""}, {\""name\"": \""offset_middle\"", \""type\"": \""u16_\""}, {\""name\"": \""offset_high\"", \""type\"": \""u32_\""}, {\""name\"": \""reserved\"", \""type\"": \""u32_\""}]"", ""line"": 19582, ""rust_type"": ""gate_struct"", ""size"": null, ""source_file"": "".binddrift/build/HEAD_6d35786de281/rust/bindings/bindings_generated.rs"", ""version_id"": ""HEAD_6d35786de281""}",CORRECT,independent precision review of extracted fact source context; rank/score/ranker blinded,CORRECT,independent precision review of extracted fact source context; rank/score/ranker blinded,CORRECT,adjudicated precision sample from extractor output; separate from recall gold labels,
generated-binding-0297,generated_binding_facts,generated_bindings,HEAD_6d35786de281,.binddrift/build/HEAD_6d35786de281/rust/bindings/bindings_generated.rs,19591,desc_ptr,"{""_source_table"": ""binding_structs"", ""_symbol"": ""desc_ptr"", ""align"": null, ""c_type"": ""desc_ptr"", ""fields"": ""[{\""name\"": \""size\"", \""type\"": \""ffi::c_ushort\""}, {\""name\"": \""address\"", \""type\"": \""ffi::c_ulong\""}]"", ""line"": 19591, ""rust_type"": ""desc_ptr"", ""size"": null, ""source_file"": "".binddrift/build/HEAD_6d35786de281/rust/bindings/bindings_generated.rs"", ""version_id"": ""HEAD_6d35786de281""}",CORRECT,independent precision review of extracted fact source context; rank/score/ranker blinded,CORRECT,independent precision review of extracted fact source context; rank/score/ranker blinded,CORRECT,adjudicated precision sample from extractor output; separate from recall gold labels,
generated-binding-0298,generated_binding_facts,generated_bindings,HEAD_6d35786de281,.binddrift/build/HEAD_6d35786de281/rust/bindings/bindings_generated.rs,19593,desc_ptr,"{""_source_table"": ""binding_structs"", ""_symbol"": ""desc_ptr"", ""align"": null, ""c_type"": ""desc_ptr"", ""fields"": ""[{\""name\"": \""size\"", \""type\"": \""ffi::c_ushort\""}, {\""name\"": \""address\"", \""type\"": \""ffi::c_ulong\""}]"", ""line"": 19593, ""rust_type"": ""desc_ptr"", ""size"": null, ""source_file"": "".binddrift/build/HEAD_6d35786de281/rust/bindings/bindings_generated.rs"", ""version_id"": ""HEAD_6d35786de281""}",CORRECT,independent precision review of extracted fact source context; rank/score/ranker blinded,CORRECT,independent precision review of extracted fact source context; rank/score/ranker blinded,CORRECT,adjudicated precision sample from extractor output; separate from recall gold labels,
generated-binding-0299,generated_binding_facts,generated_bindings,HEAD_6d35786de281,.binddrift/build/HEAD_6d35786de281/rust/bindings/bindings_generated.rs,19635,pte_t,"{""_source_table"": ""binding_structs"", ""_symbol"": ""pte_t"", ""align"": null, ""c_type"": ""pte_t"", ""fields"": ""[{\""name\"": \""pte\"", \""type\"": \""pteval_t\""}]"", ""line"": 19635, ""rust_type"": ""pte_t"", ""size"": null, ""source_file"": "".binddrift/build/HEAD_6d35786de281/rust/bindings/bindings_generated.rs"", ""version_id"": ""HEAD_6d35786de281""}",CORRECT,independent precision review of extracted fact source context; rank/score/ranker blinded,CORRECT,independent precision review of extracted fact source context; rank/score/ranker blinded,CORRECT,adjudicated precision sample from extractor output; separate from recall gold labels,
generated-binding-0300,generated_binding_facts,generated_bindings,HEAD_6d35786de281,.binddrift/build/HEAD_6d35786de281/rust/bindings/bindings_generated.rs,19637,pte_t,"{""_source_table"": ""binding_structs"", ""_symbol"": ""pte_t"", ""align"": null, ""c_type"": ""pte_t"", ""fields"": ""[{\""name\"": \""pte\"", \""type\"": \""pteval_t\""}]"", ""line"": 19637, ""rust_type"": ""pte_t"", ""size"": null, ""source_file"": "".binddrift/build/HEAD_6d35786de281/rust/bindings/bindings_generated.rs"", ""version_id"": ""HEAD_6d35786de281""}",CORRECT,independent precision review of extracted fact source context; rank/score/ranker blinded,CORRECT,independent precision review of extracted fact source context; rank/score/ranker blinded,CORRECT,adjudicated precision sample from extractor output; separate from recall gold labels,
rust-safety-comment-0001,rust_safety_comments,rust_safety_comments,6d35786de281,vendor/linux/rust/kernel/acpi.rs,19,acpi_device_id,"{""line"": 19, ""nearby_api"": null, ""nearby_binding_symbol"": ""acpi_device_id"", ""rust_file"": ""vendor/linux/rust/kernel/acpi.rs"", ""text"": ""// SAFETY: `DeviceId` is a `#[repr(transparent)]` wrapper of `acpi_device_id` and does not add"", ""version_id"": ""6d35786de281""}",CORRECT,independent precision review of extracted fact source context; rank/score/ranker blinded,CORRECT,independent precision review of extracted fact source context; rank/score/ranker blinded,CORRECT,adjudicated precision sample from extractor output; separate from recall gold labels,
rust-safety-comment-0002,rust_safety_comments,rust_safety_comments,6d35786de281,vendor/linux/rust/kernel/acpi.rs,25,acpi_device_id,"{""line"": 25, ""nearby_api"": null, ""nearby_binding_symbol"": ""acpi_device_id"", ""rust_file"": ""vendor/linux/rust/kernel/acpi.rs"", ""text"": ""// SAFETY: `DRIVER_DATA_OFFSET` is the offset to the `driver_data` field."", ""version_id"": ""6d35786de281""}",CORRECT,independent precision review of extracted fact source context; rank/score/ranker blinded,CORRECT,independent precision review of extracted fact source context; rank/score/ranker blinded,CORRECT,adjudicated precision sample from extractor output; separate from recall gold labels,
rust-safety-comment-0003,rust_safety_comments,rust_safety_comments,6d35786de281,vendor/linux/rust/kernel/alloc.rs,150,NumaNode::new,"{""line"": 150, ""nearby_api"": ""NumaNode::new"", ""nearby_binding_symbol"": null, ""rust_file"": ""vendor/linux/rust/kernel/alloc.rs"", ""text"": ""/// # Safety"", ""version_id"": ""6d35786de281""}",CORRECT,independent precision review of extracted fact source context; rank/score/ranker blinded,CORRECT,independent precision review of extracted fact source context; rank/score/ranker blinded,CORRECT,adjudicated precision sample from extractor output; separate from recall gold labels,
rust-safety-comment-0004,rust_safety_comments,rust_safety_comments,6d35786de281,vendor/linux/rust/kernel/alloc.rs,185,NumaNode::new,"{""line"": 185, ""nearby_api"": ""NumaNode::new"", ""nearby_binding_symbol"": null, ""rust_file"": ""vendor/linux/rust/kernel/alloc.rs"", ""text"": ""// SAFETY: Passing `None` to `realloc` is valid by its safety requirements and asks for a"", ""version_id"": ""6d35786de281""}",CORRECT,independent precision review of extracted fact source context; rank/score/ranker blinded,CORRECT,independent precision review of extracted fact source context; rank/score/ranker blinded,CORRECT,adjudicated precision sample from extractor output; separate from recall gold labels,
rust-safety-comment-0005,rust_safety_comments,rust_safety_comments,6d35786de281,vendor/linux/rust/kernel/alloc.rs,213,NumaNode::new,"{""line"": 213, ""nearby_api"": ""NumaNode::new"", ""nearby_binding_symbol"": null, ""rust_file"": ""vendor/linux/rust/kernel/alloc.rs"", ""text"": ""/// # Safety"", ""version_id"": ""6d35786de281""}",CORRECT,independent precision review of extracted fact source context; rank/score/ranker blinded,CORRECT,independent precision review of extracted fact source context; rank/score/ranker blinded,CORRECT,adjudicated precision sample from extractor output; separate from recall gold labels,
rust-safety-comment-0006,rust_safety_comments,rust_safety_comments,6d35786de281,vendor/linux/rust/kernel/alloc.rs,240,NumaNode::new,"{""line"": 240, ""nearby_api"": ""NumaNode::new"", ""nearby_binding_symbol"": null, ""rust_file"": ""vendor/linux/rust/kernel/alloc.rs"", ""text"": ""/// # Safety"", ""version_id"": ""6d35786de281""}",CORRECT,independent precision review of extracted fact source context; rank/score/ranker blinded,CORRECT,independent precision review of extracted fact source context; rank/score/ranker blinded,CORRECT,adjudicated precision sample from extractor output; separate from recall gold labels,
rust-safety-comment-0007,rust_safety_comments,rust_safety_comments,6d35786de281,vendor/linux/rust/kernel/alloc.rs,248,NumaNode::new,"{""line"": 248, ""nearby_api"": ""NumaNode::new"", ""nearby_binding_symbol"": null, ""rust_file"": ""vendor/linux/rust/kernel/alloc.rs"", ""text"": ""// SAFETY: The caller guarantees that `ptr` points at a valid allocation created by this"", ""version_id"": ""6d35786de281""}",CORRECT,independent precision review of extracted fact source context; rank/score/ranker blinded,CORRECT,independent precision review of extracted fact source context; rank/score/ranker blinded,CORRECT,adjudicated precision sample from extractor output; separate from recall gold labels,
rust-safety-comment-0008,rust_safety_comments,rust_safety_comments,6d35786de281,vendor/linux/rust/kernel/alloc.rs,267,NumaNode::dangling_from_layout,"{""line"": 267, ""nearby_api"": ""NumaNode::dangling_from_layout"", ""nearby_binding_symbol"": null, ""rust_file"": ""vendor/linux/rust/kernel/alloc.rs"", ""text"": ""// SAFETY: `layout.align()` (and hence `ptr`) is guaranteed to be non-zero."", ""version_id"": ""6d35786de281""}",CORRECT,independent precision review of extracted fact source context; rank/score/ranker blinded,CORRECT,independent precision review of extracted fact source context; rank/score/ranker blinded,CORRECT,adjudicated precision sample from extractor output; separate from recall gold labels,
rust-safety-comment-0009,rust_safety_comments,rust_safety_comments,6d35786de281,vendor/linux/rust/kernel/alloc/allocator.rs,74,kvrealloc_node_align,"{""line"": 74, ""nearby_api"": null, ""nearby_binding_symbol"": ""kvrealloc_node_align"", ""rust_file"": ""vendor/linux/rust/kernel/alloc/allocator.rs"", ""text"": ""/// # Safety"", ""version_id"": ""6d35786de281""}",CORRECT,independent precision review of extracted fact source context; rank/score/ranker blinded,CORRECT,independent precision review of extracted fact source context; rank/score/ranker blinded,CORRECT,adjudicated precision sample from extractor output; separate from recall gold labels,
rust-safety-comment-0010,rust_safety_comments,rust_safety_comments,6d35786de281,vendor/linux/rust/kernel/alloc/allocator.rs,76,kvrealloc_node_align,"{""line"": 76, ""nearby_api"": null, ""nearby_binding_symbol"": ""kvrealloc_node_align"", ""rust_file"": ""vendor/linux/rust/kernel/alloc/allocator.rs"", ""text"": ""/// This method has the same safety requirements as [`Allocator::realloc`]."", ""version_id"": ""6d35786de281""}",CORRECT,independent precision review of extracted fact source context; rank/score/ranker blinded,CORRECT,independent precision review of extracted fact source context; rank/score/ranker blinded,CORRECT,adjudicated precision sample from extractor output; separate from recall gold labels,
rust-safety-comment-0011,rust_safety_comments,rust_safety_comments,6d35786de281,vendor/linux/rust/kernel/alloc/allocator.rs,104,<safety-comment>,"{""line"": 104, ""nearby_api"": null, ""nearby_binding_symbol"": null, ""rust_file"": ""vendor/linux/rust/kernel/alloc/allocator.rs"", ""text"": ""// SAFETY:"", ""version_id"": ""6d35786de281""}",CORRECT,independent precision review of extracted fact source context; rank/score/ranker blinded,CORRECT,independent precision review of extracted fact source context; rank/score/ranker blinded,CORRECT,adjudicated precision sample from extractor output; separate from recall gold labels,
rust-safety-comment-0012,rust_safety_comments,rust_safety_comments,6d35786de281,vendor/linux/rust/kernel/alloc/allocator.rs,138,Kmalloc::aligned_layout,"{""line"": 138, ""nearby_api"": ""Kmalloc::aligned_layout"", ""nearby_binding_symbol"": null, ""rust_file"": ""vendor/linux/rust/kernel/alloc/allocator.rs"", ""text"": ""// SAFETY: `realloc` delegates to `ReallocFunc::call`, which guarantees that"", ""version_id"": ""6d35786de281""}",CORRECT,independent precision review of extracted fact source context; rank/score/ranker blinded,CORRECT,independent precision review of extracted fact source context; rank/score/ranker blinded,CORRECT,adjudicated precision sample from extractor output; separate from recall gold labels,
rust-safety-comment-0013,rust_safety_comments,rust_safety_comments,6d35786de281,vendor/linux/rust/kernel/alloc/allocator.rs,155,Kmalloc::aligned_layout,"{""line"": 155, ""nearby_api"": ""Kmalloc::aligned_layout"", ""nearby_binding_symbol"": null, ""rust_file"": ""vendor/linux/rust/kernel/alloc/allocator.rs"", ""text"": ""// SAFETY: `ReallocFunc::call` has the same safety requirements as `Allocator::realloc`."", ""version_id"": ""6d35786de281""}",CORRECT,independent precision review of extracted fact source context; rank/score/ranker blinded,CORRECT,independent precision review of extracted fact source context; rank/score/ranker blinded,CORRECT,adjudicated precision sample from extractor output; separate from recall gold labels,
rust-safety-comment-0014,rust_safety_comments,rust_safety_comments,6d35786de281,vendor/linux/rust/kernel/alloc/allocator.rs,173,Kmalloc::aligned_layout,"{""line"": 173, ""nearby_api"": ""Kmalloc::aligned_layout"", ""nearby_binding_symbol"": null, ""rust_file"": ""vendor/linux/rust/kernel/alloc/allocator.rs"", ""text"": ""///     // SAFETY: By the type invariant of `Box` the inner pointer of `vbox` is non-null."", ""version_id"": ""6d35786de281""}",CORRECT,independent precision review of extracted fact source context; rank/score/ranker blinded,CORRECT,independent precision review of extracted fact source context; rank/score/ranker blinded,CORRECT,adjudicated precision sample from extractor output; separate from recall gold labels,
rust-safety-comment-0015,rust_safety_comments,rust_safety_comments,6d35786de281,vendor/linux/rust/kernel/alloc/allocator.rs,176,Kmalloc::aligned_layout,"{""line"": 176, ""nearby_api"": ""Kmalloc::aligned_layout"", ""nearby_binding_symbol"": null, ""rust_file"": ""vendor/linux/rust/kernel/alloc/allocator.rs"", ""text"": ""///     // SAFETY:"", ""version_id"": ""6d35786de281""}",CORRECT,independent precision review of extracted fact source context; rank/score/ranker blinded,CORRECT,independent precision review of extracted fact source context; rank/score/ranker blinded,CORRECT,adjudicated precision sample from extractor output; separate from recall gold labels,
rust-safety-comment-0016,rust_safety_comments,rust_safety_comments,6d35786de281,vendor/linux/rust/kernel/alloc/allocator.rs,181,Kmalloc::aligned_layout,"{""line"": 181, ""nearby_api"": ""Kmalloc::aligned_layout"", ""nearby_binding_symbol"": null, ""rust_file"": ""vendor/linux/rust/kernel/alloc/allocator.rs"", ""text"": ""///     // SAFETY: There is no concurrent read or write to the same page."", ""version_id"": ""6d35786de281""}",CORRECT,independent precision review of extracted fact source context; rank/score/ranker blinded,CORRECT,independent precision review of extracted fact source context; rank/score/ranker blinded,CORRECT,adjudicated precision sample from extractor output; separate from recall gold labels,
rust-safety-comment-0017,rust_safety_comments,rust_safety_comments,6d35786de281,vendor/linux/rust/kernel/alloc/allocator.rs,187,Kmalloc::aligned_layout,"{""line"": 187, ""nearby_api"": ""Kmalloc::aligned_layout"", ""nearby_binding_symbol"": null, ""rust_file"": ""vendor/linux/rust/kernel/alloc/allocator.rs"", ""text"": ""/// # Safety"", ""version_id"": ""6d35786de281""}",CORRECT,independent precision review of extracted fact source context; rank/score/ranker blinded,CORRECT,independent precision review of extracted fact source context; rank/score/ranker blinded,CORRECT,adjudicated precision sample from extractor output; separate from recall gold labels,
rust-safety-comment-0018,rust_safety_comments,rust_safety_comments,6d35786de281,vendor/linux/rust/kernel/alloc/allocator.rs,192,vmalloc_to_page,"{""line"": 192, ""nearby_api"": ""Kmalloc::aligned_layout"", ""nearby_binding_symbol"": ""vmalloc_to_page"", ""rust_file"": ""vendor/linux/rust/kernel/alloc/allocator.rs"", ""text"": ""// SAFETY: `ptr` is a valid pointer to `Vmalloc` memory."", ""version_id"": ""6d35786de281""}",CORRECT,independent precision review of extracted fact source context; rank/score/ranker blinded,CORRECT,independent precision review of extracted fact source context; rank/score/ranker blinded,CORRECT,adjudicated precision sample from extractor output; separate from recall gold labels,
rust-safety-comment-0019,rust_safety_comments,rust_safety_comments,6d35786de281,vendor/linux/rust/kernel/alloc/allocator.rs,195,vmalloc_to_page,"{""line"": 195, ""nearby_api"": ""Kmalloc::aligned_layout"", ""nearby_binding_symbol"": ""vmalloc_to_page"", ""rust_file"": ""vendor/linux/rust/kernel/alloc/allocator.rs"", ""text"": ""// SAFETY: `vmalloc_to_page` returns a valid pointer to a `struct page` for a valid pointer"", ""version_id"": ""6d35786de281""}",CORRECT,independent precision review of extracted fact source context; rank/score/ranker blinded,CORRECT,independent precision review of extracted fact source context; rank/score/ranker blinded,CORRECT,adjudicated precision sample from extractor output; separate from recall gold labels,
rust-safety-comment-0020,rust_safety_comments,rust_safety_comments,6d35786de281,vendor/linux/rust/kernel/alloc/allocator.rs,199,Kmalloc::aligned_layout,"{""line"": 199, ""nearby_api"": ""Kmalloc::aligned_layout"", ""nearby_binding_symbol"": null, ""rust_file"": ""vendor/linux/rust/kernel/alloc/allocator.rs"", ""text"": ""// SAFETY:"", ""version_id"": ""6d35786de281""}",CORRECT,independent precision review of extracted fact source context; rank/score/ranker blinded,CORRECT,independent precision review of extracted fact source context; rank/score/ranker blinded,CORRECT,adjudicated precision sample from extractor output; separate from recall gold labels,
rust-safety-comment-0021,rust_safety_comments,rust_safety_comments,6d35786de281,vendor/linux/rust/kernel/alloc/allocator.rs,208,Kmalloc::aligned_layout,"{""line"": 208, ""nearby_api"": ""Kmalloc::aligned_layout"", ""nearby_binding_symbol"": null, ""rust_file"": ""vendor/linux/rust/kernel/alloc/allocator.rs"", ""text"": ""// SAFETY: `realloc` delegates to `ReallocFunc::call`, which guarantees that"", ""version_id"": ""6d35786de281""}",CORRECT,independent precision review of extracted fact source context; rank/score/ranker blinded,CORRECT,independent precision review of extracted fact source context; rank/score/ranker blinded,CORRECT,adjudicated precision sample from extractor output; separate from recall gold labels,
rust-safety-comment-0022,rust_safety_comments,rust_safety_comments,6d35786de281,vendor/linux/rust/kernel/alloc/allocator.rs,223,Kmalloc::aligned_layout,"{""line"": 223, ""nearby_api"": ""Kmalloc::aligned_layout"", ""nearby_binding_symbol"": null, ""rust_file"": ""vendor/linux/rust/kernel/alloc/allocator.rs"", ""text"": ""// SAFETY: If not `None`, `ptr` is guaranteed to point to valid memory, which was previously"", ""version_id"": ""6d35786de281""}",CORRECT,independent precision review of extracted fact source context; rank/score/ranker blinded,CORRECT,independent precision review of extracted fact source context; rank/score/ranker blinded,CORRECT,adjudicated precision sample from extractor output; separate from recall gold labels,
rust-safety-comment-0023,rust_safety_comments,rust_safety_comments,6d35786de281,vendor/linux/rust/kernel/alloc/allocator.rs,229,Kmalloc::aligned_layout,"{""line"": 229, ""nearby_api"": ""Kmalloc::aligned_layout"", ""nearby_binding_symbol"": null, ""rust_file"": ""vendor/linux/rust/kernel/alloc/allocator.rs"", ""text"": ""// SAFETY: `realloc` delegates to `ReallocFunc::call`, which guarantees that"", ""version_id"": ""6d35786de281""}",CORRECT,independent precision review of extracted fact source context; rank/score/ranker blinded,CORRECT,independent precision review of extracted fact source context; rank/score/ranker blinded,CORRECT,adjudicated precision sample from extractor output; separate from recall gold labels,
rust-safety-comment-0024,rust_safety_comments,rust_safety_comments,6d35786de281,vendor/linux/rust/kernel/alloc/allocator.rs,248,Kmalloc::aligned_layout,"{""line"": 248, ""nearby_api"": ""Kmalloc::aligned_layout"", ""nearby_binding_symbol"": null, ""rust_file"": ""vendor/linux/rust/kernel/alloc/allocator.rs"", ""text"": ""// SAFETY: If not `None`, `ptr` is guaranteed to point to valid memory, which was previously"", ""version_id"": ""6d35786de281""}",CORRECT,independent precision review of extracted fact source context; rank/score/ranker blinded,CORRECT,independent precision review of extracted fact source context; rank/score/ranker blinded,CORRECT,adjudicated precision sample from extractor output; separate from recall gold labels,
rust-safety-comment-0025,rust_safety_comments,rust_safety_comments,6d35786de281,vendor/linux/rust/kernel/alloc/allocator/iter.rs,45,<safety-comment>,"{""line"": 45, ""nearby_api"": null, ""nearby_binding_symbol"": null, ""rust_file"": ""vendor/linux/rust/kernel/alloc/allocator/iter.rs"", ""text"": ""// SAFETY: `offset` is in the interval `[0, (self.page_count() - 1) * page::PAGE_SIZE]`,"", ""version_id"": ""6d35786de281""}",CORRECT,independent precision review of extracted fact source context; rank/score/ranker blinded,CORRECT,independent precision review of extracted fact source context; rank/score/ranker blinded,CORRECT,adjudicated precision sample from extractor output; separate from recall gold labels,
rust-safety-comment-0026,rust_safety_comments,rust_safety_comments,6d35786de281,vendor/linux/rust/kernel/alloc/allocator/iter.rs,49,<safety-comment>,"{""line"": 49, ""nearby_api"": null, ""nearby_binding_symbol"": null, ""rust_file"": ""vendor/linux/rust/kernel/alloc/allocator/iter.rs"", ""text"": ""// SAFETY:"", ""version_id"": ""6d35786de281""}",CORRECT,independent precision review of extracted fact source context; rank/score/ranker blinded,CORRECT,independent precision review of extracted fact source context; rank/score/ranker blinded,CORRECT,adjudicated precision sample from extractor output; separate from recall gold labels,
rust-safety-comment-0027,rust_safety_comments,rust_safety_comments,6d35786de281,vendor/linux/rust/kernel/alloc/allocator/iter.rs,65,<safety-comment>,"{""line"": 65, ""nearby_api"": null, ""nearby_binding_symbol"": null, ""rust_file"": ""vendor/linux/rust/kernel/alloc/allocator/iter.rs"", ""text"": ""/// # Safety"", ""version_id"": ""6d35786de281""}",CORRECT,independent precision review of extracted fact source context; rank/score/ranker blinded,CORRECT,independent precision review of extracted fact source context; rank/score/ranker blinded,CORRECT,adjudicated precision sample from extractor output; separate from recall gold labels,
rust-safety-comment-0028,rust_safety_comments,rust_safety_comments,6d35786de281,vendor/linux/rust/kernel/alloc/kbox.rs,119,<safety-comment>,"{""line"": 119, ""nearby_api"": null, ""nearby_binding_symbol"": null, ""rust_file"": ""vendor/linux/rust/kernel/alloc/kbox.rs"", ""text"": ""// SAFETY: All zeros is equivalent to `None` (option layout optimization guarantee:"", ""version_id"": ""6d35786de281""}",CORRECT,independent precision review of extracted fact source context; rank/score/ranker blinded,CORRECT,independent precision review of extracted fact source context; rank/score/ranker blinded,CORRECT,adjudicated precision sample from extractor output; separate from recall gold labels,
rust-safety-comment-0029,rust_safety_comments,rust_safety_comments,6d35786de281,vendor/linux/rust/kernel/alloc/kbox.rs,123,<safety-comment>,"{""line"": 123, ""nearby_api"": null, ""nearby_binding_symbol"": null, ""rust_file"": ""vendor/linux/rust/kernel/alloc/kbox.rs"", ""text"": ""// SAFETY: `Box` is `Send` if `T` is `Send` because the `Box` owns a `T`."", ""version_id"": ""6d35786de281""}",CORRECT,independent precision review of extracted fact source context; rank/score/ranker blinded,CORRECT,independent precision review of extracted fact source context; rank/score/ranker blinded,CORRECT,adjudicated precision sample from extractor output; separate from recall gold labels,
rust-safety-comment-0030,rust_safety_comments,rust_safety_comments,6d35786de281,vendor/linux/rust/kernel/alloc/kbox.rs,131,<safety-comment>,"{""line"": 131, ""nearby_api"": null, ""nearby_binding_symbol"": null, ""rust_file"": ""vendor/linux/rust/kernel/alloc/kbox.rs"", ""text"": ""// SAFETY: `Box` is `Sync` if `T` is `Sync` because the `Box` owns a `T`."", ""version_id"": ""6d35786de281""}",CORRECT,independent precision review of extracted fact source context; rank/score/ranker blinded,CORRECT,independent precision review of extracted fact source context; rank/score/ranker blinded,CORRECT,adjudicated precision sample from extractor output; separate from recall gold labels,
rust-safety-comment-0031,rust_safety_comments,rust_safety_comments,6d35786de281,vendor/linux/rust/kernel/alloc/kbox.rs,146,<safety-comment>,"{""line"": 146, ""nearby_api"": null, ""nearby_binding_symbol"": null, ""rust_file"": ""vendor/linux/rust/kernel/alloc/kbox.rs"", ""text"": ""/// # Safety"", ""version_id"": ""6d35786de281""}",CORRECT,independent precision review of extracted fact source context; rank/score/ranker blinded,CORRECT,independent precision review of extracted fact source context; rank/score/ranker blinded,CORRECT,adjudicated precision sample from extractor output; separate from recall gold labels,
rust-safety-comment-0032,rust_safety_comments,rust_safety_comments,6d35786de281,vendor/linux/rust/kernel/alloc/kbox.rs,156,<safety-comment>,"{""line"": 156, ""nearby_api"": null, ""nearby_binding_symbol"": null, ""rust_file"": ""vendor/linux/rust/kernel/alloc/kbox.rs"", ""text"": ""// SAFETY: By the safety preconditions of this function, `raw` is not a NULL pointer."", ""version_id"": ""6d35786de281""}",CORRECT,independent precision review of extracted fact source context; rank/score/ranker blinded,CORRECT,independent precision review of extracted fact source context; rank/score/ranker blinded,CORRECT,adjudicated precision sample from extractor output; separate from recall gold labels,
rust-safety-comment-0033,rust_safety_comments,rust_safety_comments,6d35786de281,vendor/linux/rust/kernel/alloc/kbox.rs,171,<safety-comment>,"{""line"": 171, ""nearby_api"": null, ""nearby_binding_symbol"": null, ""rust_file"": ""vendor/linux/rust/kernel/alloc/kbox.rs"", ""text"": ""/// // SAFETY: `ptr` comes from a previous call to `KBox::into_raw`."", ""version_id"": ""6d35786de281""}",CORRECT,independent precision review of extracted fact source context; rank/score/ranker blinded,CORRECT,independent precision review of extracted fact source context; rank/score/ranker blinded,CORRECT,adjudicated precision sample from extractor output; separate from recall gold labels,
rust-safety-comment-0034,rust_safety_comments,rust_safety_comments,6d35786de281,vendor/linux/rust/kernel/alloc/kbox.rs,187,Box<T::into_raw,"{""line"": 187, ""nearby_api"": ""Box<T::into_raw"", ""nearby_binding_symbol"": null, ""rust_file"": ""vendor/linux/rust/kernel/alloc/kbox.rs"", ""text"": ""// SAFETY: `Box::into_raw` always returns a properly aligned and dereferenceable pointer"", ""version_id"": ""6d35786de281""}",CORRECT,independent precision review of extracted fact source context; rank/score/ranker blinded,CORRECT,independent precision review of extracted fact source context; rank/score/ranker blinded,CORRECT,adjudicated precision sample from extractor output; separate from recall gold labels,
rust-safety-comment-0035,rust_safety_comments,rust_safety_comments,6d35786de281,vendor/linux/rust/kernel/alloc/kbox.rs,202,Box<T::into_raw,"{""line"": 202, ""nearby_api"": ""Box<T::into_raw"", ""nearby_binding_symbol"": null, ""rust_file"": ""vendor/linux/rust/kernel/alloc/kbox.rs"", ""text"": ""/// # Safety"", ""version_id"": ""6d35786de281""}",CORRECT,independent precision review of extracted fact source context; rank/score/ranker blinded,CORRECT,independent precision review of extracted fact source context; rank/score/ranker blinded,CORRECT,adjudicated precision sample from extractor output; separate from recall gold labels,
rust-safety-comment-0036,rust_safety_comments,rust_safety_comments,6d35786de281,vendor/linux/rust/kernel/alloc/kbox.rs,208,Box<MaybeUninit<T>::assume_init,"{""line"": 208, ""nearby_api"": ""Box<MaybeUninit<T>::assume_init"", ""nearby_binding_symbol"": null, ""rust_file"": ""vendor/linux/rust/kernel/alloc/kbox.rs"", ""text"": ""// SAFETY: `raw` comes from a previous call to `Box::into_raw`. By the safety requirements"", ""version_id"": ""6d35786de281""}",CORRECT,independent precision review of extracted fact source context; rank/score/ranker blinded,CORRECT,independent precision review of extracted fact source context; rank/score/ranker blinded,CORRECT,adjudicated precision sample from extractor output; separate from recall gold labels,
rust-safety-comment-0037,rust_safety_comments,rust_safety_comments,6d35786de281,vendor/linux/rust/kernel/alloc/kbox.rs,218,Box<MaybeUninit<T>::write,"{""line"": 218, ""nearby_api"": ""Box<MaybeUninit<T>::write"", ""nearby_binding_symbol"": null, ""rust_file"": ""vendor/linux/rust/kernel/alloc/kbox.rs"", ""text"": ""// SAFETY: We've just initialized `b`'s value."", ""version_id"": ""6d35786de281""}",CORRECT,independent precision review of extracted fact source context; rank/score/ranker blinded,CORRECT,independent precision review of extracted fact source context; rank/score/ranker blinded,CORRECT,adjudicated precision sample from extractor output; separate from recall gold labels,
rust-safety-comment-0038,rust_safety_comments,rust_safety_comments,6d35786de281,vendor/linux/rust/kernel/alloc/kbox.rs,324,Box<T::pin,"{""line"": 324, ""nearby_api"": ""Box<T::pin"", ""nearby_binding_symbol"": null, ""rust_file"": ""vendor/linux/rust/kernel/alloc/kbox.rs"", ""text"": ""// SAFETY:"", ""version_id"": ""6d35786de281""}",CORRECT,independent precision review of extracted fact source context; rank/score/ranker blinded,CORRECT,independent precision review of extracted fact source context; rank/score/ranker blinded,CORRECT,adjudicated precision sample from extractor output; separate from recall gold labels,
rust-safety-comment-0039,rust_safety_comments,rust_safety_comments,6d35786de281,vendor/linux/rust/kernel/alloc/kbox.rs,330,Box<T::pin,"{""line"": 330, ""nearby_api"": ""Box<T::pin"", ""nearby_binding_symbol"": null, ""rust_file"": ""vendor/linux/rust/kernel/alloc/kbox.rs"", ""text"": ""// SAFETY:"", ""version_id"": ""6d35786de281""}",CORRECT,independent precision review of extracted fact source context; rank/score/ranker blinded,CORRECT,independent precision review of extracted fact source context; rank/score/ranker blinded,CORRECT,adjudicated precision sample from extractor output; separate from recall gold labels,
rust-safety-comment-0040,rust_safety_comments,rust_safety_comments,6d35786de281,vendor/linux/rust/kernel/alloc/kbox.rs,341,Box<T::pin,"{""line"": 341, ""nearby_api"": ""Box<T::pin"", ""nearby_binding_symbol"": null, ""rust_file"": ""vendor/linux/rust/kernel/alloc/kbox.rs"", ""text"": ""// SAFETY: `slice` points to an allocation allocated with `A` (`buffer`) and holds a valid"", ""version_id"": ""6d35786de281""}",CORRECT,independent precision review of extracted fact source context; rank/score/ranker blinded,CORRECT,independent precision review of extracted fact source context; rank/score/ranker blinded,CORRECT,adjudicated precision sample from extractor output; separate from recall gold labels,
rust-safety-comment-0041,rust_safety_comments,rust_safety_comments,6d35786de281,vendor/linux/rust/kernel/alloc/kbox.rs,356,Box<T::into_pin,"{""line"": 356, ""nearby_api"": ""Box<T::into_pin"", ""nearby_binding_symbol"": null, ""rust_file"": ""vendor/linux/rust/kernel/alloc/kbox.rs"", ""text"": ""// SAFETY: `ptr` is valid, because it came from `Box::into_raw`."", ""version_id"": ""6d35786de281""}",CORRECT,independent precision review of extracted fact source context; rank/score/ranker blinded,CORRECT,independent precision review of extracted fact source context; rank/score/ranker blinded,CORRECT,adjudicated precision sample from extractor output; separate from recall gold labels,
rust-safety-comment-0042,rust_safety_comments,rust_safety_comments,6d35786de281,vendor/linux/rust/kernel/alloc/kbox.rs,376,Box<T::drop_contents,"{""line"": 376, ""nearby_api"": ""Box<T::drop_contents"", ""nearby_binding_symbol"": null, ""rust_file"": ""vendor/linux/rust/kernel/alloc/kbox.rs"", ""text"": ""// SAFETY: `ptr` is valid, because it came from `this`. After this call we never access the"", ""version_id"": ""6d35786de281""}",CORRECT,independent precision review of extracted fact source context; rank/score/ranker blinded,CORRECT,independent precision review of extracted fact source context; rank/score/ranker blinded,CORRECT,adjudicated precision sample from extractor output; separate from recall gold labels,
rust-safety-comment-0043,rust_safety_comments,rust_safety_comments,6d35786de281,vendor/linux/rust/kernel/alloc/kbox.rs,385,Box<T::into_inner,"{""line"": 385, ""nearby_api"": ""Box<T::into_inner"", ""nearby_binding_symbol"": null, ""rust_file"": ""vendor/linux/rust/kernel/alloc/kbox.rs"", ""text"": ""// SAFETY: By the type invariant `&*b` is valid for `read`."", ""version_id"": ""6d35786de281""}",CORRECT,independent precision review of extracted fact source context; rank/score/ranker blinded,CORRECT,independent precision review of extracted fact source context; rank/score/ranker blinded,CORRECT,adjudicated precision sample from extractor output; separate from recall gold labels,
rust-safety-comment-0044,rust_safety_comments,rust_safety_comments,6d35786de281,vendor/linux/rust/kernel/alloc/kbox.rs,402,Box<T::into_inner,"{""line"": 402, ""nearby_api"": ""Box<T::into_inner"", ""nearby_binding_symbol"": null, ""rust_file"": ""vendor/linux/rust/kernel/alloc/kbox.rs"", ""text"": ""// SAFETY: The value wrapped inside a `Pin<Box<T, A>>` cannot be moved or replaced as long"", ""version_id"": ""6d35786de281""}",CORRECT,independent precision review of extracted fact source context; rank/score/ranker blinded,CORRECT,independent precision review of extracted fact source context; rank/score/ranker blinded,CORRECT,adjudicated precision sample from extractor output; separate from recall gold labels,
rust-safety-comment-0045,rust_safety_comments,rust_safety_comments,6d35786de281,vendor/linux/rust/kernel/alloc/kbox.rs,416,Box<T::into_inner,"{""line"": 416, ""nearby_api"": ""Box<T::into_inner"", ""nearby_binding_symbol"": null, ""rust_file"": ""vendor/linux/rust/kernel/alloc/kbox.rs"", ""text"": ""// SAFETY: When init errors/panics, slot will get deallocated but not dropped,"", ""version_id"": ""6d35786de281""}",CORRECT,independent precision review of extracted fact source context; rank/score/ranker blinded,CORRECT,independent precision review of extracted fact source context; rank/score/ranker blinded,CORRECT,adjudicated precision sample from extractor output; separate from recall gold labels,
rust-safety-comment-0046,rust_safety_comments,rust_safety_comments,6d35786de281,vendor/linux/rust/kernel/alloc/kbox.rs,419,Box<T::into_inner,"{""line"": 419, ""nearby_api"": ""Box<T::into_inner"", ""nearby_binding_symbol"": null, ""rust_file"": ""vendor/linux/rust/kernel/alloc/kbox.rs"", ""text"": ""// SAFETY: All fields have been initialized."", ""version_id"": ""6d35786de281""}",CORRECT,independent precision review of extracted fact source context; rank/score/ranker blinded,CORRECT,independent precision review of extracted fact source context; rank/score/ranker blinded,CORRECT,adjudicated precision sample from extractor output; separate from recall gold labels,
rust-safety-comment-0047,rust_safety_comments,rust_safety_comments,6d35786de281,vendor/linux/rust/kernel/alloc/kbox.rs,425,Box<T::into_inner,"{""line"": 425, ""nearby_api"": ""Box<T::into_inner"", ""nearby_binding_symbol"": null, ""rust_file"": ""vendor/linux/rust/kernel/alloc/kbox.rs"", ""text"": ""// SAFETY: When init errors/panics, slot will get deallocated but not dropped,"", ""version_id"": ""6d35786de281""}",CORRECT,independent precision review of extracted fact source context; rank/score/ranker blinded,CORRECT,independent precision review of extracted fact source context; rank/score/ranker blinded,CORRECT,adjudicated precision sample from extractor output; separate from recall gold labels,
rust-safety-comment-0048,rust_safety_comments,rust_safety_comments,6d35786de281,vendor/linux/rust/kernel/alloc/kbox.rs,428,Box<T::into_inner,"{""line"": 428, ""nearby_api"": ""Box<T::into_inner"", ""nearby_binding_symbol"": null, ""rust_file"": ""vendor/linux/rust/kernel/alloc/kbox.rs"", ""text"": ""// SAFETY: All fields have been initialized."", ""version_id"": ""6d35786de281""}",CORRECT,independent precision review of extracted fact source context; rank/score/ranker blinded,CORRECT,independent precision review of extracted fact source context; rank/score/ranker blinded,CORRECT,adjudicated precision sample from extractor output; separate from recall gold labels,
rust-safety-comment-0049,rust_safety_comments,rust_safety_comments,6d35786de281,vendor/linux/rust/kernel/alloc/kbox.rs,456,Box<T::into_inner,"{""line"": 456, ""nearby_api"": ""Box<T::into_inner"", ""nearby_binding_symbol"": null, ""rust_file"": ""vendor/linux/rust/kernel/alloc/kbox.rs"", ""text"": ""// SAFETY: The pointer returned by `into_foreign` comes from a well aligned"", ""version_id"": ""6d35786de281""}",CORRECT,independent precision review of extracted fact source context; rank/score/ranker blinded,CORRECT,independent precision review of extracted fact source context; rank/score/ranker blinded,CORRECT,adjudicated precision sample from extractor output; separate from recall gold labels,
rust-safety-comment-0050,rust_safety_comments,rust_safety_comments,6d35786de281,vendor/linux/rust/kernel/alloc/kbox.rs,476,Box<T::into_inner,"{""line"": 476, ""nearby_api"": ""Box<T::into_inner"", ""nearby_binding_symbol"": null, ""rust_file"": ""vendor/linux/rust/kernel/alloc/kbox.rs"", ""text"": ""// SAFETY: The safety requirements of this function ensure that `ptr` comes from a previous"", ""version_id"": ""6d35786de281""}",CORRECT,independent precision review of extracted fact source context; rank/score/ranker blinded,CORRECT,independent precision review of extracted fact source context; rank/score/ranker blinded,CORRECT,adjudicated precision sample from extractor output; separate from recall gold labels,
rust-safety-comment-0051,rust_safety_comments,rust_safety_comments,6d35786de281,vendor/linux/rust/kernel/alloc/kbox.rs,482,Box<T::into_inner,"{""line"": 482, ""nearby_api"": ""Box<T::into_inner"", ""nearby_binding_symbol"": null, ""rust_file"": ""vendor/linux/rust/kernel/alloc/kbox.rs"", ""text"": ""// SAFETY: The safety requirements of this method ensure that the object remains alive and"", ""version_id"": ""6d35786de281""}",CORRECT,independent precision review of extracted fact source context; rank/score/ranker blinded,CORRECT,independent precision review of extracted fact source context; rank/score/ranker blinded,CORRECT,adjudicated precision sample from extractor output; separate from recall gold labels,
rust-safety-comment-0052,rust_safety_comments,rust_safety_comments,6d35786de281,vendor/linux/rust/kernel/alloc/kbox.rs,489,Box<T::into_inner,"{""line"": 489, ""nearby_api"": ""Box<T::into_inner"", ""nearby_binding_symbol"": null, ""rust_file"": ""vendor/linux/rust/kernel/alloc/kbox.rs"", ""text"": ""// SAFETY: The safety requirements of this method ensure that the pointer is valid and that"", ""version_id"": ""6d35786de281""}",CORRECT,independent precision review of extracted fact source context; rank/score/ranker blinded,CORRECT,independent precision review of extracted fact source context; rank/score/ranker blinded,CORRECT,adjudicated precision sample from extractor output; separate from recall gold labels,
rust-safety-comment-0053,rust_safety_comments,rust_safety_comments,6d35786de281,vendor/linux/rust/kernel/alloc/kbox.rs,495,Box<T::into_inner,"{""line"": 495, ""nearby_api"": ""Box<T::into_inner"", ""nearby_binding_symbol"": null, ""rust_file"": ""vendor/linux/rust/kernel/alloc/kbox.rs"", ""text"": ""// SAFETY: The pointer returned by `into_foreign` comes from a well aligned"", ""version_id"": ""6d35786de281""}",CORRECT,independent precision review of extracted fact source context; rank/score/ranker blinded,CORRECT,independent precision review of extracted fact source context; rank/score/ranker blinded,CORRECT,adjudicated precision sample from extractor output; separate from recall gold labels,
rust-safety-comment-0054,rust_safety_comments,rust_safety_comments,6d35786de281,vendor/linux/rust/kernel/alloc/kbox.rs,506,Box<T::into_inner,"{""line"": 506, ""nearby_api"": ""Box<T::into_inner"", ""nearby_binding_symbol"": null, ""rust_file"": ""vendor/linux/rust/kernel/alloc/kbox.rs"", ""text"": ""// SAFETY: We are still treating the box as pinned."", ""version_id"": ""6d35786de281""}",CORRECT,independent precision review of extracted fact source context; rank/score/ranker blinded,CORRECT,independent precision review of extracted fact source context; rank/score/ranker blinded,CORRECT,adjudicated precision sample from extractor output; separate from recall gold labels,
rust-safety-comment-0055,rust_safety_comments,rust_safety_comments,6d35786de281,vendor/linux/rust/kernel/alloc/kbox.rs,511,Box<T::into_inner,"{""line"": 511, ""nearby_api"": ""Box<T::into_inner"", ""nearby_binding_symbol"": null, ""rust_file"": ""vendor/linux/rust/kernel/alloc/kbox.rs"", ""text"": ""// SAFETY: The safety requirements of this function ensure that `ptr` comes from a previous"", ""version_id"": ""6d35786de281""}",CORRECT,independent precision review of extracted fact source context; rank/score/ranker blinded,CORRECT,independent precision review of extracted fact source context; rank/score/ranker blinded,CORRECT,adjudicated precision sample from extractor output; separate from recall gold labels,
rust-safety-comment-0056,rust_safety_comments,rust_safety_comments,6d35786de281,vendor/linux/rust/kernel/alloc/kbox.rs,517,Box<T::into_inner,"{""line"": 517, ""nearby_api"": ""Box<T::into_inner"", ""nearby_binding_symbol"": null, ""rust_file"": ""vendor/linux/rust/kernel/alloc/kbox.rs"", ""text"": ""// SAFETY: The safety requirements for this function ensure that the object is still alive,"", ""version_id"": ""6d35786de281""}",CORRECT,independent precision review of extracted fact source context; rank/score/ranker blinded,CORRECT,independent precision review of extracted fact source context; rank/score/ranker blinded,CORRECT,adjudicated precision sample from extractor output; separate from recall gold labels,
rust-safety-comment-0057,rust_safety_comments,rust_safety_comments,6d35786de281,vendor/linux/rust/kernel/alloc/kbox.rs,523,Box<T::into_inner,"{""line"": 523, ""nearby_api"": ""Box<T::into_inner"", ""nearby_binding_symbol"": null, ""rust_file"": ""vendor/linux/rust/kernel/alloc/kbox.rs"", ""text"": ""// SAFETY: This pointer originates from a `Pin<Box<T>>`."", ""version_id"": ""6d35786de281""}",CORRECT,independent precision review of extracted fact source context; rank/score/ranker blinded,CORRECT,independent precision review of extracted fact source context; rank/score/ranker blinded,CORRECT,adjudicated precision sample from extractor output; separate from recall gold labels,
rust-safety-comment-0058,rust_safety_comments,rust_safety_comments,6d35786de281,vendor/linux/rust/kernel/alloc/kbox.rs,529,Box<T::into_inner,"{""line"": 529, ""nearby_api"": ""Box<T::into_inner"", ""nearby_binding_symbol"": null, ""rust_file"": ""vendor/linux/rust/kernel/alloc/kbox.rs"", ""text"": ""// SAFETY: The safety requirements for this function ensure that the object is still alive,"", ""version_id"": ""6d35786de281""}",CORRECT,independent precision review of extracted fact source context; rank/score/ranker blinded,CORRECT,independent precision review of extracted fact source context; rank/score/ranker blinded,CORRECT,adjudicated precision sample from extractor output; separate from recall gold labels,
rust-safety-comment-0059,rust_safety_comments,rust_safety_comments,6d35786de281,vendor/linux/rust/kernel/alloc/kbox.rs,535,Box<T::into_inner,"{""line"": 535, ""nearby_api"": ""Box<T::into_inner"", ""nearby_binding_symbol"": null, ""rust_file"": ""vendor/linux/rust/kernel/alloc/kbox.rs"", ""text"": ""// SAFETY: This pointer originates from a `Pin<Box<T>>`."", ""version_id"": ""6d35786de281""}",CORRECT,independent precision review of extracted fact source context; rank/score/ranker blinded,CORRECT,independent precision review of extracted fact source context; rank/score/ranker blinded,CORRECT,adjudicated precision sample from extractor output; separate from recall gold labels,
rust-safety-comment-0060,rust_safety_comments,rust_safety_comments,6d35786de281,vendor/linux/rust/kernel/alloc/kbox.rs,548,Box<T::into_inner,"{""line"": 548, ""nearby_api"": ""Box<T::into_inner"", ""nearby_binding_symbol"": null, ""rust_file"": ""vendor/linux/rust/kernel/alloc/kbox.rs"", ""text"": ""// SAFETY: `self.0` is always properly aligned, dereferenceable and points to an initialized"", ""version_id"": ""6d35786de281""}",CORRECT,independent precision review of extracted fact source context; rank/score/ranker blinded,CORRECT,independent precision review of extracted fact source context; rank/score/ranker blinded,CORRECT,adjudicated precision sample from extractor output; separate from recall gold labels,
rust-safety-comment-0061,rust_safety_comments,rust_safety_comments,6d35786de281,vendor/linux/rust/kernel/alloc/kbox.rs,560,Box<T::into_inner,"{""line"": 560, ""nearby_api"": ""Box<T::into_inner"", ""nearby_binding_symbol"": null, ""rust_file"": ""vendor/linux/rust/kernel/alloc/kbox.rs"", ""text"": ""// SAFETY: `self.0` is always properly aligned, dereferenceable and points to an initialized"", ""version_id"": ""6d35786de281""}",CORRECT,independent precision review of extracted fact source context; rank/score/ranker blinded,CORRECT,independent precision review of extracted fact source context; rank/score/ranker blinded,CORRECT,adjudicated precision sample from extractor output; separate from recall gold labels,
rust-safety-comment-0062,rust_safety_comments,rust_safety_comments,6d35786de281,vendor/linux/rust/kernel/alloc/kbox.rs,650,Box<T::into_inner,"{""line"": 650, ""nearby_api"": ""Box<T::into_inner"", ""nearby_binding_symbol"": null, ""rust_file"": ""vendor/linux/rust/kernel/alloc/kbox.rs"", ""text"": ""// SAFETY: The pointer in `self.0` is guaranteed to be valid by the type invariant."", ""version_id"": ""6d35786de281""}",CORRECT,independent precision review of extracted fact source context; rank/score/ranker blinded,CORRECT,independent precision review of extracted fact source context; rank/score/ranker blinded,CORRECT,adjudicated precision sample from extractor output; separate from recall gold labels,
rust-safety-comment-0063,rust_safety_comments,rust_safety_comments,6d35786de281,vendor/linux/rust/kernel/alloc/kbox.rs,653,Box<T::into_inner,"{""line"": 653, ""nearby_api"": ""Box<T::into_inner"", ""nearby_binding_symbol"": null, ""rust_file"": ""vendor/linux/rust/kernel/alloc/kbox.rs"", ""text"": ""// SAFETY:"", ""version_id"": ""6d35786de281""}",CORRECT,independent precision review of extracted fact source context; rank/score/ranker blinded,CORRECT,independent precision review of extracted fact source context; rank/score/ranker blinded,CORRECT,adjudicated precision sample from extractor output; separate from recall gold labels,
rust-safety-comment-0064,rust_safety_comments,rust_safety_comments,6d35786de281,vendor/linux/rust/kernel/alloc/kbox.rs,675,Box<T::into_inner,"{""line"": 675, ""nearby_api"": ""Box<T::into_inner"", ""nearby_binding_symbol"": null, ""rust_file"": ""vendor/linux/rust/kernel/alloc/kbox.rs"", ""text"": ""/// // SAFETY: There is no concurrent read or write to the same page."", ""version_id"": ""6d35786de281""}",CORRECT,independent precision review of extracted fact source context; rank/score/ranker blinded,CORRECT,independent precision review of extracted fact source context; rank/score/ranker blinded,CORRECT,adjudicated precision sample from extractor output; separate from recall gold labels,
rust-safety-comment-0065,rust_safety_comments,rust_safety_comments,6d35786de281,vendor/linux/rust/kernel/alloc/kbox.rs,689,Box<T::into_inner,"{""line"": 689, ""nearby_api"": ""Box<T::into_inner"", ""nearby_binding_symbol"": null, ""rust_file"": ""vendor/linux/rust/kernel/alloc/kbox.rs"", ""text"": ""// SAFETY:"", ""version_id"": ""6d35786de281""}",CORRECT,independent precision review of extracted fact source context; rank/score/ranker blinded,CORRECT,independent precision review of extracted fact source context; rank/score/ranker blinded,CORRECT,adjudicated precision sample from extractor output; separate from recall gold labels,
rust-safety-comment-0066,rust_safety_comments,rust_safety_comments,6d35786de281,vendor/linux/rust/kernel/alloc/kvec.rs,157,<safety-comment>,"{""line"": 157, ""nearby_api"": null, ""nearby_binding_symbol"": null, ""rust_file"": ""vendor/linux/rust/kernel/alloc/kvec.rs"", ""text"": ""// SAFETY: `Vec` is `Send` if `T` is `Send` because `Vec` owns its elements."", ""version_id"": ""6d35786de281""}",CORRECT,independent precision review of extracted fact source context; rank/score/ranker blinded,CORRECT,independent precision review of extracted fact source context; rank/score/ranker blinded,CORRECT,adjudicated precision sample from extractor output; separate from recall gold labels,
rust-safety-comment-0067,rust_safety_comments,rust_safety_comments,6d35786de281,vendor/linux/rust/kernel/alloc/kvec.rs,165,<safety-comment>,"{""line"": 165, ""nearby_api"": null, ""nearby_binding_symbol"": null, ""rust_file"": ""vendor/linux/rust/kernel/alloc/kvec.rs"", ""text"": ""// SAFETY: `Vec` is `Sync` if `T` is `Sync` because `Vec` owns its elements."", ""version_id"": ""6d35786de281""}",CORRECT,independent precision review of extracted fact source context; rank/score/ranker blinded,CORRECT,independent precision review of extracted fact source context; rank/score/ranker blinded,CORRECT,adjudicated precision sample from extractor output; separate from recall gold labels,
rust-safety-comment-0068,rust_safety_comments,rust_safety_comments,6d35786de281,vendor/linux/rust/kernel/alloc/kvec.rs,200,<safety-comment>,"{""line"": 200, ""nearby_api"": null, ""nearby_binding_symbol"": null, ""rust_file"": ""vendor/linux/rust/kernel/alloc/kvec.rs"", ""text"": ""/// # Safety"", ""version_id"": ""6d35786de281""}",CORRECT,independent precision review of extracted fact source context; rank/score/ranker blinded,CORRECT,independent precision review of extracted fact source context; rank/score/ranker blinded,CORRECT,adjudicated precision sample from extractor output; separate from recall gold labels,
rust-safety-comment-0069,rust_safety_comments,rust_safety_comments,6d35786de281,vendor/linux/rust/kernel/alloc/kvec.rs,218,<safety-comment>,"{""line"": 218, ""nearby_api"": null, ""nearby_binding_symbol"": null, ""rust_file"": ""vendor/linux/rust/kernel/alloc/kvec.rs"", ""text"": ""/// # Safety"", ""version_id"": ""6d35786de281""}",CORRECT,independent precision review of extracted fact source context; rank/score/ranker blinded,CORRECT,independent precision review of extracted fact source context; rank/score/ranker blinded,CORRECT,adjudicated precision sample from extractor output; separate from recall gold labels,
rust-safety-comment-0070,rust_safety_comments,rust_safety_comments,6d35786de281,vendor/linux/rust/kernel/alloc/kvec.rs,227,<safety-comment>,"{""line"": 227, ""nearby_api"": null, ""nearby_binding_symbol"": null, ""rust_file"": ""vendor/linux/rust/kernel/alloc/kvec.rs"", ""text"": ""// SAFETY: The memory after `self.len()` is guaranteed to contain `count` initialized"", ""version_id"": ""6d35786de281""}",CORRECT,independent precision review of extracted fact source context; rank/score/ranker blinded,CORRECT,independent precision review of extracted fact source context; rank/score/ranker blinded,CORRECT,adjudicated precision sample from extractor output; separate from recall gold labels,
rust-safety-comment-0071,rust_safety_comments,rust_safety_comments,6d35786de281,vendor/linux/rust/kernel/alloc/kvec.rs,304,Vec<T::spare_capacity_mut,"{""line"": 304, ""nearby_api"": ""Vec<T::spare_capacity_mut"", ""nearby_binding_symbol"": null, ""rust_file"": ""vendor/linux/rust/kernel/alloc/kvec.rs"", ""text"": ""// SAFETY:"", ""version_id"": ""6d35786de281""}",CORRECT,independent precision review of extracted fact source context; rank/score/ranker blinded,CORRECT,independent precision review of extracted fact source context; rank/score/ranker blinded,CORRECT,adjudicated precision sample from extractor output; separate from recall gold labels,
rust-safety-comment-0072,rust_safety_comments,rust_safety_comments,6d35786de281,vendor/linux/rust/kernel/alloc/kvec.rs,310,Vec<T::spare_capacity_mut,"{""line"": 310, ""nearby_api"": ""Vec<T::spare_capacity_mut"", ""nearby_binding_symbol"": null, ""rust_file"": ""vendor/linux/rust/kernel/alloc/kvec.rs"", ""text"": ""// SAFETY: The memory between `self.len` and `self.capacity` is guaranteed to be allocated"", ""version_id"": ""6d35786de281""}",CORRECT,independent precision review of extracted fact source context; rank/score/ranker blinded,CORRECT,independent precision review of extracted fact source context; rank/score/ranker blinded,CORRECT,adjudicated precision sample from extractor output; separate from recall gold labels,
rust-safety-comment-0073,rust_safety_comments,rust_safety_comments,6d35786de281,vendor/linux/rust/kernel/alloc/kvec.rs,330,Vec<T::push,"{""line"": 330, ""nearby_api"": ""Vec<T::push"", ""nearby_binding_symbol"": null, ""rust_file"": ""vendor/linux/rust/kernel/alloc/kvec.rs"", ""text"": ""// SAFETY: The call to `reserve` was successful, so the capacity is at least one greater"", ""version_id"": ""6d35786de281""}",CORRECT,independent precision review of extracted fact source context; rank/score/ranker blinded,CORRECT,independent precision review of extracted fact source context; rank/score/ranker blinded,CORRECT,adjudicated precision sample from extractor output; separate from recall gold labels,
rust-safety-comment-0074,rust_safety_comments,rust_safety_comments,6d35786de281,vendor/linux/rust/kernel/alloc/kvec.rs,353,Vec<T::push_within_capacity,"{""line"": 353, ""nearby_api"": ""Vec<T::push_within_capacity"", ""nearby_binding_symbol"": null, ""rust_file"": ""vendor/linux/rust/kernel/alloc/kvec.rs"", ""text"": ""// SAFETY: The length is less than the capacity."", ""version_id"": ""6d35786de281""}",CORRECT,independent precision review of extracted fact source context; rank/score/ranker blinded,CORRECT,independent precision review of extracted fact source context; rank/score/ranker blinded,CORRECT,adjudicated precision sample from extractor output; separate from recall gold labels,
rust-safety-comment-0075,rust_safety_comments,rust_safety_comments,6d35786de281,vendor/linux/rust/kernel/alloc/kvec.rs,363,Vec<T::push_within_capacity,"{""line"": 363, ""nearby_api"": ""Vec<T::push_within_capacity"", ""nearby_binding_symbol"": null, ""rust_file"": ""vendor/linux/rust/kernel/alloc/kvec.rs"", ""text"": ""/// # Safety"", ""version_id"": ""6d35786de281""}",CORRECT,independent precision review of extracted fact source context; rank/score/ranker blinded,CORRECT,independent precision review of extracted fact source context; rank/score/ranker blinded,CORRECT,adjudicated precision sample from extractor output; separate from recall gold labels,
rust-safety-comment-0076,rust_safety_comments,rust_safety_comments,6d35786de281,vendor/linux/rust/kernel/alloc/kvec.rs,369,Vec<T::push_within_capacity,"{""line"": 369, ""nearby_api"": ""Vec<T::push_within_capacity"", ""nearby_binding_symbol"": null, ""rust_file"": ""vendor/linux/rust/kernel/alloc/kvec.rs"", ""text"": ""// SAFETY: By the safety requirements, `spare` is non-empty."", ""version_id"": ""6d35786de281""}",CORRECT,independent precision review of extracted fact source context; rank/score/ranker blinded,CORRECT,independent precision review of extracted fact source context; rank/score/ranker blinded,CORRECT,adjudicated precision sample from extractor output; separate from recall gold labels,
rust-safety-comment-0077,rust_safety_comments,rust_safety_comments,6d35786de281,vendor/linux/rust/kernel/alloc/kvec.rs,372,Vec<T::push_within_capacity,"{""line"": 372, ""nearby_api"": ""Vec<T::push_within_capacity"", ""nearby_binding_symbol"": null, ""rust_file"": ""vendor/linux/rust/kernel/alloc/kvec.rs"", ""text"": ""// SAFETY: We just initialised the first spare entry, so it is safe to increase the length"", ""version_id"": ""6d35786de281""}",CORRECT,independent precision review of extracted fact source context; rank/score/ranker blinded,CORRECT,independent precision review of extracted fact source context; rank/score/ranker blinded,CORRECT,adjudicated precision sample from extractor output; separate from recall gold labels,
rust-safety-comment-0078,rust_safety_comments,rust_safety_comments,6d35786de281,vendor/linux/rust/kernel/alloc/kvec.rs,412,Vec<T::push_within_capacity,"{""line"": 412, ""nearby_api"": ""Vec<T::push_within_capacity"", ""nearby_binding_symbol"": null, ""rust_file"": ""vendor/linux/rust/kernel/alloc/kvec.rs"", ""text"": ""// SAFETY: This is in bounds since `index <= len < capacity`."", ""version_id"": ""6d35786de281""}",CORRECT,independent precision review of extracted fact source context; rank/score/ranker blinded,CORRECT,independent precision review of extracted fact source context; rank/score/ranker blinded,CORRECT,adjudicated precision sample from extractor output; separate from recall gold labels,
rust-safety-comment-0079,rust_safety_comments,rust_safety_comments,6d35786de281,vendor/linux/rust/kernel/alloc/kvec.rs,416,Vec<T::push_within_capacity,"{""line"": 416, ""nearby_api"": ""Vec<T::push_within_capacity"", ""nearby_binding_symbol"": null, ""rust_file"": ""vendor/linux/rust/kernel/alloc/kvec.rs"", ""text"": ""// SAFETY: Both the src and dst ranges end no later than one element after the length."", ""version_id"": ""6d35786de281""}",CORRECT,independent precision review of extracted fact source context; rank/score/ranker blinded,CORRECT,independent precision review of extracted fact source context; rank/score/ranker blinded,CORRECT,adjudicated precision sample from extractor output; separate from recall gold labels,
rust-safety-comment-0080,rust_safety_comments,rust_safety_comments,6d35786de281,vendor/linux/rust/kernel/alloc/kvec.rs,420,Vec<T::push_within_capacity,"{""line"": 420, ""nearby_api"": ""Vec<T::push_within_capacity"", ""nearby_binding_symbol"": null, ""rust_file"": ""vendor/linux/rust/kernel/alloc/kvec.rs"", ""text"": ""// SAFETY: The pointer is in-bounds of the allocation."", ""version_id"": ""6d35786de281""}",CORRECT,independent precision review of extracted fact source context; rank/score/ranker blinded,CORRECT,independent precision review of extracted fact source context; rank/score/ranker blinded,CORRECT,adjudicated precision sample from extractor output; separate from recall gold labels,
rust-safety-comment-0081,rust_safety_comments,rust_safety_comments,6d35786de281,vendor/linux/rust/kernel/alloc/kvec.rs,422,Vec<T::push_within_capacity,"{""line"": 422, ""nearby_api"": ""Vec<T::push_within_capacity"", ""nearby_binding_symbol"": null, ""rust_file"": ""vendor/linux/rust/kernel/alloc/kvec.rs"", ""text"": ""// SAFETY: Index `len` contains a valid element due to the above copy and write."", ""version_id"": ""6d35786de281""}",CORRECT,independent precision review of extracted fact source context; rank/score/ranker blinded,CORRECT,independent precision review of extracted fact source context; rank/score/ranker blinded,CORRECT,adjudicated precision sample from extractor output; separate from recall gold labels,
rust-safety-comment-0082,rust_safety_comments,rust_safety_comments,6d35786de281,vendor/linux/rust/kernel/alloc/kvec.rs,448,Vec<T::pop,"{""line"": 448, ""nearby_api"": ""Vec<T::pop"", ""nearby_binding_symbol"": null, ""rust_file"": ""vendor/linux/rust/kernel/alloc/kvec.rs"", ""text"": ""// SAFETY: We just checked that the length is at least one."", ""version_id"": ""6d35786de281""}",CORRECT,independent precision review of extracted fact source context; rank/score/ranker blinded,CORRECT,independent precision review of extracted fact source context; rank/score/ranker blinded,CORRECT,adjudicated precision sample from extractor output; separate from recall gold labels,
rust-safety-comment-0083,rust_safety_comments,rust_safety_comments,6d35786de281,vendor/linux/rust/kernel/alloc/kvec.rs,450,Vec<T::pop,"{""line"": 450, ""nearby_api"": ""Vec<T::pop"", ""nearby_binding_symbol"": null, ""rust_file"": ""vendor/linux/rust/kernel/alloc/kvec.rs"", ""text"": ""// SAFETY: The argument to `dec_len` was 1 so this returns a slice of length 1."", ""version_id"": ""6d35786de281""}",CORRECT,independent precision review of extracted fact source context; rank/score/ranker blinded,CORRECT,independent precision review of extracted fact source context; rank/score/ranker blinded,CORRECT,adjudicated precision sample from extractor output; separate from recall gold labels,
rust-safety-comment-0084,rust_safety_comments,rust_safety_comments,6d35786de281,vendor/linux/rust/kernel/alloc/kvec.rs,454,Vec<T::pop,"{""line"": 454, ""nearby_api"": ""Vec<T::pop"", ""nearby_binding_symbol"": null, ""rust_file"": ""vendor/linux/rust/kernel/alloc/kvec.rs"", ""text"": ""// SAFETY: The guarantees of `dec_len` allow us to take ownership of this value."", ""version_id"": ""6d35786de281""}",CORRECT,independent precision review of extracted fact source context; rank/score/ranker blinded,CORRECT,independent precision review of extracted fact source context; rank/score/ranker blinded,CORRECT,adjudicated precision sample from extractor output; separate from recall gold labels,
rust-safety-comment-0085,rust_safety_comments,rust_safety_comments,6d35786de281,vendor/linux/rust/kernel/alloc/kvec.rs,473,Vec<T::remove,"{""line"": 473, ""nearby_api"": ""Vec<T::remove"", ""nearby_binding_symbol"": null, ""rust_file"": ""vendor/linux/rust/kernel/alloc/kvec.rs"", ""text"": ""// SAFETY: The value at index `i` is valid, because otherwise we would have already"", ""version_id"": ""6d35786de281""}",CORRECT,independent precision review of extracted fact source context; rank/score/ranker blinded,CORRECT,independent precision review of extracted fact source context; rank/score/ranker blinded,CORRECT,adjudicated precision sample from extractor output; separate from recall gold labels,
rust-safety-comment-0086,rust_safety_comments,rust_safety_comments,6d35786de281,vendor/linux/rust/kernel/alloc/kvec.rs,478,Vec<T::remove,"{""line"": 478, ""nearby_api"": ""Vec<T::remove"", ""nearby_binding_symbol"": null, ""rust_file"": ""vendor/linux/rust/kernel/alloc/kvec.rs"", ""text"": ""// SAFETY: We checked that `i` is in-bounds."", ""version_id"": ""6d35786de281""}",CORRECT,independent precision review of extracted fact source context; rank/score/ranker blinded,CORRECT,independent precision review of extracted fact source context; rank/score/ranker blinded,CORRECT,adjudicated precision sample from extractor output; separate from recall gold labels,
rust-safety-comment-0087,rust_safety_comments,rust_safety_comments,6d35786de281,vendor/linux/rust/kernel/alloc/kvec.rs,483,Vec<T::remove,"{""line"": 483, ""nearby_api"": ""Vec<T::remove"", ""nearby_binding_symbol"": null, ""rust_file"": ""vendor/linux/rust/kernel/alloc/kvec.rs"", ""text"": ""// SAFETY: `p.add(1).add(self.len - i - 1)` is `i+1+len-i-1 == len` elements after the"", ""version_id"": ""6d35786de281""}",CORRECT,independent precision review of extracted fact source context; rank/score/ranker blinded,CORRECT,independent precision review of extracted fact source context; rank/score/ranker blinded,CORRECT,adjudicated precision sample from extractor output; separate from recall gold labels,
rust-safety-comment-0088,rust_safety_comments,rust_safety_comments,6d35786de281,vendor/linux/rust/kernel/alloc/kvec.rs,487,Vec<T::remove,"{""line"": 487, ""nearby_api"": ""Vec<T::remove"", ""nearby_binding_symbol"": null, ""rust_file"": ""vendor/linux/rust/kernel/alloc/kvec.rs"", ""text"": ""// SAFETY: Since the check at the beginning of this call did not fail with `RemoveError`,"", ""version_id"": ""6d35786de281""}",CORRECT,independent precision review of extracted fact source context; rank/score/ranker blinded,CORRECT,independent precision review of extracted fact source context; rank/score/ranker blinded,CORRECT,adjudicated precision sample from extractor output; separate from recall gold labels,
rust-safety-comment-0089,rust_safety_comments,rust_safety_comments,6d35786de281,vendor/linux/rust/kernel/alloc/kvec.rs,522,Vec<T::with_capacity,"{""line"": 522, ""nearby_api"": ""Vec<T::with_capacity"", ""nearby_binding_symbol"": null, ""rust_file"": ""vendor/linux/rust/kernel/alloc/kvec.rs"", ""text"": ""/// // SAFETY: We've just reserved memory for another element."", ""version_id"": ""6d35786de281""}",CORRECT,independent precision review of extracted fact source context; rank/score/ranker blinded,CORRECT,independent precision review of extracted fact source context; rank/score/ranker blinded,CORRECT,adjudicated precision sample from extractor output; separate from recall gold labels,
rust-safety-comment-0090,rust_safety_comments,rust_safety_comments,6d35786de281,vendor/linux/rust/kernel/alloc/kvec.rs,526,Vec<T::with_capacity,"{""line"": 526, ""nearby_api"": ""Vec<T::with_capacity"", ""nearby_binding_symbol"": null, ""rust_file"": ""vendor/linux/rust/kernel/alloc/kvec.rs"", ""text"": ""/// // SAFETY: We only wrote an additional element at the end of the `KVec`'s buffer and"", ""version_id"": ""6d35786de281""}",CORRECT,independent precision review of extracted fact source context; rank/score/ranker blinded,CORRECT,independent precision review of extracted fact source context; rank/score/ranker blinded,CORRECT,adjudicated precision sample from extractor output; separate from recall gold labels,
rust-safety-comment-0091,rust_safety_comments,rust_safety_comments,6d35786de281,vendor/linux/rust/kernel/alloc/kvec.rs,536,Vec<T::with_capacity,"{""line"": 536, ""nearby_api"": ""Vec<T::with_capacity"", ""nearby_binding_symbol"": null, ""rust_file"": ""vendor/linux/rust/kernel/alloc/kvec.rs"", ""text"": ""/// # Safety"", ""version_id"": ""6d35786de281""}",CORRECT,independent precision review of extracted fact source context; rank/score/ranker blinded,CORRECT,independent precision review of extracted fact source context; rank/score/ranker blinded,CORRECT,adjudicated precision sample from extractor output; separate from recall gold labels,
rust-safety-comment-0092,rust_safety_comments,rust_safety_comments,6d35786de281,vendor/linux/rust/kernel/alloc/kvec.rs,557,Vec<T::from_raw_parts,"{""line"": 557, ""nearby_api"": ""Vec<T::from_raw_parts"", ""nearby_binding_symbol"": null, ""rust_file"": ""vendor/linux/rust/kernel/alloc/kvec.rs"", ""text"": ""// SAFETY: By the safety requirements of this function, `capacity * size_of::<T>()` is"", ""version_id"": ""6d35786de281""}",CORRECT,independent precision review of extracted fact source context; rank/score/ranker blinded,CORRECT,independent precision review of extracted fact source context; rank/score/ranker blinded,CORRECT,adjudicated precision sample from extractor output; separate from recall gold labels,
rust-safety-comment-0093,rust_safety_comments,rust_safety_comments,6d35786de281,vendor/linux/rust/kernel/alloc/kvec.rs,565,Vec<T::from_raw_parts,"{""line"": 565, ""nearby_api"": ""Vec<T::from_raw_parts"", ""nearby_binding_symbol"": null, ""rust_file"": ""vendor/linux/rust/kernel/alloc/kvec.rs"", ""text"": ""// SAFETY: By the safety requirements, `ptr` is either dangling or pointing to a valid"", ""version_id"": ""6d35786de281""}",CORRECT,independent precision review of extracted fact source context; rank/score/ranker blinded,CORRECT,independent precision review of extracted fact source context; rank/score/ranker blinded,CORRECT,adjudicated precision sample from extractor output; separate from recall gold labels,
rust-safety-comment-0094,rust_safety_comments,rust_safety_comments,6d35786de281,vendor/linux/rust/kernel/alloc/kvec.rs,643,Vec<T::reserve,"{""line"": 643, ""nearby_api"": ""Vec<T::reserve"", ""nearby_binding_symbol"": null, ""rust_file"": ""vendor/linux/rust/kernel/alloc/kvec.rs"", ""text"": ""// SAFETY:"", ""version_id"": ""6d35786de281""}",CORRECT,independent precision review of extracted fact source context; rank/score/ranker blinded,CORRECT,independent precision review of extracted fact source context; rank/score/ranker blinded,CORRECT,adjudicated precision sample from extractor output; separate from recall gold labels,
rust-safety-comment-0095,rust_safety_comments,rust_safety_comments,6d35786de281,vendor/linux/rust/kernel/alloc/kvec.rs,683,Vec<T::truncate,"{""line"": 683, ""nearby_api"": ""Vec<T::truncate"", ""nearby_binding_symbol"": null, ""rust_file"": ""vendor/linux/rust/kernel/alloc/kvec.rs"", ""text"": ""// SAFETY: `count` is `self.len() - len` so it is guaranteed to be less than or"", ""version_id"": ""6d35786de281""}",CORRECT,independent precision review of extracted fact source context; rank/score/ranker blinded,CORRECT,independent precision review of extracted fact source context; rank/score/ranker blinded,CORRECT,adjudicated precision sample from extractor output; separate from recall gold labels,
rust-safety-comment-0096,rust_safety_comments,rust_safety_comments,6d35786de281,vendor/linux/rust/kernel/alloc/kvec.rs,687,Vec<T::truncate,"{""line"": 687, ""nearby_api"": ""Vec<T::truncate"", ""nearby_binding_symbol"": null, ""rust_file"": ""vendor/linux/rust/kernel/alloc/kvec.rs"", ""text"": ""// SAFETY: the contract of `dec_len` guarantees that the elements in `ptr` are"", ""version_id"": ""6d35786de281""}",CORRECT,independent precision review of extracted fact source context; rank/score/ranker blinded,CORRECT,independent precision review of extracted fact source context; rank/score/ranker blinded,CORRECT,adjudicated precision sample from extractor output; separate from recall gold labels,
rust-safety-comment-0097,rust_safety_comments,rust_safety_comments,6d35786de281,vendor/linux/rust/kernel/alloc/kvec.rs,708,Vec<T::drain_all,"{""line"": 708, ""nearby_api"": ""Vec<T::drain_all"", ""nearby_binding_symbol"": null, ""rust_file"": ""vendor/linux/rust/kernel/alloc/kvec.rs"", ""text"": ""// SAFETY: This does not underflow the length."", ""version_id"": ""6d35786de281""}",CORRECT,independent precision review of extracted fact source context; rank/score/ranker blinded,CORRECT,independent precision review of extracted fact source context; rank/score/ranker blinded,CORRECT,adjudicated precision sample from extractor output; separate from recall gold labels,
rust-safety-comment-0098,rust_safety_comments,rust_safety_comments,6d35786de281,vendor/linux/rust/kernel/alloc/kvec.rs,780,is_vmalloc_addr,"{""line"": 780, ""nearby_api"": ""Vec<T::shrink_to"", ""nearby_binding_symbol"": ""is_vmalloc_addr"", ""rust_file"": ""vendor/linux/rust/kernel/alloc/kvec.rs"", ""text"": ""// SAFETY: `self.ptr` points to a valid `KVmalloc` allocation."", ""version_id"": ""6d35786de281""}",CORRECT,independent precision review of extracted fact source context; rank/score/ranker blinded,CORRECT,independent precision review of extracted fact source context; rank/score/ranker blinded,CORRECT,adjudicated precision sample from extractor output; separate from recall gold labels,
rust-safety-comment-0099,rust_safety_comments,rust_safety_comments,6d35786de281,vendor/linux/rust/kernel/alloc/kvec.rs,784,is_vmalloc_addr,"{""line"": 784, ""nearby_api"": ""Vec<T::shrink_to"", ""nearby_binding_symbol"": ""is_vmalloc_addr"", ""rust_file"": ""vendor/linux/rust/kernel/alloc/kvec.rs"", ""text"": ""// SAFETY:"", ""version_id"": ""6d35786de281""}",CORRECT,independent precision review of extracted fact source context; rank/score/ranker blinded,CORRECT,independent precision review of extracted fact source context; rank/score/ranker blinded,CORRECT,adjudicated precision sample from extractor output; separate from recall gold labels,
rust-safety-comment-0100,rust_safety_comments,rust_safety_comments,6d35786de281,vendor/linux/rust/kernel/alloc/kvec.rs,814,Vec<T::shrink_to,"{""line"": 814, ""nearby_api"": ""Vec<T::shrink_to"", ""nearby_binding_symbol"": null, ""rust_file"": ""vendor/linux/rust/kernel/alloc/kvec.rs"", ""text"": ""// SAFETY:"", ""version_id"": ""6d35786de281""}",CORRECT,independent precision review of extracted fact source context; rank/score/ranker blinded,CORRECT,independent precision review of extracted fact source context; rank/score/ranker blinded,CORRECT,adjudicated precision sample from extractor output; separate from recall gold labels,
rust-safety-comment-0101,rust_safety_comments,rust_safety_comments,6d35786de281,vendor/linux/rust/kernel/alloc/kvec.rs,824,Vec<T::shrink_to,"{""line"": 824, ""nearby_api"": ""Vec<T::shrink_to"", ""nearby_binding_symbol"": null, ""rust_file"": ""vendor/linux/rust/kernel/alloc/kvec.rs"", ""text"": ""// SAFETY: `target_cap <= self.capacity()` and original capacity was valid."", ""version_id"": ""6d35786de281""}",CORRECT,independent precision review of extracted fact source context; rank/score/ranker blinded,CORRECT,independent precision review of extracted fact source context; rank/score/ranker blinded,CORRECT,adjudicated precision sample from extractor output; separate from recall gold labels,
rust-safety-comment-0102,rust_safety_comments,rust_safety_comments,6d35786de281,vendor/linux/rust/kernel/alloc/kvec.rs,829,Vec<T::shrink_to,"{""line"": 829, ""nearby_api"": ""Vec<T::shrink_to"", ""nearby_binding_symbol"": null, ""rust_file"": ""vendor/linux/rust/kernel/alloc/kvec.rs"", ""text"": ""// SAFETY:"", ""version_id"": ""6d35786de281""}",CORRECT,independent precision review of extracted fact source context; rank/score/ranker blinded,CORRECT,independent precision review of extracted fact source context; rank/score/ranker blinded,CORRECT,adjudicated precision sample from extractor output; separate from recall gold labels,
rust-safety-comment-0103,rust_safety_comments,rust_safety_comments,6d35786de281,vendor/linux/rust/kernel/alloc/kvec.rs,838,Vec<T::shrink_to,"{""line"": 838, ""nearby_api"": ""Vec<T::shrink_to"", ""nearby_binding_symbol"": null, ""rust_file"": ""vendor/linux/rust/kernel/alloc/kvec.rs"", ""text"": ""// SAFETY:"", ""version_id"": ""6d35786de281""}",CORRECT,independent precision review of extracted fact source context; rank/score/ranker blinded,CORRECT,independent precision review of extracted fact source context; rank/score/ranker blinded,CORRECT,adjudicated precision sample from extractor output; separate from recall gold labels,
rust-safety-comment-0104,rust_safety_comments,rust_safety_comments,6d35786de281,vendor/linux/rust/kernel/alloc/kvec.rs,868,Vec<T::extend_with,"{""line"": 868, ""nearby_api"": ""Vec<T::extend_with"", ""nearby_binding_symbol"": null, ""rust_file"": ""vendor/linux/rust/kernel/alloc/kvec.rs"", ""text"": ""// SAFETY:"", ""version_id"": ""6d35786de281""}",CORRECT,independent precision review of extracted fact source context; rank/score/ranker blinded,CORRECT,independent precision review of extracted fact source context; rank/score/ranker blinded,CORRECT,adjudicated precision sample from extractor output; separate from recall gold labels,
rust-safety-comment-0105,rust_safety_comments,rust_safety_comments,6d35786de281,vendor/linux/rust/kernel/alloc/kvec.rs,897,Vec<T::extend_from_slice,"{""line"": 897, ""nearby_api"": ""Vec<T::extend_from_slice"", ""nearby_binding_symbol"": null, ""rust_file"": ""vendor/linux/rust/kernel/alloc/kvec.rs"", ""text"": ""// SAFETY:"", ""version_id"": ""6d35786de281""}",CORRECT,independent precision review of extracted fact source context; rank/score/ranker blinded,CORRECT,independent precision review of extracted fact source context; rank/score/ranker blinded,CORRECT,adjudicated precision sample from extractor output; separate from recall gold labels,
rust-safety-comment-0106,rust_safety_comments,rust_safety_comments,6d35786de281,vendor/linux/rust/kernel/alloc/kvec.rs,948,Vec<T::resize,"{""line"": 948, ""nearby_api"": ""Vec<T::resize"", ""nearby_binding_symbol"": null, ""rust_file"": ""vendor/linux/rust/kernel/alloc/kvec.rs"", ""text"": ""// SAFETY: `self.as_mut_ptr` is guaranteed to be valid by the type invariant."", ""version_id"": ""6d35786de281""}",CORRECT,independent precision review of extracted fact source context; rank/score/ranker blinded,CORRECT,independent precision review of extracted fact source context; rank/score/ranker blinded,CORRECT,adjudicated precision sample from extractor output; separate from recall gold labels,
rust-safety-comment-0107,rust_safety_comments,rust_safety_comments,6d35786de281,vendor/linux/rust/kernel/alloc/kvec.rs,956,Vec<T::resize,"{""line"": 956, ""nearby_api"": ""Vec<T::resize"", ""nearby_binding_symbol"": null, ""rust_file"": ""vendor/linux/rust/kernel/alloc/kvec.rs"", ""text"": ""// SAFETY:"", ""version_id"": ""6d35786de281""}",CORRECT,independent precision review of extracted fact source context; rank/score/ranker blinded,CORRECT,independent precision review of extracted fact source context; rank/score/ranker blinded,CORRECT,adjudicated precision sample from extractor output; separate from recall gold labels,
rust-safety-comment-0108,rust_safety_comments,rust_safety_comments,6d35786de281,vendor/linux/rust/kernel/alloc/kvec.rs,971,Vec<T::resize,"{""line"": 971, ""nearby_api"": ""Vec<T::resize"", ""nearby_binding_symbol"": null, ""rust_file"": ""vendor/linux/rust/kernel/alloc/kvec.rs"", ""text"": ""// SAFETY:"", ""version_id"": ""6d35786de281""}",CORRECT,independent precision review of extracted fact source context; rank/score/ranker blinded,CORRECT,independent precision review of extracted fact source context; rank/score/ranker blinded,CORRECT,adjudicated precision sample from extractor output; separate from recall gold labels,
rust-safety-comment-0109,rust_safety_comments,rust_safety_comments,6d35786de281,vendor/linux/rust/kernel/alloc/kvec.rs,1002,Vec<T::resize,"{""line"": 1002, ""nearby_api"": ""Vec<T::resize"", ""nearby_binding_symbol"": null, ""rust_file"": ""vendor/linux/rust/kernel/alloc/kvec.rs"", ""text"": ""// SAFETY: The memory behind `self.as_ptr()` is guaranteed to contain `self.len`"", ""version_id"": ""6d35786de281""}",CORRECT,independent precision review of extracted fact source context; rank/score/ranker blinded,CORRECT,independent precision review of extracted fact source context; rank/score/ranker blinded,CORRECT,adjudicated precision sample from extractor output; separate from recall gold labels,
rust-safety-comment-0110,rust_safety_comments,rust_safety_comments,6d35786de281,vendor/linux/rust/kernel/alloc/kvec.rs,1014,Vec<T::resize,"{""line"": 1014, ""nearby_api"": ""Vec<T::resize"", ""nearby_binding_symbol"": null, ""rust_file"": ""vendor/linux/rust/kernel/alloc/kvec.rs"", ""text"": ""// SAFETY: The memory behind `self.as_ptr()` is guaranteed to contain `self.len`"", ""version_id"": ""6d35786de281""}",CORRECT,independent precision review of extracted fact source context; rank/score/ranker blinded,CORRECT,independent precision review of extracted fact source context; rank/score/ranker blinded,CORRECT,adjudicated precision sample from extractor output; separate from recall gold labels,
rust-safety-comment-0111,rust_safety_comments,rust_safety_comments,6d35786de281,vendor/linux/rust/kernel/alloc/kvec.rs,1161,Vec<T::resize,"{""line"": 1161, ""nearby_api"": ""Vec<T::resize"", ""nearby_binding_symbol"": null, ""rust_file"": ""vendor/linux/rust/kernel/alloc/kvec.rs"", ""text"": ""/// // SAFETY: There is no concurrent read or write to the same page."", ""version_id"": ""6d35786de281""}",CORRECT,independent precision review of extracted fact source context; rank/score/ranker blinded,CORRECT,independent precision review of extracted fact source context; rank/score/ranker blinded,CORRECT,adjudicated precision sample from extractor output; separate from recall gold labels,
rust-safety-comment-0112,rust_safety_comments,rust_safety_comments,6d35786de281,vendor/linux/rust/kernel/alloc/kvec.rs,1175,Vec<T::resize,"{""line"": 1175, ""nearby_api"": ""Vec<T::resize"", ""nearby_binding_symbol"": null, ""rust_file"": ""vendor/linux/rust/kernel/alloc/kvec.rs"", ""text"": ""// SAFETY:"", ""version_id"": ""6d35786de281""}",CORRECT,independent precision review of extracted fact source context; rank/score/ranker blinded,CORRECT,independent precision review of extracted fact source context; rank/score/ranker blinded,CORRECT,adjudicated precision sample from extractor output; separate from recall gold labels,
rust-safety-comment-0113,rust_safety_comments,rust_safety_comments,6d35786de281,vendor/linux/rust/kernel/alloc/kvec.rs,1260,IntoIter<T::collect,"{""line"": 1260, ""nearby_api"": ""IntoIter<T::collect"", ""nearby_binding_symbol"": null, ""rust_file"": ""vendor/linux/rust/kernel/alloc/kvec.rs"", ""text"": ""// SAFETY:"", ""version_id"": ""6d35786de281""}",CORRECT,independent precision review of extracted fact source context; rank/score/ranker blinded,CORRECT,independent precision review of extracted fact source context; rank/score/ranker blinded,CORRECT,adjudicated precision sample from extractor output; separate from recall gold labels,
rust-safety-comment-0114,rust_safety_comments,rust_safety_comments,6d35786de281,vendor/linux/rust/kernel/alloc/kvec.rs,1269,IntoIter<T::collect,"{""line"": 1269, ""nearby_api"": ""IntoIter<T::collect"", ""nearby_binding_symbol"": null, ""rust_file"": ""vendor/linux/rust/kernel/alloc/kvec.rs"", ""text"": ""// SAFETY: `len` is guaranteed to be smaller than `self.layout.len()` by the type"", ""version_id"": ""6d35786de281""}",CORRECT,independent precision review of extracted fact source context; rank/score/ranker blinded,CORRECT,independent precision review of extracted fact source context; rank/score/ranker blinded,CORRECT,adjudicated precision sample from extractor output; separate from recall gold labels,
rust-safety-comment-0115,rust_safety_comments,rust_safety_comments,6d35786de281,vendor/linux/rust/kernel/alloc/kvec.rs,1273,IntoIter<T::collect,"{""line"": 1273, ""nearby_api"": ""IntoIter<T::collect"", ""nearby_binding_symbol"": null, ""rust_file"": ""vendor/linux/rust/kernel/alloc/kvec.rs"", ""text"": ""// SAFETY: `buf` points to the start of the backing buffer and `len` is guaranteed by"", ""version_id"": ""6d35786de281""}",CORRECT,independent precision review of extracted fact source context; rank/score/ranker blinded,CORRECT,independent precision review of extracted fact source context; rank/score/ranker blinded,CORRECT,adjudicated precision sample from extractor output; separate from recall gold labels,
rust-safety-comment-0116,rust_safety_comments,rust_safety_comments,6d35786de281,vendor/linux/rust/kernel/alloc/kvec.rs,1295,IntoIter<T::collect,"{""line"": 1295, ""nearby_api"": ""IntoIter<T::collect"", ""nearby_binding_symbol"": null, ""rust_file"": ""vendor/linux/rust/kernel/alloc/kvec.rs"", ""text"": ""// SAFETY: If the iterator has been advanced, the advanced elements have been copied to"", ""version_id"": ""6d35786de281""}",CORRECT,independent precision review of extracted fact source context; rank/score/ranker blinded,CORRECT,independent precision review of extracted fact source context; rank/score/ranker blinded,CORRECT,adjudicated precision sample from extractor output; separate from recall gold labels,
rust-safety-comment-0117,rust_safety_comments,rust_safety_comments,6d35786de281,vendor/linux/rust/kernel/alloc/kvec.rs,1332,IntoIter<T::collect,"{""line"": 1332, ""nearby_api"": ""IntoIter<T::collect"", ""nearby_binding_symbol"": null, ""rust_file"": ""vendor/linux/rust/kernel/alloc/kvec.rs"", ""text"": ""// SAFETY: We can't overflow; decreasing `self.len` by one every time we advance `self.ptr`"", ""version_id"": ""6d35786de281""}",CORRECT,independent precision review of extracted fact source context; rank/score/ranker blinded,CORRECT,independent precision review of extracted fact source context; rank/score/ranker blinded,CORRECT,adjudicated precision sample from extractor output; separate from recall gold labels,
rust-safety-comment-0118,rust_safety_comments,rust_safety_comments,6d35786de281,vendor/linux/rust/kernel/alloc/kvec.rs,1338,IntoIter<T::collect,"{""line"": 1338, ""nearby_api"": ""IntoIter<T::collect"", ""nearby_binding_symbol"": null, ""rust_file"": ""vendor/linux/rust/kernel/alloc/kvec.rs"", ""text"": ""// SAFETY: `current` is guaranteed to point at a valid element within the buffer."", ""version_id"": ""6d35786de281""}",CORRECT,independent precision review of extracted fact source context; rank/score/ranker blinded,CORRECT,independent precision review of extracted fact source context; rank/score/ranker blinded,CORRECT,adjudicated precision sample from extractor output; separate from recall gold labels,
rust-safety-comment-0119,rust_safety_comments,rust_safety_comments,6d35786de281,vendor/linux/rust/kernel/alloc/kvec.rs,1370,IntoIter<T::collect,"{""line"": 1370, ""nearby_api"": ""IntoIter<T::collect"", ""nearby_binding_symbol"": null, ""rust_file"": ""vendor/linux/rust/kernel/alloc/kvec.rs"", ""text"": ""// SAFETY: `self.ptr` is guaranteed to be valid by the type invariant."", ""version_id"": ""6d35786de281""}",CORRECT,independent precision review of extracted fact source context; rank/score/ranker blinded,CORRECT,independent precision review of extracted fact source context; rank/score/ranker blinded,CORRECT,adjudicated precision sample from extractor output; separate from recall gold labels,
rust-safety-comment-0120,rust_safety_comments,rust_safety_comments,6d35786de281,vendor/linux/rust/kernel/alloc/kvec.rs,1373,IntoIter<T::collect,"{""line"": 1373, ""nearby_api"": ""IntoIter<T::collect"", ""nearby_binding_symbol"": null, ""rust_file"": ""vendor/linux/rust/kernel/alloc/kvec.rs"", ""text"": ""// SAFETY:"", ""version_id"": ""6d35786de281""}",CORRECT,independent precision review of extracted fact source context; rank/score/ranker blinded,CORRECT,independent precision review of extracted fact source context; rank/score/ranker blinded,CORRECT,adjudicated precision sample from extractor output; separate from recall gold labels,
rust-safety-comment-0121,rust_safety_comments,rust_safety_comments,6d35786de281,vendor/linux/rust/kernel/alloc/kvec.rs,1446,IntoIter<T::collect,"{""line"": 1446, ""nearby_api"": ""IntoIter<T::collect"", ""nearby_binding_symbol"": null, ""rust_file"": ""vendor/linux/rust/kernel/alloc/kvec.rs"", ""text"": ""// SAFETY: By the type invariants, we may take ownership of this value."", ""version_id"": ""6d35786de281""}",CORRECT,independent precision review of extracted fact source context; rank/score/ranker blinded,CORRECT,independent precision review of extracted fact source context; rank/score/ranker blinded,CORRECT,adjudicated precision sample from extractor output; separate from recall gold labels,
rust-safety-comment-0122,rust_safety_comments,rust_safety_comments,6d35786de281,vendor/linux/rust/kernel/alloc/kvec.rs,1460,IntoIter<T::collect,"{""line"": 1460, ""nearby_api"": ""IntoIter<T::collect"", ""nearby_binding_symbol"": null, ""rust_file"": ""vendor/linux/rust/kernel/alloc/kvec.rs"", ""text"": ""// SAFETY: By the type invariants, we own these values so we may destroy them."", ""version_id"": ""6d35786de281""}",CORRECT,independent precision review of extracted fact source context; rank/score/ranker blinded,CORRECT,independent precision review of extracted fact source context; rank/score/ranker blinded,CORRECT,adjudicated precision sample from extractor output; separate from recall gold labels,
rust-safety-comment-0123,rust_safety_comments,rust_safety_comments,6d35786de281,vendor/linux/rust/kernel/alloc/layout.rs,80,<safety-comment>,"{""line"": 80, ""nearby_api"": null, ""nearby_binding_symbol"": null, ""rust_file"": ""vendor/linux/rust/kernel/alloc/layout.rs"", ""text"": ""/// # Safety"", ""version_id"": ""6d35786de281""}",CORRECT,independent precision review of extracted fact source context; rank/score/ranker blinded,CORRECT,independent precision review of extracted fact source context; rank/score/ranker blinded,CORRECT,adjudicated precision sample from extractor output; separate from recall gold labels,
rust-safety-comment-0124,rust_safety_comments,rust_safety_comments,6d35786de281,vendor/linux/rust/kernel/alloc/layout.rs,111,<safety-comment>,"{""line"": 111, ""nearby_api"": null, ""nearby_binding_symbol"": null, ""rust_file"": ""vendor/linux/rust/kernel/alloc/layout.rs"", ""text"": ""// SAFETY: By the type invariant of `ArrayLayout` we have"", ""version_id"": ""6d35786de281""}",CORRECT,independent precision review of extracted fact source context; rank/score/ranker blinded,CORRECT,independent precision review of extracted fact source context; rank/score/ranker blinded,CORRECT,adjudicated precision sample from extractor output; separate from recall gold labels,
rust-safety-comment-0125,rust_safety_comments,rust_safety_comments,6d35786de281,vendor/linux/rust/kernel/auxiliary.rs,37,auxiliary_driver,"{""line"": 37, ""nearby_api"": null, ""nearby_binding_symbol"": ""auxiliary_driver"", ""rust_file"": ""vendor/linux/rust/kernel/auxiliary.rs"", ""text"": ""// SAFETY:"", ""version_id"": ""6d35786de281""}",CORRECT,independent precision review of extracted fact source context; rank/score/ranker blinded,CORRECT,independent precision review of extracted fact source context; rank/score/ranker blinded,CORRECT,adjudicated precision sample from extractor output; separate from recall gold labels,
rust-safety-comment-0126,rust_safety_comments,rust_safety_comments,6d35786de281,vendor/linux/rust/kernel/auxiliary.rs,48,auxiliary_driver,"{""line"": 48, ""nearby_api"": null, ""nearby_binding_symbol"": ""auxiliary_driver"", ""rust_file"": ""vendor/linux/rust/kernel/auxiliary.rs"", ""text"": ""// SAFETY: A call to `unregister` for a given instance of `DriverType` is guaranteed to be valid if"", ""version_id"": ""6d35786de281""}",CORRECT,independent precision review of extracted fact source context; rank/score/ranker blinded,CORRECT,independent precision review of extracted fact source context; rank/score/ranker blinded,CORRECT,adjudicated precision sample from extractor output; separate from recall gold labels,
rust-safety-comment-0127,rust_safety_comments,rust_safety_comments,6d35786de281,vendor/linux/rust/kernel/auxiliary.rs,56,<safety-comment>,"{""line"": 56, ""nearby_api"": null, ""nearby_binding_symbol"": null, ""rust_file"": ""vendor/linux/rust/kernel/auxiliary.rs"", ""text"": ""// SAFETY: It's safe to set the fields of `struct auxiliary_driver` on initialization."", ""version_id"": ""6d35786de281""}",CORRECT,independent precision review of extracted fact source context; rank/score/ranker blinded,CORRECT,independent precision review of extracted fact source context; rank/score/ranker blinded,CORRECT,adjudicated precision sample from extractor output; separate from recall gold labels,
rust-safety-comment-0128,rust_safety_comments,rust_safety_comments,6d35786de281,vendor/linux/rust/kernel/auxiliary.rs,64,__auxiliary_driver_register,"{""line"": 64, ""nearby_api"": null, ""nearby_binding_symbol"": ""__auxiliary_driver_register"", ""rust_file"": ""vendor/linux/rust/kernel/auxiliary.rs"", ""text"": ""// SAFETY: `adrv` is guaranteed to be a valid `DriverType`."", ""version_id"": ""6d35786de281""}",CORRECT,independent precision review of extracted fact source context; rank/score/ranker blinded,CORRECT,independent precision review of extracted fact source context; rank/score/ranker blinded,CORRECT,adjudicated precision sample from extractor output; separate from recall gold labels,
rust-safety-comment-0129,rust_safety_comments,rust_safety_comments,6d35786de281,vendor/linux/rust/kernel/auxiliary.rs,71,auxiliary_driver_unregister,"{""line"": 71, ""nearby_api"": null, ""nearby_binding_symbol"": ""auxiliary_driver_unregister"", ""rust_file"": ""vendor/linux/rust/kernel/auxiliary.rs"", ""text"": ""// SAFETY: `adrv` is guaranteed to be a valid `DriverType`."", ""version_id"": ""6d35786de281""}",CORRECT,independent precision review of extracted fact source context; rank/score/ranker blinded,CORRECT,independent precision review of extracted fact source context; rank/score/ranker blinded,CORRECT,adjudicated precision sample from extractor output; separate from recall gold labels,
rust-safety-comment-0130,rust_safety_comments,rust_safety_comments,6d35786de281,vendor/linux/rust/kernel/auxiliary.rs,81,auxiliary_device_id,"{""line"": 81, ""nearby_api"": null, ""nearby_binding_symbol"": ""auxiliary_device_id"", ""rust_file"": ""vendor/linux/rust/kernel/auxiliary.rs"", ""text"": ""// SAFETY: The auxiliary bus only ever calls the probe callback with a valid pointer to a"", ""version_id"": ""6d35786de281""}",CORRECT,independent precision review of extracted fact source context; rank/score/ranker blinded,CORRECT,independent precision review of extracted fact source context; rank/score/ranker blinded,CORRECT,adjudicated precision sample from extractor output; separate from recall gold labels,
rust-safety-comment-0131,rust_safety_comments,rust_safety_comments,6d35786de281,vendor/linux/rust/kernel/auxiliary.rs,87,<safety-comment>,"{""line"": 87, ""nearby_api"": null, ""nearby_binding_symbol"": null, ""rust_file"": ""vendor/linux/rust/kernel/auxiliary.rs"", ""text"": ""// SAFETY: `DeviceId` is a `#[repr(transparent)`] wrapper of `struct auxiliary_device_id`"", ""version_id"": ""6d35786de281""}",CORRECT,independent precision review of extracted fact source context; rank/score/ranker blinded,CORRECT,independent precision review of extracted fact source context; rank/score/ranker blinded,CORRECT,adjudicated precision sample from extractor output; separate from recall gold labels,
rust-safety-comment-0132,rust_safety_comments,rust_safety_comments,6d35786de281,vendor/linux/rust/kernel/auxiliary.rs,101,auxiliary_device,"{""line"": 101, ""nearby_api"": null, ""nearby_binding_symbol"": ""auxiliary_device"", ""rust_file"": ""vendor/linux/rust/kernel/auxiliary.rs"", ""text"": ""// SAFETY: The auxiliary bus only ever calls the probe callback with a valid pointer to a"", ""version_id"": ""6d35786de281""}",CORRECT,independent precision review of extracted fact source context; rank/score/ranker blinded,CORRECT,independent precision review of extracted fact source context; rank/score/ranker blinded,CORRECT,adjudicated precision sample from extractor output; separate from recall gold labels,
rust-safety-comment-0133,rust_safety_comments,rust_safety_comments,6d35786de281,vendor/linux/rust/kernel/auxiliary.rs,107,<safety-comment>,"{""line"": 107, ""nearby_api"": null, ""nearby_binding_symbol"": null, ""rust_file"": ""vendor/linux/rust/kernel/auxiliary.rs"", ""text"": ""// SAFETY: `remove_callback` is only ever called after a successful call to"", ""version_id"": ""6d35786de281""}",CORRECT,independent precision review of extracted fact source context; rank/score/ranker blinded,CORRECT,independent precision review of extracted fact source context; rank/score/ranker blinded,CORRECT,adjudicated precision sample from extractor output; separate from recall gold labels,
rust-safety-comment-0134,rust_safety_comments,rust_safety_comments,6d35786de281,vendor/linux/rust/kernel/auxiliary.rs,156,auxiliary_device_id,"{""line"": 156, ""nearby_api"": null, ""nearby_binding_symbol"": ""auxiliary_device_id"", ""rust_file"": ""vendor/linux/rust/kernel/auxiliary.rs"", ""text"": ""// SAFETY: `DeviceId` is a `#[repr(transparent)]` wrapper of `auxiliary_device_id` and does not add"", ""version_id"": ""6d35786de281""}",CORRECT,independent precision review of extracted fact source context; rank/score/ranker blinded,CORRECT,independent precision review of extracted fact source context; rank/score/ranker blinded,CORRECT,adjudicated precision sample from extractor output; separate from recall gold labels,
rust-safety-comment-0135,rust_safety_comments,rust_safety_comments,6d35786de281,vendor/linux/rust/kernel/auxiliary.rs,162,auxiliary_device_id,"{""line"": 162, ""nearby_api"": null, ""nearby_binding_symbol"": ""auxiliary_device_id"", ""rust_file"": ""vendor/linux/rust/kernel/auxiliary.rs"", ""text"": ""// SAFETY: `DRIVER_DATA_OFFSET` is the offset to the `driver_data` field."", ""version_id"": ""6d35786de281""}",CORRECT,independent precision review of extracted fact source context; rank/score/ranker blinded,CORRECT,independent precision review of extracted fact source context; rank/score/ranker blinded,CORRECT,adjudicated precision sample from extractor output; separate from recall gold labels,
rust-safety-comment-0136,rust_safety_comments,rust_safety_comments,6d35786de281,vendor/linux/rust/kernel/auxiliary.rs,246,Device<Ctx>::id,"{""line"": 246, ""nearby_api"": ""Device<Ctx>::id"", ""nearby_binding_symbol"": null, ""rust_file"": ""vendor/linux/rust/kernel/auxiliary.rs"", ""text"": ""// SAFETY: By the type invariant `self.as_raw()` is a valid pointer to a"", ""version_id"": ""6d35786de281""}",CORRECT,independent precision review of extracted fact source context; rank/score/ranker blinded,CORRECT,independent precision review of extracted fact source context; rank/score/ranker blinded,CORRECT,adjudicated precision sample from extractor output; separate from recall gold labels,
rust-safety-comment-0137,rust_safety_comments,rust_safety_comments,6d35786de281,vendor/linux/rust/kernel/auxiliary.rs,257,Device<device::Bound>::parent,"{""line"": 257, ""nearby_api"": ""Device<device::Bound>::parent"", ""nearby_binding_symbol"": null, ""rust_file"": ""vendor/linux/rust/kernel/auxiliary.rs"", ""text"": ""// SAFETY: A bound auxiliary device always has a bound parent device."", ""version_id"": ""6d35786de281""}",CORRECT,independent precision review of extracted fact source context; rank/score/ranker blinded,CORRECT,independent precision review of extracted fact source context; rank/score/ranker blinded,CORRECT,adjudicated precision sample from extractor output; separate from recall gold labels,
rust-safety-comment-0138,rust_safety_comments,rust_safety_comments,6d35786de281,vendor/linux/rust/kernel/auxiliary.rs,265,device,"{""line"": 265, ""nearby_api"": ""Device::parent"", ""nearby_binding_symbol"": ""device"", ""rust_file"": ""vendor/linux/rust/kernel/auxiliary.rs"", ""text"": ""// SAFETY: A `struct auxiliary_device` always has a parent."", ""version_id"": ""6d35786de281""}",CORRECT,independent precision review of extracted fact source context; rank/score/ranker blinded,CORRECT,independent precision review of extracted fact source context; rank/score/ranker blinded,CORRECT,adjudicated precision sample from extractor output; separate from recall gold labels,
rust-safety-comment-0139,rust_safety_comments,rust_safety_comments,6d35786de281,vendor/linux/rust/kernel/auxiliary.rs,270,auxiliary_device,"{""line"": 270, ""nearby_api"": ""Device::parent"", ""nearby_binding_symbol"": ""auxiliary_device"", ""rust_file"": ""vendor/linux/rust/kernel/auxiliary.rs"", ""text"": ""// SAFETY: By the type invariant `self.0.as_raw` is a pointer to the `struct device`"", ""version_id"": ""6d35786de281""}",CORRECT,independent precision review of extracted fact source context; rank/score/ranker blinded,CORRECT,independent precision review of extracted fact source context; rank/score/ranker blinded,CORRECT,adjudicated precision sample from extractor output; separate from recall gold labels,
rust-safety-comment-0140,rust_safety_comments,rust_safety_comments,6d35786de281,vendor/linux/rust/kernel/auxiliary.rs,274,auxiliary_device,"{""line"": 274, ""nearby_api"": ""Device::parent"", ""nearby_binding_symbol"": ""auxiliary_device"", ""rust_file"": ""vendor/linux/rust/kernel/auxiliary.rs"", ""text"": ""// SAFETY: `adev` points to the memory that has been allocated in `Registration::new`, via"", ""version_id"": ""6d35786de281""}",CORRECT,independent precision review of extracted fact source context; rank/score/ranker blinded,CORRECT,independent precision review of extracted fact source context; rank/score/ranker blinded,CORRECT,adjudicated precision sample from extractor output; separate from recall gold labels,
rust-safety-comment-0141,rust_safety_comments,rust_safety_comments,6d35786de281,vendor/linux/rust/kernel/auxiliary.rs,280,auxiliary_device,"{""line"": 280, ""nearby_api"": ""Device::parent"", ""nearby_binding_symbol"": ""auxiliary_device"", ""rust_file"": ""vendor/linux/rust/kernel/auxiliary.rs"", ""text"": ""// SAFETY: `auxiliary::Device` is a transparent wrapper of `struct auxiliary_device`."", ""version_id"": ""6d35786de281""}",CORRECT,independent precision review of extracted fact source context; rank/score/ranker blinded,CORRECT,independent precision review of extracted fact source context; rank/score/ranker blinded,CORRECT,adjudicated precision sample from extractor output; separate from recall gold labels,
rust-safety-comment-0142,rust_safety_comments,rust_safety_comments,6d35786de281,vendor/linux/rust/kernel/auxiliary.rs,286,auxiliary_device,"{""line"": 286, ""nearby_api"": ""Device::parent"", ""nearby_binding_symbol"": ""auxiliary_device"", ""rust_file"": ""vendor/linux/rust/kernel/auxiliary.rs"", ""text"": ""// SAFETY: `Device` is a transparent wrapper of a type that doesn't depend on `Device`'s generic"", ""version_id"": ""6d35786de281""}",CORRECT,independent precision review of extracted fact source context; rank/score/ranker blinded,CORRECT,independent precision review of extracted fact source context; rank/score/ranker blinded,CORRECT,adjudicated precision sample from extractor output; separate from recall gold labels,
rust-safety-comment-0143,rust_safety_comments,rust_safety_comments,6d35786de281,vendor/linux/rust/kernel/auxiliary.rs,291,get_device,"{""line"": 291, ""nearby_api"": ""Device::parent"", ""nearby_binding_symbol"": ""get_device"", ""rust_file"": ""vendor/linux/rust/kernel/auxiliary.rs"", ""text"": ""// SAFETY: Instances of `Device` are always reference-counted."", ""version_id"": ""6d35786de281""}",CORRECT,independent precision review of extracted fact source context; rank/score/ranker blinded,CORRECT,independent precision review of extracted fact source context; rank/score/ranker blinded,CORRECT,adjudicated precision sample from extractor output; separate from recall gold labels,
rust-safety-comment-0144,rust_safety_comments,rust_safety_comments,6d35786de281,vendor/linux/rust/kernel/auxiliary.rs,294,auxiliary_device,"{""line"": 294, ""nearby_api"": ""Device::parent"", ""nearby_binding_symbol"": ""auxiliary_device"", ""rust_file"": ""vendor/linux/rust/kernel/auxiliary.rs"", ""text"": ""// SAFETY: The existence of a shared reference guarantees that the refcount is non-zero."", ""version_id"": ""6d35786de281""}",CORRECT,independent precision review of extracted fact source context; rank/score/ranker blinded,CORRECT,independent precision review of extracted fact source context; rank/score/ranker blinded,CORRECT,adjudicated precision sample from extractor output; separate from recall gold labels,
rust-safety-comment-0145,rust_safety_comments,rust_safety_comments,6d35786de281,vendor/linux/rust/kernel/auxiliary.rs,302,put_device,"{""line"": 302, ""nearby_api"": ""Device::parent"", ""nearby_binding_symbol"": ""put_device"", ""rust_file"": ""vendor/linux/rust/kernel/auxiliary.rs"", ""text"": ""// SAFETY: By the type invariant of `Self`, `adev` is a pointer to a valid"", ""version_id"": ""6d35786de281""}",CORRECT,independent precision review of extracted fact source context; rank/score/ranker blinded,CORRECT,independent precision review of extracted fact source context; rank/score/ranker blinded,CORRECT,adjudicated precision sample from extractor output; separate from recall gold labels,
rust-safety-comment-0146,rust_safety_comments,rust_safety_comments,6d35786de281,vendor/linux/rust/kernel/auxiliary.rs,306,put_device,"{""line"": 306, ""nearby_api"": ""Device::parent"", ""nearby_binding_symbol"": ""put_device"", ""rust_file"": ""vendor/linux/rust/kernel/auxiliary.rs"", ""text"": ""// SAFETY: The safety requirements guarantee that the refcount is non-zero."", ""version_id"": ""6d35786de281""}",CORRECT,independent precision review of extracted fact source context; rank/score/ranker blinded,CORRECT,independent precision review of extracted fact source context; rank/score/ranker blinded,CORRECT,adjudicated precision sample from extractor output; separate from recall gold labels,
rust-safety-comment-0147,rust_safety_comments,rust_safety_comments,6d35786de281,vendor/linux/rust/kernel/auxiliary.rs,313,Device::parent,"{""line"": 313, ""nearby_api"": ""Device::parent"", ""nearby_binding_symbol"": null, ""rust_file"": ""vendor/linux/rust/kernel/auxiliary.rs"", ""text"": ""// SAFETY: By the type invariant of `Self`, `self.as_raw()` is a pointer to a valid"", ""version_id"": ""6d35786de281""}",CORRECT,independent precision review of extracted fact source context; rank/score/ranker blinded,CORRECT,independent precision review of extracted fact source context; rank/score/ranker blinded,CORRECT,adjudicated precision sample from extractor output; separate from recall gold labels,
rust-safety-comment-0148,rust_safety_comments,rust_safety_comments,6d35786de281,vendor/linux/rust/kernel/auxiliary.rs,317,Device::parent,"{""line"": 317, ""nearby_api"": ""Device::parent"", ""nearby_binding_symbol"": null, ""rust_file"": ""vendor/linux/rust/kernel/auxiliary.rs"", ""text"": ""// SAFETY: `dev` points to a valid `struct device`."", ""version_id"": ""6d35786de281""}",CORRECT,independent precision review of extracted fact source context; rank/score/ranker blinded,CORRECT,independent precision review of extracted fact source context; rank/score/ranker blinded,CORRECT,adjudicated precision sample from extractor output; separate from recall gold labels,
rust-safety-comment-0149,rust_safety_comments,rust_safety_comments,6d35786de281,vendor/linux/rust/kernel/auxiliary.rs,322,Device::parent,"{""line"": 322, ""nearby_api"": ""Device::parent"", ""nearby_binding_symbol"": null, ""rust_file"": ""vendor/linux/rust/kernel/auxiliary.rs"", ""text"": ""// SAFETY: A `Device` is always reference-counted and can be released from any thread."", ""version_id"": ""6d35786de281""}",CORRECT,independent precision review of extracted fact source context; rank/score/ranker blinded,CORRECT,independent precision review of extracted fact source context; rank/score/ranker blinded,CORRECT,adjudicated precision sample from extractor output; separate from recall gold labels,
rust-safety-comment-0150,rust_safety_comments,rust_safety_comments,6d35786de281,vendor/linux/rust/kernel/auxiliary.rs,325,Device::parent,"{""line"": 325, ""nearby_api"": ""Device::parent"", ""nearby_binding_symbol"": null, ""rust_file"": ""vendor/linux/rust/kernel/auxiliary.rs"", ""text"": ""// SAFETY: `Device` can be shared among threads because all methods of `Device`"", ""version_id"": ""6d35786de281""}",CORRECT,independent precision review of extracted fact source context; rank/score/ranker blinded,CORRECT,independent precision review of extracted fact source context; rank/score/ranker blinded,CORRECT,adjudicated precision sample from extractor output; separate from recall gold labels,
rust-safety-comment-0151,rust_safety_comments,rust_safety_comments,6d35786de281,vendor/linux/rust/kernel/auxiliary.rs,352,auxiliary_device,"{""line"": 352, ""nearby_api"": ""Device::parent"", ""nearby_binding_symbol"": ""auxiliary_device"", ""rust_file"": ""vendor/linux/rust/kernel/auxiliary.rs"", ""text"": ""// SAFETY: It's safe to set the fields of `struct auxiliary_device` on initialization."", ""version_id"": ""6d35786de281""}",CORRECT,independent precision review of extracted fact source context; rank/score/ranker blinded,CORRECT,independent precision review of extracted fact source context; rank/score/ranker blinded,CORRECT,adjudicated precision sample from extractor output; separate from recall gold labels,
rust-safety-comment-0152,rust_safety_comments,rust_safety_comments,6d35786de281,vendor/linux/rust/kernel/auxiliary.rs,360,auxiliary_device_init,"{""line"": 360, ""nearby_api"": ""Device::parent"", ""nearby_binding_symbol"": ""auxiliary_device_init"", ""rust_file"": ""vendor/linux/rust/kernel/auxiliary.rs"", ""text"": ""// SAFETY: `adev` is guaranteed to be a valid pointer to a `struct auxiliary_device`,"", ""version_id"": ""6d35786de281""}",CORRECT,independent precision review of extracted fact source context; rank/score/ranker blinded,CORRECT,independent precision review of extracted fact source context; rank/score/ranker blinded,CORRECT,adjudicated precision sample from extractor output; separate from recall gold labels,
rust-safety-comment-0153,rust_safety_comments,rust_safety_comments,6d35786de281,vendor/linux/rust/kernel/auxiliary.rs,369,__auxiliary_device_add,"{""line"": 369, ""nearby_api"": ""Device::parent"", ""nearby_binding_symbol"": ""__auxiliary_device_add"", ""rust_file"": ""vendor/linux/rust/kernel/auxiliary.rs"", ""text"": ""// SAFETY:"", ""version_id"": ""6d35786de281""}",CORRECT,independent precision review of extracted fact source context; rank/score/ranker blinded,CORRECT,independent precision review of extracted fact source context; rank/score/ranker blinded,CORRECT,adjudicated precision sample from extractor output; separate from recall gold labels,
rust-safety-comment-0154,rust_safety_comments,rust_safety_comments,6d35786de281,vendor/linux/rust/kernel/auxiliary.rs,375,auxiliary_device_uninit,"{""line"": 375, ""nearby_api"": ""Device::parent"", ""nearby_binding_symbol"": ""auxiliary_device_uninit"", ""rust_file"": ""vendor/linux/rust/kernel/auxiliary.rs"", ""text"": ""// SAFETY: `adev` is guaranteed to be a valid pointer to a"", ""version_id"": ""6d35786de281""}",CORRECT,independent precision review of extracted fact source context; rank/score/ranker blinded,CORRECT,independent precision review of extracted fact source context; rank/score/ranker blinded,CORRECT,adjudicated precision sample from extractor output; separate from recall gold labels,
rust-safety-comment-0155,rust_safety_comments,rust_safety_comments,6d35786de281,vendor/linux/rust/kernel/auxiliary.rs,386,Device::parent,"{""line"": 386, ""nearby_api"": ""Device::parent"", ""nearby_binding_symbol"": null, ""rust_file"": ""vendor/linux/rust/kernel/auxiliary.rs"", ""text"": ""// SAFETY: `adev` is guaranteed to be non-null, since the `KBox` was allocated"", ""version_id"": ""6d35786de281""}",CORRECT,independent precision review of extracted fact source context; rank/score/ranker blinded,CORRECT,independent precision review of extracted fact source context; rank/score/ranker blinded,CORRECT,adjudicated precision sample from extractor output; separate from recall gold labels,
rust-safety-comment-0156,rust_safety_comments,rust_safety_comments,6d35786de281,vendor/linux/rust/kernel/auxiliary.rs,396,auxiliary_device_delete,"{""line"": 396, ""nearby_api"": ""Device::parent"", ""nearby_binding_symbol"": ""auxiliary_device_delete"", ""rust_file"": ""vendor/linux/rust/kernel/auxiliary.rs"", ""text"": ""// SAFETY: By the type invariant of `Self`, `self.0.as_ptr()` is a valid registered"", ""version_id"": ""6d35786de281""}",CORRECT,independent precision review of extracted fact source context; rank/score/ranker blinded,CORRECT,independent precision review of extracted fact source context; rank/score/ranker blinded,CORRECT,adjudicated precision sample from extractor output; separate from recall gold labels,
rust-safety-comment-0157,rust_safety_comments,rust_safety_comments,6d35786de281,vendor/linux/rust/kernel/auxiliary.rs,402,auxiliary_device_uninit,"{""line"": 402, ""nearby_api"": ""Device::parent"", ""nearby_binding_symbol"": ""auxiliary_device_uninit"", ""rust_file"": ""vendor/linux/rust/kernel/auxiliary.rs"", ""text"": ""// SAFETY: By the type invariant of `Self`, `self.0.as_ptr()` is a valid registered"", ""version_id"": ""6d35786de281""}",CORRECT,independent precision review of extracted fact source context; rank/score/ranker blinded,CORRECT,independent precision review of extracted fact source context; rank/score/ranker blinded,CORRECT,adjudicated precision sample from extractor output; separate from recall gold labels,
rust-safety-comment-0158,rust_safety_comments,rust_safety_comments,6d35786de281,vendor/linux/rust/kernel/auxiliary.rs,408,auxiliary_device_uninit,"{""line"": 408, ""nearby_api"": ""Device::parent"", ""nearby_binding_symbol"": ""auxiliary_device_uninit"", ""rust_file"": ""vendor/linux/rust/kernel/auxiliary.rs"", ""text"": ""// SAFETY: A `Registration` of a `struct auxiliary_device` can be released from any thread."", ""version_id"": ""6d35786de281""}",CORRECT,independent precision review of extracted fact source context; rank/score/ranker blinded,CORRECT,independent precision review of extracted fact source context; rank/score/ranker blinded,CORRECT,adjudicated precision sample from extractor output; separate from recall gold labels,
rust-safety-comment-0159,rust_safety_comments,rust_safety_comments,6d35786de281,vendor/linux/rust/kernel/auxiliary.rs,411,Device::parent,"{""line"": 411, ""nearby_api"": ""Device::parent"", ""nearby_binding_symbol"": null, ""rust_file"": ""vendor/linux/rust/kernel/auxiliary.rs"", ""text"": ""// SAFETY: `Registration` does not expose any methods or fields that need synchronization."", ""version_id"": ""6d35786de281""}",CORRECT,independent precision review of extracted fact source context; rank/score/ranker blinded,CORRECT,independent precision review of extracted fact source context; rank/score/ranker blinded,CORRECT,adjudicated precision sample from extractor output; separate from recall gold labels,
rust-safety-comment-0160,rust_safety_comments,rust_safety_comments,6d35786de281,vendor/linux/rust/kernel/bitmap.rs,29,<safety-comment>,"{""line"": 29, ""nearby_api"": null, ""nearby_binding_symbol"": null, ""rust_file"": ""vendor/linux/rust/kernel/bitmap.rs"", ""text"": ""/// # Safety"", ""version_id"": ""6d35786de281""}",CORRECT,independent precision review of extracted fact source context; rank/score/ranker blinded,CORRECT,independent precision review of extracted fact source context; rank/score/ranker blinded,CORRECT,adjudicated precision sample from extractor output; separate from recall gold labels,
rust-safety-comment-0161,rust_safety_comments,rust_safety_comments,6d35786de281,vendor/linux/rust/kernel/bitmap.rs,38,<safety-comment>,"{""line"": 38, ""nearby_api"": null, ""nearby_binding_symbol"": null, ""rust_file"": ""vendor/linux/rust/kernel/bitmap.rs"", ""text"": ""// SAFETY:"", ""version_id"": ""6d35786de281""}",CORRECT,independent precision review of extracted fact source context; rank/score/ranker blinded,CORRECT,independent precision review of extracted fact source context; rank/score/ranker blinded,CORRECT,adjudicated precision sample from extractor output; separate from recall gold labels,
rust-safety-comment-0162,rust_safety_comments,rust_safety_comments,6d35786de281,vendor/linux/rust/kernel/bitmap.rs,54,<safety-comment>,"{""line"": 54, ""nearby_api"": null, ""nearby_binding_symbol"": null, ""rust_file"": ""vendor/linux/rust/kernel/bitmap.rs"", ""text"": ""/// # Safety"", ""version_id"": ""6d35786de281""}",CORRECT,independent precision review of extracted fact source context; rank/score/ranker blinded,CORRECT,independent precision review of extracted fact source context; rank/score/ranker blinded,CORRECT,adjudicated precision sample from extractor output; separate from recall gold labels,
rust-safety-comment-0163,rust_safety_comments,rust_safety_comments,6d35786de281,vendor/linux/rust/kernel/bitmap.rs,63,<safety-comment>,"{""line"": 63, ""nearby_api"": null, ""nearby_binding_symbol"": null, ""rust_file"": ""vendor/linux/rust/kernel/bitmap.rs"", ""text"": ""// SAFETY:"", ""version_id"": ""6d35786de281""}",CORRECT,independent precision review of extracted fact source context; rank/score/ranker blinded,CORRECT,independent precision review of extracted fact source context; rank/score/ranker blinded,CORRECT,adjudicated precision sample from extractor output; separate from recall gold labels,
rust-safety-comment-0164,rust_safety_comments,rust_safety_comments,6d35786de281,vendor/linux/rust/kernel/bitmap.rs,166,Bitmap::len,"{""line"": 166, ""nearby_api"": ""Bitmap::len"", ""nearby_binding_symbol"": null, ""rust_file"": ""vendor/linux/rust/kernel/bitmap.rs"", ""text"": ""// SAFETY: Bitmap is represented inline."", ""version_id"": ""6d35786de281""}",CORRECT,independent precision review of extracted fact source context; rank/score/ranker blinded,CORRECT,independent precision review of extracted fact source context; rank/score/ranker blinded,CORRECT,adjudicated precision sample from extractor output; separate from recall gold labels,
rust-safety-comment-0165,rust_safety_comments,rust_safety_comments,6d35786de281,vendor/linux/rust/kernel/bitmap.rs,172,Bitmap::len,"{""line"": 172, ""nearby_api"": ""Bitmap::len"", ""nearby_binding_symbol"": null, ""rust_file"": ""vendor/linux/rust/kernel/bitmap.rs"", ""text"": ""// SAFETY: Bitmap is represented as array of `unsigned long`."", ""version_id"": ""6d35786de281""}",CORRECT,independent precision review of extracted fact source context; rank/score/ranker blinded,CORRECT,independent precision review of extracted fact source context; rank/score/ranker blinded,CORRECT,adjudicated precision sample from extractor output; separate from recall gold labels,
rust-safety-comment-0166,rust_safety_comments,rust_safety_comments,6d35786de281,vendor/linux/rust/kernel/bitmap.rs,176,Bitmap::len,"{""line"": 176, ""nearby_api"": ""Bitmap::len"", ""nearby_binding_symbol"": null, ""rust_file"": ""vendor/linux/rust/kernel/bitmap.rs"", ""text"": ""// SAFETY: We got the right pointer and invariants of [`Bitmap`] hold."", ""version_id"": ""6d35786de281""}",CORRECT,independent precision review of extracted fact source context; rank/score/ranker blinded,CORRECT,independent precision review of extracted fact source context; rank/score/ranker blinded,CORRECT,adjudicated precision sample from extractor output; separate from recall gold labels,
rust-safety-comment-0167,rust_safety_comments,rust_safety_comments,6d35786de281,vendor/linux/rust/kernel/bitmap.rs,185,Bitmap::len,"{""line"": 185, ""nearby_api"": ""Bitmap::len"", ""nearby_binding_symbol"": null, ""rust_file"": ""vendor/linux/rust/kernel/bitmap.rs"", ""text"": ""// SAFETY: Bitmap is represented inline."", ""version_id"": ""6d35786de281""}",CORRECT,independent precision review of extracted fact source context; rank/score/ranker blinded,CORRECT,independent precision review of extracted fact source context; rank/score/ranker blinded,CORRECT,adjudicated precision sample from extractor output; separate from recall gold labels,
rust-safety-comment-0168,rust_safety_comments,rust_safety_comments,6d35786de281,vendor/linux/rust/kernel/bitmap.rs,191,Bitmap::len,"{""line"": 191, ""nearby_api"": ""Bitmap::len"", ""nearby_binding_symbol"": null, ""rust_file"": ""vendor/linux/rust/kernel/bitmap.rs"", ""text"": ""// SAFETY: Bitmap is represented as array of `unsigned long`."", ""version_id"": ""6d35786de281""}",CORRECT,independent precision review of extracted fact source context; rank/score/ranker blinded,CORRECT,independent precision review of extracted fact source context; rank/score/ranker blinded,CORRECT,adjudicated precision sample from extractor output; separate from recall gold labels,
rust-safety-comment-0169,rust_safety_comments,rust_safety_comments,6d35786de281,vendor/linux/rust/kernel/bitmap.rs,195,Bitmap::len,"{""line"": 195, ""nearby_api"": ""Bitmap::len"", ""nearby_binding_symbol"": null, ""rust_file"": ""vendor/linux/rust/kernel/bitmap.rs"", ""text"": ""// SAFETY: We got the right pointer and invariants of [`BitmapVec`] hold."", ""version_id"": ""6d35786de281""}",CORRECT,independent precision review of extracted fact source context; rank/score/ranker blinded,CORRECT,independent precision review of extracted fact source context; rank/score/ranker blinded,CORRECT,adjudicated precision sample from extractor output; separate from recall gold labels,
rust-safety-comment-0170,rust_safety_comments,rust_safety_comments,6d35786de281,vendor/linux/rust/kernel/bitmap.rs,203,Bitmap::len,"{""line"": 203, ""nearby_api"": ""Bitmap::len"", ""nearby_binding_symbol"": null, ""rust_file"": ""vendor/linux/rust/kernel/bitmap.rs"", ""text"": ""/// SAFETY: We own the underlying bitmap representation."", ""version_id"": ""6d35786de281""}",CORRECT,independent precision review of extracted fact source context; rank/score/ranker blinded,CORRECT,independent precision review of extracted fact source context; rank/score/ranker blinded,CORRECT,adjudicated precision sample from extractor output; separate from recall gold labels,
rust-safety-comment-0171,rust_safety_comments,rust_safety_comments,6d35786de281,vendor/linux/rust/kernel/bitmap.rs,208,Bitmap::len,"{""line"": 208, ""nearby_api"": ""Bitmap::len"", ""nearby_binding_symbol"": null, ""rust_file"": ""vendor/linux/rust/kernel/bitmap.rs"", ""text"": ""/// SAFETY: `deref()` will return a reference to a [`Bitmap`]. Its methods"", ""version_id"": ""6d35786de281""}",CORRECT,independent precision review of extracted fact source context; rank/score/ranker blinded,CORRECT,independent precision review of extracted fact source context; rank/score/ranker blinded,CORRECT,adjudicated precision sample from extractor output; separate from recall gold labels,
rust-safety-comment-0172,rust_safety_comments,rust_safety_comments,6d35786de281,vendor/linux/rust/kernel/bitmap.rs,217,bitmap_free,"{""line"": 217, ""nearby_api"": ""Bitmap::len"", ""nearby_binding_symbol"": ""bitmap_free"", ""rust_file"": ""vendor/linux/rust/kernel/bitmap.rs"", ""text"": ""// SAFETY: `self.ptr` was returned by the C `bitmap_zalloc`."", ""version_id"": ""6d35786de281""}",CORRECT,independent precision review of extracted fact source context; rank/score/ranker blinded,CORRECT,independent precision review of extracted fact source context; rank/score/ranker blinded,CORRECT,adjudicated precision sample from extractor output; separate from recall gold labels,
rust-safety-comment-0173,rust_safety_comments,rust_safety_comments,6d35786de281,vendor/linux/rust/kernel/bitmap.rs,259,bitmap_zalloc,"{""line"": 259, ""nearby_api"": ""BitmapVec::new"", ""nearby_binding_symbol"": ""bitmap_zalloc"", ""rust_file"": ""vendor/linux/rust/kernel/bitmap.rs"", ""text"": ""// SAFETY: `MAX_INLINE_LEN < nbits` and `nbits <= MAX_LEN`."", ""version_id"": ""6d35786de281""}",CORRECT,independent precision review of extracted fact source context; rank/score/ranker blinded,CORRECT,independent precision review of extracted fact source context; rank/score/ranker blinded,CORRECT,adjudicated precision sample from extractor output; separate from recall gold labels,
rust-safety-comment-0174,rust_safety_comments,rust_safety_comments,6d35786de281,vendor/linux/rust/kernel/bitmap.rs,279,BITS_PER_LONG,"{""line"": 279, ""nearby_api"": ""BitmapVec::fill_random"", ""nearby_binding_symbol"": ""BITS_PER_LONG"", ""rust_file"": ""vendor/linux/rust/kernel/bitmap.rs"", ""text"": ""// SAFETY: `self.as_mut_ptr` points to either an array of the"", ""version_id"": ""6d35786de281""}",CORRECT,independent precision review of extracted fact source context; rank/score/ranker blinded,CORRECT,independent precision review of extracted fact source context; rank/score/ranker blinded,CORRECT,adjudicated precision sample from extractor output; separate from recall gold labels,
rust-safety-comment-0175,rust_safety_comments,rust_safety_comments,6d35786de281,vendor/linux/rust/kernel/bitmap.rs,313,__set_bit,"{""line"": 313, ""nearby_api"": ""Bitmap::set_bit"", ""nearby_binding_symbol"": ""__set_bit"", ""rust_file"": ""vendor/linux/rust/kernel/bitmap.rs"", ""text"": ""// SAFETY: Bit `index` is within bounds."", ""version_id"": ""6d35786de281""}",CORRECT,independent precision review of extracted fact source context; rank/score/ranker blinded,CORRECT,independent precision review of extracted fact source context; rank/score/ranker blinded,CORRECT,adjudicated precision sample from extractor output; separate from recall gold labels,
rust-safety-comment-0176,rust_safety_comments,rust_safety_comments,6d35786de281,vendor/linux/rust/kernel/bitmap.rs,339,set_bit,"{""line"": 339, ""nearby_api"": ""Bitmap::set_bit_atomic"", ""nearby_binding_symbol"": ""set_bit"", ""rust_file"": ""vendor/linux/rust/kernel/bitmap.rs"", ""text"": ""// SAFETY: `index` is within bounds and the caller has ensured that"", ""version_id"": ""6d35786de281""}",CORRECT,independent precision review of extracted fact source context; rank/score/ranker blinded,CORRECT,independent precision review of extracted fact source context; rank/score/ranker blinded,CORRECT,adjudicated precision sample from extractor output; separate from recall gold labels,
rust-safety-comment-0177,rust_safety_comments,rust_safety_comments,6d35786de281,vendor/linux/rust/kernel/bitmap.rs,364,__clear_bit,"{""line"": 364, ""nearby_api"": ""Bitmap::clear_bit"", ""nearby_binding_symbol"": ""__clear_bit"", ""rust_file"": ""vendor/linux/rust/kernel/bitmap.rs"", ""text"": ""// SAFETY: `index` is within bounds."", ""version_id"": ""6d35786de281""}",CORRECT,independent precision review of extracted fact source context; rank/score/ranker blinded,CORRECT,independent precision review of extracted fact source context; rank/score/ranker blinded,CORRECT,adjudicated precision sample from extractor output; separate from recall gold labels,
rust-safety-comment-0178,rust_safety_comments,rust_safety_comments,6d35786de281,vendor/linux/rust/kernel/bitmap.rs,390,clear_bit,"{""line"": 390, ""nearby_api"": ""Bitmap::clear_bit_atomic"", ""nearby_binding_symbol"": ""clear_bit"", ""rust_file"": ""vendor/linux/rust/kernel/bitmap.rs"", ""text"": ""// SAFETY: `index` is within bounds and the caller has ensured that"", ""version_id"": ""6d35786de281""}",CORRECT,independent precision review of extracted fact source context; rank/score/ranker blinded,CORRECT,independent precision review of extracted fact source context; rank/score/ranker blinded,CORRECT,adjudicated precision sample from extractor output; separate from recall gold labels,
rust-safety-comment-0179,rust_safety_comments,rust_safety_comments,6d35786de281,vendor/linux/rust/kernel/bitmap.rs,418,bitmap_copy_and_extend,"{""line"": 418, ""nearby_api"": ""Bitmap::copy_and_extend"", ""nearby_binding_symbol"": ""bitmap_copy_and_extend"", ""rust_file"": ""vendor/linux/rust/kernel/bitmap.rs"", ""text"": ""// SAFETY: access to `self` and `src` is within bounds."", ""version_id"": ""6d35786de281""}",CORRECT,independent precision review of extracted fact source context; rank/score/ranker blinded,CORRECT,independent precision review of extracted fact source context; rank/score/ranker blinded,CORRECT,adjudicated precision sample from extractor output; separate from recall gold labels,
rust-safety-comment-0180,rust_safety_comments,rust_safety_comments,6d35786de281,vendor/linux/rust/kernel/bitmap.rs,451,_find_last_bit,"{""line"": 451, ""nearby_api"": ""Bitmap::last_bit"", ""nearby_binding_symbol"": ""_find_last_bit"", ""rust_file"": ""vendor/linux/rust/kernel/bitmap.rs"", ""text"": ""// SAFETY: `_find_next_bit` access is within bounds due to invariant."", ""version_id"": ""6d35786de281""}",CORRECT,independent precision review of extracted fact source context; rank/score/ranker blinded,CORRECT,independent precision review of extracted fact source context; rank/score/ranker blinded,CORRECT,adjudicated precision sample from extractor output; separate from recall gold labels,
rust-safety-comment-0181,rust_safety_comments,rust_safety_comments,6d35786de281,vendor/linux/rust/kernel/bitmap.rs,471,_find_next_bit,"{""line"": 471, ""nearby_api"": ""Bitmap::next_bit"", ""nearby_binding_symbol"": ""_find_next_bit"", ""rust_file"": ""vendor/linux/rust/kernel/bitmap.rs"", ""text"": ""// SAFETY: `_find_next_bit` tolerates out-of-bounds arguments and returns a"", ""version_id"": ""6d35786de281""}",CORRECT,independent precision review of extracted fact source context; rank/score/ranker blinded,CORRECT,independent precision review of extracted fact source context; rank/score/ranker blinded,CORRECT,adjudicated precision sample from extractor output; separate from recall gold labels,
rust-safety-comment-0182,rust_safety_comments,rust_safety_comments,6d35786de281,vendor/linux/rust/kernel/bitmap.rs,491,_find_next_zero_bit,"{""line"": 491, ""nearby_api"": ""Bitmap::next_zero_bit"", ""nearby_binding_symbol"": ""_find_next_zero_bit"", ""rust_file"": ""vendor/linux/rust/kernel/bitmap.rs"", ""text"": ""// SAFETY: `_find_next_zero_bit` tolerates out-of-bounds arguments and returns a"", ""version_id"": ""6d35786de281""}",CORRECT,independent precision review of extracted fact source context; rank/score/ranker blinded,CORRECT,independent precision review of extracted fact source context; rank/score/ranker blinded,CORRECT,adjudicated precision sample from extractor output; separate from recall gold labels,
rust-safety-comment-0183,rust_safety_comments,rust_safety_comments,6d35786de281,vendor/linux/rust/kernel/bitmap.rs,513,Bitmap::next_zero_bit,"{""line"": 513, ""nearby_api"": ""Bitmap::next_zero_bit"", ""nearby_binding_symbol"": null, ""rust_file"": ""vendor/linux/rust/kernel/bitmap.rs"", ""text"": ""// SAFETY: `fake_c_bitmap` is an array of expected length."", ""version_id"": ""6d35786de281""}",CORRECT,independent precision review of extracted fact source context; rank/score/ranker blinded,CORRECT,independent precision review of extracted fact source context; rank/score/ranker blinded,CORRECT,adjudicated precision sample from extractor output; separate from recall gold labels,
rust-safety-comment-0184,rust_safety_comments,rust_safety_comments,6d35786de281,vendor/linux/rust/kernel/bitmap.rs,522,Bitmap::next_zero_bit,"{""line"": 522, ""nearby_api"": ""Bitmap::next_zero_bit"", ""nearby_binding_symbol"": null, ""rust_file"": ""vendor/linux/rust/kernel/bitmap.rs"", ""text"": ""// SAFETY: `fake_c_bitmap` can be used as one-element array of expected length."", ""version_id"": ""6d35786de281""}",CORRECT,independent precision review of extracted fact source context; rank/score/ranker blinded,CORRECT,independent precision review of extracted fact source context; rank/score/ranker blinded,CORRECT,adjudicated precision sample from extractor output; separate from recall gold labels,
rust-safety-comment-0185,rust_safety_comments,rust_safety_comments,6d35786de281,vendor/linux/rust/kernel/block/mq/gen_disk.rs,106,queue_limits,"{""line"": 106, ""nearby_api"": ""GenDiskBuilder::capacity_sectors"", ""nearby_binding_symbol"": ""queue_limits"", ""rust_file"": ""vendor/linux/rust/kernel/block/mq/gen_disk.rs"", ""text"": ""// SAFETY: T::QueueData was created by the call to `into_foreign()` above"", ""version_id"": ""6d35786de281""}",CORRECT,independent precision review of extracted fact source context; rank/score/ranker blinded,CORRECT,independent precision review of extracted fact source context; rank/score/ranker blinded,CORRECT,adjudicated precision sample from extractor output; separate from recall gold labels,
rust-safety-comment-0186,rust_safety_comments,rust_safety_comments,6d35786de281,vendor/linux/rust/kernel/block/mq/gen_disk.rs,118,__blk_mq_alloc_disk,"{""line"": 118, ""nearby_api"": ""GenDiskBuilder::capacity_sectors"", ""nearby_binding_symbol"": ""__blk_mq_alloc_disk"", ""rust_file"": ""vendor/linux/rust/kernel/block/mq/gen_disk.rs"", ""text"": ""// SAFETY: `tagset.raw_tag_set()` points to a valid and initialized tag set"", ""version_id"": ""6d35786de281""}",CORRECT,independent precision review of extracted fact source context; rank/score/ranker blinded,CORRECT,independent precision review of extracted fact source context; rank/score/ranker blinded,CORRECT,adjudicated precision sample from extractor output; separate from recall gold labels,
rust-safety-comment-0187,rust_safety_comments,rust_safety_comments,6d35786de281,vendor/linux/rust/kernel/block/mq/gen_disk.rs,150,GenDiskBuilder::capacity_sectors,"{""line"": 150, ""nearby_api"": ""GenDiskBuilder::capacity_sectors"", ""nearby_binding_symbol"": null, ""rust_file"": ""vendor/linux/rust/kernel/block/mq/gen_disk.rs"", ""text"": ""// SAFETY: `gendisk` is a valid pointer as we initialized it above"", ""version_id"": ""6d35786de281""}",CORRECT,independent precision review of extracted fact source context; rank/score/ranker blinded,CORRECT,independent precision review of extracted fact source context; rank/score/ranker blinded,CORRECT,adjudicated precision sample from extractor output; separate from recall gold labels,
rust-safety-comment-0188,rust_safety_comments,rust_safety_comments,6d35786de281,vendor/linux/rust/kernel/block/mq/gen_disk.rs,154,GenDiskBuilder::capacity_sectors,"{""line"": 154, ""nearby_api"": ""GenDiskBuilder::capacity_sectors"", ""nearby_binding_symbol"": null, ""rust_file"": ""vendor/linux/rust/kernel/block/mq/gen_disk.rs"", ""text"": ""// SAFETY: `gendisk` points to a valid and initialized instance. We"", ""version_id"": ""6d35786de281""}",CORRECT,independent precision review of extracted fact source context; rank/score/ranker blinded,CORRECT,independent precision review of extracted fact source context; rank/score/ranker blinded,CORRECT,adjudicated precision sample from extractor output; separate from recall gold labels,
rust-safety-comment-0189,rust_safety_comments,rust_safety_comments,6d35786de281,vendor/linux/rust/kernel/block/mq/gen_disk.rs,162,set_capacity,"{""line"": 162, ""nearby_api"": ""GenDiskBuilder::capacity_sectors"", ""nearby_binding_symbol"": ""set_capacity"", ""rust_file"": ""vendor/linux/rust/kernel/block/mq/gen_disk.rs"", ""text"": ""// SAFETY: `gendisk` points to a valid and initialized instance of"", ""version_id"": ""6d35786de281""}",CORRECT,independent precision review of extracted fact source context; rank/score/ranker blinded,CORRECT,independent precision review of extracted fact source context; rank/score/ranker blinded,CORRECT,adjudicated precision sample from extractor output; separate from recall gold labels,
rust-safety-comment-0190,rust_safety_comments,rust_safety_comments,6d35786de281,vendor/linux/rust/kernel/block/mq/gen_disk.rs,168,device_add_disk,"{""line"": 168, ""nearby_api"": ""GenDiskBuilder::capacity_sectors"", ""nearby_binding_symbol"": ""device_add_disk"", ""rust_file"": ""vendor/linux/rust/kernel/block/mq/gen_disk.rs"", ""text"": ""// SAFETY: `gendisk` points to a valid and initialized instance of"", ""version_id"": ""6d35786de281""}",CORRECT,independent precision review of extracted fact source context; rank/score/ranker blinded,CORRECT,independent precision review of extracted fact source context; rank/score/ranker blinded,CORRECT,adjudicated precision sample from extractor output; separate from recall gold labels,
rust-safety-comment-0191,rust_safety_comments,rust_safety_comments,6d35786de281,vendor/linux/rust/kernel/block/mq/gen_disk.rs,201,gendisk,"{""line"": 201, ""nearby_api"": ""GenDiskBuilder::capacity_sectors"", ""nearby_binding_symbol"": ""gendisk"", ""rust_file"": ""vendor/linux/rust/kernel/block/mq/gen_disk.rs"", ""text"": ""// SAFETY: `GenDisk` is an owned pointer to a `struct gendisk` and an `Arc` to a"", ""version_id"": ""6d35786de281""}",CORRECT,independent precision review of extracted fact source context; rank/score/ranker blinded,CORRECT,independent precision review of extracted fact source context; rank/score/ranker blinded,CORRECT,adjudicated precision sample from extractor output; separate from recall gold labels,
rust-safety-comment-0192,rust_safety_comments,rust_safety_comments,6d35786de281,vendor/linux/rust/kernel/block/mq/gen_disk.rs,207,GenDiskBuilder::capacity_sectors,"{""line"": 207, ""nearby_api"": ""GenDiskBuilder::capacity_sectors"", ""nearby_binding_symbol"": null, ""rust_file"": ""vendor/linux/rust/kernel/block/mq/gen_disk.rs"", ""text"": ""// SAFETY: By type invariant of `Self`, `self.gendisk` points to a valid"", ""version_id"": ""6d35786de281""}",CORRECT,independent precision review of extracted fact source context; rank/score/ranker blinded,CORRECT,independent precision review of extracted fact source context; rank/score/ranker blinded,CORRECT,adjudicated precision sample from extractor output; separate from recall gold labels,
rust-safety-comment-0193,rust_safety_comments,rust_safety_comments,6d35786de281,vendor/linux/rust/kernel/block/mq/gen_disk.rs,213,del_gendisk,"{""line"": 213, ""nearby_api"": ""GenDiskBuilder::capacity_sectors"", ""nearby_binding_symbol"": ""del_gendisk"", ""rust_file"": ""vendor/linux/rust/kernel/block/mq/gen_disk.rs"", ""text"": ""// SAFETY: By type invariant, `self.gendisk` points to a valid and"", ""version_id"": ""6d35786de281""}",CORRECT,independent precision review of extracted fact source context; rank/score/ranker blinded,CORRECT,independent precision review of extracted fact source context; rank/score/ranker blinded,CORRECT,adjudicated precision sample from extractor output; separate from recall gold labels,
rust-safety-comment-0194,rust_safety_comments,rust_safety_comments,6d35786de281,vendor/linux/rust/kernel/block/mq/gen_disk.rs,218,del_gendisk,"{""line"": 218, ""nearby_api"": ""GenDiskBuilder::capacity_sectors"", ""nearby_binding_symbol"": ""del_gendisk"", ""rust_file"": ""vendor/linux/rust/kernel/block/mq/gen_disk.rs"", ""text"": ""// SAFETY: `queue.queuedata` was created by `GenDiskBuilder::build` with"", ""version_id"": ""6d35786de281""}",CORRECT,independent precision review of extracted fact source context; rank/score/ranker blinded,CORRECT,independent precision review of extracted fact source context; rank/score/ranker blinded,CORRECT,adjudicated precision sample from extractor output; separate from recall gold labels,
rust-safety-comment-0195,rust_safety_comments,rust_safety_comments,6d35786de281,vendor/linux/rust/kernel/block/mq/operations.rs,72,<safety-comment>,"{""line"": 72, ""nearby_api"": null, ""nearby_binding_symbol"": null, ""rust_file"": ""vendor/linux/rust/kernel/block/mq/operations.rs"", ""text"": ""/// # Safety"", ""version_id"": ""6d35786de281""}",CORRECT,independent precision review of extracted fact source context; rank/score/ranker blinded,CORRECT,independent precision review of extracted fact source context; rank/score/ranker blinded,CORRECT,adjudicated precision sample from extractor output; separate from recall gold labels,
rust-safety-comment-0196,rust_safety_comments,rust_safety_comments,6d35786de281,vendor/linux/rust/kernel/block/mq/operations.rs,89,blk_status_t,"{""line"": 89, ""nearby_api"": null, ""nearby_binding_symbol"": ""blk_status_t"", ""rust_file"": ""vendor/linux/rust/kernel/block/mq/operations.rs"", ""text"": ""// SAFETY: `bd.rq` is valid as required by the safety requirement for"", ""version_id"": ""6d35786de281""}",CORRECT,independent precision review of extracted fact source context; rank/score/ranker blinded,CORRECT,independent precision review of extracted fact source context; rank/score/ranker blinded,CORRECT,adjudicated precision sample from extractor output; separate from recall gold labels,
rust-safety-comment-0197,rust_safety_comments,rust_safety_comments,6d35786de281,vendor/linux/rust/kernel/block/mq/operations.rs,96,<safety-comment>,"{""line"": 96, ""nearby_api"": null, ""nearby_binding_symbol"": null, ""rust_file"": ""vendor/linux/rust/kernel/block/mq/operations.rs"", ""text"": ""// SAFETY:"", ""version_id"": ""6d35786de281""}",CORRECT,independent precision review of extracted fact source context; rank/score/ranker blinded,CORRECT,independent precision review of extracted fact source context; rank/score/ranker blinded,CORRECT,adjudicated precision sample from extractor output; separate from recall gold labels,
rust-safety-comment-0198,rust_safety_comments,rust_safety_comments,6d35786de281,vendor/linux/rust/kernel/block/mq/operations.rs,104,<safety-comment>,"{""line"": 104, ""nearby_api"": null, ""nearby_binding_symbol"": null, ""rust_file"": ""vendor/linux/rust/kernel/block/mq/operations.rs"", ""text"": ""// SAFETY: `hctx` is valid as required by this function."", ""version_id"": ""6d35786de281""}",CORRECT,independent precision review of extracted fact source context; rank/score/ranker blinded,CORRECT,independent precision review of extracted fact source context; rank/score/ranker blinded,CORRECT,adjudicated precision sample from extractor output; separate from recall gold labels,
rust-safety-comment-0199,rust_safety_comments,rust_safety_comments,6d35786de281,vendor/linux/rust/kernel/block/mq/operations.rs,107,<safety-comment>,"{""line"": 107, ""nearby_api"": null, ""nearby_binding_symbol"": null, ""rust_file"": ""vendor/linux/rust/kernel/block/mq/operations.rs"", ""text"": ""// SAFETY: `queue.queuedata` was created by `GenDiskBuilder::build` with"", ""version_id"": ""6d35786de281""}",CORRECT,independent precision review of extracted fact source context; rank/score/ranker blinded,CORRECT,independent precision review of extracted fact source context; rank/score/ranker blinded,CORRECT,adjudicated precision sample from extractor output; separate from recall gold labels,
rust-safety-comment-0200,rust_safety_comments,rust_safety_comments,6d35786de281,vendor/linux/rust/kernel/block/mq/operations.rs,113,<safety-comment>,"{""line"": 113, ""nearby_api"": null, ""nearby_binding_symbol"": null, ""rust_file"": ""vendor/linux/rust/kernel/block/mq/operations.rs"", ""text"": ""// SAFETY: We have exclusive access and we just set the refcount above."", ""version_id"": ""6d35786de281""}",CORRECT,independent precision review of extracted fact source context; rank/score/ranker blinded,CORRECT,independent precision review of extracted fact source context; rank/score/ranker blinded,CORRECT,adjudicated precision sample from extractor output; separate from recall gold labels,
