sample_id,extractor_name,version,file,line,symbol,extracted_fact,raw_context,reviewer1_label,reviewer2_label,adjudicated_label,error_category,notes
c_functions-001,c_functions,v6.11,.binddrift/worktrees/v6.11/include/linux/sched.h,1857,ia64_set_curr_task,"{""c_symbol"": ""ia64_set_curr_task"", ""definition_file"": """", ""header_file"": "".binddrift/worktrees/v6.11/include/linux/sched.h"", ""line"": 1857, ""params"": ""[\""int cpu\"", \""struct task_struct *p\""]"", ""return_type"": ""extern void"", ""version_id"": ""v6.11""}","[""int cpu"", ""struct task_struct *p""]",CORRECT,CORRECT,CORRECT,,imported split review true label
c_functions-002,c_functions,v7.0,.binddrift/worktrees/v7.0/include/linux/pci.h,1919,pci_enable_link_state,"{""c_symbol"": ""pci_enable_link_state"", ""definition_file"": "".binddrift/worktrees/v7.0/include/linux/pci.h"", ""header_file"": "".binddrift/worktrees/v7.0/include/linux/pci.h"", ""line"": 1919, ""params"": ""[\""struct pci_dev *pdev\"", \""int state\""]"", ""return_type"": ""static inline int"", ""version_id"": ""v7.0""}","[""struct pci_dev *pdev"", ""int state""]",CORRECT,CORRECT,CORRECT,,imported split review true label
c_functions-003,c_functions,v6.17,.binddrift/worktrees/v6.17/include/linux/platform_device.h,361,platform_pm_thaw,"{""c_symbol"": ""platform_pm_thaw"", ""definition_file"": """", ""header_file"": "".binddrift/worktrees/v6.17/include/linux/platform_device.h"", ""line"": 361, ""params"": ""[\""struct device *dev\""]"", ""return_type"": ""extern int"", ""version_id"": ""v6.17""}","[""struct device *dev""]",CORRECT,CORRECT,CORRECT,,imported split review true label
c_functions-004,c_functions,HEAD_6d35786de281,.binddrift/worktrees/HEAD_6d35786de281/include/linux/mm.h,4759,debug_guardpage_minorder,"{""c_symbol"": ""debug_guardpage_minorder"", ""definition_file"": "".binddrift/worktrees/HEAD_6d35786de281/include/linux/mm.h"", ""header_file"": "".binddrift/worktrees/HEAD_6d35786de281/include/linux/mm.h"", ""line"": 4759, ""params"": ""[]"", ""return_type"": ""static inline unsigned int"", ""version_id"": ""HEAD_6d35786de281""}",[],CORRECT,CORRECT,CORRECT,,imported split review true label
c_functions-005,c_functions,v6.8,.binddrift/worktrees/v6.8/include/linux/wait.h,80,init_waitqueue_entry,"{""c_symbol"": ""init_waitqueue_entry"", ""definition_file"": "".binddrift/worktrees/v6.8/include/linux/wait.h"", ""header_file"": "".binddrift/worktrees/v6.8/include/linux/wait.h"", ""line"": 80, ""params"": ""[\""struct wait_queue_entry *wq_entry\"", \""struct task_struct *p\""]"", ""return_type"": ""static inline void"", ""version_id"": ""v6.8""}","[""struct wait_queue_entry *wq_entry"", ""struct task_struct *p""]",CORRECT,CORRECT,CORRECT,,imported split review true label
c_functions-006,c_functions,v6.13,.binddrift/worktrees/v6.13/include/linux/cred.h,180,override_creds_light,"{""c_symbol"": ""override_creds_light"", ""definition_file"": "".binddrift/worktrees/v6.13/include/linux/cred.h"", ""header_file"": "".binddrift/worktrees/v6.13/include/linux/cred.h"", ""line"": 180, ""params"": ""[\""const struct cred *override_cred\""]"", ""return_type"": ""static inline const struct cred *"", ""version_id"": ""v6.13""}","[""const struct cred *override_cred""]",CORRECT,CORRECT,CORRECT,,imported split review true label
c_functions-007,c_functions,v7.0,.binddrift/worktrees/v7.0/include/linux/pci.h,1292,pci_get_device_reverse,"{""c_symbol"": ""pci_get_device_reverse"", ""definition_file"": """", ""header_file"": "".binddrift/worktrees/v7.0/include/linux/pci.h"", ""line"": 1292, ""params"": ""[\""unsigned int vendor\"", \""unsigned int device\"", \""struct pci_dev *from\""]"", ""return_type"": ""struct pci_dev *"", ""version_id"": ""v7.0""}","[""unsigned int vendor"", ""unsigned int device"", ""struct pci_dev *from""]",CORRECT,CORRECT,CORRECT,,imported split review true label
c_functions-008,c_functions,v6.14,.binddrift/worktrees/v6.14/include/linux/phy.h,1832,phy_device_register,"{""c_symbol"": ""phy_device_register"", ""definition_file"": """", ""header_file"": "".binddrift/worktrees/v6.14/include/linux/phy.h"", ""line"": 1832, ""params"": ""[\""struct phy_device *phy\""]"", ""return_type"": ""int"", ""version_id"": ""v6.14""}","[""struct phy_device *phy""]",CORRECT,CORRECT,CORRECT,,imported split review true label
c_functions-009,c_functions,v6.17,.binddrift/worktrees/v6.17/include/linux/mdio.h,589,mdiobus_c45_read_nested,"{""c_symbol"": ""mdiobus_c45_read_nested"", ""definition_file"": """", ""header_file"": "".binddrift/worktrees/v6.17/include/linux/mdio.h"", ""line"": 589, ""params"": ""[\""struct mii_bus *bus\"", \""int addr\"", \""int devad\"", \""u32 regnum\""]"", ""return_type"": ""int"", ""version_id"": ""v6.17""}","[""struct mii_bus *bus"", ""int addr"", ""int devad"", ""u32 regnum""]",CORRECT,CORRECT,CORRECT,,imported split review true label
c_functions-010,c_functions,v6.12,.binddrift/worktrees/v6.12/include/linux/blkdev.h,1163,queue_max_bytes,"{""c_symbol"": ""queue_max_bytes"", ""definition_file"": "".binddrift/worktrees/v6.12/include/linux/blkdev.h"", ""header_file"": "".binddrift/worktrees/v6.12/include/linux/blkdev.h"", ""line"": 1163, ""params"": ""[\""struct request_queue *q\""]"", ""return_type"": ""static inline unsigned int"", ""version_id"": ""v6.12""}","[""struct request_queue *q""]",CORRECT,CORRECT,CORRECT,,imported split review true label
c_functions-011,c_functions,v6.15,.binddrift/worktrees/v6.15/include/linux/blkdev.h,764,bdev_partno,"{""c_symbol"": ""bdev_partno"", ""definition_file"": "".binddrift/worktrees/v6.15/include/linux/blkdev.h"", ""header_file"": "".binddrift/worktrees/v6.15/include/linux/blkdev.h"", ""line"": 764, ""params"": ""[\""const struct block_device *bdev\""]"", ""return_type"": ""static inline u8"", ""version_id"": ""v6.15""}","[""const struct block_device *bdev""]",CORRECT,CORRECT,CORRECT,,imported split review true label
c_functions-012,c_functions,v6.19,.binddrift/worktrees/v6.19/include/linux/regulator/consumer.h,165,devm_regulator_get_enable,"{""c_symbol"": ""devm_regulator_get_enable"", ""definition_file"": """", ""header_file"": "".binddrift/worktrees/v6.19/include/linux/regulator/consumer.h"", ""line"": 165, ""params"": ""[\""struct device *dev\"", \""const char *id\""]"", ""return_type"": ""int"", ""version_id"": ""v6.19""}","[""struct device *dev"", ""const char *id""]",CORRECT,CORRECT,CORRECT,,imported split review true label
c_functions-013,c_functions,v6.16,.binddrift/worktrees/v6.16/include/linux/pci.h,1430,pci_store_saved_state,"{""c_symbol"": ""pci_store_saved_state"", ""definition_file"": """", ""header_file"": "".binddrift/worktrees/v6.16/include/linux/pci.h"", ""line"": 1430, ""params"": ""[\""struct pci_dev *dev\""]"", ""return_type"": ""struct pci_saved_state *"", ""version_id"": ""v6.16""}","[""struct pci_dev *dev""]",CORRECT,CORRECT,CORRECT,,imported split review true label
c_functions-014,c_functions,HEAD_6d35786de281,.binddrift/worktrees/HEAD_6d35786de281/include/linux/fs.h,2524,getname,"{""c_symbol"": ""getname"", ""definition_file"": "".binddrift/worktrees/HEAD_6d35786de281/include/linux/fs.h"", ""header_file"": "".binddrift/worktrees/HEAD_6d35786de281/include/linux/fs.h"", ""line"": 2524, ""params"": ""[\""const char __user *name\""]"", ""return_type"": ""static inline struct filename *"", ""version_id"": ""HEAD_6d35786de281""}","[""const char __user *name""]",CORRECT,CORRECT,CORRECT,,imported split review true label
c_functions-015,c_functions,v6.18,.binddrift/worktrees/v6.18/include/linux/acpi.h,1218,acpi_ec_set_gpe_wake_mask,"{""c_symbol"": ""acpi_ec_set_gpe_wake_mask"", ""definition_file"": "".binddrift/worktrees/v6.18/include/linux/acpi.h"", ""header_file"": "".binddrift/worktrees/v6.18/include/linux/acpi.h"", ""line"": 1218, ""params"": ""[\""u8 action\""]"", ""return_type"": ""static inline void"", ""version_id"": ""v6.18""}","[""u8 action""]",CORRECT,CORRECT,CORRECT,,imported split review true label
c_functions-016,c_functions,v6.11,.binddrift/worktrees/v6.11/include/linux/blkdev.h,1612,sync_blockdev,"{""c_symbol"": ""sync_blockdev"", ""definition_file"": """", ""header_file"": "".binddrift/worktrees/v6.11/include/linux/blkdev.h"", ""line"": 1612, ""params"": ""[\""struct block_device *bdev\""]"", ""return_type"": ""int"", ""version_id"": ""v6.11""}","[""struct block_device *bdev""]",CORRECT,CORRECT,CORRECT,,imported split review true label
c_functions-017,c_functions,v6.13,.binddrift/worktrees/v6.13/include/linux/fs.h,2926,notify_change,"{""c_symbol"": ""notify_change"", ""definition_file"": """", ""header_file"": "".binddrift/worktrees/v6.13/include/linux/fs.h"", ""line"": 2926, ""params"": ""[\""struct mnt_idmap *\"", \""struct dentry *\"", \""struct iattr *\"", \""struct inode **\""]"", ""return_type"": ""int"", ""version_id"": ""v6.13""}","[""struct mnt_idmap *"", ""struct dentry *"", ""struct iattr *"", ""struct inode **""]",CORRECT,CORRECT,CORRECT,,imported split review true label
c_functions-018,c_functions,v6.19,.binddrift/worktrees/v6.19/include/linux/blkdev.h,835,bdev_nr_sectors,"{""c_symbol"": ""bdev_nr_sectors"", ""definition_file"": "".binddrift/worktrees/v6.19/include/linux/blkdev.h"", ""header_file"": "".binddrift/worktrees/v6.19/include/linux/blkdev.h"", ""line"": 835, ""params"": ""[\""struct block_device *bdev\""]"", ""return_type"": ""static inline sector_t"", ""version_id"": ""v6.19""}","[""struct block_device *bdev""]",CORRECT,CORRECT,CORRECT,,imported split review true label
c_functions-019,c_functions,v7.0,.binddrift/worktrees/v7.0/include/linux/usb.h,839,usb_autopm_put_interface_async,"{""c_symbol"": ""usb_autopm_put_interface_async"", ""definition_file"": "".binddrift/worktrees/v7.0/include/linux/usb.h"", ""header_file"": "".binddrift/worktrees/v7.0/include/linux/usb.h"", ""line"": 839, ""params"": ""[\""struct usb_interface *intf\""]"", ""return_type"": ""static inline void"", ""version_id"": ""v7.0""}","[""struct usb_interface *intf""]",CORRECT,CORRECT,CORRECT,,imported split review true label
c_functions-020,c_functions,v6.19,.binddrift/worktrees/v6.19/include/linux/security.h,753,security_fs_context_dup,"{""c_symbol"": ""security_fs_context_dup"", ""definition_file"": "".binddrift/worktrees/v6.19/include/linux/security.h"", ""header_file"": "".binddrift/worktrees/v6.19/include/linux/security.h"", ""line"": 753, ""params"": ""[\""struct fs_context *fc\"", \""struct fs_context *src_fc\""]"", ""return_type"": ""static inline int"", ""version_id"": ""v6.19""}","[""struct fs_context *fc"", ""struct fs_context *src_fc""]",CORRECT,CORRECT,CORRECT,,imported split review true label
c_functions-021,c_functions,v6.19,.binddrift/worktrees/v6.19/include/linux/blkdev.h,1773,bd_abort_claiming,"{""c_symbol"": ""bd_abort_claiming"", ""definition_file"": """", ""header_file"": "".binddrift/worktrees/v6.19/include/linux/blkdev.h"", ""line"": 1773, ""params"": ""[\""struct block_device *bdev\"", \""void *holder\""]"", ""return_type"": ""void"", ""version_id"": ""v6.19""}","[""struct block_device *bdev"", ""void *holder""]",CORRECT,CORRECT,CORRECT,,imported split review true label
c_functions-022,c_functions,v6.15,.binddrift/worktrees/v6.15/include/linux/pci.h,2172,pci_resource_to_user,"{""c_symbol"": ""pci_resource_to_user"", ""definition_file"": """", ""header_file"": "".binddrift/worktrees/v6.15/include/linux/pci.h"", ""line"": 2172, ""params"": ""[\""const struct pci_dev *dev\"", \""int bar\"", \""const struct resource *rsrc\"", \""resource_size_t *start\"", \""resource_size_t *end\""]"", ""return_type"": ""void"", ""version_id"": ""v6.15""}","[""const struct pci_dev *dev"", ""int bar"", ""const struct resource *rsrc"", ""resource_size_t *start"", ""resource_size_t *end""]",CORRECT,CORRECT,CORRECT,,imported split review true label
c_functions-023,c_functions,v7.0,.binddrift/worktrees/v7.0/include/linux/dma-mapping.h,602,dma_coherent_ok,"{""c_symbol"": ""dma_coherent_ok"", ""definition_file"": """", ""header_file"": "".binddrift/worktrees/v7.0/include/linux/dma-mapping.h"", ""line"": 602, ""params"": ""[\""struct device *dev\"", \""phys_addr_t phys\"", \""size_t size\""]"", ""return_type"": ""bool"", ""version_id"": ""v7.0""}","[""struct device *dev"", ""phys_addr_t phys"", ""size_t size""]",CORRECT,CORRECT,CORRECT,,imported split review true label
c_functions-024,c_functions,v7.0,.binddrift/worktrees/v7.0/include/linux/blkdev.h,1021,bio_submit_split_bioset,"{""c_symbol"": ""bio_submit_split_bioset"", ""definition_file"": """", ""header_file"": "".binddrift/worktrees/v7.0/include/linux/blkdev.h"", ""line"": 1021, ""params"": ""[\""struct bio *bio\"", \""unsigned int split_sectors\"", \""struct bio_set *bs\""]"", ""return_type"": ""struct bio *"", ""version_id"": ""v7.0""}","[""struct bio *bio"", ""unsigned int split_sectors"", ""struct bio_set *bs""]",CORRECT,CORRECT,CORRECT,,imported split review true label
c_functions-025,c_functions,v6.19,.binddrift/worktrees/v6.19/include/linux/mm.h,2085,folio_mk_pmd,"{""c_symbol"": ""folio_mk_pmd"", ""definition_file"": "".binddrift/worktrees/v6.19/include/linux/mm.h"", ""header_file"": "".binddrift/worktrees/v6.19/include/linux/mm.h"", ""line"": 2085, ""params"": ""[\""const struct folio *folio\"", \""pgprot_t pgprot\""]"", ""return_type"": ""static inline pmd_t"", ""version_id"": ""v6.19""}","[""const struct folio *folio"", ""pgprot_t pgprot""]",CORRECT,CORRECT,CORRECT,,imported split review true label
c_functions-026,c_functions,v7.0,.binddrift/worktrees/v7.0/include/linux/pci.h,1441,pci_set_cacheline_size,"{""c_symbol"": ""pci_set_cacheline_size"", ""definition_file"": """", ""header_file"": "".binddrift/worktrees/v7.0/include/linux/pci.h"", ""line"": 1441, ""params"": ""[\""struct pci_dev *dev\""]"", ""return_type"": ""int"", ""version_id"": ""v7.0""}","[""struct pci_dev *dev""]",CORRECT,CORRECT,CORRECT,,imported split review true label
c_functions-027,c_functions,v6.17,.binddrift/worktrees/v6.17/include/linux/security.h,2343,security_perf_event_alloc,"{""c_symbol"": ""security_perf_event_alloc"", ""definition_file"": """", ""header_file"": "".binddrift/worktrees/v6.17/include/linux/security.h"", ""line"": 2343, ""params"": ""[\""struct perf_event *event\""]"", ""return_type"": ""extern int"", ""version_id"": ""v6.17""}","[""struct perf_event *event""]",CORRECT,CORRECT,CORRECT,,imported split review true label
c_functions-028,c_functions,v7.0,.binddrift/worktrees/v7.0/include/linux/slab.h,515,kfree_sensitive,"{""c_symbol"": ""kfree_sensitive"", ""definition_file"": """", ""header_file"": "".binddrift/worktrees/v7.0/include/linux/slab.h"", ""line"": 515, ""params"": ""[\""const void *objp\""]"", ""return_type"": ""void"", ""version_id"": ""v7.0""}","[""const void *objp""]",CORRECT,CORRECT,CORRECT,,imported split review true label
c_functions-029,c_functions,v6.17,.binddrift/worktrees/v6.17/include/linux/pci.h,2678,pci_device_to_OF_node,"{""c_symbol"": ""pci_device_to_OF_node"", ""definition_file"": "".binddrift/worktrees/v6.17/include/linux/pci.h"", ""header_file"": "".binddrift/worktrees/v6.17/include/linux/pci.h"", ""line"": 2678, ""params"": ""[\""const struct pci_dev *pdev\""]"", ""return_type"": ""static inline struct device_node *"", ""version_id"": ""v6.17""}","[""const struct pci_dev *pdev""]",CORRECT,CORRECT,CORRECT,,imported split review true label
c_functions-030,c_functions,v6.14,.binddrift/worktrees/v6.14/include/linux/sched.h,2147,need_resched,"{""c_symbol"": ""need_resched"", ""definition_file"": "".binddrift/worktrees/v6.14/include/linux/sched.h"", ""header_file"": "".binddrift/worktrees/v6.14/include/linux/sched.h"", ""line"": 2147, ""params"": ""[]"", ""return_type"": ""static __always_inline bool"", ""version_id"": ""v6.14""}",[],CORRECT,CORRECT,CORRECT,,imported split review true label
c_functions-031,c_functions,v6.17,.binddrift/worktrees/v6.17/include/linux/refcount.h,132,refcount_set,"{""c_symbol"": ""refcount_set"", ""definition_file"": "".binddrift/worktrees/v6.17/include/linux/refcount.h"", ""header_file"": "".binddrift/worktrees/v6.17/include/linux/refcount.h"", ""line"": 132, ""params"": ""[\""refcount_t *r\"", \""int n\""]"", ""return_type"": ""static inline void"", ""version_id"": ""v6.17""}","[""refcount_t *r"", ""int n""]",CORRECT,CORRECT,CORRECT,,imported split review true label
c_functions-032,c_functions,v6.15,.binddrift/worktrees/v6.15/include/linux/fs.h,2669,free_anon_bdev,"{""c_symbol"": ""free_anon_bdev"", ""definition_file"": """", ""header_file"": "".binddrift/worktrees/v6.15/include/linux/fs.h"", ""line"": 2669, ""params"": ""[\""dev_t\""]"", ""return_type"": ""void"", ""version_id"": ""v6.15""}","[""dev_t""]",CORRECT,CORRECT,CORRECT,,imported split review true label
c_functions-033,c_functions,v7.0,.binddrift/worktrees/v7.0/include/linux/property.h,34,__dev_fwnode,"{""c_symbol"": ""__dev_fwnode"", ""definition_file"": """", ""header_file"": "".binddrift/worktrees/v7.0/include/linux/property.h"", ""line"": 34, ""params"": ""[\""struct device *dev\""]"", ""return_type"": ""struct fwnode_handle *"", ""version_id"": ""v7.0""}","[""struct device *dev""]",CORRECT,CORRECT,CORRECT,,imported split review true label
c_functions-034,c_functions,v6.16,.binddrift/worktrees/v6.16/include/linux/security.h,1966,security_xfrm_policy_alloc,"{""c_symbol"": ""security_xfrm_policy_alloc"", ""definition_file"": "".binddrift/worktrees/v6.16/include/linux/security.h"", ""header_file"": "".binddrift/worktrees/v6.16/include/linux/security.h"", ""line"": 1966, ""params"": ""[\""struct xfrm_sec_ctx **ctxp\"", \""struct xfrm_user_sec_ctx *sec_ctx\"", \""gfp_t gfp\""]"", ""return_type"": ""static inline int"", ""version_id"": ""v6.16""}","[""struct xfrm_sec_ctx **ctxp"", ""struct xfrm_user_sec_ctx *sec_ctx"", ""gfp_t gfp""]",CORRECT,CORRECT,CORRECT,,imported split review true label
c_functions-035,c_functions,v7.0,.binddrift/worktrees/v7.0/include/linux/mm.h,1782,get_page,"{""c_symbol"": ""get_page"", ""definition_file"": "".binddrift/worktrees/v7.0/include/linux/mm.h"", ""header_file"": "".binddrift/worktrees/v7.0/include/linux/mm.h"", ""line"": 1782, ""params"": ""[\""struct page *page\""]"", ""return_type"": ""static inline void"", ""version_id"": ""v7.0""}","[""struct page *page""]",CORRECT,CORRECT,CORRECT,,imported split review true label
c_functions-036,c_functions,v6.15,.binddrift/worktrees/v6.15/include/linux/phy.h,1982,genphy_c45_ethtool_set_eee,"{""c_symbol"": ""genphy_c45_ethtool_set_eee"", ""definition_file"": """", ""header_file"": "".binddrift/worktrees/v6.15/include/linux/phy.h"", ""line"": 1982, ""params"": ""[\""struct phy_device *phydev\"", \""struct ethtool_keee *data\""]"", ""return_type"": ""int"", ""version_id"": ""v6.15""}","[""struct phy_device *phydev"", ""struct ethtool_keee *data""]",CORRECT,CORRECT,CORRECT,,imported split review true label
c_functions-037,c_functions,v6.14,.binddrift/worktrees/v6.14/include/linux/blkdev.h,1181,bdev_limits,"{""c_symbol"": ""bdev_limits"", ""definition_file"": "".binddrift/worktrees/v6.14/include/linux/blkdev.h"", ""header_file"": "".binddrift/worktrees/v6.14/include/linux/blkdev.h"", ""line"": 1181, ""params"": ""[\""struct block_device *bdev\""]"", ""return_type"": ""static inline struct queue_limits *"", ""version_id"": ""v6.14""}","[""struct block_device *bdev""]",CORRECT,CORRECT,CORRECT,,imported split review true label
c_functions-038,c_functions,v6.17,.binddrift/worktrees/v6.17/include/linux/xarray.h,1742,xas_find_chunk,"{""c_symbol"": ""xas_find_chunk"", ""definition_file"": "".binddrift/worktrees/v6.17/include/linux/xarray.h"", ""header_file"": "".binddrift/worktrees/v6.17/include/linux/xarray.h"", ""line"": 1742, ""params"": ""[\""struct xa_state *xas\"", \""bool advance\"", \""xa_mark_t mark\""]"", ""return_type"": ""static inline unsigned int"", ""version_id"": ""v6.17""}","[""struct xa_state *xas"", ""bool advance"", ""xa_mark_t mark""]",CORRECT,CORRECT,CORRECT,,imported split review true label
c_functions-039,c_functions,v6.8,.binddrift/worktrees/v6.8/include/linux/sched.h,1766,relax_compatible_cpus_allowed_ptr,"{""c_symbol"": ""relax_compatible_cpus_allowed_ptr"", ""definition_file"": """", ""header_file"": "".binddrift/worktrees/v6.8/include/linux/sched.h"", ""line"": 1766, ""params"": ""[\""struct task_struct *p\""]"", ""return_type"": ""extern void"", ""version_id"": ""v6.8""}","[""struct task_struct *p""]",CORRECT,CORRECT,CORRECT,,imported split review true label
c_functions-040,c_functions,HEAD_6d35786de281,.binddrift/worktrees/HEAD_6d35786de281/include/linux/fs.h,3276,make_empty_dir_inode,"{""c_symbol"": ""make_empty_dir_inode"", ""definition_file"": """", ""header_file"": "".binddrift/worktrees/HEAD_6d35786de281/include/linux/fs.h"", ""line"": 3276, ""params"": ""[\""struct inode *inode\""]"", ""return_type"": ""extern void"", ""version_id"": ""HEAD_6d35786de281""}","[""struct inode *inode""]",CORRECT,CORRECT,CORRECT,,imported split review true label
c_functions-041,c_functions,v6.15,.binddrift/worktrees/v6.15/include/linux/workqueue.h,582,apply_workqueue_attrs,"{""c_symbol"": ""apply_workqueue_attrs"", ""definition_file"": """", ""header_file"": "".binddrift/worktrees/v6.15/include/linux/workqueue.h"", ""line"": 582, ""params"": ""[\""struct workqueue_struct *wq\"", \""const struct workqueue_attrs *attrs\""]"", ""return_type"": ""int"", ""version_id"": ""v6.15""}","[""struct workqueue_struct *wq"", ""const struct workqueue_attrs *attrs""]",CORRECT,CORRECT,CORRECT,,imported split review true label
c_functions-042,c_functions,HEAD_6d35786de281,.binddrift/worktrees/HEAD_6d35786de281/include/linux/ethtool.h,363,ethtool_convert_link_mode_to_legacy_u32,"{""c_symbol"": ""ethtool_convert_link_mode_to_legacy_u32"", ""definition_file"": """", ""header_file"": "".binddrift/worktrees/HEAD_6d35786de281/include/linux/ethtool.h"", ""line"": 363, ""params"": ""[\""u32 *legacy_u32\"", \""const unsigned long *src\""]"", ""return_type"": ""bool"", ""version_id"": ""HEAD_6d35786de281""}","[""u32 *legacy_u32"", ""const unsigned long *src""]",CORRECT,CORRECT,CORRECT,,imported split review true label
c_functions-043,c_functions,v6.18,.binddrift/worktrees/v6.18/include/linux/phy.h,1962,genphy_handle_interrupt_no_ack,"{""c_symbol"": ""genphy_handle_interrupt_no_ack"", ""definition_file"": """", ""header_file"": "".binddrift/worktrees/v6.18/include/linux/phy.h"", ""line"": 1962, ""params"": ""[\""struct phy_device *phydev\""]"", ""return_type"": ""irqreturn_t"", ""version_id"": ""v6.18""}","[""struct phy_device *phydev""]",CORRECT,CORRECT,CORRECT,,imported split review true label
c_functions-044,c_functions,v6.17,.binddrift/worktrees/v6.17/include/linux/security.h,340,security_ptrace_traceme,"{""c_symbol"": ""security_ptrace_traceme"", ""definition_file"": """", ""header_file"": "".binddrift/worktrees/v6.17/include/linux/security.h"", ""line"": 340, ""params"": ""[\""struct task_struct *parent\""]"", ""return_type"": ""int"", ""version_id"": ""v6.17""}","[""struct task_struct *parent""]",CORRECT,CORRECT,CORRECT,,imported split review true label
c_functions-045,c_functions,v6.16,.binddrift/worktrees/v6.16/include/drm/drm_file.h,509,drm_print_memory_stats,"{""c_symbol"": ""drm_print_memory_stats"", ""definition_file"": """", ""header_file"": "".binddrift/worktrees/v6.16/include/drm/drm_file.h"", ""line"": 509, ""params"": ""[\""struct drm_printer *p\"", \""const struct drm_memory_stats *stats\"", \""enum drm_gem_object_status supported_status\"", \""const char *region\""]"", ""return_type"": ""void"", ""version_id"": ""v6.16""}","[""struct drm_printer *p"", ""const struct drm_memory_stats *stats"", ""enum drm_gem_object_status supported_status"", ""const char *region""]",CORRECT,CORRECT,CORRECT,,imported split review true label
c_functions-046,c_functions,HEAD_6d35786de281,.binddrift/worktrees/HEAD_6d35786de281/include/linux/fs.h,3179,generic_fill_statx_attr,"{""c_symbol"": ""generic_fill_statx_attr"", ""definition_file"": """", ""header_file"": "".binddrift/worktrees/HEAD_6d35786de281/include/linux/fs.h"", ""line"": 3179, ""params"": ""[\""struct inode *inode\"", \""struct kstat *stat\""]"", ""return_type"": ""void"", ""version_id"": ""HEAD_6d35786de281""}","[""struct inode *inode"", ""struct kstat *stat""]",CORRECT,CORRECT,CORRECT,,imported split review true label
c_functions-047,c_functions,v6.18,.binddrift/worktrees/v6.18/include/linux/security.h,643,security_binder_transaction,"{""c_symbol"": ""security_binder_transaction"", ""definition_file"": "".binddrift/worktrees/v6.18/include/linux/security.h"", ""header_file"": "".binddrift/worktrees/v6.18/include/linux/security.h"", ""line"": 643, ""params"": ""[\""const struct cred *from\"", \""const struct cred *to\""]"", ""return_type"": ""static inline int"", ""version_id"": ""v6.18""}","[""const struct cred *from"", ""const struct cred *to""]",CORRECT,CORRECT,CORRECT,,imported split review true label
c_functions-048,c_functions,HEAD_6d35786de281,.binddrift/worktrees/HEAD_6d35786de281/include/linux/acpi.h,1186,acpi_register_lps0_dev,"{""c_symbol"": ""acpi_register_lps0_dev"", ""definition_file"": """", ""header_file"": "".binddrift/worktrees/HEAD_6d35786de281/include/linux/acpi.h"", ""line"": 1186, ""params"": ""[\""struct acpi_s2idle_dev_ops *arg\""]"", ""return_type"": ""int"", ""version_id"": ""HEAD_6d35786de281""}","[""struct acpi_s2idle_dev_ops *arg""]",CORRECT,CORRECT,CORRECT,,imported split review true label
c_functions-049,c_functions,v6.14,.binddrift/worktrees/v6.14/include/linux/phy.h,1593,__phy_set_bits_mmd,"{""c_symbol"": ""__phy_set_bits_mmd"", ""definition_file"": "".binddrift/worktrees/v6.14/include/linux/phy.h"", ""header_file"": "".binddrift/worktrees/v6.14/include/linux/phy.h"", ""line"": 1593, ""params"": ""[\""struct phy_device *phydev\"", \""int devad\"", \""u32 regnum\"", \""u16 val\""]"", ""return_type"": ""static inline int"", ""version_id"": ""v6.14""}","[""struct phy_device *phydev"", ""int devad"", ""u32 regnum"", ""u16 val""]",CORRECT,CORRECT,CORRECT,,imported split review true label
c_functions-050,c_functions,v6.8,.binddrift/worktrees/v6.8/include/linux/slab.h,250,kmem_dump_obj,"{""c_symbol"": ""kmem_dump_obj"", ""definition_file"": "".binddrift/worktrees/v6.8/include/linux/slab.h"", ""header_file"": "".binddrift/worktrees/v6.8/include/linux/slab.h"", ""line"": 250, ""params"": ""[\""void *object\""]"", ""return_type"": ""static inline bool"", ""version_id"": ""v6.8""}","[""void *object""]",CORRECT,CORRECT,CORRECT,,imported split review true label
c_functions-051,c_functions,v6.13,.binddrift/worktrees/v6.13/include/linux/security.h,716,security_bprm_creds_from_file,"{""c_symbol"": ""security_bprm_creds_from_file"", ""definition_file"": "".binddrift/worktrees/v6.13/include/linux/security.h"", ""header_file"": "".binddrift/worktrees/v6.13/include/linux/security.h"", ""line"": 716, ""params"": ""[\""struct linux_binprm *bprm\"", \""const struct file *file\""]"", ""return_type"": ""static inline int"", ""version_id"": ""v6.13""}","[""struct linux_binprm *bprm"", ""const struct file *file""]",CORRECT,CORRECT,CORRECT,,imported split review true label
c_functions-052,c_functions,v6.5,.binddrift/worktrees/v6.5/include/linux/wait.h,1193,prepare_to_wait,"{""c_symbol"": ""prepare_to_wait"", ""definition_file"": """", ""header_file"": "".binddrift/worktrees/v6.5/include/linux/wait.h"", ""line"": 1193, ""params"": ""[\""struct wait_queue_head *wq_head\"", \""struct wait_queue_entry *wq_entry\"", \""int state\""]"", ""return_type"": ""void"", ""version_id"": ""v6.5""}","[""struct wait_queue_head *wq_head"", ""struct wait_queue_entry *wq_entry"", ""int state""]",CORRECT,CORRECT,CORRECT,,imported split review true label
c_functions-053,c_functions,HEAD_6d35786de281,.binddrift/worktrees/HEAD_6d35786de281/include/linux/fs.h,2243,clear_nlink,"{""c_symbol"": ""clear_nlink"", ""definition_file"": """", ""header_file"": "".binddrift/worktrees/HEAD_6d35786de281/include/linux/fs.h"", ""line"": 2243, ""params"": ""[\""struct inode *inode\""]"", ""return_type"": ""extern void"", ""version_id"": ""HEAD_6d35786de281""}","[""struct inode *inode""]",CORRECT,CORRECT,CORRECT,,imported split review true label
c_functions-054,c_functions,v6.17,.binddrift/worktrees/v6.17/include/linux/acpi.h,1561,find_acpi_cpu_topology_hetero_id,"{""c_symbol"": ""find_acpi_cpu_topology_hetero_id"", ""definition_file"": "".binddrift/worktrees/v6.17/include/linux/acpi.h"", ""header_file"": "".binddrift/worktrees/v6.17/include/linux/acpi.h"", ""line"": 1561, ""params"": ""[\""unsigned int cpu\""]"", ""return_type"": ""static inline int"", ""version_id"": ""v6.17""}","[""unsigned int cpu""]",CORRECT,CORRECT,CORRECT,,imported split review true label
c_functions-055,c_functions,HEAD_6d35786de281,.binddrift/worktrees/HEAD_6d35786de281/include/linux/pm_opp.h,365,dev_pm_opp_find_level_floor,"{""c_symbol"": ""dev_pm_opp_find_level_floor"", ""definition_file"": "".binddrift/worktrees/HEAD_6d35786de281/include/linux/pm_opp.h"", ""header_file"": "".binddrift/worktrees/HEAD_6d35786de281/include/linux/pm_opp.h"", ""line"": 365, ""params"": ""[\""struct device *dev\"", \""unsigned int *level\""]"", ""return_type"": ""static inline struct dev_pm_opp *"", ""version_id"": ""HEAD_6d35786de281""}","[""struct device *dev"", ""unsigned int *level""]",CORRECT,CORRECT,CORRECT,,imported split review true label
c_functions-056,c_functions,v6.17,.binddrift/worktrees/v6.17/include/linux/pci.h,1261,pci_generic_config_read,"{""c_symbol"": ""pci_generic_config_read"", ""definition_file"": """", ""header_file"": "".binddrift/worktrees/v6.17/include/linux/pci.h"", ""line"": 1261, ""params"": ""[\""struct pci_bus *bus\"", \""unsigned int devfn\"", \""int where\"", \""int size\"", \""u32 *val\""]"", ""return_type"": ""int"", ""version_id"": ""v6.17""}","[""struct pci_bus *bus"", ""unsigned int devfn"", ""int where"", ""int size"", ""u32 *val""]",CORRECT,CORRECT,CORRECT,,imported split review true label
c_functions-057,c_functions,v6.19,.binddrift/worktrees/v6.19/include/linux/pm_opp.h,252,dev_pm_opp_get_supplies,"{""c_symbol"": ""dev_pm_opp_get_supplies"", ""definition_file"": "".binddrift/worktrees/v6.19/include/linux/pm_opp.h"", ""header_file"": "".binddrift/worktrees/v6.19/include/linux/pm_opp.h"", ""line"": 252, ""params"": ""[\""struct dev_pm_opp *opp\"", \""struct dev_pm_opp_supply *supplies\""]"", ""return_type"": ""static inline int"", ""version_id"": ""v6.19""}","[""struct dev_pm_opp *opp"", ""struct dev_pm_opp_supply *supplies""]",CORRECT,CORRECT,CORRECT,,imported split review true label
c_functions-058,c_functions,v7.0,.binddrift/worktrees/v7.0/include/linux/property.h,236,device_get_child_node_count,"{""c_symbol"": ""device_get_child_node_count"", ""definition_file"": "".binddrift/worktrees/v7.0/include/linux/property.h"", ""header_file"": "".binddrift/worktrees/v7.0/include/linux/property.h"", ""line"": 236, ""params"": ""[\""const struct device *dev\""]"", ""return_type"": ""static inline unsigned int"", ""version_id"": ""v7.0""}","[""const struct device *dev""]",CORRECT,CORRECT,CORRECT,,imported split review true label
c_functions-059,c_functions,v6.19,.binddrift/worktrees/v6.19/include/linux/jiffies.h,623,proc_doulongvec_ms_jiffies_minmax,"{""c_symbol"": ""proc_doulongvec_ms_jiffies_minmax"", ""definition_file"": """", ""header_file"": "".binddrift/worktrees/v6.19/include/linux/jiffies.h"", ""line"": 623, ""params"": ""[\""const struct ctl_table *table\"", \""int dir\"", \""void *buffer\"", \""size_t *lenp\"", \""loff_t *ppos\""]"", ""return_type"": ""int"", ""version_id"": ""v6.19""}","[""const struct ctl_table *table"", ""int dir"", ""void *buffer"", ""size_t *lenp"", ""loff_t *ppos""]",CORRECT,CORRECT,CORRECT,,imported split review true label
c_functions-060,c_functions,v6.18,.binddrift/worktrees/v6.18/include/linux/mm.h,2507,follow_pfnmap_start,"{""c_symbol"": ""follow_pfnmap_start"", ""definition_file"": """", ""header_file"": "".binddrift/worktrees/v6.18/include/linux/mm.h"", ""line"": 2507, ""params"": ""[\""struct follow_pfnmap_args *args\""]"", ""return_type"": ""int"", ""version_id"": ""v6.18""}","[""struct follow_pfnmap_args *args""]",CORRECT,CORRECT,CORRECT,,imported split review true label
c_functions-061,c_functions,v6.15,.binddrift/worktrees/v6.15/include/linux/sched.h,322,sched_tick,"{""c_symbol"": ""sched_tick"", ""definition_file"": """", ""header_file"": "".binddrift/worktrees/v6.15/include/linux/sched.h"", ""line"": 322, ""params"": ""[]"", ""return_type"": ""extern void"", ""version_id"": ""v6.15""}",[],CORRECT,CORRECT,CORRECT,,imported split review true label
c_functions-062,c_functions,v6.19,.binddrift/worktrees/v6.19/include/linux/sched.h,2073,_cond_resched,"{""c_symbol"": ""_cond_resched"", ""definition_file"": "".binddrift/worktrees/v6.19/include/linux/sched.h"", ""header_file"": "".binddrift/worktrees/v6.19/include/linux/sched.h"", ""line"": 2073, ""params"": ""[]"", ""return_type"": ""static __always_inline int"", ""version_id"": ""v6.19""}",[],CORRECT,CORRECT,CORRECT,,imported split review true label
c_functions-063,c_functions,v6.14,.binddrift/worktrees/v6.14/include/linux/pci.h,1476,pci_assign_unassigned_resources,"{""c_symbol"": ""pci_assign_unassigned_resources"", ""definition_file"": """", ""header_file"": "".binddrift/worktrees/v6.14/include/linux/pci.h"", ""line"": 1476, ""params"": ""[]"", ""return_type"": ""void"", ""version_id"": ""v6.14""}",[],CORRECT,CORRECT,CORRECT,,imported split review true label
c_functions-064,c_functions,v6.13,.binddrift/worktrees/v6.13/include/linux/fs.h,2188,vfs_copy_file_range,"{""c_symbol"": ""vfs_copy_file_range"", ""definition_file"": """", ""header_file"": "".binddrift/worktrees/v6.13/include/linux/fs.h"", ""line"": 2188, ""params"": ""[\""struct file *\"", \""loff_t\"", \""struct file *\"", \""loff_t\"", \""size_t\"", \""unsigned int\""]"", ""return_type"": ""extern ssize_t"", ""version_id"": ""v6.13""}","[""struct file *"", ""loff_t"", ""struct file *"", ""loff_t"", ""size_t"", ""unsigned int""]",CORRECT,CORRECT,CORRECT,,imported split review true label
c_functions-065,c_functions,v6.18,.binddrift/worktrees/v6.18/include/linux/cpu.h,212,cpu_mitigations_off,"{""c_symbol"": ""cpu_mitigations_off"", ""definition_file"": """", ""header_file"": "".binddrift/worktrees/v6.18/include/linux/cpu.h"", ""line"": 212, ""params"": ""[]"", ""return_type"": ""extern bool"", ""version_id"": ""v6.18""}",[],CORRECT,CORRECT,CORRECT,,imported split review true label
c_functions-066,c_functions,v6.19,.binddrift/worktrees/v6.19/include/linux/cpu.h,97,arch_cpu_probe,"{""c_symbol"": ""arch_cpu_probe"", ""definition_file"": """", ""header_file"": "".binddrift/worktrees/v6.19/include/linux/cpu.h"", ""line"": 97, ""params"": ""[\""const char *\"", \""size_t\""]"", ""return_type"": ""extern ssize_t"", ""version_id"": ""v6.19""}","[""const char *"", ""size_t""]",CORRECT,CORRECT,CORRECT,,imported split review true label
c_functions-067,c_functions,v6.18,.binddrift/worktrees/v6.18/include/linux/security.h,1388,security_task_kill,"{""c_symbol"": ""security_task_kill"", ""definition_file"": "".binddrift/worktrees/v6.18/include/linux/security.h"", ""header_file"": "".binddrift/worktrees/v6.18/include/linux/security.h"", ""line"": 1388, ""params"": ""[\""struct task_struct *p\"", \""struct kernel_siginfo *info\"", \""int sig\"", \""const struct cred *cred\""]"", ""return_type"": ""static inline int"", ""version_id"": ""v6.18""}","[""struct task_struct *p"", ""struct kernel_siginfo *info"", ""int sig"", ""const struct cred *cred""]",CORRECT,CORRECT,CORRECT,,imported split review true label
c_functions-068,c_functions,v6.8,.binddrift/worktrees/v6.8/include/linux/phy.h,1930,phy_do_ioctl,"{""c_symbol"": ""phy_do_ioctl"", ""definition_file"": """", ""header_file"": "".binddrift/worktrees/v6.8/include/linux/phy.h"", ""line"": 1930, ""params"": ""[\""struct net_device *dev\"", \""struct ifreq *ifr\"", \""int cmd\""]"", ""return_type"": ""int"", ""version_id"": ""v6.8""}","[""struct net_device *dev"", ""struct ifreq *ifr"", ""int cmd""]",CORRECT,CORRECT,CORRECT,,imported split review true label
c_functions-069,c_functions,v6.19,.binddrift/worktrees/v6.19/rust/helpers/atomic.c,961,rust_helper_atomic64_sub_and_test,"{""c_symbol"": ""rust_helper_atomic64_sub_and_test"", ""definition_file"": "".binddrift/worktrees/v6.19/rust/helpers/atomic.c"", ""header_file"": """", ""line"": 961, ""params"": ""[\""s64 i\"", \""atomic64_t *v\""]"", ""return_type"": ""__rust_helper bool"", ""version_id"": ""v6.19""}","[""s64 i"", ""atomic64_t *v""]",CORRECT,CORRECT,CORRECT,,imported split review true label
c_functions-070,c_functions,v6.17,.binddrift/worktrees/v6.17/include/linux/blkdev.h,1064,queue_limits_start_update,"{""c_symbol"": ""queue_limits_start_update"", ""definition_file"": "".binddrift/worktrees/v6.17/include/linux/blkdev.h"", ""header_file"": "".binddrift/worktrees/v6.17/include/linux/blkdev.h"", ""line"": 1064, ""params"": ""[\""struct request_queue *q\""]"", ""return_type"": ""static inline struct queue_limits"", ""version_id"": ""v6.17""}","[""struct request_queue *q""]",CORRECT,CORRECT,CORRECT,,imported split review true label
c_functions-071,c_functions,HEAD_6d35786de281,.binddrift/worktrees/HEAD_6d35786de281/include/linux/dma-resv.h,422,dma_resv_trylock,"{""c_symbol"": ""dma_resv_trylock"", ""definition_file"": "".binddrift/worktrees/HEAD_6d35786de281/include/linux/dma-resv.h"", ""header_file"": "".binddrift/worktrees/HEAD_6d35786de281/include/linux/dma-resv.h"", ""line"": 422, ""params"": ""[\""struct dma_resv *obj\""]"", ""return_type"": ""static inline bool __must_check"", ""version_id"": ""HEAD_6d35786de281""}","[""struct dma_resv *obj""]",CORRECT,CORRECT,CORRECT,,imported split review true label
c_functions-072,c_functions,v6.15,.binddrift/worktrees/v6.15/include/linux/mdio.h,84,mdiodev_set_drvdata,"{""c_symbol"": ""mdiodev_set_drvdata"", ""definition_file"": "".binddrift/worktrees/v6.15/include/linux/mdio.h"", ""header_file"": "".binddrift/worktrees/v6.15/include/linux/mdio.h"", ""line"": 84, ""params"": ""[\""struct mdio_device *mdio\"", \""void *data\""]"", ""return_type"": ""static inline void"", ""version_id"": ""v6.15""}","[""struct mdio_device *mdio"", ""void *data""]",CORRECT,CORRECT,CORRECT,,imported split review true label
c_functions-073,c_functions,v7.0,.binddrift/worktrees/v7.0/include/linux/cred.h,84,groups_search,"{""c_symbol"": ""groups_search"", ""definition_file"": "".binddrift/worktrees/v7.0/include/linux/cred.h"", ""header_file"": "".binddrift/worktrees/v7.0/include/linux/cred.h"", ""line"": 84, ""params"": ""[\""const struct group_info *group_info\"", \""kgid_t grp\""]"", ""return_type"": ""static inline int"", ""version_id"": ""v7.0""}","[""const struct group_info *group_info"", ""kgid_t grp""]",CORRECT,CORRECT,CORRECT,,imported split review true label
c_functions-074,c_functions,v6.17,.binddrift/worktrees/v6.17/rust/helpers/sync.c,10,rust_helper_lockdep_unregister_key,"{""c_symbol"": ""rust_helper_lockdep_unregister_key"", ""definition_file"": "".binddrift/worktrees/v6.17/rust/helpers/sync.c"", ""header_file"": """", ""line"": 10, ""params"": ""[\""struct lock_class_key *k\""]"", ""return_type"": ""void"", ""version_id"": ""v6.17""}","[""struct lock_class_key *k""]",CORRECT,CORRECT,CORRECT,,imported split review true label
c_functions-075,c_functions,v6.13,.binddrift/worktrees/v6.13/include/linux/jump_label.h,152,jump_entry_key,"{""c_symbol"": ""jump_entry_key"", ""definition_file"": "".binddrift/worktrees/v6.13/include/linux/jump_label.h"", ""header_file"": "".binddrift/worktrees/v6.13/include/linux/jump_label.h"", ""line"": 152, ""params"": ""[\""const struct jump_entry *entry\""]"", ""return_type"": ""static inline struct static_key *"", ""version_id"": ""v6.13""}","[""const struct jump_entry *entry""]",CORRECT,CORRECT,CORRECT,,imported split review true label
c_functions-076,c_functions,HEAD_6d35786de281,.binddrift/worktrees/HEAD_6d35786de281/include/linux/blkdev.h,1881,bio_split_rw_at,"{""c_symbol"": ""bio_split_rw_at"", ""definition_file"": "".binddrift/worktrees/HEAD_6d35786de281/include/linux/blkdev.h"", ""header_file"": "".binddrift/worktrees/HEAD_6d35786de281/include/linux/blkdev.h"", ""line"": 1881, ""params"": ""[\""struct bio *bio\"", \""const struct queue_limits *lim\"", \""unsigned *segs\"", \""unsigned max_bytes\""]"", ""return_type"": ""static inline int"", ""version_id"": ""HEAD_6d35786de281""}","[""struct bio *bio"", ""const struct queue_limits *lim"", ""unsigned *segs"", ""unsigned max_bytes""]",CORRECT,CORRECT,CORRECT,,imported split review true label
c_functions-077,c_functions,v6.16,.binddrift/worktrees/v6.16/include/linux/cpumask.h,256,cpumask_local_spread,"{""c_symbol"": ""cpumask_local_spread"", ""definition_file"": "".binddrift/worktrees/v6.16/include/linux/cpumask.h"", ""header_file"": "".binddrift/worktrees/v6.16/include/linux/cpumask.h"", ""line"": 256, ""params"": ""[\""unsigned int i\"", \""int node\""]"", ""return_type"": ""static __always_inline unsigned int"", ""version_id"": ""v6.16""}","[""unsigned int i"", ""int node""]",CORRECT,CORRECT,CORRECT,,imported split review true label
c_functions-078,c_functions,v6.19,.binddrift/worktrees/v6.19/include/linux/fs.h,892,inode_state_set_raw,"{""c_symbol"": ""inode_state_set_raw"", ""definition_file"": "".binddrift/worktrees/v6.19/include/linux/fs.h"", ""header_file"": "".binddrift/worktrees/v6.19/include/linux/fs.h"", ""line"": 892, ""params"": ""[\""struct inode *inode\"", \""enum inode_state_flags_enum flags\""]"", ""return_type"": ""static inline void"", ""version_id"": ""v6.19""}","[""struct inode *inode"", ""enum inode_state_flags_enum flags""]",CORRECT,CORRECT,CORRECT,,imported split review true label
c_functions-079,c_functions,v6.19,.binddrift/worktrees/v6.19/include/linux/bitmap.h,142,devm_bitmap_alloc,"{""c_symbol"": ""devm_bitmap_alloc"", ""definition_file"": """", ""header_file"": "".binddrift/worktrees/v6.19/include/linux/bitmap.h"", ""line"": 142, ""params"": ""[\""struct device *dev\"", \""unsigned int nbits\"", \""gfp_t flags\""]"", ""return_type"": ""unsigned long *"", ""version_id"": ""v6.19""}","[""struct device *dev"", ""unsigned int nbits"", ""gfp_t flags""]",CORRECT,CORRECT,CORRECT,,imported split review true label
c_functions-080,c_functions,v6.4,.binddrift/worktrees/v6.4/include/linux/sched.h,2100,_cond_resched,"{""c_symbol"": ""_cond_resched"", ""definition_file"": "".binddrift/worktrees/v6.4/include/linux/sched.h"", ""header_file"": "".binddrift/worktrees/v6.4/include/linux/sched.h"", ""line"": 2100, ""params"": ""[]"", ""return_type"": ""static inline int"", ""version_id"": ""v6.4""}",[],CORRECT,CORRECT,CORRECT,,imported split review true label
c_functions-081,c_functions,v6.18,.binddrift/worktrees/v6.18/include/linux/ioport.h,415,request_free_mem_region,"{""c_symbol"": ""request_free_mem_region"", ""definition_file"": """", ""header_file"": "".binddrift/worktrees/v6.18/include/linux/ioport.h"", ""line"": 415, ""params"": ""[\""struct resource *base\"", \""unsigned long size\"", \""const char *name\""]"", ""return_type"": ""struct resource *"", ""version_id"": ""v6.18""}","[""struct resource *base"", ""unsigned long size"", ""const char *name""]",CORRECT,CORRECT,CORRECT,,imported split review true label
c_functions-082,c_functions,v6.13,.binddrift/worktrees/v6.13/include/linux/fs.h,3482,__generic_file_fsync,"{""c_symbol"": ""__generic_file_fsync"", ""definition_file"": """", ""header_file"": "".binddrift/worktrees/v6.13/include/linux/fs.h"", ""line"": 3482, ""params"": ""[\""struct file *\"", \""loff_t\"", \""loff_t\"", \""int\""]"", ""return_type"": ""extern int"", ""version_id"": ""v6.13""}","[""struct file *"", ""loff_t"", ""loff_t"", ""int""]",CORRECT,CORRECT,CORRECT,,imported split review true label
c_functions-083,c_functions,HEAD_6d35786de281,.binddrift/worktrees/HEAD_6d35786de281/rust/helpers/mm.c,26,rust_helper_mmap_read_lock,"{""c_symbol"": ""rust_helper_mmap_read_lock"", ""definition_file"": "".binddrift/worktrees/HEAD_6d35786de281/rust/helpers/mm.c"", ""header_file"": """", ""line"": 26, ""params"": ""[\""struct mm_struct *mm\""]"", ""return_type"": ""__rust_helper void"", ""version_id"": ""HEAD_6d35786de281""}","[""struct mm_struct *mm""]",CORRECT,CORRECT,CORRECT,,imported split review true label
c_functions-084,c_functions,v6.19,.binddrift/worktrees/v6.19/include/linux/regulator/consumer.h,271,regulator_suspend_disable,"{""c_symbol"": ""regulator_suspend_disable"", ""definition_file"": """", ""header_file"": "".binddrift/worktrees/v6.19/include/linux/regulator/consumer.h"", ""line"": 271, ""params"": ""[\""struct regulator_dev *rdev\"", \""suspend_state_t state\""]"", ""return_type"": ""int"", ""version_id"": ""v6.19""}","[""struct regulator_dev *rdev"", ""suspend_state_t state""]",CORRECT,CORRECT,CORRECT,,imported split review true label
c_functions-085,c_functions,v7.0,.binddrift/worktrees/v7.0/include/linux/fs.h,2964,insert_inode_locked,"{""c_symbol"": ""insert_inode_locked"", ""definition_file"": """", ""header_file"": "".binddrift/worktrees/v7.0/include/linux/fs.h"", ""line"": 2964, ""params"": ""[\""struct inode *\""]"", ""return_type"": ""extern int"", ""version_id"": ""v7.0""}","[""struct inode *""]",CORRECT,CORRECT,CORRECT,,imported split review true label
c_functions-086,c_functions,v7.0,.binddrift/worktrees/v7.0/include/linux/mdio.h,157,mdio45_probe,"{""c_symbol"": ""mdio45_probe"", ""definition_file"": """", ""header_file"": "".binddrift/worktrees/v7.0/include/linux/mdio.h"", ""line"": 157, ""params"": ""[\""struct mdio_if_info *mdio\"", \""int prtad\""]"", ""return_type"": ""extern int"", ""version_id"": ""v7.0""}","[""struct mdio_if_info *mdio"", ""int prtad""]",CORRECT,CORRECT,CORRECT,,imported split review true label
c_functions-087,c_functions,v7.0,.binddrift/worktrees/v7.0/include/linux/phy.h,2330,genphy_c45_ethtool_set_eee,"{""c_symbol"": ""genphy_c45_ethtool_set_eee"", ""definition_file"": """", ""header_file"": "".binddrift/worktrees/v7.0/include/linux/phy.h"", ""line"": 2330, ""params"": ""[\""struct phy_device *phydev\"", \""struct ethtool_keee *data\""]"", ""return_type"": ""int"", ""version_id"": ""v7.0""}","[""struct phy_device *phydev"", ""struct ethtool_keee *data""]",CORRECT,CORRECT,CORRECT,,imported split review true label
c_functions-088,c_functions,v6.15,.binddrift/worktrees/v6.15/include/linux/pid_namespace.h,127,unregister_pidns_sysctls,"{""c_symbol"": ""unregister_pidns_sysctls"", ""definition_file"": """", ""header_file"": "".binddrift/worktrees/v6.15/include/linux/pid_namespace.h"", ""line"": 127, ""params"": ""[\""struct pid_namespace *pidns\""]"", ""return_type"": ""void"", ""version_id"": ""v6.15""}","[""struct pid_namespace *pidns""]",CORRECT,CORRECT,CORRECT,,imported split review true label
c_functions-089,c_functions,v6.8,.binddrift/worktrees/v6.8/include/linux/phy.h,1935,phy_print_status,"{""c_symbol"": ""phy_print_status"", ""definition_file"": """", ""header_file"": "".binddrift/worktrees/v6.8/include/linux/phy.h"", ""line"": 1935, ""params"": ""[\""struct phy_device *phydev\""]"", ""return_type"": ""void"", ""version_id"": ""v6.8""}","[""struct phy_device *phydev""]",CORRECT,CORRECT,CORRECT,,imported split review true label
c_functions-090,c_functions,v7.0,.binddrift/worktrees/v7.0/include/linux/security.h,410,security_inode_link,"{""c_symbol"": ""security_inode_link"", ""definition_file"": """", ""header_file"": "".binddrift/worktrees/v7.0/include/linux/security.h"", ""line"": 410, ""params"": ""[\""struct dentry *old_dentry\"", \""struct inode *dir\"", \""struct dentry *new_dentry\""]"", ""return_type"": ""int"", ""version_id"": ""v7.0""}","[""struct dentry *old_dentry"", ""struct inode *dir"", ""struct dentry *new_dentry""]",CORRECT,CORRECT,CORRECT,,imported split review true label
c_functions-091,c_functions,v7.0,.binddrift/worktrees/v7.0/include/linux/property.h,76,fwnode_property_read_string,"{""c_symbol"": ""fwnode_property_read_string"", ""definition_file"": """", ""header_file"": "".binddrift/worktrees/v7.0/include/linux/property.h"", ""line"": 76, ""params"": ""[\""const struct fwnode_handle *fwnode\"", \""const char *propname\"", \""const char **val\""]"", ""return_type"": ""int"", ""version_id"": ""v7.0""}","[""const struct fwnode_handle *fwnode"", ""const char *propname"", ""const char **val""]",CORRECT,CORRECT,CORRECT,,imported split review true label
c_functions-092,c_functions,v6.17,.binddrift/worktrees/v6.17/include/linux/security.h,1652,security_socket_recvmsg,"{""c_symbol"": ""security_socket_recvmsg"", ""definition_file"": """", ""header_file"": "".binddrift/worktrees/v6.17/include/linux/security.h"", ""line"": 1652, ""params"": ""[\""struct socket *sock\"", \""struct msghdr *msg\"", \""int size\"", \""int flags\""]"", ""return_type"": ""int"", ""version_id"": ""v6.17""}","[""struct socket *sock"", ""struct msghdr *msg"", ""int size"", ""int flags""]",CORRECT,CORRECT,CORRECT,,imported split review true label
c_functions-093,c_functions,v6.18,.binddrift/worktrees/v6.18/include/linux/clk.h,360,clk_unprepare,"{""c_symbol"": ""clk_unprepare"", ""definition_file"": "".binddrift/worktrees/v6.18/include/linux/clk.h"", ""header_file"": "".binddrift/worktrees/v6.18/include/linux/clk.h"", ""line"": 360, ""params"": ""[\""struct clk *clk\""]"", ""return_type"": ""static inline void"", ""version_id"": ""v6.18""}","[""struct clk *clk""]",CORRECT,CORRECT,CORRECT,,imported split review true label
c_functions-094,c_functions,v7.0,.binddrift/worktrees/v7.0/include/linux/sched.h,334,schedule_timeout_killable,"{""c_symbol"": ""schedule_timeout_killable"", ""definition_file"": """", ""header_file"": "".binddrift/worktrees/v7.0/include/linux/sched.h"", ""line"": 334, ""params"": ""[\""long timeout\""]"", ""return_type"": ""extern long"", ""version_id"": ""v7.0""}","[""long timeout""]",CORRECT,CORRECT,CORRECT,,imported split review true label
c_functions-095,c_functions,v6.17,.binddrift/worktrees/v6.17/include/linux/blkdev.h,1783,disk_live,"{""c_symbol"": ""disk_live"", ""definition_file"": """", ""header_file"": "".binddrift/worktrees/v6.17/include/linux/blkdev.h"", ""line"": 1783, ""params"": ""[\""struct gendisk *disk\""]"", ""return_type"": ""bool"", ""version_id"": ""v6.17""}","[""struct gendisk *disk""]",CORRECT,CORRECT,CORRECT,,imported split review true label
c_functions-096,c_functions,HEAD_6d35786de281,.binddrift/worktrees/HEAD_6d35786de281/include/linux/fs.h,1464,i_uid_needs_update,"{""c_symbol"": ""i_uid_needs_update"", ""definition_file"": "".binddrift/worktrees/HEAD_6d35786de281/include/linux/fs.h"", ""header_file"": "".binddrift/worktrees/HEAD_6d35786de281/include/linux/fs.h"", ""line"": 1464, ""params"": ""[\""struct mnt_idmap *idmap\"", \""const struct iattr *attr\"", \""const struct inode *inode\""]"", ""return_type"": ""static inline bool"", ""version_id"": ""HEAD_6d35786de281""}","[""struct mnt_idmap *idmap"", ""const struct iattr *attr"", ""const struct inode *inode""]",CORRECT,CORRECT,CORRECT,,imported split review true label
c_functions-097,c_functions,v6.15,.binddrift/worktrees/v6.15/include/linux/security.h,2104,security_path_chmod,"{""c_symbol"": ""security_path_chmod"", ""definition_file"": "".binddrift/worktrees/v6.15/include/linux/security.h"", ""header_file"": "".binddrift/worktrees/v6.15/include/linux/security.h"", ""line"": 2104, ""params"": ""[\""const struct path *path\"", \""umode_t mode\""]"", ""return_type"": ""static inline int"", ""version_id"": ""v6.15""}","[""const struct path *path"", ""umode_t mode""]",CORRECT,CORRECT,CORRECT,,imported split review true label
c_functions-098,c_functions,HEAD_6d35786de281,.binddrift/worktrees/HEAD_6d35786de281/include/linux/pid_namespace.h,57,to_pid_ns,"{""c_symbol"": ""to_pid_ns"", ""definition_file"": "".binddrift/worktrees/HEAD_6d35786de281/include/linux/pid_namespace.h"", ""header_file"": "".binddrift/worktrees/HEAD_6d35786de281/include/linux/pid_namespace.h"", ""line"": 57, ""params"": ""[\""struct ns_common *ns\""]"", ""return_type"": ""static inline struct pid_namespace *"", ""version_id"": ""HEAD_6d35786de281""}","[""struct ns_common *ns""]",CORRECT,CORRECT,CORRECT,,imported split review true label
c_functions-099,c_functions,v6.18,.binddrift/worktrees/v6.18/include/linux/security.h,862,security_inode_free,"{""c_symbol"": ""security_inode_free"", ""definition_file"": "".binddrift/worktrees/v6.18/include/linux/security.h"", ""header_file"": "".binddrift/worktrees/v6.18/include/linux/security.h"", ""line"": 862, ""params"": ""[\""struct inode *inode\""]"", ""return_type"": ""static inline void"", ""version_id"": ""v6.18""}","[""struct inode *inode""]",CORRECT,CORRECT,CORRECT,,imported split review true label
c_functions-100,c_functions,v6.17,.binddrift/worktrees/v6.17/include/linux/fs.h,3357,unlock_new_inode,"{""c_symbol"": ""unlock_new_inode"", ""definition_file"": """", ""header_file"": "".binddrift/worktrees/v6.17/include/linux/fs.h"", ""line"": 3357, ""params"": ""[\""struct inode *\""]"", ""return_type"": ""extern void"", ""version_id"": ""v6.17""}","[""struct inode *""]",CORRECT,CORRECT,CORRECT,,imported split review true label
c_behavior_indicators-001,c_behavior_indicators,v7.0,.binddrift/worktrees/v7.0/include/linux/regulator/consumer.h,699,of_regulator_get_optional,"{""c_symbol"": ""of_regulator_get_optional"", ""confidence"": 0.7, ""evidence_file"": "".binddrift/worktrees/v7.0/include/linux/regulator/consumer.h"", ""evidence_line"": 699, ""evidence_text"": ""return ERR_PTR(-ENODEV);"", ""indicator_type"": ""ERR_PTR_RETURN"", ""version_id"": ""v7.0""}",return ERR_PTR(-ENODEV);,CORRECT,CORRECT,CORRECT,,imported split review true label
c_behavior_indicators-002,c_behavior_indicators,v6.16,.binddrift/worktrees/v6.16/include/linux/blk-mq.h,932,blk_mq_freeze_queue,"{""c_symbol"": ""blk_mq_freeze_queue"", ""confidence"": 0.7, ""evidence_file"": "".binddrift/worktrees/v6.16/include/linux/blk-mq.h"", ""evidence_line"": 932, ""evidence_text"": ""unsigned int memflags = memalloc_noio_save();"", ""indicator_type"": ""ALLOC"", ""version_id"": ""v6.16""}",unsigned int memflags = memalloc_noio_save();,INCORRECT,INCORRECT,INCORRECT,PARSE_ERROR,memalloc_noio_save changes allocation context and is not an allocation call
c_behavior_indicators-003,c_behavior_indicators,v6.19,.binddrift/worktrees/v6.19/include/kunit/test.h,501,kunit_kmalloc,"{""c_symbol"": ""kunit_kmalloc"", ""confidence"": 0.7, ""evidence_file"": "".binddrift/worktrees/v6.19/include/kunit/test.h"", ""evidence_line"": 501, ""evidence_text"": ""return kunit_kmalloc_array(test, 1, size, gfp);"", ""indicator_type"": ""ALLOC"", ""version_id"": ""v6.19""}","return kunit_kmalloc_array(test, 1, size, gfp);",CORRECT,CORRECT,CORRECT,,imported split review true label
c_behavior_indicators-004,c_behavior_indicators,v6.16,.binddrift/worktrees/v6.16/include/linux/firmware.h,174,request_firmware_into_buf,"{""c_symbol"": ""request_firmware_into_buf"", ""confidence"": 0.7, ""evidence_file"": "".binddrift/worktrees/v6.16/include/linux/firmware.h"", ""evidence_line"": 174, ""evidence_text"": ""return -EINVAL;"", ""indicator_type"": ""ERROR_CODE"", ""version_id"": ""v6.16""}",return -EINVAL;,CORRECT,CORRECT,CORRECT,,imported split review true label
c_behavior_indicators-005,c_behavior_indicators,v7.0,.binddrift/worktrees/v7.0/include/linux/pm_opp.h,388,dev_pm_opp_put,"{""c_symbol"": ""dev_pm_opp_put"", ""confidence"": 0.7, ""evidence_file"": "".binddrift/worktrees/v7.0/include/linux/pm_opp.h"", ""evidence_line"": 388, ""evidence_text"": ""static inline void dev_pm_opp_put(struct dev_pm_opp *opp) {}"", ""indicator_type"": ""REFCOUNT_PUT"", ""version_id"": ""v7.0""}",static inline void dev_pm_opp_put(struct dev_pm_opp *opp) {},CORRECT,CORRECT,CORRECT,,imported split review true label
c_behavior_indicators-006,c_behavior_indicators,v6.16,.binddrift/worktrees/v6.16/include/linux/clk.h,236,clk_notifier_register,"{""c_symbol"": ""clk_notifier_register"", ""confidence"": 0.7, ""evidence_file"": "".binddrift/worktrees/v6.16/include/linux/clk.h"", ""evidence_line"": 236, ""evidence_text"": ""return -ENOTSUPP;"", ""indicator_type"": ""ERROR_CODE"", ""version_id"": ""v6.16""}",return -ENOTSUPP;,CORRECT,CORRECT,CORRECT,,imported split review true label
c_behavior_indicators-007,c_behavior_indicators,v6.14,.binddrift/worktrees/v6.14/include/linux/pci.h,1979,pci_get_subsys,"{""c_symbol"": ""pci_get_subsys"", ""confidence"": 0.7, ""evidence_file"": "".binddrift/worktrees/v6.14/include/linux/pci.h"", ""evidence_line"": 1979, ""evidence_text"": ""{ return NULL; }"", ""indicator_type"": ""NULL_RETURN"", ""version_id"": ""v6.14""}",{ return NULL; },CORRECT,CORRECT,CORRECT,,imported split review true label
c_behavior_indicators-008,c_behavior_indicators,HEAD_6d35786de281,.binddrift/worktrees/HEAD_6d35786de281/include/linux/mm.h,882,vma_numab_state_free,"{""c_symbol"": ""vma_numab_state_free"", ""confidence"": 0.7, ""evidence_file"": "".binddrift/worktrees/HEAD_6d35786de281/include/linux/mm.h"", ""evidence_line"": 882, ""evidence_text"": ""kfree(vma->numab_state);"", ""indicator_type"": ""FREE"", ""version_id"": ""HEAD_6d35786de281""}",kfree(vma->numab_state);,CORRECT,CORRECT,CORRECT,,imported split review true label
c_behavior_indicators-009,c_behavior_indicators,v6.19,.binddrift/worktrees/v6.19/include/linux/clk.h,1017,devm_clk_get_optional_enabled_with_rate,"{""c_symbol"": ""devm_clk_get_optional_enabled_with_rate"", ""confidence"": 0.7, ""evidence_file"": "".binddrift/worktrees/v6.19/include/linux/clk.h"", ""evidence_line"": 1017, ""evidence_text"": ""return NULL;"", ""indicator_type"": ""NULL_RETURN"", ""version_id"": ""v6.19""}",return NULL;,CORRECT,CORRECT,CORRECT,,imported split review true label
c_behavior_indicators-010,c_behavior_indicators,v6.16,.binddrift/worktrees/v6.16/include/linux/pci.h,799,pcibios_err_to_errno,"{""c_symbol"": ""pcibios_err_to_errno"", ""confidence"": 0.7, ""evidence_file"": "".binddrift/worktrees/v6.16/include/linux/pci.h"", ""evidence_line"": 799, ""evidence_text"": ""return -ERANGE;"", ""indicator_type"": ""ERROR_CODE"", ""version_id"": ""v6.16""}",return -ERANGE;,CORRECT,CORRECT,CORRECT,,imported split review true label
c_behavior_indicators-011,c_behavior_indicators,HEAD_6d35786de281,.binddrift/worktrees/HEAD_6d35786de281/include/linux/errname.h,12,errname,"{""c_symbol"": ""errname"", ""confidence"": 0.7, ""evidence_file"": "".binddrift/worktrees/HEAD_6d35786de281/include/linux/errname.h"", ""evidence_line"": 12, ""evidence_text"": ""return NULL;"", ""indicator_type"": ""NULL_RETURN"", ""version_id"": ""HEAD_6d35786de281""}",return NULL;,CORRECT,CORRECT,CORRECT,,imported split review true label
c_behavior_indicators-012,c_behavior_indicators,HEAD_6d35786de281,.binddrift/worktrees/HEAD_6d35786de281/include/linux/acpi.h,232,acpi_get_table_pointer,"{""c_symbol"": ""acpi_get_table_pointer"", ""confidence"": 0.7, ""evidence_file"": "".binddrift/worktrees/HEAD_6d35786de281/include/linux/acpi.h"", ""evidence_line"": 232, ""evidence_text"": ""return ERR_PTR(-ENOENT);"", ""indicator_type"": ""ERR_PTR_RETURN"", ""version_id"": ""HEAD_6d35786de281""}",return ERR_PTR(-ENOENT);,CORRECT,CORRECT,CORRECT,,imported split review true label
c_behavior_indicators-013,c_behavior_indicators,v6.17,.binddrift/worktrees/v6.17/include/linux/acpi.h,301,acpi_processor_evaluate_cst,"{""c_symbol"": ""acpi_processor_evaluate_cst"", ""confidence"": 0.7, ""evidence_file"": "".binddrift/worktrees/v6.17/include/linux/acpi.h"", ""evidence_line"": 301, ""evidence_text"": ""return -ENODEV;"", ""indicator_type"": ""ERROR_CODE"", ""version_id"": ""v6.17""}",return -ENODEV;,CORRECT,CORRECT,CORRECT,,imported split review true label
c_behavior_indicators-014,c_behavior_indicators,HEAD_6d35786de281,.binddrift/worktrees/HEAD_6d35786de281/include/linux/pm_opp.h,600,of_get_required_opp_performance_state,"{""c_symbol"": ""of_get_required_opp_performance_state"", ""confidence"": 0.7, ""evidence_file"": "".binddrift/worktrees/HEAD_6d35786de281/include/linux/pm_opp.h"", ""evidence_line"": 600, ""evidence_text"": ""return -EOPNOTSUPP;"", ""indicator_type"": ""ERROR_CODE"", ""version_id"": ""HEAD_6d35786de281""}",return -EOPNOTSUPP;,CORRECT,CORRECT,CORRECT,,imported split review true label
c_behavior_indicators-015,c_behavior_indicators,v7.0,.binddrift/worktrees/v7.0/include/linux/mm.h,1787,get_page,"{""c_symbol"": ""get_page"", ""confidence"": 0.7, ""evidence_file"": "".binddrift/worktrees/v7.0/include/linux/mm.h"", ""evidence_line"": 1787, ""evidence_text"": ""if (WARN_ON_ONCE(folio_test_large_kmalloc(folio)))"", ""indicator_type"": ""ALLOC"", ""version_id"": ""v7.0""}",if (WARN_ON_ONCE(folio_test_large_kmalloc(folio))),INCORRECT,INCORRECT,INCORRECT,PARSE_ERROR,large_kmalloc is only checked in a predicate and get_page does not allocate
c_behavior_indicators-016,c_behavior_indicators,v7.0,.binddrift/worktrees/v7.0/include/linux/pm_opp.h,326,dev_pm_opp_find_freq_exact_indexed,"{""c_symbol"": ""dev_pm_opp_find_freq_exact_indexed"", ""confidence"": 0.7, ""evidence_file"": "".binddrift/worktrees/v7.0/include/linux/pm_opp.h"", ""evidence_line"": 326, ""evidence_text"": ""return ERR_PTR(-EOPNOTSUPP);"", ""indicator_type"": ""ERR_PTR_RETURN"", ""version_id"": ""v7.0""}",return ERR_PTR(-EOPNOTSUPP);,CORRECT,CORRECT,CORRECT,,imported split review true label
c_behavior_indicators-017,c_behavior_indicators,v7.0,.binddrift/worktrees/v7.0/include/linux/acpi.h,194,acpi_debugger_read_cmd,"{""c_symbol"": ""acpi_debugger_read_cmd"", ""confidence"": 0.7, ""evidence_file"": "".binddrift/worktrees/v7.0/include/linux/acpi.h"", ""evidence_line"": 194, ""evidence_text"": ""return -ENODEV;"", ""indicator_type"": ""ERROR_CODE"", ""version_id"": ""v7.0""}",return -ENODEV;,CORRECT,CORRECT,CORRECT,,imported split review true label
c_behavior_indicators-018,c_behavior_indicators,v6.19,.binddrift/worktrees/v6.19/include/linux/pid_namespace.h,111,copy_pid_ns,"{""c_symbol"": ""copy_pid_ns"", ""confidence"": 0.7, ""evidence_file"": "".binddrift/worktrees/v6.19/include/linux/pid_namespace.h"", ""evidence_line"": 111, ""evidence_text"": ""ns = ERR_PTR(-EINVAL);"", ""indicator_type"": ""ERR_PTR_RETURN"", ""version_id"": ""v6.19""}",ns = ERR_PTR(-EINVAL);,CORRECT,CORRECT,CORRECT,,imported split review true label
c_behavior_indicators-019,c_behavior_indicators,v6.12,.binddrift/worktrees/v6.12/include/linux/phy.h,1828,phy_start_cable_test,"{""c_symbol"": ""phy_start_cable_test"", ""confidence"": 0.7, ""evidence_file"": "".binddrift/worktrees/v6.12/include/linux/phy.h"", ""evidence_line"": 1828, ""evidence_text"": ""return -EOPNOTSUPP;"", ""indicator_type"": ""ERROR_CODE"", ""version_id"": ""v6.12""}",return -EOPNOTSUPP;,CORRECT,CORRECT,CORRECT,,imported split review true label
c_behavior_indicators-020,c_behavior_indicators,HEAD_6d35786de281,.binddrift/worktrees/HEAD_6d35786de281/include/linux/pci.h,2187,pci_request_regions,"{""c_symbol"": ""pci_request_regions"", ""confidence"": 0.7, ""evidence_file"": "".binddrift/worktrees/HEAD_6d35786de281/include/linux/pci.h"", ""evidence_line"": 2187, ""evidence_text"": ""{ return -EIO; }"", ""indicator_type"": ""ERROR_CODE"", ""version_id"": ""HEAD_6d35786de281""}",{ return -EIO; },CORRECT,CORRECT,CORRECT,,imported split review true label
c_behavior_indicators-021,c_behavior_indicators,v6.12,.binddrift/worktrees/v6.12/include/linux/blk-mq.h,787,blk_mq_tag_to_rq,"{""c_symbol"": ""blk_mq_tag_to_rq"", ""confidence"": 0.7, ""evidence_file"": "".binddrift/worktrees/v6.12/include/linux/blk-mq.h"", ""evidence_line"": 787, ""evidence_text"": ""return NULL;"", ""indicator_type"": ""NULL_RETURN"", ""version_id"": ""v6.12""}",return NULL;,CORRECT,CORRECT,CORRECT,,imported split review true label
c_behavior_indicators-022,c_behavior_indicators,v7.0,.binddrift/worktrees/v7.0/include/linux/security.h,1811,security_socket_getpeersec_stream,"{""c_symbol"": ""security_socket_getpeersec_stream"", ""confidence"": 0.7, ""evidence_file"": "".binddrift/worktrees/v7.0/include/linux/security.h"", ""evidence_line"": 1811, ""evidence_text"": ""return -ENOPROTOOPT;"", ""indicator_type"": ""ERROR_CODE"", ""version_id"": ""v7.0""}",return -ENOPROTOOPT;,CORRECT,CORRECT,CORRECT,,imported split review true label
c_behavior_indicators-023,c_behavior_indicators,v6.14,.binddrift/worktrees/v6.14/rust/helpers/spinlock.c,21,rust_helper_spin_lock,"{""c_symbol"": ""rust_helper_spin_lock"", ""confidence"": 0.7, ""evidence_file"": "".binddrift/worktrees/v6.14/rust/helpers/spinlock.c"", ""evidence_line"": 21, ""evidence_text"": ""spin_lock(lock);"", ""indicator_type"": ""ATOMIC_CONTEXT"", ""version_id"": ""v6.14""}",spin_lock(lock);,CORRECT,CORRECT,CORRECT,,imported split review true label
c_behavior_indicators-024,c_behavior_indicators,v6.16,.binddrift/worktrees/v6.16/include/linux/pm_opp.h,525,devm_pm_opp_of_add_table,"{""c_symbol"": ""devm_pm_opp_of_add_table"", ""confidence"": 0.7, ""evidence_file"": "".binddrift/worktrees/v6.16/include/linux/pm_opp.h"", ""evidence_line"": 525, ""evidence_text"": ""return -EOPNOTSUPP;"", ""indicator_type"": ""ERROR_CODE"", ""version_id"": ""v6.16""}",return -EOPNOTSUPP;,CORRECT,CORRECT,CORRECT,,imported split review true label
c_behavior_indicators-025,c_behavior_indicators,v6.19,.binddrift/worktrees/v6.19/include/linux/clk.h,236,clk_notifier_register,"{""c_symbol"": ""clk_notifier_register"", ""confidence"": 0.7, ""evidence_file"": "".binddrift/worktrees/v6.19/include/linux/clk.h"", ""evidence_line"": 236, ""evidence_text"": ""return -ENOTSUPP;"", ""indicator_type"": ""ERROR_CODE"", ""version_id"": ""v6.19""}",return -ENOTSUPP;,CORRECT,CORRECT,CORRECT,,imported split review true label
c_behavior_indicators-026,c_behavior_indicators,v7.0,.binddrift/worktrees/v7.0/include/linux/pwm.h,574,devm_pwmchip_alloc,"{""c_symbol"": ""devm_pwmchip_alloc"", ""confidence"": 0.7, ""evidence_file"": "".binddrift/worktrees/v7.0/include/linux/pwm.h"", ""evidence_line"": 574, ""evidence_text"": ""return pwmchip_alloc(parent, npwm, sizeof_priv);"", ""indicator_type"": ""ALLOC"", ""version_id"": ""v7.0""}","return pwmchip_alloc(parent, npwm, sizeof_priv);",CORRECT,CORRECT,CORRECT,,imported split review true label
c_behavior_indicators-027,c_behavior_indicators,v6.17,.binddrift/worktrees/v6.17/include/linux/xarray.h,1020,xa_alloc_cyclic_bh,"{""c_symbol"": ""xa_alloc_cyclic_bh"", ""confidence"": 0.7, ""evidence_file"": "".binddrift/worktrees/v6.17/include/linux/xarray.h"", ""evidence_line"": 1020, ""evidence_text"": ""might_alloc(gfp);"", ""indicator_type"": ""ALLOC"", ""version_id"": ""v6.17""}",might_alloc(gfp);,CORRECT,CORRECT,CORRECT,,imported split review true label
c_behavior_indicators-028,c_behavior_indicators,v6.15,.binddrift/worktrees/v6.15/include/linux/phy.h,1868,phy_start_cable_test_tdr,"{""c_symbol"": ""phy_start_cable_test_tdr"", ""confidence"": 0.7, ""evidence_file"": "".binddrift/worktrees/v6.15/include/linux/phy.h"", ""evidence_line"": 1868, ""evidence_text"": ""return -EOPNOTSUPP;"", ""indicator_type"": ""ERROR_CODE"", ""version_id"": ""v6.15""}",return -EOPNOTSUPP;,CORRECT,CORRECT,CORRECT,,imported split review true label
c_behavior_indicators-029,c_behavior_indicators,v6.9,.binddrift/worktrees/v6.9/include/linux/sched.h,1784,dup_user_cpus_ptr,"{""c_symbol"": ""dup_user_cpus_ptr"", ""confidence"": 0.7, ""evidence_file"": "".binddrift/worktrees/v6.9/include/linux/sched.h"", ""evidence_line"": 1784, ""evidence_text"": ""return -EINVAL;"", ""indicator_type"": ""ERROR_CODE"", ""version_id"": ""v6.9""}",return -EINVAL;,CORRECT,CORRECT,CORRECT,,imported split review true label
c_behavior_indicators-030,c_behavior_indicators,v6.16,.binddrift/worktrees/v6.16/include/linux/clk.h,337,clk_bulk_prepare,"{""c_symbol"": ""clk_bulk_prepare"", ""confidence"": 0.7, ""evidence_file"": "".binddrift/worktrees/v6.16/include/linux/clk.h"", ""evidence_line"": 337, ""evidence_text"": ""might_sleep();"", ""indicator_type"": ""MAY_SLEEP"", ""version_id"": ""v6.16""}",might_sleep();,CORRECT,CORRECT,CORRECT,,imported split review true label
c_behavior_indicators-031,c_behavior_indicators,v7.0,.binddrift/worktrees/v7.0/include/linux/slab.h,1252,kfree_rcu_scheduler_running,"{""c_symbol"": ""kfree_rcu_scheduler_running"", ""confidence"": 0.7, ""evidence_file"": "".binddrift/worktrees/v7.0/include/linux/slab.h"", ""evidence_line"": 1252, ""evidence_text"": ""static inline void kfree_rcu_scheduler_running(void) { }"", ""indicator_type"": ""FREE"", ""version_id"": ""v7.0""}",static inline void kfree_rcu_scheduler_running(void) { },INCORRECT,INCORRECT,INCORRECT,PARSE_ERROR,kfree_rcu_scheduler_running is an empty scheduler hook and not a free operation
c_behavior_indicators-032,c_behavior_indicators,v6.17,.binddrift/worktrees/v6.17/include/linux/dma-mapping.h,227,dma_get_sgtable_attrs,"{""c_symbol"": ""dma_get_sgtable_attrs"", ""confidence"": 0.7, ""evidence_file"": "".binddrift/worktrees/v6.17/include/linux/dma-mapping.h"", ""evidence_line"": 227, ""evidence_text"": ""return -ENXIO;"", ""indicator_type"": ""ERROR_CODE"", ""version_id"": ""v6.17""}",return -ENXIO;,CORRECT,CORRECT,CORRECT,,imported split review true label
c_behavior_indicators-033,c_behavior_indicators,v6.19,.binddrift/worktrees/v6.19/include/linux/pwm.h,522,pwm_apply_might_sleep,"{""c_symbol"": ""pwm_apply_might_sleep"", ""confidence"": 0.7, ""evidence_file"": "".binddrift/worktrees/v6.19/include/linux/pwm.h"", ""evidence_line"": 522, ""evidence_text"": ""return -EOPNOTSUPP;"", ""indicator_type"": ""ERROR_CODE"", ""version_id"": ""v6.19""}",return -EOPNOTSUPP;,CORRECT,CORRECT,CORRECT,,imported split review true label
c_behavior_indicators-034,c_behavior_indicators,v6.17,.binddrift/worktrees/v6.17/include/linux/clk.h,986,devm_clk_get_prepared,"{""c_symbol"": ""devm_clk_get_prepared"", ""confidence"": 0.7, ""evidence_file"": "".binddrift/worktrees/v6.17/include/linux/clk.h"", ""evidence_line"": 986, ""evidence_text"": ""return NULL;"", ""indicator_type"": ""NULL_RETURN"", ""version_id"": ""v6.17""}",return NULL;,CORRECT,CORRECT,CORRECT,,imported split review true label
c_behavior_indicators-035,c_behavior_indicators,v6.19,.binddrift/worktrees/v6.19/include/linux/clk.h,957,clk_get,"{""c_symbol"": ""clk_get"", ""confidence"": 0.7, ""evidence_file"": "".binddrift/worktrees/v6.19/include/linux/clk.h"", ""evidence_line"": 957, ""evidence_text"": ""return NULL;"", ""indicator_type"": ""NULL_RETURN"", ""version_id"": ""v6.19""}",return NULL;,CORRECT,CORRECT,CORRECT,,imported split review true label
c_behavior_indicators-036,c_behavior_indicators,HEAD_6d35786de281,.binddrift/worktrees/HEAD_6d35786de281/include/linux/debugfs.h,281,debugfs_create_file,"{""c_symbol"": ""debugfs_create_file"", ""confidence"": 0.7, ""evidence_file"": "".binddrift/worktrees/HEAD_6d35786de281/include/linux/debugfs.h"", ""evidence_line"": 281, ""evidence_text"": ""return ERR_PTR(-ENODEV);"", ""indicator_type"": ""ERR_PTR_RETURN"", ""version_id"": ""HEAD_6d35786de281""}",return ERR_PTR(-ENODEV);,CORRECT,CORRECT,CORRECT,,imported split review true label
c_behavior_indicators-037,c_behavior_indicators,v6.17,.binddrift/worktrees/v6.17/include/linux/cpufreq.h,1201,cpufreq_boost_set_sw,"{""c_symbol"": ""cpufreq_boost_set_sw"", ""confidence"": 0.7, ""evidence_file"": "".binddrift/worktrees/v6.17/include/linux/cpufreq.h"", ""evidence_line"": 1201, ""evidence_text"": ""return -EOPNOTSUPP;"", ""indicator_type"": ""ERROR_CODE"", ""version_id"": ""v6.17""}",return -EOPNOTSUPP;,CORRECT,CORRECT,CORRECT,,imported split review true label
c_behavior_indicators-038,c_behavior_indicators,v6.19,.binddrift/worktrees/v6.19/include/linux/blkdev.h,290,blk_validate_block_size,"{""c_symbol"": ""blk_validate_block_size"", ""confidence"": 0.7, ""evidence_file"": "".binddrift/worktrees/v6.19/include/linux/blkdev.h"", ""evidence_line"": 290, ""evidence_text"": ""return -EINVAL;"", ""indicator_type"": ""ERROR_CODE"", ""version_id"": ""v6.19""}",return -EINVAL;,CORRECT,CORRECT,CORRECT,,imported split review true label
c_behavior_indicators-039,c_behavior_indicators,v6.19,.binddrift/worktrees/v6.19/include/linux/cred.h,242,get_cred_rcu,"{""c_symbol"": ""get_cred_rcu"", ""confidence"": 0.7, ""evidence_file"": "".binddrift/worktrees/v6.19/include/linux/cred.h"", ""evidence_line"": 242, ""evidence_text"": ""return NULL;"", ""indicator_type"": ""NULL_RETURN"", ""version_id"": ""v6.19""}",return NULL;,CORRECT,CORRECT,CORRECT,,imported split review true label
c_behavior_indicators-040,c_behavior_indicators,v6.18,.binddrift/worktrees/v6.18/include/linux/clk.h,1057,devm_clk_put,"{""c_symbol"": ""devm_clk_put"", ""confidence"": 0.7, ""evidence_file"": "".binddrift/worktrees/v6.18/include/linux/clk.h"", ""evidence_line"": 1057, ""evidence_text"": ""static inline void devm_clk_put(struct device *dev, struct clk *clk) {}"", ""indicator_type"": ""REFCOUNT_PUT"", ""version_id"": ""v6.18""}","static inline void devm_clk_put(struct device *dev, struct clk *clk) {}",CORRECT,CORRECT,CORRECT,,imported split review true label
c_behavior_indicators-041,c_behavior_indicators,v6.18,.binddrift/worktrees/v6.18/include/linux/clk.h,992,devm_clk_get_enabled,"{""c_symbol"": ""devm_clk_get_enabled"", ""confidence"": 0.7, ""evidence_file"": "".binddrift/worktrees/v6.18/include/linux/clk.h"", ""evidence_line"": 992, ""evidence_text"": ""return NULL;"", ""indicator_type"": ""NULL_RETURN"", ""version_id"": ""v6.18""}",return NULL;,CORRECT,CORRECT,CORRECT,,imported split review true label
c_behavior_indicators-042,c_behavior_indicators,v6.16,.binddrift/worktrees/v6.16/include/linux/pci.h,1903,pci_enable_ptm,"{""c_symbol"": ""pci_enable_ptm"", ""confidence"": 0.7, ""evidence_file"": "".binddrift/worktrees/v6.16/include/linux/pci.h"", ""evidence_line"": 1903, ""evidence_text"": ""{ return -EINVAL; }"", ""indicator_type"": ""ERROR_CODE"", ""version_id"": ""v6.16""}",{ return -EINVAL; },CORRECT,CORRECT,CORRECT,,imported split review true label
c_behavior_indicators-043,c_behavior_indicators,v6.19,.binddrift/worktrees/v6.19/include/linux/mm.h,837,vma_numab_state_free,"{""c_symbol"": ""vma_numab_state_free"", ""confidence"": 0.7, ""evidence_file"": "".binddrift/worktrees/v6.19/include/linux/mm.h"", ""evidence_line"": 837, ""evidence_text"": ""static inline void vma_numab_state_free(struct vm_area_struct *vma) {}"", ""indicator_type"": ""FREE"", ""version_id"": ""v6.19""}",static inline void vma_numab_state_free(struct vm_area_struct *vma) {},CORRECT,CORRECT,CORRECT,,imported split review true label
c_behavior_indicators-044,c_behavior_indicators,v7.0,.binddrift/worktrees/v7.0/include/linux/cpufreq.h,216,cpufreq_cpu_policy,"{""c_symbol"": ""cpufreq_cpu_policy"", ""confidence"": 0.7, ""evidence_file"": "".binddrift/worktrees/v7.0/include/linux/cpufreq.h"", ""evidence_line"": 216, ""evidence_text"": ""return NULL;"", ""indicator_type"": ""NULL_RETURN"", ""version_id"": ""v7.0""}",return NULL;,CORRECT,CORRECT,CORRECT,,imported split review true label
c_behavior_indicators-045,c_behavior_indicators,v7.0,.binddrift/worktrees/v7.0/drivers/base/base.h,73,subsys_put,"{""c_symbol"": ""subsys_put"", ""confidence"": 0.7, ""evidence_file"": "".binddrift/worktrees/v7.0/drivers/base/base.h"", ""evidence_line"": 73, ""evidence_text"": ""kset_put(&sp->subsys);"", ""indicator_type"": ""REFCOUNT_PUT"", ""version_id"": ""v7.0""}",kset_put(&sp->subsys);,CORRECT,CORRECT,CORRECT,,imported split review true label
c_behavior_indicators-046,c_behavior_indicators,v6.18,.binddrift/worktrees/v6.18/include/linux/configfs.h,102,config_group_put,"{""c_symbol"": ""config_group_put"", ""confidence"": 0.7, ""evidence_file"": "".binddrift/worktrees/v6.18/include/linux/configfs.h"", ""evidence_line"": 102, ""evidence_text"": ""config_item_put(&group->cg_item);"", ""indicator_type"": ""REFCOUNT_PUT"", ""version_id"": ""v6.18""}",config_item_put(&group->cg_item);,CORRECT,CORRECT,CORRECT,,imported split review true label
c_behavior_indicators-047,c_behavior_indicators,v6.19,.binddrift/worktrees/v6.19/include/linux/pm_opp.h,464,dev_pm_opp_set_rate,"{""c_symbol"": ""dev_pm_opp_set_rate"", ""confidence"": 0.7, ""evidence_file"": "".binddrift/worktrees/v6.19/include/linux/pm_opp.h"", ""evidence_line"": 464, ""evidence_text"": ""return -EOPNOTSUPP;"", ""indicator_type"": ""ERROR_CODE"", ""version_id"": ""v6.19""}",return -EOPNOTSUPP;,CORRECT,CORRECT,CORRECT,,imported split review true label
c_behavior_indicators-048,c_behavior_indicators,v6.18,.binddrift/worktrees/v6.18/include/linux/dma-mapping.h,709,dmam_alloc_coherent,"{""c_symbol"": ""dmam_alloc_coherent"", ""confidence"": 0.7, ""evidence_file"": "".binddrift/worktrees/v6.18/include/linux/dma-mapping.h"", ""evidence_line"": 709, ""evidence_text"": ""return dmam_alloc_attrs(dev, size, dma_handle, gfp,"", ""indicator_type"": ""ALLOC"", ""version_id"": ""v6.18""}","return dmam_alloc_attrs(dev, size, dma_handle, gfp,",CORRECT,CORRECT,CORRECT,,imported split review true label
c_behavior_indicators-049,c_behavior_indicators,v6.17,.binddrift/worktrees/v6.17/rust/helpers/clk.c,12,rust_helper_clk_get,"{""c_symbol"": ""rust_helper_clk_get"", ""confidence"": 0.7, ""evidence_file"": "".binddrift/worktrees/v6.17/rust/helpers/clk.c"", ""evidence_line"": 12, ""evidence_text"": ""return clk_get(dev, id);"", ""indicator_type"": ""REFCOUNT_GET"", ""version_id"": ""v6.17""}","return clk_get(dev, id);",CORRECT,CORRECT,CORRECT,,imported split review true label
c_behavior_indicators-050,c_behavior_indicators,v6.17,.binddrift/worktrees/v6.17/include/linux/pci.h,2042,pci_get_device,"{""c_symbol"": ""pci_get_device"", ""confidence"": 0.7, ""evidence_file"": "".binddrift/worktrees/v6.17/include/linux/pci.h"", ""evidence_line"": 2042, ""evidence_text"": ""{ return NULL; }"", ""indicator_type"": ""NULL_RETURN"", ""version_id"": ""v6.17""}",{ return NULL; },CORRECT,CORRECT,CORRECT,,imported split review true label
c_behavior_indicators-051,c_behavior_indicators,v6.17,.binddrift/worktrees/v6.17/include/linux/pm_opp.h,231,dev_pm_opp_get_supplies,"{""c_symbol"": ""dev_pm_opp_get_supplies"", ""confidence"": 0.7, ""evidence_file"": "".binddrift/worktrees/v6.17/include/linux/pm_opp.h"", ""evidence_line"": 231, ""evidence_text"": ""return -EOPNOTSUPP;"", ""indicator_type"": ""ERROR_CODE"", ""version_id"": ""v6.17""}",return -EOPNOTSUPP;,CORRECT,CORRECT,CORRECT,,imported split review true label
c_behavior_indicators-052,c_behavior_indicators,v6.19,.binddrift/worktrees/v6.19/include/linux/cpufreq.h,215,cpufreq_cpu_get,"{""c_symbol"": ""cpufreq_cpu_get"", ""confidence"": 0.7, ""evidence_file"": "".binddrift/worktrees/v6.19/include/linux/cpufreq.h"", ""evidence_line"": 215, ""evidence_text"": ""return NULL;"", ""indicator_type"": ""NULL_RETURN"", ""version_id"": ""v6.19""}",return NULL;,CORRECT,CORRECT,CORRECT,,imported split review true label
c_behavior_indicators-053,c_behavior_indicators,v6.18,.binddrift/worktrees/v6.18/include/linux/clk.h,1222,of_clk_get,"{""c_symbol"": ""of_clk_get"", ""confidence"": 0.7, ""evidence_file"": "".binddrift/worktrees/v6.18/include/linux/clk.h"", ""evidence_line"": 1222, ""evidence_text"": ""return ERR_PTR(-ENOENT);"", ""indicator_type"": ""ERR_PTR_RETURN"", ""version_id"": ""v6.18""}",return ERR_PTR(-ENOENT);,CORRECT,CORRECT,CORRECT,,imported split review true label
c_behavior_indicators-054,c_behavior_indicators,v6.19,.binddrift/worktrees/v6.19/include/linux/pci.h,2167,pci_find_next_bus,"{""c_symbol"": ""pci_find_next_bus"", ""confidence"": 0.7, ""evidence_file"": "".binddrift/worktrees/v6.19/include/linux/pci.h"", ""evidence_line"": 2167, ""evidence_text"": ""{ return NULL; }"", ""indicator_type"": ""NULL_RETURN"", ""version_id"": ""v6.19""}",{ return NULL; },CORRECT,CORRECT,CORRECT,,imported split review true label
c_behavior_indicators-055,c_behavior_indicators,v6.18,.binddrift/worktrees/v6.18/include/linux/mm.h,2987,pagetable_alloc_noprof,"{""c_symbol"": ""pagetable_alloc_noprof"", ""confidence"": 0.7, ""evidence_file"": "".binddrift/worktrees/v6.18/include/linux/mm.h"", ""evidence_line"": 2987, ""evidence_text"": ""struct page *page = alloc_pages_noprof(gfp | __GFP_COMP, order);"", ""indicator_type"": ""ALLOC"", ""version_id"": ""v6.18""}","struct page *page = alloc_pages_noprof(gfp | __GFP_COMP, order);",CORRECT,CORRECT,CORRECT,,imported split review true label
c_behavior_indicators-056,c_behavior_indicators,v7.0,.binddrift/worktrees/v7.0/include/kunit/test.h,501,kunit_kmalloc,"{""c_symbol"": ""kunit_kmalloc"", ""confidence"": 0.7, ""evidence_file"": "".binddrift/worktrees/v7.0/include/kunit/test.h"", ""evidence_line"": 501, ""evidence_text"": ""return kunit_kmalloc_array(test, 1, size, gfp);"", ""indicator_type"": ""ALLOC"", ""version_id"": ""v7.0""}","return kunit_kmalloc_array(test, 1, size, gfp);",CORRECT,CORRECT,CORRECT,,imported split review true label
c_behavior_indicators-057,c_behavior_indicators,v6.19,.binddrift/worktrees/v6.19/include/linux/pci.h,2090,pci_get_device_reverse,"{""c_symbol"": ""pci_get_device_reverse"", ""confidence"": 0.7, ""evidence_file"": "".binddrift/worktrees/v6.19/include/linux/pci.h"", ""evidence_line"": 2090, ""evidence_text"": ""{ return NULL; }"", ""indicator_type"": ""NULL_RETURN"", ""version_id"": ""v6.19""}",{ return NULL; },CORRECT,CORRECT,CORRECT,,imported split review true label
c_behavior_indicators-058,c_behavior_indicators,HEAD_6d35786de281,.binddrift/worktrees/HEAD_6d35786de281/include/linux/xarray.h,1059,xa_alloc_cyclic_irq,"{""c_symbol"": ""xa_alloc_cyclic_irq"", ""confidence"": 0.7, ""evidence_file"": "".binddrift/worktrees/HEAD_6d35786de281/include/linux/xarray.h"", ""evidence_line"": 1059, ""evidence_text"": ""might_alloc(gfp);"", ""indicator_type"": ""ALLOC"", ""version_id"": ""HEAD_6d35786de281""}",might_alloc(gfp);,CORRECT,CORRECT,CORRECT,,imported split review true label
c_behavior_indicators-059,c_behavior_indicators,v7.0,.binddrift/worktrees/v7.0/rust/helpers/regulator.c,26,rust_helper_regulator_get,"{""c_symbol"": ""rust_helper_regulator_get"", ""confidence"": 0.7, ""evidence_file"": "".binddrift/worktrees/v7.0/rust/helpers/regulator.c"", ""evidence_line"": 26, ""evidence_text"": ""return regulator_get(dev, id);"", ""indicator_type"": ""REFCOUNT_GET"", ""version_id"": ""v7.0""}","return regulator_get(dev, id);",CORRECT,CORRECT,CORRECT,,imported split review true label
c_behavior_indicators-060,c_behavior_indicators,v6.15,.binddrift/worktrees/v6.15/include/linux/pci.h,790,pcibios_err_to_errno,"{""c_symbol"": ""pcibios_err_to_errno"", ""confidence"": 0.7, ""evidence_file"": "".binddrift/worktrees/v6.15/include/linux/pci.h"", ""evidence_line"": 790, ""evidence_text"": ""return -ENOTTY;"", ""indicator_type"": ""ERROR_CODE"", ""version_id"": ""v6.15""}",return -ENOTTY;,CORRECT,CORRECT,CORRECT,,imported split review true label
c_behavior_indicators-061,c_behavior_indicators,v6.15,.binddrift/worktrees/v6.15/rust/helpers/rcu.c,7,rust_helper_rcu_read_lock,"{""c_symbol"": ""rust_helper_rcu_read_lock"", ""confidence"": 0.7, ""evidence_file"": "".binddrift/worktrees/v6.15/rust/helpers/rcu.c"", ""evidence_line"": 7, ""evidence_text"": ""rcu_read_lock();"", ""indicator_type"": ""ATOMIC_CONTEXT"", ""version_id"": ""v6.15""}",rcu_read_lock();,CORRECT,CORRECT,CORRECT,,imported split review true label
c_behavior_indicators-062,c_behavior_indicators,v6.19,.binddrift/worktrees/v6.19/include/linux/usb.h,2076,usb_translate_errors,"{""c_symbol"": ""usb_translate_errors"", ""confidence"": 0.7, ""evidence_file"": "".binddrift/worktrees/v6.19/include/linux/usb.h"", ""evidence_line"": 2076, ""evidence_text"": ""return -EIO;"", ""indicator_type"": ""ERROR_CODE"", ""version_id"": ""v6.19""}",return -EIO;,CORRECT,CORRECT,CORRECT,,imported split review true label
c_behavior_indicators-063,c_behavior_indicators,v6.18,.binddrift/worktrees/v6.18/include/linux/clk.h,270,clk_set_duty_cycle,"{""c_symbol"": ""clk_set_duty_cycle"", ""confidence"": 0.7, ""evidence_file"": "".binddrift/worktrees/v6.18/include/linux/clk.h"", ""evidence_line"": 270, ""evidence_text"": ""return -ENOTSUPP;"", ""indicator_type"": ""ERROR_CODE"", ""version_id"": ""v6.18""}",return -ENOTSUPP;,CORRECT,CORRECT,CORRECT,,imported split review true label
c_behavior_indicators-064,c_behavior_indicators,v6.2,.binddrift/worktrees/v6.2/include/linux/slab.h,452,__kmalloc_index,"{""c_symbol"": ""__kmalloc_index"", ""confidence"": 0.7, ""evidence_file"": "".binddrift/worktrees/v6.2/include/linux/slab.h"", ""evidence_line"": 452, ""evidence_text"": ""BUILD_BUG_ON_MSG(1, \""unexpected size in kmalloc_index()\"");"", ""indicator_type"": ""ALLOC"", ""version_id"": ""v6.2""}","BUILD_BUG_ON_MSG(1, ""unexpected size in kmalloc_index()"");",INCORRECT,INCORRECT,INCORRECT,PARSE_ERROR,kmalloc_index appears in a BUG message and no allocation occurs
c_behavior_indicators-065,c_behavior_indicators,v6.19,.binddrift/worktrees/v6.19/include/linux/bitmap.h,717,bitmap_find_free_region,"{""c_symbol"": ""bitmap_find_free_region"", ""confidence"": 0.7, ""evidence_file"": "".binddrift/worktrees/v6.19/include/linux/bitmap.h"", ""evidence_line"": 717, ""evidence_text"": ""if (!bitmap_allocate_region(bitmap, pos, order))"", ""indicator_type"": ""ALLOC"", ""version_id"": ""v6.19""}","if (!bitmap_allocate_region(bitmap, pos, order))",CORRECT,CORRECT,CORRECT,,imported split review true label
c_behavior_indicators-066,c_behavior_indicators,HEAD_6d35786de281,.binddrift/worktrees/HEAD_6d35786de281/include/linux/pwm.h,601,pwm_put,"{""c_symbol"": ""pwm_put"", ""confidence"": 0.7, ""evidence_file"": "".binddrift/worktrees/HEAD_6d35786de281/include/linux/pwm.h"", ""evidence_line"": 601, ""evidence_text"": ""might_sleep();"", ""indicator_type"": ""MAY_SLEEP"", ""version_id"": ""HEAD_6d35786de281""}",might_sleep();,CORRECT,CORRECT,CORRECT,,imported split review true label
c_behavior_indicators-067,c_behavior_indicators,v7.0,.binddrift/worktrees/v7.0/include/linux/fs.h,3437,kiocb_set_rw_flags,"{""c_symbol"": ""kiocb_set_rw_flags"", ""confidence"": 0.7, ""evidence_file"": "".binddrift/worktrees/v7.0/include/linux/fs.h"", ""evidence_line"": 3437, ""evidence_text"": ""return -EOPNOTSUPP;"", ""indicator_type"": ""ERROR_CODE"", ""version_id"": ""v7.0""}",return -EOPNOTSUPP;,CORRECT,CORRECT,CORRECT,,imported split review true label
c_behavior_indicators-068,c_behavior_indicators,v6.15,.binddrift/worktrees/v6.15/rust/helpers/dma.c,9,rust_helper_dma_alloc_attrs,"{""c_symbol"": ""rust_helper_dma_alloc_attrs"", ""confidence"": 0.7, ""evidence_file"": "".binddrift/worktrees/v6.15/rust/helpers/dma.c"", ""evidence_line"": 9, ""evidence_text"": ""return dma_alloc_attrs(dev, size, dma_handle, flag, attrs);"", ""indicator_type"": ""ALLOC"", ""version_id"": ""v6.15""}","return dma_alloc_attrs(dev, size, dma_handle, flag, attrs);",CORRECT,CORRECT,CORRECT,,imported split review true label
c_behavior_indicators-069,c_behavior_indicators,HEAD_6d35786de281,.binddrift/worktrees/HEAD_6d35786de281/include/linux/acpi.h,1603,find_acpi_cache_level_from_id,"{""c_symbol"": ""find_acpi_cache_level_from_id"", ""confidence"": 0.7, ""evidence_file"": "".binddrift/worktrees/HEAD_6d35786de281/include/linux/acpi.h"", ""evidence_line"": 1603, ""evidence_text"": ""return -ENOENT;"", ""indicator_type"": ""ERROR_CODE"", ""version_id"": ""HEAD_6d35786de281""}",return -ENOENT;,CORRECT,CORRECT,CORRECT,,imported split review true label
c_behavior_indicators-070,c_behavior_indicators,v6.19,.binddrift/worktrees/v6.19/drivers/base/base.h,286,devtmpfs_create_node,"{""c_symbol"": ""devtmpfs_create_node"", ""confidence"": 0.7, ""evidence_file"": "".binddrift/worktrees/v6.19/drivers/base/base.h"", ""evidence_line"": 286, ""evidence_text"": ""static inline int devtmpfs_create_node(struct device *dev) { return 0; }"", ""indicator_type"": ""ALLOC"", ""version_id"": ""v6.19""}",static inline int devtmpfs_create_node(struct device *dev) { return 0; },CORRECT,CORRECT,CORRECT,,imported split review true label
c_behavior_indicators-071,c_behavior_indicators,HEAD_6d35786de281,.binddrift/worktrees/HEAD_6d35786de281/drivers/base/base.h,67,subsys_get,"{""c_symbol"": ""subsys_get"", ""confidence"": 0.7, ""evidence_file"": "".binddrift/worktrees/HEAD_6d35786de281/drivers/base/base.h"", ""evidence_line"": 67, ""evidence_text"": ""kset_get(&sp->subsys);"", ""indicator_type"": ""REFCOUNT_GET"", ""version_id"": ""HEAD_6d35786de281""}",kset_get(&sp->subsys);,CORRECT,CORRECT,CORRECT,,imported split review true label
c_behavior_indicators-072,c_behavior_indicators,v6.19,.binddrift/worktrees/v6.19/include/linux/clk.h,259,clk_set_phase,"{""c_symbol"": ""clk_set_phase"", ""confidence"": 0.7, ""evidence_file"": "".binddrift/worktrees/v6.19/include/linux/clk.h"", ""evidence_line"": 259, ""evidence_text"": ""return -ENOTSUPP;"", ""indicator_type"": ""ERROR_CODE"", ""version_id"": ""v6.19""}",return -ENOTSUPP;,CORRECT,CORRECT,CORRECT,,imported split review true label
c_behavior_indicators-073,c_behavior_indicators,v6.18,.binddrift/worktrees/v6.18/include/linux/security.h,1816,security_socket_getpeersec_dgram,"{""c_symbol"": ""security_socket_getpeersec_dgram"", ""confidence"": 0.7, ""evidence_file"": "".binddrift/worktrees/v6.18/include/linux/security.h"", ""evidence_line"": 1816, ""evidence_text"": ""return -ENOPROTOOPT;"", ""indicator_type"": ""ERROR_CODE"", ""version_id"": ""v6.18""}",return -ENOPROTOOPT;,CORRECT,CORRECT,CORRECT,,imported split review true label
c_behavior_indicators-074,c_behavior_indicators,v6.18,.binddrift/worktrees/v6.18/include/linux/clk.h,1010,devm_clk_get_optional_enabled,"{""c_symbol"": ""devm_clk_get_optional_enabled"", ""confidence"": 0.7, ""evidence_file"": "".binddrift/worktrees/v6.18/include/linux/clk.h"", ""evidence_line"": 1010, ""evidence_text"": ""return NULL;"", ""indicator_type"": ""NULL_RETURN"", ""version_id"": ""v6.18""}",return NULL;,CORRECT,CORRECT,CORRECT,,imported split review true label
c_behavior_indicators-075,c_behavior_indicators,v6.19,.binddrift/worktrees/v6.19/include/linux/acpi.h,822,acpi_dev_uid_to_integer,"{""c_symbol"": ""acpi_dev_uid_to_integer"", ""confidence"": 0.7, ""evidence_file"": "".binddrift/worktrees/v6.19/include/linux/acpi.h"", ""evidence_line"": 822, ""evidence_text"": ""return -ENODEV;"", ""indicator_type"": ""ERROR_CODE"", ""version_id"": ""v6.19""}",return -ENODEV;,CORRECT,CORRECT,CORRECT,,imported split review true label
c_behavior_indicators-076,c_behavior_indicators,v6.18,.binddrift/worktrees/v6.18/include/linux/dma-mapping.h,260,dma_get_sgtable_attrs,"{""c_symbol"": ""dma_get_sgtable_attrs"", ""confidence"": 0.7, ""evidence_file"": "".binddrift/worktrees/v6.18/include/linux/dma-mapping.h"", ""evidence_line"": 260, ""evidence_text"": ""return -ENXIO;"", ""indicator_type"": ""ERROR_CODE"", ""version_id"": ""v6.18""}",return -ENXIO;,CORRECT,CORRECT,CORRECT,,imported split review true label
c_behavior_indicators-077,c_behavior_indicators,v6.17,.binddrift/worktrees/v6.17/include/linux/regulator/consumer.h,305,regulator_get,"{""c_symbol"": ""regulator_get"", ""confidence"": 0.7, ""evidence_file"": "".binddrift/worktrees/v6.17/include/linux/regulator/consumer.h"", ""evidence_line"": 305, ""evidence_text"": ""return NULL;"", ""indicator_type"": ""NULL_RETURN"", ""version_id"": ""v6.17""}",return NULL;,CORRECT,CORRECT,CORRECT,,imported split review true label
c_behavior_indicators-078,c_behavior_indicators,v6.16,.binddrift/worktrees/v6.16/include/linux/pci.h,2036,pci_get_base_class,"{""c_symbol"": ""pci_get_base_class"", ""confidence"": 0.7, ""evidence_file"": "".binddrift/worktrees/v6.16/include/linux/pci.h"", ""evidence_line"": 2036, ""evidence_text"": ""{ return NULL; }"", ""indicator_type"": ""NULL_RETURN"", ""version_id"": ""v6.16""}",{ return NULL; },CORRECT,CORRECT,CORRECT,,imported split review true label
c_behavior_indicators-079,c_behavior_indicators,v6.11,.binddrift/worktrees/v6.11/include/linux/firmware.h,142,firmware_request_nowarn,"{""c_symbol"": ""firmware_request_nowarn"", ""confidence"": 0.7, ""evidence_file"": "".binddrift/worktrees/v6.11/include/linux/firmware.h"", ""evidence_line"": 142, ""evidence_text"": ""return -EINVAL;"", ""indicator_type"": ""ERROR_CODE"", ""version_id"": ""v6.11""}",return -EINVAL;,CORRECT,CORRECT,CORRECT,,imported split review true label
c_behavior_indicators-080,c_behavior_indicators,v6.16,.binddrift/worktrees/v6.16/include/linux/firmware.h,142,firmware_request_nowarn,"{""c_symbol"": ""firmware_request_nowarn"", ""confidence"": 0.7, ""evidence_file"": "".binddrift/worktrees/v6.16/include/linux/firmware.h"", ""evidence_line"": 142, ""evidence_text"": ""return -EINVAL;"", ""indicator_type"": ""ERROR_CODE"", ""version_id"": ""v6.16""}",return -EINVAL;,CORRECT,CORRECT,CORRECT,,imported split review true label
c_behavior_indicators-081,c_behavior_indicators,v7.0,.binddrift/worktrees/v7.0/include/linux/debugfs.h,491,debugfs_create_xul,"{""c_symbol"": ""debugfs_create_xul"", ""confidence"": 0.7, ""evidence_file"": "".binddrift/worktrees/v7.0/include/linux/debugfs.h"", ""evidence_line"": 491, ""evidence_text"": ""debugfs_create_x32(name, mode, parent, (u32 *)value);"", ""indicator_type"": ""ALLOC"", ""version_id"": ""v7.0""}","debugfs_create_x32(name, mode, parent, (u32 *)value);",CORRECT,CORRECT,CORRECT,,imported split review true label
c_behavior_indicators-082,c_behavior_indicators,v6.19,.binddrift/worktrees/v6.19/include/linux/pm_opp.h,393,dev_pm_opp_add_dynamic,"{""c_symbol"": ""dev_pm_opp_add_dynamic"", ""confidence"": 0.7, ""evidence_file"": "".binddrift/worktrees/v6.19/include/linux/pm_opp.h"", ""evidence_line"": 393, ""evidence_text"": ""return -EOPNOTSUPP;"", ""indicator_type"": ""ERROR_CODE"", ""version_id"": ""v6.19""}",return -EOPNOTSUPP;,CORRECT,CORRECT,CORRECT,,imported split review true label
c_behavior_indicators-083,c_behavior_indicators,v7.0,.binddrift/worktrees/v7.0/include/linux/pci.h,1779,pci_msix_vec_count,"{""c_symbol"": ""pci_msix_vec_count"", ""confidence"": 0.7, ""evidence_file"": "".binddrift/worktrees/v7.0/include/linux/pci.h"", ""evidence_line"": 1779, ""evidence_text"": ""static inline int pci_msix_vec_count(struct pci_dev *dev) { return -ENOSYS; }"", ""indicator_type"": ""ERROR_CODE"", ""version_id"": ""v7.0""}",static inline int pci_msix_vec_count(struct pci_dev *dev) { return -ENOSYS; },CORRECT,CORRECT,CORRECT,,imported split review true label
c_behavior_indicators-084,c_behavior_indicators,v6.16,.binddrift/worktrees/v6.16/include/linux/security.h,1110,security_inode_copy_up_xattr,"{""c_symbol"": ""security_inode_copy_up_xattr"", ""confidence"": 0.7, ""evidence_file"": "".binddrift/worktrees/v6.16/include/linux/security.h"", ""evidence_line"": 1110, ""evidence_text"": ""return -EOPNOTSUPP;"", ""indicator_type"": ""ERROR_CODE"", ""version_id"": ""v6.16""}",return -EOPNOTSUPP;,CORRECT,CORRECT,CORRECT,,imported split review true label
c_behavior_indicators-085,c_behavior_indicators,HEAD_6d35786de281,.binddrift/worktrees/HEAD_6d35786de281/include/linux/acpi.h,1106,acpi_get_subsystem_id,"{""c_symbol"": ""acpi_get_subsystem_id"", ""confidence"": 0.7, ""evidence_file"": "".binddrift/worktrees/HEAD_6d35786de281/include/linux/acpi.h"", ""evidence_line"": 1106, ""evidence_text"": ""return ERR_PTR(-ENODEV);"", ""indicator_type"": ""ERR_PTR_RETURN"", ""version_id"": ""HEAD_6d35786de281""}",return ERR_PTR(-ENODEV);,CORRECT,CORRECT,CORRECT,,imported split review true label
c_behavior_indicators-086,c_behavior_indicators,v6.19,.binddrift/worktrees/v6.19/include/linux/pwm.h,616,devm_fwnode_pwm_get,"{""c_symbol"": ""devm_fwnode_pwm_get"", ""confidence"": 0.7, ""evidence_file"": "".binddrift/worktrees/v6.19/include/linux/pwm.h"", ""evidence_line"": 616, ""evidence_text"": ""return ERR_PTR(-ENODEV);"", ""indicator_type"": ""ERR_PTR_RETURN"", ""version_id"": ""v6.19""}",return ERR_PTR(-ENODEV);,CORRECT,CORRECT,CORRECT,,imported split review true label
c_behavior_indicators-087,c_behavior_indicators,HEAD_6d35786de281,.binddrift/worktrees/HEAD_6d35786de281/include/linux/mm.h,3741,ptlock_init,"{""c_symbol"": ""ptlock_init"", ""confidence"": 0.7, ""evidence_file"": "".binddrift/worktrees/HEAD_6d35786de281/include/linux/mm.h"", ""evidence_line"": 3741, ""evidence_text"": ""if (!ptlock_alloc(ptdesc))"", ""indicator_type"": ""ALLOC"", ""version_id"": ""HEAD_6d35786de281""}",if (!ptlock_alloc(ptdesc)),CORRECT,CORRECT,CORRECT,,imported split review true label
c_behavior_indicators-088,c_behavior_indicators,v6.11,.binddrift/worktrees/v6.11/include/linux/sched.h,2161,sched_core_free,"{""c_symbol"": ""sched_core_free"", ""confidence"": 0.7, ""evidence_file"": "".binddrift/worktrees/v6.11/include/linux/sched.h"", ""evidence_line"": 2161, ""evidence_text"": ""static inline void sched_core_free(struct task_struct *tsk) { }"", ""indicator_type"": ""FREE"", ""version_id"": ""v6.11""}",static inline void sched_core_free(struct task_struct *tsk) { },CORRECT,CORRECT,CORRECT,,imported split review true label
c_behavior_indicators-089,c_behavior_indicators,HEAD_6d35786de281,.binddrift/worktrees/HEAD_6d35786de281/include/linux/pm_opp.h,536,dev_pm_opp_of_add_table,"{""c_symbol"": ""dev_pm_opp_of_add_table"", ""confidence"": 0.7, ""evidence_file"": "".binddrift/worktrees/HEAD_6d35786de281/include/linux/pm_opp.h"", ""evidence_line"": 536, ""evidence_text"": ""return -EOPNOTSUPP;"", ""indicator_type"": ""ERROR_CODE"", ""version_id"": ""HEAD_6d35786de281""}",return -EOPNOTSUPP;,CORRECT,CORRECT,CORRECT,,imported split review true label
c_behavior_indicators-090,c_behavior_indicators,v6.16,.binddrift/worktrees/v6.16/include/linux/clk.h,1124,clk_get_parent,"{""c_symbol"": ""clk_get_parent"", ""confidence"": 0.7, ""evidence_file"": "".binddrift/worktrees/v6.16/include/linux/clk.h"", ""evidence_line"": 1124, ""evidence_text"": ""return NULL;"", ""indicator_type"": ""NULL_RETURN"", ""version_id"": ""v6.16""}",return NULL;,CORRECT,CORRECT,CORRECT,,imported split review true label
c_behavior_indicators-091,c_behavior_indicators,v6.14,.binddrift/worktrees/v6.14/include/linux/firmware.h,168,request_firmware_direct,"{""c_symbol"": ""request_firmware_direct"", ""confidence"": 0.7, ""evidence_file"": "".binddrift/worktrees/v6.14/include/linux/firmware.h"", ""evidence_line"": 168, ""evidence_text"": ""return -EINVAL;"", ""indicator_type"": ""ERROR_CODE"", ""version_id"": ""v6.14""}",return -EINVAL;,CORRECT,CORRECT,CORRECT,,imported split review true label
c_behavior_indicators-092,c_behavior_indicators,v6.15,.binddrift/worktrees/v6.15/rust/helpers/err.c,17,rust_helper_PTR_ERR,"{""c_symbol"": ""rust_helper_PTR_ERR"", ""confidence"": 0.7, ""evidence_file"": "".binddrift/worktrees/v6.15/rust/helpers/err.c"", ""evidence_line"": 17, ""evidence_text"": ""return PTR_ERR(ptr);"", ""indicator_type"": ""IS_ERR_CHECK"", ""version_id"": ""v6.15""}",return PTR_ERR(ptr);,CORRECT,CORRECT,CORRECT,,imported split review true label
c_behavior_indicators-093,c_behavior_indicators,v6.16,.binddrift/worktrees/v6.16/include/linux/pm_opp.h,231,dev_pm_opp_get_supplies,"{""c_symbol"": ""dev_pm_opp_get_supplies"", ""confidence"": 0.7, ""evidence_file"": "".binddrift/worktrees/v6.16/include/linux/pm_opp.h"", ""evidence_line"": 231, ""evidence_text"": ""return -EOPNOTSUPP;"", ""indicator_type"": ""ERROR_CODE"", ""version_id"": ""v6.16""}",return -EOPNOTSUPP;,CORRECT,CORRECT,CORRECT,,imported split review true label
c_behavior_indicators-094,c_behavior_indicators,v6.17,.binddrift/worktrees/v6.17/include/linux/clk.h,270,clk_set_duty_cycle,"{""c_symbol"": ""clk_set_duty_cycle"", ""confidence"": 0.7, ""evidence_file"": "".binddrift/worktrees/v6.17/include/linux/clk.h"", ""evidence_line"": 270, ""evidence_text"": ""return -ENOTSUPP;"", ""indicator_type"": ""ERROR_CODE"", ""version_id"": ""v6.17""}",return -ENOTSUPP;,CORRECT,CORRECT,CORRECT,,imported split review true label
c_behavior_indicators-095,c_behavior_indicators,v7.0,.binddrift/worktrees/v7.0/include/linux/pwm.h,545,pwm_config,"{""c_symbol"": ""pwm_config"", ""confidence"": 0.7, ""evidence_file"": "".binddrift/worktrees/v7.0/include/linux/pwm.h"", ""evidence_line"": 545, ""evidence_text"": ""return -EINVAL;"", ""indicator_type"": ""ERROR_CODE"", ""version_id"": ""v7.0""}",return -EINVAL;,CORRECT,CORRECT,CORRECT,,imported split review true label
c_behavior_indicators-096,c_behavior_indicators,v6.16,.binddrift/worktrees/v6.16/include/linux/pm_opp.h,204,dev_pm_opp_get_opp_table,"{""c_symbol"": ""dev_pm_opp_get_opp_table"", ""confidence"": 0.7, ""evidence_file"": "".binddrift/worktrees/v6.16/include/linux/pm_opp.h"", ""evidence_line"": 204, ""evidence_text"": ""return ERR_PTR(-EOPNOTSUPP);"", ""indicator_type"": ""ERR_PTR_RETURN"", ""version_id"": ""v6.16""}",return ERR_PTR(-EOPNOTSUPP);,CORRECT,CORRECT,CORRECT,,imported split review true label
c_behavior_indicators-097,c_behavior_indicators,v6.18,.binddrift/worktrees/v6.18/include/linux/fs.h,3868,kiocb_set_rw_flags,"{""c_symbol"": ""kiocb_set_rw_flags"", ""confidence"": 0.7, ""evidence_file"": "".binddrift/worktrees/v6.18/include/linux/fs.h"", ""evidence_line"": 3868, ""evidence_text"": ""return -EPERM;"", ""indicator_type"": ""ERROR_CODE"", ""version_id"": ""v6.18""}",return -EPERM;,CORRECT,CORRECT,CORRECT,,imported split review true label
c_behavior_indicators-098,c_behavior_indicators,v6.15,.binddrift/worktrees/v6.15/include/linux/dma-mapping.h,603,dma_alloc_wc,"{""c_symbol"": ""dma_alloc_wc"", ""confidence"": 0.7, ""evidence_file"": "".binddrift/worktrees/v6.15/include/linux/dma-mapping.h"", ""evidence_line"": 603, ""evidence_text"": ""return dma_alloc_attrs(dev, size, dma_addr, gfp, attrs);"", ""indicator_type"": ""ALLOC"", ""version_id"": ""v6.15""}","return dma_alloc_attrs(dev, size, dma_addr, gfp, attrs);",CORRECT,CORRECT,CORRECT,,imported split review true label
c_behavior_indicators-099,c_behavior_indicators,v6.17,.binddrift/worktrees/v6.17/include/linux/cpufreq.h,213,cpufreq_cpu_get_raw,"{""c_symbol"": ""cpufreq_cpu_get_raw"", ""confidence"": 0.7, ""evidence_file"": "".binddrift/worktrees/v6.17/include/linux/cpufreq.h"", ""evidence_line"": 213, ""evidence_text"": ""return NULL;"", ""indicator_type"": ""NULL_RETURN"", ""version_id"": ""v6.17""}",return NULL;,CORRECT,CORRECT,CORRECT,,imported split review true label
c_behavior_indicators-100,c_behavior_indicators,v7.0,.binddrift/worktrees/v7.0/include/linux/pci.h,1830,pci_irq_vector,"{""c_symbol"": ""pci_irq_vector"", ""confidence"": 0.7, ""evidence_file"": "".binddrift/worktrees/v7.0/include/linux/pci.h"", ""evidence_line"": 1830, ""evidence_text"": ""return -EINVAL;"", ""indicator_type"": ""ERROR_CODE"", ""version_id"": ""v7.0""}",return -EINVAL;,CORRECT,CORRECT,CORRECT,,imported split review true label
rust_binding_uses-001,rust_binding_uses,v6.17,.binddrift/worktrees/v6.17/rust/kernel/uaccess.rs,432,copy_to_user,"{""binding_symbol"": ""copy_to_user"", ""enclosing_function"": ""UserSliceWriter::write_slice"", ""enclosing_impl"": ""UserSliceWriter"", ""enclosing_type"": ""UserSliceWriter"", ""enclosing_unsafe_block"": 1, ""line"": 432, ""rust_file"": "".binddrift/worktrees/v6.17/rust/kernel/uaccess.rs"", ""version_id"": ""v6.17""}","{""binding_symbol"": ""copy_to_user"", ""enclosing_function"": ""UserSliceWriter::write_slice"", ""enclosing_impl"": ""UserSliceWriter"", ""enclosing_type"": ""UserSliceWriter"", ""enclosing_unsafe_block"": 1, ""line"": 432, ""rust_file"": "".binddrift/worktrees/v6.17/rust/kernel/uaccess.rs""",CORRECT,CORRECT,CORRECT,,imported split review true label
rust_binding_uses-002,rust_binding_uses,v6.19,.binddrift/worktrees/v6.19/rust/kernel/bug.rs,54,BUGFLAG_WARNING,"{""binding_symbol"": ""BUGFLAG_WARNING"", ""enclosing_function"": null, ""enclosing_impl"": null, ""enclosing_type"": null, ""enclosing_unsafe_block"": 0, ""line"": 54, ""rust_file"": "".binddrift/worktrees/v6.19/rust/kernel/bug.rs"", ""version_id"": ""v6.19""}","{""binding_symbol"": ""BUGFLAG_WARNING"", ""enclosing_function"": null, ""enclosing_impl"": null, ""enclosing_type"": null, ""enclosing_unsafe_block"": 0, ""line"": 54, ""rust_file"": "".binddrift/worktrees/v6.19/rust/kernel/bug.rs"", ""version_id"": ""v6.19""}",CORRECT,CORRECT,CORRECT,,imported split review true label
rust_binding_uses-003,rust_binding_uses,v6.19,.binddrift/worktrees/v6.19/rust/kernel/configfs.rs,234,configfs_subsystem,"{""binding_symbol"": ""configfs_subsystem"", ""enclosing_function"": ""container_of"", ""enclosing_impl"": null, ""enclosing_type"": null, ""enclosing_unsafe_block"": 0, ""line"": 234, ""rust_file"": "".binddrift/worktrees/v6.19/rust/kernel/configfs.rs"", ""version_id"": ""v6.19""}","{""binding_symbol"": ""configfs_subsystem"", ""enclosing_function"": ""container_of"", ""enclosing_impl"": null, ""enclosing_type"": null, ""enclosing_unsafe_block"": 0, ""line"": 234, ""rust_file"": "".binddrift/worktrees/v6.19/rust/kernel/configfs.rs"", ""version_id"": ""v6.19""}",CORRECT,CORRECT,CORRECT,,imported split review true label
rust_binding_uses-004,rust_binding_uses,v7.0,.binddrift/worktrees/v7.0/rust/kernel/usb.rs,156,USB_DEVICE_ID_MATCH_DEV_INFO,"{""binding_symbol"": ""USB_DEVICE_ID_MATCH_DEV_INFO"", ""enclosing_function"": ""from_device_info"", ""enclosing_impl"": ""DeviceId"", ""enclosing_type"": ""DeviceId"", ""enclosing_unsafe_block"": 0, ""line"": 156, ""rust_file"": "".binddrift/worktrees/v7.0/rust/kernel/usb.rs"", ""version_id"": ""v7.0""}","{""binding_symbol"": ""USB_DEVICE_ID_MATCH_DEV_INFO"", ""enclosing_function"": ""from_device_info"", ""enclosing_impl"": ""DeviceId"", ""enclosing_type"": ""DeviceId"", ""enclosing_unsafe_block"": 0, ""line"": 156, ""rust_file"": "".binddrift/worktrees/v7.0/rust/kernel/usb.rs"", ""version_id"":",CORRECT,CORRECT,CORRECT,,imported split review true label
rust_binding_uses-005,rust_binding_uses,v6.16,.binddrift/worktrees/v6.16/rust/kernel/kunit.rs,224,kunit_speed_KUNIT_SPEED_NORMAL,"{""binding_symbol"": ""kunit_speed_KUNIT_SPEED_NORMAL"", ""enclosing_function"": ""kunit_case_null"", ""enclosing_impl"": null, ""enclosing_type"": null, ""enclosing_unsafe_block"": 0, ""line"": 224, ""rust_file"": "".binddrift/worktrees/v6.16/rust/kernel/kunit.rs"", ""version_id"": ""v6.16""}","{""binding_symbol"": ""kunit_speed_KUNIT_SPEED_NORMAL"", ""enclosing_function"": ""kunit_case_null"", ""enclosing_impl"": null, ""enclosing_type"": null, ""enclosing_unsafe_block"": 0, ""line"": 224, ""rust_file"": "".binddrift/worktrees/v6.16/rust/kernel/kunit.rs"", ""version_id"": ""v6.16""",CORRECT,CORRECT,CORRECT,,imported split review true label
rust_binding_uses-006,rust_binding_uses,v7.0,.binddrift/worktrees/v7.0/rust/kernel/page.rs,232,kunmap_local,"{""binding_symbol"": ""kunmap_local"", ""enclosing_function"": ""Page::nid"", ""enclosing_impl"": ""Page"", ""enclosing_type"": ""Page"", ""enclosing_unsafe_block"": 1, ""line"": 232, ""rust_file"": "".binddrift/worktrees/v7.0/rust/kernel/page.rs"", ""version_id"": ""v7.0""}","{""binding_symbol"": ""kunmap_local"", ""enclosing_function"": ""Page::nid"", ""enclosing_impl"": ""Page"", ""enclosing_type"": ""Page"", ""enclosing_unsafe_block"": 1, ""line"": 232, ""rust_file"": "".binddrift/worktrees/v7.0/rust/kernel/page.rs"", ""version_id"": ""v7.0""}",CORRECT,CORRECT,CORRECT,,imported split review true label
rust_binding_uses-007,rust_binding_uses,v6.17,.binddrift/worktrees/v6.17/rust/kernel/configfs.rs,588,config_group,"{""binding_symbol"": ""config_group"", ""enclosing_function"": null, ""enclosing_impl"": ""Attribute<ID, O, Data>"", ""enclosing_type"": ""Attribute<ID, O, Data>"", ""enclosing_unsafe_block"": 0, ""line"": 588, ""rust_file"": "".binddrift/worktrees/v6.17/rust/kernel/configfs.rs"", ""version_id"": ""v6.17""}","{""binding_symbol"": ""config_group"", ""enclosing_function"": null, ""enclosing_impl"": ""Attribute<ID, O, Data>"", ""enclosing_type"": ""Attribute<ID, O, Data>"", ""enclosing_unsafe_block"": 0, ""line"": 588, ""rust_file"": "".binddrift/worktrees/v6.17/rust/kernel/configfs.rs"", ""version_",CORRECT,CORRECT,CORRECT,,imported split review true label
rust_binding_uses-008,rust_binding_uses,v6.17,.binddrift/worktrees/v6.17/rust/kernel/cpufreq.rs,225,cpufreq_frequency_table,"{""binding_symbol"": ""cpufreq_frequency_table"", ""enclosing_function"": ""show_freq"", ""enclosing_impl"": null, ""enclosing_type"": null, ""enclosing_unsafe_block"": 0, ""line"": 225, ""rust_file"": "".binddrift/worktrees/v6.17/rust/kernel/cpufreq.rs"", ""version_id"": ""v6.17""}","{""binding_symbol"": ""cpufreq_frequency_table"", ""enclosing_function"": ""show_freq"", ""enclosing_impl"": null, ""enclosing_type"": null, ""enclosing_unsafe_block"": 0, ""line"": 225, ""rust_file"": "".binddrift/worktrees/v6.17/rust/kernel/cpufreq.rs"", ""version_id"": ""v6.17""}",CORRECT,CORRECT,CORRECT,,imported split review true label
rust_binding_uses-009,rust_binding_uses,v6.19,.binddrift/worktrees/v6.19/rust/kernel/time/hrtimer.rs,590,hrtimer_mode,"{""binding_symbol"": ""hrtimer_mode"", ""enclosing_function"": null, ""enclosing_impl"": ""AbsolutePinnedMode<C>"", ""enclosing_type"": ""AbsolutePinnedMode<C>"", ""enclosing_unsafe_block"": 0, ""line"": 590, ""rust_file"": "".binddrift/worktrees/v6.19/rust/kernel/time/hrtimer.rs"", ""version_id"": ""v6.19""}","{""binding_symbol"": ""hrtimer_mode"", ""enclosing_function"": null, ""enclosing_impl"": ""AbsolutePinnedMode<C>"", ""enclosing_type"": ""AbsolutePinnedMode<C>"", ""enclosing_unsafe_block"": 0, ""line"": 590, ""rust_file"": "".binddrift/worktrees/v6.19/rust/kernel/time/hrtimer.rs"", ""versio",CORRECT,CORRECT,CORRECT,,imported split review true label
rust_binding_uses-010,rust_binding_uses,v6.18,.binddrift/worktrees/v6.18/rust/kernel/pci/id.rs,274,PCI_CLASS_WIRELESS_RF_CONTROLLER,"{""binding_symbol"": ""PCI_CLASS_WIRELESS_RF_CONTROLLER"", ""enclosing_function"": null, ""enclosing_impl"": null, ""enclosing_type"": null, ""enclosing_unsafe_block"": 0, ""line"": 274, ""rust_file"": "".binddrift/worktrees/v6.18/rust/kernel/pci/id.rs"", ""version_id"": ""v6.18""}","{""binding_symbol"": ""PCI_CLASS_WIRELESS_RF_CONTROLLER"", ""enclosing_function"": null, ""enclosing_impl"": null, ""enclosing_type"": null, ""enclosing_unsafe_block"": 0, ""line"": 274, ""rust_file"": "".binddrift/worktrees/v6.18/rust/kernel/pci/id.rs"", ""version_id"": ""v6.18""}",CORRECT,CORRECT,CORRECT,,imported split review true label
rust_binding_uses-011,rust_binding_uses,v7.0,.binddrift/worktrees/v7.0/rust/kernel/pci/id.rs,468,PCI_VENDOR_ID_CHELSIO,"{""binding_symbol"": ""PCI_VENDOR_ID_CHELSIO"", ""enclosing_function"": null, ""enclosing_impl"": null, ""enclosing_type"": null, ""enclosing_unsafe_block"": 0, ""line"": 468, ""rust_file"": "".binddrift/worktrees/v7.0/rust/kernel/pci/id.rs"", ""version_id"": ""v7.0""}","{""binding_symbol"": ""PCI_VENDOR_ID_CHELSIO"", ""enclosing_function"": null, ""enclosing_impl"": null, ""enclosing_type"": null, ""enclosing_unsafe_block"": 0, ""line"": 468, ""rust_file"": "".binddrift/worktrees/v7.0/rust/kernel/pci/id.rs"", ""version_id"": ""v7.0""}",CORRECT,CORRECT,CORRECT,,imported split review true label
rust_binding_uses-012,rust_binding_uses,v6.16,.binddrift/worktrees/v6.16/rust/kernel/sync/arc.rs,147,refcount_t,"{""binding_symbol"": ""refcount_t"", ""enclosing_function"": null, ""enclosing_impl"": null, ""enclosing_type"": ""ArcInner"", ""enclosing_unsafe_block"": 0, ""line"": 147, ""rust_file"": "".binddrift/worktrees/v6.16/rust/kernel/sync/arc.rs"", ""version_id"": ""v6.16""}","{""binding_symbol"": ""refcount_t"", ""enclosing_function"": null, ""enclosing_impl"": null, ""enclosing_type"": ""ArcInner"", ""enclosing_unsafe_block"": 0, ""line"": 147, ""rust_file"": "".binddrift/worktrees/v6.16/rust/kernel/sync/arc.rs"", ""version_id"": ""v6.16""}",CORRECT,CORRECT,CORRECT,,imported split review true label
rust_binding_uses-013,rust_binding_uses,HEAD_6d35786de281,.binddrift/worktrees/HEAD_6d35786de281/rust/kernel/driver.rs,311,acpi_match_device,"{""binding_symbol"": ""acpi_match_device"", ""enclosing_function"": ""acpi_id_info"", ""enclosing_impl"": null, ""enclosing_type"": null, ""enclosing_unsafe_block"": 1, ""line"": 311, ""rust_file"": "".binddrift/worktrees/HEAD_6d35786de281/rust/kernel/driver.rs"", ""version_id"": ""HEAD_6d35786de281""}","{""binding_symbol"": ""acpi_match_device"", ""enclosing_function"": ""acpi_id_info"", ""enclosing_impl"": null, ""enclosing_type"": null, ""enclosing_unsafe_block"": 1, ""line"": 311, ""rust_file"": "".binddrift/worktrees/HEAD_6d35786de281/rust/kernel/driver.rs"", ""version_id"": ""HEAD_6d35",CORRECT,CORRECT,CORRECT,,imported split review true label
rust_binding_uses-014,rust_binding_uses,HEAD_6d35786de281,.binddrift/worktrees/HEAD_6d35786de281/rust/kernel/opp.rs,759,dev_pm_opp_sync_regulators,"{""binding_symbol"": ""dev_pm_opp_sync_regulators"", ""enclosing_function"": ""Table::sync_regulators"", ""enclosing_impl"": ""Table"", ""enclosing_type"": ""Table"", ""enclosing_unsafe_block"": 1, ""line"": 759, ""rust_file"": "".binddrift/worktrees/HEAD_6d35786de281/rust/kernel/opp.rs"", ""version_id"": ""HEAD_6d35786de281""}","{""binding_symbol"": ""dev_pm_opp_sync_regulators"", ""enclosing_function"": ""Table::sync_regulators"", ""enclosing_impl"": ""Table"", ""enclosing_type"": ""Table"", ""enclosing_unsafe_block"": 1, ""line"": 759, ""rust_file"": "".binddrift/worktrees/HEAD_6d35786de281/rust/kernel/opp.rs"", ""v",CORRECT,CORRECT,CORRECT,,imported split review true label
rust_binding_uses-015,rust_binding_uses,v6.18,.binddrift/worktrees/v6.18/rust/kernel/dma.rs,242,DMA_ATTR_FORCE_CONTIGUOUS,"{""binding_symbol"": ""DMA_ATTR_FORCE_CONTIGUOUS"", ""enclosing_function"": null, ""enclosing_impl"": null, ""enclosing_type"": null, ""enclosing_unsafe_block"": 0, ""line"": 242, ""rust_file"": "".binddrift/worktrees/v6.18/rust/kernel/dma.rs"", ""version_id"": ""v6.18""}","{""binding_symbol"": ""DMA_ATTR_FORCE_CONTIGUOUS"", ""enclosing_function"": null, ""enclosing_impl"": null, ""enclosing_type"": null, ""enclosing_unsafe_block"": 0, ""line"": 242, ""rust_file"": "".binddrift/worktrees/v6.18/rust/kernel/dma.rs"", ""version_id"": ""v6.18""}",CORRECT,CORRECT,CORRECT,,imported split review true label
rust_binding_uses-016,rust_binding_uses,v6.19,.binddrift/worktrees/v6.19/rust/kernel/rbtree.rs,209,rb_first,"{""binding_symbol"": ""rb_first"", ""enclosing_function"": ""RBTree<K, V>::iter"", ""enclosing_impl"": ""RBTree<K, V>"", ""enclosing_type"": ""RBTree<K, V>"", ""enclosing_unsafe_block"": 1, ""line"": 209, ""rust_file"": "".binddrift/worktrees/v6.19/rust/kernel/rbtree.rs"", ""version_id"": ""v6.19""}","{""binding_symbol"": ""rb_first"", ""enclosing_function"": ""RBTree<K, V>::iter"", ""enclosing_impl"": ""RBTree<K, V>"", ""enclosing_type"": ""RBTree<K, V>"", ""enclosing_unsafe_block"": 1, ""line"": 209, ""rust_file"": "".binddrift/worktrees/v6.19/rust/kernel/rbtree.rs"", ""version_id"": ""v6.1",CORRECT,CORRECT,CORRECT,,imported split review true label
rust_binding_uses-017,rust_binding_uses,v6.11,.binddrift/worktrees/v6.11/rust/kernel/workqueue.rs,684,system_freezable_power_efficient_wq,"{""binding_symbol"": ""system_freezable_power_efficient_wq"", ""enclosing_function"": ""system_freezable_power_efficient"", ""enclosing_impl"": null, ""enclosing_type"": null, ""enclosing_unsafe_block"": 1, ""line"": 684, ""rust_file"": "".binddrift/worktrees/v6.11/rust/kernel/workqueue.rs"", ""version_id"": ""v6.11""}","{""binding_symbol"": ""system_freezable_power_efficient_wq"", ""enclosing_function"": ""system_freezable_power_efficient"", ""enclosing_impl"": null, ""enclosing_type"": null, ""enclosing_unsafe_block"": 1, ""line"": 684, ""rust_file"": "".binddrift/worktrees/v6.11/rust/kernel/workqueue.",CORRECT,CORRECT,CORRECT,,imported split review true label
rust_binding_uses-018,rust_binding_uses,v6.16,.binddrift/worktrees/v6.16/rust/kernel/drm/gem/mod.rs,318,drm_open,"{""binding_symbol"": ""drm_open"", ""enclosing_function"": ""create_fops"", ""enclosing_impl"": null, ""enclosing_type"": null, ""enclosing_unsafe_block"": 0, ""line"": 318, ""rust_file"": "".binddrift/worktrees/v6.16/rust/kernel/drm/gem/mod.rs"", ""version_id"": ""v6.16""}","{""binding_symbol"": ""drm_open"", ""enclosing_function"": ""create_fops"", ""enclosing_impl"": null, ""enclosing_type"": null, ""enclosing_unsafe_block"": 0, ""line"": 318, ""rust_file"": "".binddrift/worktrees/v6.16/rust/kernel/drm/gem/mod.rs"", ""version_id"": ""v6.16""}",CORRECT,CORRECT,CORRECT,,imported split review true label
rust_binding_uses-019,rust_binding_uses,v6.10,.binddrift/worktrees/v6.10/rust/kernel/net/phy.rs,314,PHY_POLL_CABLE_TEST,"{""binding_symbol"": ""PHY_POLL_CABLE_TEST"", ""enclosing_function"": null, ""enclosing_impl"": null, ""enclosing_type"": null, ""enclosing_unsafe_block"": 0, ""line"": 314, ""rust_file"": "".binddrift/worktrees/v6.10/rust/kernel/net/phy.rs"", ""version_id"": ""v6.10""}","{""binding_symbol"": ""PHY_POLL_CABLE_TEST"", ""enclosing_function"": null, ""enclosing_impl"": null, ""enclosing_type"": null, ""enclosing_unsafe_block"": 0, ""line"": 314, ""rust_file"": "".binddrift/worktrees/v6.10/rust/kernel/net/phy.rs"", ""version_id"": ""v6.10""}",CORRECT,CORRECT,CORRECT,,imported split review true label
rust_binding_uses-020,rust_binding_uses,v6.18,.binddrift/worktrees/v6.18/rust/kernel/fs/kiocb.rs,35,kiocb,"{""binding_symbol"": ""kiocb"", ""enclosing_function"": ""Kiocb<'a, T>::from_raw"", ""enclosing_impl"": ""Kiocb<'a, T>"", ""enclosing_type"": ""Kiocb<'a, T>"", ""enclosing_unsafe_block"": 0, ""line"": 35, ""rust_file"": "".binddrift/worktrees/v6.18/rust/kernel/fs/kiocb.rs"", ""version_id"": ""v6.18""}","{""binding_symbol"": ""kiocb"", ""enclosing_function"": ""Kiocb<'a, T>::from_raw"", ""enclosing_impl"": ""Kiocb<'a, T>"", ""enclosing_type"": ""Kiocb<'a, T>"", ""enclosing_unsafe_block"": 0, ""line"": 35, ""rust_file"": "".binddrift/worktrees/v6.18/rust/kernel/fs/kiocb.rs"", ""version_id"": ""v6",CORRECT,CORRECT,CORRECT,,imported split review true label
rust_binding_uses-021,rust_binding_uses,HEAD_6d35786de281,.binddrift/worktrees/HEAD_6d35786de281/rust/kernel/pci/irq.rs,37,PCI_IRQ_INTX,"{""binding_symbol"": ""PCI_IRQ_INTX"", ""enclosing_function"": ""as_raw"", ""enclosing_impl"": ""IrqType"", ""enclosing_type"": ""IrqType"", ""enclosing_unsafe_block"": 0, ""line"": 37, ""rust_file"": "".binddrift/worktrees/HEAD_6d35786de281/rust/kernel/pci/irq.rs"", ""version_id"": ""HEAD_6d35786de281""}","{""binding_symbol"": ""PCI_IRQ_INTX"", ""enclosing_function"": ""as_raw"", ""enclosing_impl"": ""IrqType"", ""enclosing_type"": ""IrqType"", ""enclosing_unsafe_block"": 0, ""line"": 37, ""rust_file"": "".binddrift/worktrees/HEAD_6d35786de281/rust/kernel/pci/irq.rs"", ""version_id"": ""HEAD_6d357",CORRECT,CORRECT,CORRECT,,imported split review true label
rust_binding_uses-022,rust_binding_uses,v6.16,.binddrift/worktrees/v6.16/rust/kernel/rbtree.rs,493,rb_next_postorder,"{""binding_symbol"": ""rb_next_postorder"", ""enclosing_function"": ""drop"", ""enclosing_impl"": ""RBTree<K, V>"", ""enclosing_type"": ""RBTree<K, V>"", ""enclosing_unsafe_block"": 1, ""line"": 493, ""rust_file"": "".binddrift/worktrees/v6.16/rust/kernel/rbtree.rs"", ""version_id"": ""v6.16""}","{""binding_symbol"": ""rb_next_postorder"", ""enclosing_function"": ""drop"", ""enclosing_impl"": ""RBTree<K, V>"", ""enclosing_type"": ""RBTree<K, V>"", ""enclosing_unsafe_block"": 1, ""line"": 493, ""rust_file"": "".binddrift/worktrees/v6.16/rust/kernel/rbtree.rs"", ""version_id"": ""v6.16""}",CORRECT,CORRECT,CORRECT,,imported split review true label
rust_binding_uses-023,rust_binding_uses,v7.0,.binddrift/worktrees/v7.0/rust/kernel/mm/virt.rs,468,VM_NOHUGEPAGE,"{""binding_symbol"": ""VM_NOHUGEPAGE"", ""enclosing_function"": null, ""enclosing_impl"": null, ""enclosing_type"": null, ""enclosing_unsafe_block"": 0, ""line"": 468, ""rust_file"": "".binddrift/worktrees/v7.0/rust/kernel/mm/virt.rs"", ""version_id"": ""v7.0""}","{""binding_symbol"": ""VM_NOHUGEPAGE"", ""enclosing_function"": null, ""enclosing_impl"": null, ""enclosing_type"": null, ""enclosing_unsafe_block"": 0, ""line"": 468, ""rust_file"": "".binddrift/worktrees/v7.0/rust/kernel/mm/virt.rs"", ""version_id"": ""v7.0""}",CORRECT,CORRECT,CORRECT,,imported split review true label
rust_binding_uses-024,rust_binding_uses,HEAD_6d35786de281,.binddrift/worktrees/HEAD_6d35786de281/rust/kernel/time.rs,230,ktime_t,"{""binding_symbol"": ""ktime_t"", ""enclosing_function"": ""Instant<C>::from_ktime"", ""enclosing_impl"": ""Instant<C>"", ""enclosing_type"": ""Instant<C>"", ""enclosing_unsafe_block"": 0, ""line"": 230, ""rust_file"": "".binddrift/worktrees/HEAD_6d35786de281/rust/kernel/time.rs"", ""version_id"": ""HEAD_6d35786de281""}","{""binding_symbol"": ""ktime_t"", ""enclosing_function"": ""Instant<C>::from_ktime"", ""enclosing_impl"": ""Instant<C>"", ""enclosing_type"": ""Instant<C>"", ""enclosing_unsafe_block"": 0, ""line"": 230, ""rust_file"": "".binddrift/worktrees/HEAD_6d35786de281/rust/kernel/time.rs"", ""version_i",CORRECT,CORRECT,CORRECT,,imported split review true label
rust_binding_uses-025,rust_binding_uses,v7.0,.binddrift/worktrees/v7.0/rust/kernel/pci.rs,513,pci_dev,"{""binding_symbol"": ""pci_dev"", ""enclosing_function"": ""try_from"", ""enclosing_impl"": ""&Device<Ctx>"", ""enclosing_type"": ""&Device<Ctx>"", ""enclosing_unsafe_block"": 1, ""line"": 513, ""rust_file"": "".binddrift/worktrees/v7.0/rust/kernel/pci.rs"", ""version_id"": ""v7.0""}","{""binding_symbol"": ""pci_dev"", ""enclosing_function"": ""try_from"", ""enclosing_impl"": ""&Device<Ctx>"", ""enclosing_type"": ""&Device<Ctx>"", ""enclosing_unsafe_block"": 1, ""line"": 513, ""rust_file"": "".binddrift/worktrees/v7.0/rust/kernel/pci.rs"", ""version_id"": ""v7.0""}",CORRECT,CORRECT,CORRECT,,imported split review true label
rust_binding_uses-026,rust_binding_uses,v7.0,.binddrift/worktrees/v7.0/rust/kernel/pci/id.rs,476,PCI_VENDOR_ID_TITAN,"{""binding_symbol"": ""PCI_VENDOR_ID_TITAN"", ""enclosing_function"": null, ""enclosing_impl"": null, ""enclosing_type"": null, ""enclosing_unsafe_block"": 0, ""line"": 476, ""rust_file"": "".binddrift/worktrees/v7.0/rust/kernel/pci/id.rs"", ""version_id"": ""v7.0""}","{""binding_symbol"": ""PCI_VENDOR_ID_TITAN"", ""enclosing_function"": null, ""enclosing_impl"": null, ""enclosing_type"": null, ""enclosing_unsafe_block"": 0, ""line"": 476, ""rust_file"": "".binddrift/worktrees/v7.0/rust/kernel/pci/id.rs"", ""version_id"": ""v7.0""}",CORRECT,CORRECT,CORRECT,,imported split review true label
rust_binding_uses-027,rust_binding_uses,v6.3,.binddrift/worktrees/v6.3/rust/kernel/print.rs,88,KERN_CONT,"{""binding_symbol"": ""KERN_CONT"", ""enclosing_function"": ""generate"", ""enclosing_impl"": null, ""enclosing_type"": null, ""enclosing_unsafe_block"": 0, ""line"": 88, ""rust_file"": "".binddrift/worktrees/v6.3/rust/kernel/print.rs"", ""version_id"": ""v6.3""}","{""binding_symbol"": ""KERN_CONT"", ""enclosing_function"": ""generate"", ""enclosing_impl"": null, ""enclosing_type"": null, ""enclosing_unsafe_block"": 0, ""line"": 88, ""rust_file"": "".binddrift/worktrees/v6.3/rust/kernel/print.rs"", ""version_id"": ""v6.3""}",CORRECT,CORRECT,CORRECT,,imported split review true label
rust_binding_uses-028,rust_binding_uses,v7.0,.binddrift/worktrees/v7.0/rust/kernel/pci/id.rs,250,PCI_CLASS_DOCKING_GENERIC,"{""binding_symbol"": ""PCI_CLASS_DOCKING_GENERIC"", ""enclosing_function"": null, ""enclosing_impl"": null, ""enclosing_type"": null, ""enclosing_unsafe_block"": 0, ""line"": 250, ""rust_file"": "".binddrift/worktrees/v7.0/rust/kernel/pci/id.rs"", ""version_id"": ""v7.0""}","{""binding_symbol"": ""PCI_CLASS_DOCKING_GENERIC"", ""enclosing_function"": null, ""enclosing_impl"": null, ""enclosing_type"": null, ""enclosing_unsafe_block"": 0, ""line"": 250, ""rust_file"": "".binddrift/worktrees/v7.0/rust/kernel/pci/id.rs"", ""version_id"": ""v7.0""}",CORRECT,CORRECT,CORRECT,,imported split review true label
rust_binding_uses-029,rust_binding_uses,HEAD_6d35786de281,.binddrift/worktrees/HEAD_6d35786de281/rust/kernel/pci/id.rs,324,PCI_VENDOR_ID_TRIDENT,"{""binding_symbol"": ""PCI_VENDOR_ID_TRIDENT"", ""enclosing_function"": null, ""enclosing_impl"": null, ""enclosing_type"": null, ""enclosing_unsafe_block"": 0, ""line"": 324, ""rust_file"": "".binddrift/worktrees/HEAD_6d35786de281/rust/kernel/pci/id.rs"", ""version_id"": ""HEAD_6d35786de281""}","{""binding_symbol"": ""PCI_VENDOR_ID_TRIDENT"", ""enclosing_function"": null, ""enclosing_impl"": null, ""enclosing_type"": null, ""enclosing_unsafe_block"": 0, ""line"": 324, ""rust_file"": "".binddrift/worktrees/HEAD_6d35786de281/rust/kernel/pci/id.rs"", ""version_id"": ""HEAD_6d35786de2",CORRECT,CORRECT,CORRECT,,imported split review true label
rust_binding_uses-030,rust_binding_uses,v6.16,.binddrift/worktrees/v6.16/rust/kernel/drm/gem/mod.rs,73,drm_gem_object_put,"{""binding_symbol"": ""drm_gem_object_put"", ""enclosing_function"": ""dec_ref"", ""enclosing_impl"": null, ""enclosing_type"": null, ""enclosing_unsafe_block"": 1, ""line"": 73, ""rust_file"": "".binddrift/worktrees/v6.16/rust/kernel/drm/gem/mod.rs"", ""version_id"": ""v6.16""}","{""binding_symbol"": ""drm_gem_object_put"", ""enclosing_function"": ""dec_ref"", ""enclosing_impl"": null, ""enclosing_type"": null, ""enclosing_unsafe_block"": 1, ""line"": 73, ""rust_file"": "".binddrift/worktrees/v6.16/rust/kernel/drm/gem/mod.rs"", ""version_id"": ""v6.16""}",CORRECT,CORRECT,CORRECT,,imported split review true label
rust_binding_uses-031,rust_binding_uses,v6.19,.binddrift/worktrees/v6.19/rust/kernel/scatterlist.rs,151,sg_table,"{""binding_symbol"": ""sg_table"", ""enclosing_function"": ""as_raw"", ""enclosing_impl"": ""SGTable"", ""enclosing_type"": ""SGTable"", ""enclosing_unsafe_block"": 0, ""line"": 151, ""rust_file"": "".binddrift/worktrees/v6.19/rust/kernel/scatterlist.rs"", ""version_id"": ""v6.19""}","{""binding_symbol"": ""sg_table"", ""enclosing_function"": ""as_raw"", ""enclosing_impl"": ""SGTable"", ""enclosing_type"": ""SGTable"", ""enclosing_unsafe_block"": 0, ""line"": 151, ""rust_file"": "".binddrift/worktrees/v6.19/rust/kernel/scatterlist.rs"", ""version_id"": ""v6.19""}",CORRECT,CORRECT,CORRECT,,imported split review true label
rust_binding_uses-032,rust_binding_uses,v6.19,.binddrift/worktrees/v6.19/rust/kernel/net/phy/reg.rs,202,phy_read_mmd,"{""binding_symbol"": ""phy_read_mmd"", ""enclosing_function"": ""read"", ""enclosing_impl"": ""C45"", ""enclosing_type"": ""C45"", ""enclosing_unsafe_block"": 1, ""line"": 202, ""rust_file"": "".binddrift/worktrees/v6.19/rust/kernel/net/phy/reg.rs"", ""version_id"": ""v6.19""}","{""binding_symbol"": ""phy_read_mmd"", ""enclosing_function"": ""read"", ""enclosing_impl"": ""C45"", ""enclosing_type"": ""C45"", ""enclosing_unsafe_block"": 1, ""line"": 202, ""rust_file"": "".binddrift/worktrees/v6.19/rust/kernel/net/phy/reg.rs"", ""version_id"": ""v6.19""}",CORRECT,CORRECT,CORRECT,,imported split review true label
rust_binding_uses-033,rust_binding_uses,v7.0,.binddrift/worktrees/v7.0/rust/kernel/configfs.rs,790,config_item_type,"{""binding_symbol"": ""config_item_type"", ""enclosing_function"": ""as_ptr"", ""enclosing_impl"": ""_item_type!(Subsystem<Data>);"", ""enclosing_type"": ""_item_type!(Subsystem<Data>);"", ""enclosing_unsafe_block"": 0, ""line"": 790, ""rust_file"": "".binddrift/worktrees/v7.0/rust/kernel/configfs.rs"", ""version_id"": ""v7.0""}","{""binding_symbol"": ""config_item_type"", ""enclosing_function"": ""as_ptr"", ""enclosing_impl"": ""_item_type!(Subsystem<Data>);"", ""enclosing_type"": ""_item_type!(Subsystem<Data>);"", ""enclosing_unsafe_block"": 0, ""line"": 790, ""rust_file"": "".binddrift/worktrees/v7.0/rust/kernel/co",CORRECT,CORRECT,CORRECT,,imported split review true label
rust_binding_uses-034,rust_binding_uses,HEAD_6d35786de281,.binddrift/worktrees/HEAD_6d35786de281/rust/kernel/debugfs/file_ops.rs,136,single_release,"{""binding_symbol"": ""single_release"", ""enclosing_function"": null, ""enclosing_impl"": ""T"", ""enclosing_type"": ""T"", ""enclosing_unsafe_block"": 0, ""line"": 136, ""rust_file"": "".binddrift/worktrees/HEAD_6d35786de281/rust/kernel/debugfs/file_ops.rs"", ""version_id"": ""HEAD_6d35786de281""}","{""binding_symbol"": ""single_release"", ""enclosing_function"": null, ""enclosing_impl"": ""T"", ""enclosing_type"": ""T"", ""enclosing_unsafe_block"": 0, ""line"": 136, ""rust_file"": "".binddrift/worktrees/HEAD_6d35786de281/rust/kernel/debugfs/file_ops.rs"", ""version_id"": ""HEAD_6d35786de",CORRECT,CORRECT,CORRECT,,imported split review true label
rust_binding_uses-035,rust_binding_uses,v6.4,.binddrift/worktrees/v6.4/rust/kernel/allocator.rs,36,GFP_KERNEL,"{""binding_symbol"": ""GFP_KERNEL"", ""enclosing_function"": ""__rust_alloc"", ""enclosing_impl"": null, ""enclosing_type"": null, ""enclosing_unsafe_block"": 1, ""line"": 36, ""rust_file"": "".binddrift/worktrees/v6.4/rust/kernel/allocator.rs"", ""version_id"": ""v6.4""}","{""binding_symbol"": ""GFP_KERNEL"", ""enclosing_function"": ""__rust_alloc"", ""enclosing_impl"": null, ""enclosing_type"": null, ""enclosing_unsafe_block"": 1, ""line"": 36, ""rust_file"": "".binddrift/worktrees/v6.4/rust/kernel/allocator.rs"", ""version_id"": ""v6.4""}",CORRECT,CORRECT,CORRECT,,imported split review true label
rust_binding_uses-036,rust_binding_uses,v7.0,.binddrift/worktrees/v7.0/rust/kernel/i2c.rs,586,i2c_unregister_device,"{""binding_symbol"": ""i2c_unregister_device"", ""enclosing_function"": ""drop"", ""enclosing_impl"": ""Registration"", ""enclosing_type"": ""Registration"", ""enclosing_unsafe_block"": 1, ""line"": 586, ""rust_file"": "".binddrift/worktrees/v7.0/rust/kernel/i2c.rs"", ""version_id"": ""v7.0""}","{""binding_symbol"": ""i2c_unregister_device"", ""enclosing_function"": ""drop"", ""enclosing_impl"": ""Registration"", ""enclosing_type"": ""Registration"", ""enclosing_unsafe_block"": 1, ""line"": 586, ""rust_file"": "".binddrift/worktrees/v7.0/rust/kernel/i2c.rs"", ""version_id"": ""v7.0""}",CORRECT,CORRECT,CORRECT,,imported split review true label
rust_binding_uses-037,rust_binding_uses,v6.12,.binddrift/worktrees/v6.12/rust/kernel/sync/lock/mutex.rs,100,lock_class_key,"{""binding_symbol"": ""lock_class_key"", ""enclosing_function"": ""example"", ""enclosing_impl"": null, ""enclosing_type"": ""MutexBackend"", ""enclosing_unsafe_block"": 0, ""line"": 100, ""rust_file"": "".binddrift/worktrees/v6.12/rust/kernel/sync/lock/mutex.rs"", ""version_id"": ""v6.12""}","{""binding_symbol"": ""lock_class_key"", ""enclosing_function"": ""example"", ""enclosing_impl"": null, ""enclosing_type"": ""MutexBackend"", ""enclosing_unsafe_block"": 0, ""line"": 100, ""rust_file"": "".binddrift/worktrees/v6.12/rust/kernel/sync/lock/mutex.rs"", ""version_id"": ""v6.12""}",CORRECT,CORRECT,CORRECT,,imported split review true label
rust_binding_uses-038,rust_binding_uses,v6.16,.binddrift/worktrees/v6.16/rust/kernel/time/hrtimer/pin_mut.rs,84,hrtimer_restart,"{""binding_symbol"": ""hrtimer_restart"", ""enclosing_function"": ""run"", ""enclosing_impl"": ""Pin<&'a mut T>"", ""enclosing_type"": ""Pin<&'a mut T>"", ""enclosing_unsafe_block"": 0, ""line"": 84, ""rust_file"": "".binddrift/worktrees/v6.16/rust/kernel/time/hrtimer/pin_mut.rs"", ""version_id"": ""v6.16""}","{""binding_symbol"": ""hrtimer_restart"", ""enclosing_function"": ""run"", ""enclosing_impl"": ""Pin<&'a mut T>"", ""enclosing_type"": ""Pin<&'a mut T>"", ""enclosing_unsafe_block"": 0, ""line"": 84, ""rust_file"": "".binddrift/worktrees/v6.16/rust/kernel/time/hrtimer/pin_mut.rs"", ""version_i",CORRECT,CORRECT,CORRECT,,imported split review true label
rust_binding_uses-039,rust_binding_uses,v6.19,.binddrift/worktrees/v6.19/rust/kernel/clk.rs,251,clk_put,"{""binding_symbol"": ""clk_put"", ""enclosing_function"": ""drop"", ""enclosing_impl"": ""Clk"", ""enclosing_type"": ""Clk"", ""enclosing_unsafe_block"": 1, ""line"": 251, ""rust_file"": "".binddrift/worktrees/v6.19/rust/kernel/clk.rs"", ""version_id"": ""v6.19""}","{""binding_symbol"": ""clk_put"", ""enclosing_function"": ""drop"", ""enclosing_impl"": ""Clk"", ""enclosing_type"": ""Clk"", ""enclosing_unsafe_block"": 1, ""line"": 251, ""rust_file"": "".binddrift/worktrees/v6.19/rust/kernel/clk.rs"", ""version_id"": ""v6.19""}",CORRECT,CORRECT,CORRECT,,imported split review true label
rust_binding_uses-040,rust_binding_uses,v6.17,.binddrift/worktrees/v6.17/rust/kernel/workqueue.rs,1001,system_power_efficient_wq,"{""binding_symbol"": ""system_power_efficient_wq"", ""enclosing_function"": ""system_power_efficient"", ""enclosing_impl"": null, ""enclosing_type"": null, ""enclosing_unsafe_block"": 1, ""line"": 1001, ""rust_file"": "".binddrift/worktrees/v6.17/rust/kernel/workqueue.rs"", ""version_id"": ""v6.17""}","{""binding_symbol"": ""system_power_efficient_wq"", ""enclosing_function"": ""system_power_efficient"", ""enclosing_impl"": null, ""enclosing_type"": null, ""enclosing_unsafe_block"": 1, ""line"": 1001, ""rust_file"": "".binddrift/worktrees/v6.17/rust/kernel/workqueue.rs"", ""version_id"": ",CORRECT,CORRECT,CORRECT,,imported split review true label
rust_binding_uses-041,rust_binding_uses,v6.18,.binddrift/worktrees/v6.18/rust/kernel/processor.rs,13,cpu_relax,"{""binding_symbol"": ""cpu_relax"", ""enclosing_function"": ""cpu_relax"", ""enclosing_impl"": null, ""enclosing_type"": null, ""enclosing_unsafe_block"": 1, ""line"": 13, ""rust_file"": "".binddrift/worktrees/v6.18/rust/kernel/processor.rs"", ""version_id"": ""v6.18""}","{""binding_symbol"": ""cpu_relax"", ""enclosing_function"": ""cpu_relax"", ""enclosing_impl"": null, ""enclosing_type"": null, ""enclosing_unsafe_block"": 1, ""line"": 13, ""rust_file"": "".binddrift/worktrees/v6.18/rust/kernel/processor.rs"", ""version_id"": ""v6.18""}",CORRECT,CORRECT,CORRECT,,imported split review true label
rust_binding_uses-042,rust_binding_uses,v7.0,.binddrift/worktrees/v7.0/rust/kernel/opp.rs,541,device,"{""binding_symbol"": ""device"", ""enclosing_function"": ""Config<T>::set"", ""enclosing_impl"": ""Config<T>"", ""enclosing_type"": ""Config<T>"", ""enclosing_unsafe_block"": 0, ""line"": 541, ""rust_file"": "".binddrift/worktrees/v7.0/rust/kernel/opp.rs"", ""version_id"": ""v7.0""}","{""binding_symbol"": ""device"", ""enclosing_function"": ""Config<T>::set"", ""enclosing_impl"": ""Config<T>"", ""enclosing_type"": ""Config<T>"", ""enclosing_unsafe_block"": 0, ""line"": 541, ""rust_file"": "".binddrift/worktrees/v7.0/rust/kernel/opp.rs"", ""version_id"": ""v7.0""}",CORRECT,CORRECT,CORRECT,,imported split review true label
rust_binding_uses-043,rust_binding_uses,v6.18,.binddrift/worktrees/v6.18/rust/kernel/irq/flags.rs,37,IRQF_TRIGGER_FALLING,"{""binding_symbol"": ""IRQF_TRIGGER_FALLING"", ""enclosing_function"": null, ""enclosing_impl"": ""Flags"", ""enclosing_type"": ""Flags"", ""enclosing_unsafe_block"": 0, ""line"": 37, ""rust_file"": "".binddrift/worktrees/v6.18/rust/kernel/irq/flags.rs"", ""version_id"": ""v6.18""}","{""binding_symbol"": ""IRQF_TRIGGER_FALLING"", ""enclosing_function"": null, ""enclosing_impl"": ""Flags"", ""enclosing_type"": ""Flags"", ""enclosing_unsafe_block"": 0, ""line"": 37, ""rust_file"": "".binddrift/worktrees/v6.18/rust/kernel/irq/flags.rs"", ""version_id"": ""v6.18""}",CORRECT,CORRECT,CORRECT,,imported split review true label
rust_binding_uses-044,rust_binding_uses,v6.19,.binddrift/worktrees/v6.19/rust/kernel/miscdevice.rs,414,compat_ptr_ioctl,"{""binding_symbol"": ""compat_ptr_ioctl"", ""enclosing_function"": ""show_fdinfo"", ""enclosing_impl"": ""MiscdeviceVTable<T>"", ""enclosing_type"": ""MiscdeviceVTable<T>"", ""enclosing_unsafe_block"": 0, ""line"": 414, ""rust_file"": "".binddrift/worktrees/v6.19/rust/kernel/miscdevice.rs"", ""version_id"": ""v6.19""}","{""binding_symbol"": ""compat_ptr_ioctl"", ""enclosing_function"": ""show_fdinfo"", ""enclosing_impl"": ""MiscdeviceVTable<T>"", ""enclosing_type"": ""MiscdeviceVTable<T>"", ""enclosing_unsafe_block"": 0, ""line"": 414, ""rust_file"": "".binddrift/worktrees/v6.19/rust/kernel/miscdevice.rs"", ",CORRECT,CORRECT,CORRECT,,imported split review true label
rust_binding_uses-045,rust_binding_uses,v6.19,.binddrift/worktrees/v6.19/rust/kernel/lib.rs,228,module,"{""binding_symbol"": ""module"", ""enclosing_function"": ""as_ptr"", ""enclosing_impl"": ""ThisModule"", ""enclosing_type"": ""ThisModule"", ""enclosing_unsafe_block"": 0, ""line"": 228, ""rust_file"": "".binddrift/worktrees/v6.19/rust/kernel/lib.rs"", ""version_id"": ""v6.19""}","{""binding_symbol"": ""module"", ""enclosing_function"": ""as_ptr"", ""enclosing_impl"": ""ThisModule"", ""enclosing_type"": ""ThisModule"", ""enclosing_unsafe_block"": 0, ""line"": 228, ""rust_file"": "".binddrift/worktrees/v6.19/rust/kernel/lib.rs"", ""version_id"": ""v6.19""}",CORRECT,CORRECT,CORRECT,,imported split review true label
rust_binding_uses-046,rust_binding_uses,HEAD_6d35786de281,.binddrift/worktrees/HEAD_6d35786de281/rust/kernel/pci/id.rs,496,PCI_VENDOR_ID_ARIMA,"{""binding_symbol"": ""PCI_VENDOR_ID_ARIMA"", ""enclosing_function"": null, ""enclosing_impl"": null, ""enclosing_type"": null, ""enclosing_unsafe_block"": 0, ""line"": 496, ""rust_file"": "".binddrift/worktrees/HEAD_6d35786de281/rust/kernel/pci/id.rs"", ""version_id"": ""HEAD_6d35786de281""}","{""binding_symbol"": ""PCI_VENDOR_ID_ARIMA"", ""enclosing_function"": null, ""enclosing_impl"": null, ""enclosing_type"": null, ""enclosing_unsafe_block"": 0, ""line"": 496, ""rust_file"": "".binddrift/worktrees/HEAD_6d35786de281/rust/kernel/pci/id.rs"", ""version_id"": ""HEAD_6d35786de281",CORRECT,CORRECT,CORRECT,,imported split review true label
rust_binding_uses-047,rust_binding_uses,v6.18,.binddrift/worktrees/v6.18/rust/kernel/drm/ioctl.rs,51,drm_ioctl_flags_DRM_MASTER,"{""binding_symbol"": ""drm_ioctl_flags_DRM_MASTER"", ""enclosing_function"": ""IO"", ""enclosing_impl"": null, ""enclosing_type"": null, ""enclosing_unsafe_block"": 0, ""line"": 51, ""rust_file"": "".binddrift/worktrees/v6.18/rust/kernel/drm/ioctl.rs"", ""version_id"": ""v6.18""}","{""binding_symbol"": ""drm_ioctl_flags_DRM_MASTER"", ""enclosing_function"": ""IO"", ""enclosing_impl"": null, ""enclosing_type"": null, ""enclosing_unsafe_block"": 0, ""line"": 51, ""rust_file"": "".binddrift/worktrees/v6.18/rust/kernel/drm/ioctl.rs"", ""version_id"": ""v6.18""}",CORRECT,CORRECT,CORRECT,,imported split review true label
rust_binding_uses-048,rust_binding_uses,v6.15,.binddrift/worktrees/v6.15/rust/kernel/security.rs,72,security_release_secctx,"{""binding_symbol"": ""security_release_secctx"", ""enclosing_function"": ""drop"", ""enclosing_impl"": ""SecurityCtx"", ""enclosing_type"": ""SecurityCtx"", ""enclosing_unsafe_block"": 1, ""line"": 72, ""rust_file"": "".binddrift/worktrees/v6.15/rust/kernel/security.rs"", ""version_id"": ""v6.15""}","{""binding_symbol"": ""security_release_secctx"", ""enclosing_function"": ""drop"", ""enclosing_impl"": ""SecurityCtx"", ""enclosing_type"": ""SecurityCtx"", ""enclosing_unsafe_block"": 1, ""line"": 72, ""rust_file"": "".binddrift/worktrees/v6.15/rust/kernel/security.rs"", ""version_id"": ""v6.1",CORRECT,CORRECT,CORRECT,,imported split review true label
rust_binding_uses-049,rust_binding_uses,v6.13,.binddrift/worktrees/v6.13/rust/kernel/miscdevice.rs,185,generic_file_open,"{""binding_symbol"": ""generic_file_open"", ""enclosing_function"": null, ""enclosing_impl"": null, ""enclosing_type"": null, ""enclosing_unsafe_block"": 1, ""line"": 185, ""rust_file"": "".binddrift/worktrees/v6.13/rust/kernel/miscdevice.rs"", ""version_id"": ""v6.13""}","{""binding_symbol"": ""generic_file_open"", ""enclosing_function"": null, ""enclosing_impl"": null, ""enclosing_type"": null, ""enclosing_unsafe_block"": 1, ""line"": 185, ""rust_file"": "".binddrift/worktrees/v6.13/rust/kernel/miscdevice.rs"", ""version_id"": ""v6.13""}",CORRECT,CORRECT,CORRECT,,imported split review true label
rust_binding_uses-050,rust_binding_uses,v6.10,.binddrift/worktrees/v6.10/rust/kernel/net/phy.rs,345,phy_device,"{""binding_symbol"": ""phy_device"", ""enclosing_function"": null, ""enclosing_impl"": ""Adapter<T>"", ""enclosing_type"": ""Adapter<T>"", ""enclosing_unsafe_block"": 0, ""line"": 345, ""rust_file"": "".binddrift/worktrees/v6.10/rust/kernel/net/phy.rs"", ""version_id"": ""v6.10""}","{""binding_symbol"": ""phy_device"", ""enclosing_function"": null, ""enclosing_impl"": ""Adapter<T>"", ""enclosing_type"": ""Adapter<T>"", ""enclosing_unsafe_block"": 0, ""line"": 345, ""rust_file"": "".binddrift/worktrees/v6.10/rust/kernel/net/phy.rs"", ""version_id"": ""v6.10""}",CORRECT,CORRECT,CORRECT,,imported split review true label
rust_binding_uses-051,rust_binding_uses,v6.19,.binddrift/worktrees/v6.19/rust/kernel/usb.rs,198,USB_DEVICE_ID_MATCH_INT_NUMBER,"{""binding_symbol"": ""USB_DEVICE_ID_MATCH_INT_NUMBER"", ""enclosing_function"": ""from_device_interface_number"", ""enclosing_impl"": ""DeviceId"", ""enclosing_type"": ""DeviceId"", ""enclosing_unsafe_block"": 0, ""line"": 198, ""rust_file"": "".binddrift/worktrees/v6.19/rust/kernel/usb.rs"", ""version_id"": ""v6.19""}","{""binding_symbol"": ""USB_DEVICE_ID_MATCH_INT_NUMBER"", ""enclosing_function"": ""from_device_interface_number"", ""enclosing_impl"": ""DeviceId"", ""enclosing_type"": ""DeviceId"", ""enclosing_unsafe_block"": 0, ""line"": 198, ""rust_file"": "".binddrift/worktrees/v6.19/rust/kernel/usb.rs""",CORRECT,CORRECT,CORRECT,,imported split review true label
rust_binding_uses-052,rust_binding_uses,HEAD_6d35786de281,.binddrift/worktrees/HEAD_6d35786de281/rust/kernel/time.rs,40,NSEC_PER_SEC,"{""binding_symbol"": ""NSEC_PER_SEC"", ""enclosing_function"": null, ""enclosing_impl"": null, ""enclosing_type"": null, ""enclosing_unsafe_block"": 0, ""line"": 40, ""rust_file"": "".binddrift/worktrees/HEAD_6d35786de281/rust/kernel/time.rs"", ""version_id"": ""HEAD_6d35786de281""}","{""binding_symbol"": ""NSEC_PER_SEC"", ""enclosing_function"": null, ""enclosing_impl"": null, ""enclosing_type"": null, ""enclosing_unsafe_block"": 0, ""line"": 40, ""rust_file"": "".binddrift/worktrees/HEAD_6d35786de281/rust/kernel/time.rs"", ""version_id"": ""HEAD_6d35786de281""}",CORRECT,CORRECT,CORRECT,,imported split review true label
rust_binding_uses-053,rust_binding_uses,v6.16,.binddrift/worktrees/v6.16/rust/kernel/cpumask.rs,231,cpumask,"{""binding_symbol"": ""cpumask"", ""enclosing_function"": ""CpumaskVar::new_zero"", ""enclosing_impl"": ""CpumaskVar"", ""enclosing_type"": ""CpumaskVar"", ""enclosing_unsafe_block"": 0, ""line"": 231, ""rust_file"": "".binddrift/worktrees/v6.16/rust/kernel/cpumask.rs"", ""version_id"": ""v6.16""}","{""binding_symbol"": ""cpumask"", ""enclosing_function"": ""CpumaskVar::new_zero"", ""enclosing_impl"": ""CpumaskVar"", ""enclosing_type"": ""CpumaskVar"", ""enclosing_unsafe_block"": 0, ""line"": 231, ""rust_file"": "".binddrift/worktrees/v6.16/rust/kernel/cpumask.rs"", ""version_id"": ""v6.16""",CORRECT,CORRECT,CORRECT,,imported split review true label
rust_binding_uses-054,rust_binding_uses,v6.10,.binddrift/worktrees/v6.10/rust/kernel/str.rs,820,memchr,"{""binding_symbol"": ""memchr"", ""enclosing_function"": ""CString::try_from_fmt"", ""enclosing_impl"": ""CString"", ""enclosing_type"": ""CString"", ""enclosing_unsafe_block"": 1, ""line"": 820, ""rust_file"": "".binddrift/worktrees/v6.10/rust/kernel/str.rs"", ""version_id"": ""v6.10""}","{""binding_symbol"": ""memchr"", ""enclosing_function"": ""CString::try_from_fmt"", ""enclosing_impl"": ""CString"", ""enclosing_type"": ""CString"", ""enclosing_unsafe_block"": 1, ""line"": 820, ""rust_file"": "".binddrift/worktrees/v6.10/rust/kernel/str.rs"", ""version_id"": ""v6.10""}",CORRECT,CORRECT,CORRECT,,imported split review true label
rust_binding_uses-055,rust_binding_uses,v6.16,.binddrift/worktrees/v6.16/rust/kernel/auxiliary.rs,51,auxiliary_driver_unregister,"{""binding_symbol"": ""auxiliary_driver_unregister"", ""enclosing_function"": ""unregister"", ""enclosing_impl"": null, ""enclosing_type"": ""Adapter"", ""enclosing_unsafe_block"": 1, ""line"": 51, ""rust_file"": "".binddrift/worktrees/v6.16/rust/kernel/auxiliary.rs"", ""version_id"": ""v6.16""}","{""binding_symbol"": ""auxiliary_driver_unregister"", ""enclosing_function"": ""unregister"", ""enclosing_impl"": null, ""enclosing_type"": ""Adapter"", ""enclosing_unsafe_block"": 1, ""line"": 51, ""rust_file"": "".binddrift/worktrees/v6.16/rust/kernel/auxiliary.rs"", ""version_id"": ""v6.16""",CORRECT,CORRECT,CORRECT,,imported split review true label
rust_binding_uses-056,rust_binding_uses,HEAD_6d35786de281,.binddrift/worktrees/HEAD_6d35786de281/rust/kernel/pci/id.rs,340,PCI_VENDOR_ID_ELSA,"{""binding_symbol"": ""PCI_VENDOR_ID_ELSA"", ""enclosing_function"": null, ""enclosing_impl"": null, ""enclosing_type"": null, ""enclosing_unsafe_block"": 0, ""line"": 340, ""rust_file"": "".binddrift/worktrees/HEAD_6d35786de281/rust/kernel/pci/id.rs"", ""version_id"": ""HEAD_6d35786de281""}","{""binding_symbol"": ""PCI_VENDOR_ID_ELSA"", ""enclosing_function"": null, ""enclosing_impl"": null, ""enclosing_type"": null, ""enclosing_unsafe_block"": 0, ""line"": 340, ""rust_file"": "".binddrift/worktrees/HEAD_6d35786de281/rust/kernel/pci/id.rs"", ""version_id"": ""HEAD_6d35786de281""",CORRECT,CORRECT,CORRECT,,imported split review true label
rust_binding_uses-057,rust_binding_uses,HEAD_6d35786de281,.binddrift/worktrees/HEAD_6d35786de281/rust/kernel/sync/poll.rs,33,poll_table,"{""binding_symbol"": ""poll_table"", ""enclosing_function"": null, ""enclosing_impl"": null, ""enclosing_type"": ""PollTable"", ""enclosing_unsafe_block"": 0, ""line"": 33, ""rust_file"": "".binddrift/worktrees/HEAD_6d35786de281/rust/kernel/sync/poll.rs"", ""version_id"": ""HEAD_6d35786de281""}","{""binding_symbol"": ""poll_table"", ""enclosing_function"": null, ""enclosing_impl"": null, ""enclosing_type"": ""PollTable"", ""enclosing_unsafe_block"": 0, ""line"": 33, ""rust_file"": "".binddrift/worktrees/HEAD_6d35786de281/rust/kernel/sync/poll.rs"", ""version_id"": ""HEAD_6d35786de281",CORRECT,CORRECT,CORRECT,,imported split review true label
rust_binding_uses-058,rust_binding_uses,v6.19,.binddrift/worktrees/v6.19/rust/kernel/pci/id.rs,420,PCI_VENDOR_ID_O2,"{""binding_symbol"": ""PCI_VENDOR_ID_O2"", ""enclosing_function"": null, ""enclosing_impl"": null, ""enclosing_type"": null, ""enclosing_unsafe_block"": 0, ""line"": 420, ""rust_file"": "".binddrift/worktrees/v6.19/rust/kernel/pci/id.rs"", ""version_id"": ""v6.19""}","{""binding_symbol"": ""PCI_VENDOR_ID_O2"", ""enclosing_function"": null, ""enclosing_impl"": null, ""enclosing_type"": null, ""enclosing_unsafe_block"": 0, ""line"": 420, ""rust_file"": "".binddrift/worktrees/v6.19/rust/kernel/pci/id.rs"", ""version_id"": ""v6.19""}",CORRECT,CORRECT,CORRECT,,imported split review true label
rust_binding_uses-059,rust_binding_uses,v6.2,.binddrift/worktrees/v6.2/rust/kernel/print.rs,84,KERN_CONT,"{""binding_symbol"": ""KERN_CONT"", ""enclosing_function"": ""generate"", ""enclosing_impl"": null, ""enclosing_type"": null, ""enclosing_unsafe_block"": 0, ""line"": 84, ""rust_file"": "".binddrift/worktrees/v6.2/rust/kernel/print.rs"", ""version_id"": ""v6.2""}","{""binding_symbol"": ""KERN_CONT"", ""enclosing_function"": ""generate"", ""enclosing_impl"": null, ""enclosing_type"": null, ""enclosing_unsafe_block"": 0, ""line"": 84, ""rust_file"": "".binddrift/worktrees/v6.2/rust/kernel/print.rs"", ""version_id"": ""v6.2""}",CORRECT,CORRECT,CORRECT,,imported split review true label
rust_binding_uses-060,rust_binding_uses,v6.13,.binddrift/worktrees/v6.13/rust/kernel/block/mq/request.rs,145,blk_mq_rq_to_pdu,"{""binding_symbol"": ""blk_mq_rq_to_pdu"", ""enclosing_function"": ""Request<T>::wrapper_ptr"", ""enclosing_impl"": ""Request<T>"", ""enclosing_type"": ""Request<T>"", ""enclosing_unsafe_block"": 1, ""line"": 145, ""rust_file"": "".binddrift/worktrees/v6.13/rust/kernel/block/mq/request.rs"", ""version_id"": ""v6.13""}","{""binding_symbol"": ""blk_mq_rq_to_pdu"", ""enclosing_function"": ""Request<T>::wrapper_ptr"", ""enclosing_impl"": ""Request<T>"", ""enclosing_type"": ""Request<T>"", ""enclosing_unsafe_block"": 1, ""line"": 145, ""rust_file"": "".binddrift/worktrees/v6.13/rust/kernel/block/mq/request.rs"", ",CORRECT,CORRECT,CORRECT,,imported split review true label
rust_binding_uses-061,rust_binding_uses,v6.12,.binddrift/worktrees/v6.12/rust/kernel/workqueue.rs,633,system_highpri_wq,"{""binding_symbol"": ""system_highpri_wq"", ""enclosing_function"": ""system_highpri"", ""enclosing_impl"": null, ""enclosing_type"": null, ""enclosing_unsafe_block"": 1, ""line"": 633, ""rust_file"": "".binddrift/worktrees/v6.12/rust/kernel/workqueue.rs"", ""version_id"": ""v6.12""}","{""binding_symbol"": ""system_highpri_wq"", ""enclosing_function"": ""system_highpri"", ""enclosing_impl"": null, ""enclosing_type"": null, ""enclosing_unsafe_block"": 1, ""line"": 633, ""rust_file"": "".binddrift/worktrees/v6.12/rust/kernel/workqueue.rs"", ""version_id"": ""v6.12""}",CORRECT,CORRECT,CORRECT,,imported split review true label
rust_binding_uses-062,rust_binding_uses,v6.15,.binddrift/worktrees/v6.15/rust/kernel/kunit.rs,36,_printk,"{""binding_symbol"": ""_printk"", ""enclosing_function"": ""info"", ""enclosing_impl"": null, ""enclosing_type"": null, ""enclosing_unsafe_block"": 1, ""line"": 36, ""rust_file"": "".binddrift/worktrees/v6.15/rust/kernel/kunit.rs"", ""version_id"": ""v6.15""}","{""binding_symbol"": ""_printk"", ""enclosing_function"": ""info"", ""enclosing_impl"": null, ""enclosing_type"": null, ""enclosing_unsafe_block"": 1, ""line"": 36, ""rust_file"": "".binddrift/worktrees/v6.15/rust/kernel/kunit.rs"", ""version_id"": ""v6.15""}",CORRECT,CORRECT,CORRECT,,imported split review true label
rust_binding_uses-063,rust_binding_uses,v6.16,.binddrift/worktrees/v6.16/rust/kernel/fs/file.rs,27,O_CLOEXEC,"{""binding_symbol"": ""O_CLOEXEC"", ""enclosing_function"": null, ""enclosing_impl"": null, ""enclosing_type"": null, ""enclosing_unsafe_block"": 0, ""line"": 27, ""rust_file"": "".binddrift/worktrees/v6.16/rust/kernel/fs/file.rs"", ""version_id"": ""v6.16""}","{""binding_symbol"": ""O_CLOEXEC"", ""enclosing_function"": null, ""enclosing_impl"": null, ""enclosing_type"": null, ""enclosing_unsafe_block"": 0, ""line"": 27, ""rust_file"": "".binddrift/worktrees/v6.16/rust/kernel/fs/file.rs"", ""version_id"": ""v6.16""}",CORRECT,CORRECT,CORRECT,,imported split review true label
rust_binding_uses-064,rust_binding_uses,v7.0,.binddrift/worktrees/v7.0/rust/kernel/pci/id.rs,230,PCI_CLASS_COMMUNICATION_OTHER,"{""binding_symbol"": ""PCI_CLASS_COMMUNICATION_OTHER"", ""enclosing_function"": null, ""enclosing_impl"": null, ""enclosing_type"": null, ""enclosing_unsafe_block"": 0, ""line"": 230, ""rust_file"": "".binddrift/worktrees/v7.0/rust/kernel/pci/id.rs"", ""version_id"": ""v7.0""}","{""binding_symbol"": ""PCI_CLASS_COMMUNICATION_OTHER"", ""enclosing_function"": null, ""enclosing_impl"": null, ""enclosing_type"": null, ""enclosing_unsafe_block"": 0, ""line"": 230, ""rust_file"": "".binddrift/worktrees/v7.0/rust/kernel/pci/id.rs"", ""version_id"": ""v7.0""}",CORRECT,CORRECT,CORRECT,,imported split review true label
rust_binding_uses-065,rust_binding_uses,v6.15,.binddrift/worktrees/v6.15/rust/kernel/sync/lock/mutex.rs,108,lock_class_key,"{""binding_symbol"": ""lock_class_key"", ""enclosing_function"": ""example"", ""enclosing_impl"": null, ""enclosing_type"": ""MutexBackend"", ""enclosing_unsafe_block"": 0, ""line"": 108, ""rust_file"": "".binddrift/worktrees/v6.15/rust/kernel/sync/lock/mutex.rs"", ""version_id"": ""v6.15""}","{""binding_symbol"": ""lock_class_key"", ""enclosing_function"": ""example"", ""enclosing_impl"": null, ""enclosing_type"": ""MutexBackend"", ""enclosing_unsafe_block"": 0, ""line"": 108, ""rust_file"": "".binddrift/worktrees/v6.15/rust/kernel/sync/lock/mutex.rs"", ""version_id"": ""v6.15""}",CORRECT,CORRECT,CORRECT,,imported split review true label
rust_binding_uses-066,rust_binding_uses,v6.18,.binddrift/worktrees/v6.18/rust/kernel/device.rs,362,KERN_DEBUG,"{""binding_symbol"": ""KERN_DEBUG"", ""enclosing_function"": ""Device<Ctx>::pr_dbg"", ""enclosing_impl"": ""Device<Ctx>"", ""enclosing_type"": ""Device<Ctx>"", ""enclosing_unsafe_block"": 1, ""line"": 362, ""rust_file"": "".binddrift/worktrees/v6.18/rust/kernel/device.rs"", ""version_id"": ""v6.18""}","{""binding_symbol"": ""KERN_DEBUG"", ""enclosing_function"": ""Device<Ctx>::pr_dbg"", ""enclosing_impl"": ""Device<Ctx>"", ""enclosing_type"": ""Device<Ctx>"", ""enclosing_unsafe_block"": 1, ""line"": 362, ""rust_file"": "".binddrift/worktrees/v6.18/rust/kernel/device.rs"", ""version_id"": ""v6.",CORRECT,CORRECT,CORRECT,,imported split review true label
rust_binding_uses-067,rust_binding_uses,v7.0,.binddrift/worktrees/v7.0/rust/kernel/time/hrtimer.rs,503,hrtimer_restart_HRTIMER_RESTART,"{""binding_symbol"": ""hrtimer_restart_HRTIMER_RESTART"", ""enclosing_function"": null, ""enclosing_impl"": null, ""enclosing_type"": null, ""enclosing_unsafe_block"": 0, ""line"": 503, ""rust_file"": "".binddrift/worktrees/v7.0/rust/kernel/time/hrtimer.rs"", ""version_id"": ""v7.0""}","{""binding_symbol"": ""hrtimer_restart_HRTIMER_RESTART"", ""enclosing_function"": null, ""enclosing_impl"": null, ""enclosing_type"": null, ""enclosing_unsafe_block"": 0, ""line"": 503, ""rust_file"": "".binddrift/worktrees/v7.0/rust/kernel/time/hrtimer.rs"", ""version_id"": ""v7.0""}",CORRECT,CORRECT,CORRECT,,imported split review true label
rust_binding_uses-068,rust_binding_uses,v6.11,.binddrift/worktrees/v6.11/rust/kernel/net/phy.rs,264,genphy_suspend,"{""binding_symbol"": ""genphy_suspend"", ""enclosing_function"": ""Device::genphy_suspend"", ""enclosing_impl"": ""Device"", ""enclosing_type"": ""Device"", ""enclosing_unsafe_block"": 1, ""line"": 264, ""rust_file"": "".binddrift/worktrees/v6.11/rust/kernel/net/phy.rs"", ""version_id"": ""v6.11""}","{""binding_symbol"": ""genphy_suspend"", ""enclosing_function"": ""Device::genphy_suspend"", ""enclosing_impl"": ""Device"", ""enclosing_type"": ""Device"", ""enclosing_unsafe_block"": 1, ""line"": 264, ""rust_file"": "".binddrift/worktrees/v6.11/rust/kernel/net/phy.rs"", ""version_id"": ""v6.11",CORRECT,CORRECT,CORRECT,,imported split review true label
rust_binding_uses-069,rust_binding_uses,v6.14,.binddrift/worktrees/v6.14/rust/kernel/pid_namespace.rs,51,get_pid_ns,"{""binding_symbol"": ""get_pid_ns"", ""enclosing_function"": ""inc_ref"", ""enclosing_impl"": null, ""enclosing_type"": null, ""enclosing_unsafe_block"": 1, ""line"": 51, ""rust_file"": "".binddrift/worktrees/v6.14/rust/kernel/pid_namespace.rs"", ""version_id"": ""v6.14""}","{""binding_symbol"": ""get_pid_ns"", ""enclosing_function"": ""inc_ref"", ""enclosing_impl"": null, ""enclosing_type"": null, ""enclosing_unsafe_block"": 1, ""line"": 51, ""rust_file"": "".binddrift/worktrees/v6.14/rust/kernel/pid_namespace.rs"", ""version_id"": ""v6.14""}",CORRECT,CORRECT,CORRECT,,imported split review true label
rust_binding_uses-070,rust_binding_uses,v6.6,.binddrift/worktrees/v6.6/rust/kernel/str.rs,575,memchr,"{""binding_symbol"": ""memchr"", ""enclosing_function"": ""CString::try_from_fmt"", ""enclosing_impl"": ""CString"", ""enclosing_type"": ""CString"", ""enclosing_unsafe_block"": 1, ""line"": 575, ""rust_file"": "".binddrift/worktrees/v6.6/rust/kernel/str.rs"", ""version_id"": ""v6.6""}","{""binding_symbol"": ""memchr"", ""enclosing_function"": ""CString::try_from_fmt"", ""enclosing_impl"": ""CString"", ""enclosing_type"": ""CString"", ""enclosing_unsafe_block"": 1, ""line"": 575, ""rust_file"": "".binddrift/worktrees/v6.6/rust/kernel/str.rs"", ""version_id"": ""v6.6""}",CORRECT,CORRECT,CORRECT,,imported split review true label
rust_binding_uses-071,rust_binding_uses,HEAD_6d35786de281,.binddrift/worktrees/HEAD_6d35786de281/rust/kernel/iommu/pgtable.rs,135,io_pgtable,"{""binding_symbol"": ""io_pgtable"", ""enclosing_function"": ""IoPageTable<F>::raw_pgtable"", ""enclosing_impl"": ""IoPageTable<F>"", ""enclosing_type"": ""IoPageTable<F>"", ""enclosing_unsafe_block"": 1, ""line"": 135, ""rust_file"": "".binddrift/worktrees/HEAD_6d35786de281/rust/kernel/iommu/pgtable.rs"", ""version_id"": ""HEAD_6d35786de281""}","{""binding_symbol"": ""io_pgtable"", ""enclosing_function"": ""IoPageTable<F>::raw_pgtable"", ""enclosing_impl"": ""IoPageTable<F>"", ""enclosing_type"": ""IoPageTable<F>"", ""enclosing_unsafe_block"": 1, ""line"": 135, ""rust_file"": "".binddrift/worktrees/HEAD_6d35786de281/rust/kernel/iomm",CORRECT,CORRECT,CORRECT,,imported split review true label
rust_binding_uses-072,rust_binding_uses,v6.19,.binddrift/worktrees/v6.19/rust/kernel/pci.rs,59,pci_driver,"{""binding_symbol"": ""pci_driver"", ""enclosing_function"": null, ""enclosing_impl"": null, ""enclosing_type"": ""Adapter"", ""enclosing_unsafe_block"": 0, ""line"": 59, ""rust_file"": "".binddrift/worktrees/v6.19/rust/kernel/pci.rs"", ""version_id"": ""v6.19""}","{""binding_symbol"": ""pci_driver"", ""enclosing_function"": null, ""enclosing_impl"": null, ""enclosing_type"": ""Adapter"", ""enclosing_unsafe_block"": 0, ""line"": 59, ""rust_file"": "".binddrift/worktrees/v6.19/rust/kernel/pci.rs"", ""version_id"": ""v6.19""}",CORRECT,CORRECT,CORRECT,,imported split review true label
rust_binding_uses-073,rust_binding_uses,HEAD_6d35786de281,.binddrift/worktrees/HEAD_6d35786de281/rust/kernel/sync/condvar.rs,127,prepare_to_wait_exclusive,"{""binding_symbol"": ""prepare_to_wait_exclusive"", ""enclosing_function"": ""CondVar::new"", ""enclosing_impl"": ""CondVar"", ""enclosing_type"": ""CondVar"", ""enclosing_unsafe_block"": 1, ""line"": 127, ""rust_file"": "".binddrift/worktrees/HEAD_6d35786de281/rust/kernel/sync/condvar.rs"", ""version_id"": ""HEAD_6d35786de281""}","{""binding_symbol"": ""prepare_to_wait_exclusive"", ""enclosing_function"": ""CondVar::new"", ""enclosing_impl"": ""CondVar"", ""enclosing_type"": ""CondVar"", ""enclosing_unsafe_block"": 1, ""line"": 127, ""rust_file"": "".binddrift/worktrees/HEAD_6d35786de281/rust/kernel/sync/condvar.rs"", ",CORRECT,CORRECT,CORRECT,,imported split review true label
rust_binding_uses-074,rust_binding_uses,HEAD_6d35786de281,.binddrift/worktrees/HEAD_6d35786de281/rust/kernel/sync/lock/mutex.rs,133,mutex_trylock,"{""binding_symbol"": ""mutex_trylock"", ""enclosing_function"": ""try_lock"", ""enclosing_impl"": null, ""enclosing_type"": ""MutexBackend"", ""enclosing_unsafe_block"": 1, ""line"": 133, ""rust_file"": "".binddrift/worktrees/HEAD_6d35786de281/rust/kernel/sync/lock/mutex.rs"", ""version_id"": ""HEAD_6d35786de281""}","{""binding_symbol"": ""mutex_trylock"", ""enclosing_function"": ""try_lock"", ""enclosing_impl"": null, ""enclosing_type"": ""MutexBackend"", ""enclosing_unsafe_block"": 1, ""line"": 133, ""rust_file"": "".binddrift/worktrees/HEAD_6d35786de281/rust/kernel/sync/lock/mutex.rs"", ""version_id"":",CORRECT,CORRECT,CORRECT,,imported split review true label
rust_binding_uses-075,rust_binding_uses,v6.19,.binddrift/worktrees/v6.19/rust/kernel/pci/id.rs,482,PCI_VENDOR_ID_BCM_GVC,"{""binding_symbol"": ""PCI_VENDOR_ID_BCM_GVC"", ""enclosing_function"": null, ""enclosing_impl"": null, ""enclosing_type"": null, ""enclosing_unsafe_block"": 0, ""line"": 482, ""rust_file"": "".binddrift/worktrees/v6.19/rust/kernel/pci/id.rs"", ""version_id"": ""v6.19""}","{""binding_symbol"": ""PCI_VENDOR_ID_BCM_GVC"", ""enclosing_function"": null, ""enclosing_impl"": null, ""enclosing_type"": null, ""enclosing_unsafe_block"": 0, ""line"": 482, ""rust_file"": "".binddrift/worktrees/v6.19/rust/kernel/pci/id.rs"", ""version_id"": ""v6.19""}",CORRECT,CORRECT,CORRECT,,imported split review true label
rust_binding_uses-076,rust_binding_uses,HEAD_6d35786de281,.binddrift/worktrees/HEAD_6d35786de281/rust/kernel/pci/id.rs,440,PCI_VENDOR_ID_MICRO_MEMORY,"{""binding_symbol"": ""PCI_VENDOR_ID_MICRO_MEMORY"", ""enclosing_function"": null, ""enclosing_impl"": null, ""enclosing_type"": null, ""enclosing_unsafe_block"": 0, ""line"": 440, ""rust_file"": "".binddrift/worktrees/HEAD_6d35786de281/rust/kernel/pci/id.rs"", ""version_id"": ""HEAD_6d35786de281""}","{""binding_symbol"": ""PCI_VENDOR_ID_MICRO_MEMORY"", ""enclosing_function"": null, ""enclosing_impl"": null, ""enclosing_type"": null, ""enclosing_unsafe_block"": 0, ""line"": 440, ""rust_file"": "".binddrift/worktrees/HEAD_6d35786de281/rust/kernel/pci/id.rs"", ""version_id"": ""HEAD_6d357",CORRECT,CORRECT,CORRECT,,imported split review true label
rust_binding_uses-077,rust_binding_uses,v6.8,.binddrift/worktrees/v6.8/rust/kernel/workqueue.rs,590,work_struct,"{""binding_symbol"": ""work_struct"", ""enclosing_function"": null, ""enclosing_impl"": null, ""enclosing_type"": null, ""enclosing_unsafe_block"": 0, ""line"": 590, ""rust_file"": "".binddrift/worktrees/v6.8/rust/kernel/workqueue.rs"", ""version_id"": ""v6.8""}","{""binding_symbol"": ""work_struct"", ""enclosing_function"": null, ""enclosing_impl"": null, ""enclosing_type"": null, ""enclosing_unsafe_block"": 0, ""line"": 590, ""rust_file"": "".binddrift/worktrees/v6.8/rust/kernel/workqueue.rs"", ""version_id"": ""v6.8""}",CORRECT,CORRECT,CORRECT,,imported split review true label
rust_binding_uses-078,rust_binding_uses,v6.19,.binddrift/worktrees/v6.19/rust/kernel/mm/virt.rs,435,VM_LOCKONFAULT,"{""binding_symbol"": ""VM_LOCKONFAULT"", ""enclosing_function"": null, ""enclosing_impl"": null, ""enclosing_type"": null, ""enclosing_unsafe_block"": 0, ""line"": 435, ""rust_file"": "".binddrift/worktrees/v6.19/rust/kernel/mm/virt.rs"", ""version_id"": ""v6.19""}","{""binding_symbol"": ""VM_LOCKONFAULT"", ""enclosing_function"": null, ""enclosing_impl"": null, ""enclosing_type"": null, ""enclosing_unsafe_block"": 0, ""line"": 435, ""rust_file"": "".binddrift/worktrees/v6.19/rust/kernel/mm/virt.rs"", ""version_id"": ""v6.19""}",CORRECT,CORRECT,CORRECT,,imported split review true label
rust_binding_uses-079,rust_binding_uses,v6.2,.binddrift/worktrees/v6.2/rust/kernel/allocator.rs,61,__GFP_ZERO,"{""binding_symbol"": ""__GFP_ZERO"", ""enclosing_function"": ""__rust_alloc_zeroed"", ""enclosing_impl"": null, ""enclosing_type"": null, ""enclosing_unsafe_block"": 1, ""line"": 61, ""rust_file"": "".binddrift/worktrees/v6.2/rust/kernel/allocator.rs"", ""version_id"": ""v6.2""}","{""binding_symbol"": ""__GFP_ZERO"", ""enclosing_function"": ""__rust_alloc_zeroed"", ""enclosing_impl"": null, ""enclosing_type"": null, ""enclosing_unsafe_block"": 1, ""line"": 61, ""rust_file"": "".binddrift/worktrees/v6.2/rust/kernel/allocator.rs"", ""version_id"": ""v6.2""}",CORRECT,CORRECT,CORRECT,,imported split review true label
rust_binding_uses-080,rust_binding_uses,v6.9,.binddrift/worktrees/v6.9/rust/kernel/sync/lock/spinlock.rs,101,lock_class_key,"{""binding_symbol"": ""lock_class_key"", ""enclosing_function"": ""example"", ""enclosing_impl"": null, ""enclosing_type"": ""SpinLockBackend"", ""enclosing_unsafe_block"": 0, ""line"": 101, ""rust_file"": "".binddrift/worktrees/v6.9/rust/kernel/sync/lock/spinlock.rs"", ""version_id"": ""v6.9""}","{""binding_symbol"": ""lock_class_key"", ""enclosing_function"": ""example"", ""enclosing_impl"": null, ""enclosing_type"": ""SpinLockBackend"", ""enclosing_unsafe_block"": 0, ""line"": 101, ""rust_file"": "".binddrift/worktrees/v6.9/rust/kernel/sync/lock/spinlock.rs"", ""version_id"": ""v6.9""",CORRECT,CORRECT,CORRECT,,imported split review true label
rust_binding_uses-081,rust_binding_uses,v6.13,.binddrift/worktrees/v6.13/rust/kernel/block/mq/request.rs,56,request,"{""binding_symbol"": ""request"", ""enclosing_function"": null, ""enclosing_impl"": null, ""enclosing_type"": null, ""enclosing_unsafe_block"": 0, ""line"": 56, ""rust_file"": "".binddrift/worktrees/v6.13/rust/kernel/block/mq/request.rs"", ""version_id"": ""v6.13""}","{""binding_symbol"": ""request"", ""enclosing_function"": null, ""enclosing_impl"": null, ""enclosing_type"": null, ""enclosing_unsafe_block"": 0, ""line"": 56, ""rust_file"": "".binddrift/worktrees/v6.13/rust/kernel/block/mq/request.rs"", ""version_id"": ""v6.13""}",CORRECT,CORRECT,CORRECT,,imported split review true label
rust_binding_uses-082,rust_binding_uses,v6.19,.binddrift/worktrees/v6.19/rust/kernel/uaccess.rs,349,_copy_from_user,"{""binding_symbol"": ""_copy_from_user"", ""enclosing_function"": ""UserSliceReader::read_slice_file"", ""enclosing_impl"": ""UserSliceReader"", ""enclosing_type"": ""UserSliceReader"", ""enclosing_unsafe_block"": 1, ""line"": 349, ""rust_file"": "".binddrift/worktrees/v6.19/rust/kernel/uaccess.rs"", ""version_id"": ""v6.19""}","{""binding_symbol"": ""_copy_from_user"", ""enclosing_function"": ""UserSliceReader::read_slice_file"", ""enclosing_impl"": ""UserSliceReader"", ""enclosing_type"": ""UserSliceReader"", ""enclosing_unsafe_block"": 1, ""line"": 349, ""rust_file"": "".binddrift/worktrees/v6.19/rust/kernel/uacc",CORRECT,CORRECT,CORRECT,,imported split review true label
rust_binding_uses-083,rust_binding_uses,v6.19,.binddrift/worktrees/v6.19/rust/kernel/configfs.rs,347,config_group,"{""binding_symbol"": ""config_group"", ""enclosing_function"": null, ""enclosing_impl"": ""GroupOperationsVTable<Parent, Child>"", ""enclosing_type"": ""GroupOperationsVTable<Parent, Child>"", ""enclosing_unsafe_block"": 0, ""line"": 347, ""rust_file"": "".binddrift/worktrees/v6.19/rust/kernel/configfs.rs"", ""version_id"": ""v6.19""}","{""binding_symbol"": ""config_group"", ""enclosing_function"": null, ""enclosing_impl"": ""GroupOperationsVTable<Parent, Child>"", ""enclosing_type"": ""GroupOperationsVTable<Parent, Child>"", ""enclosing_unsafe_block"": 0, ""line"": 347, ""rust_file"": "".binddrift/worktrees/v6.19/rust/ke",CORRECT,CORRECT,CORRECT,,imported split review true label
rust_binding_uses-084,rust_binding_uses,v7.0,.binddrift/worktrees/v7.0/rust/kernel/pci/id.rs,472,PCI_VENDOR_ID_GIGABYTE,"{""binding_symbol"": ""PCI_VENDOR_ID_GIGABYTE"", ""enclosing_function"": null, ""enclosing_impl"": null, ""enclosing_type"": null, ""enclosing_unsafe_block"": 0, ""line"": 472, ""rust_file"": "".binddrift/worktrees/v7.0/rust/kernel/pci/id.rs"", ""version_id"": ""v7.0""}","{""binding_symbol"": ""PCI_VENDOR_ID_GIGABYTE"", ""enclosing_function"": null, ""enclosing_impl"": null, ""enclosing_type"": null, ""enclosing_unsafe_block"": 0, ""line"": 472, ""rust_file"": "".binddrift/worktrees/v7.0/rust/kernel/pci/id.rs"", ""version_id"": ""v7.0""}",CORRECT,CORRECT,CORRECT,,imported split review true label
rust_binding_uses-085,rust_binding_uses,v6.17,.binddrift/worktrees/v6.17/rust/kernel/print.rs,130,_printk,"{""binding_symbol"": ""_printk"", ""enclosing_function"": ""call_printk_cont"", ""enclosing_impl"": null, ""enclosing_type"": null, ""enclosing_unsafe_block"": 1, ""line"": 130, ""rust_file"": "".binddrift/worktrees/v6.17/rust/kernel/print.rs"", ""version_id"": ""v6.17""}","{""binding_symbol"": ""_printk"", ""enclosing_function"": ""call_printk_cont"", ""enclosing_impl"": null, ""enclosing_type"": null, ""enclosing_unsafe_block"": 1, ""line"": 130, ""rust_file"": "".binddrift/worktrees/v6.17/rust/kernel/print.rs"", ""version_id"": ""v6.17""}",CORRECT,CORRECT,CORRECT,,imported split review true label
rust_binding_uses-086,rust_binding_uses,v6.5,.binddrift/worktrees/v6.5/rust/kernel/sync/condvar.rs,114,prepare_to_wait_exclusive,"{""binding_symbol"": ""prepare_to_wait_exclusive"", ""enclosing_function"": ""CondVar::new"", ""enclosing_impl"": ""CondVar"", ""enclosing_type"": ""CondVar"", ""enclosing_unsafe_block"": 1, ""line"": 114, ""rust_file"": "".binddrift/worktrees/v6.5/rust/kernel/sync/condvar.rs"", ""version_id"": ""v6.5""}","{""binding_symbol"": ""prepare_to_wait_exclusive"", ""enclosing_function"": ""CondVar::new"", ""enclosing_impl"": ""CondVar"", ""enclosing_type"": ""CondVar"", ""enclosing_unsafe_block"": 1, ""line"": 114, ""rust_file"": "".binddrift/worktrees/v6.5/rust/kernel/sync/condvar.rs"", ""version_id"":",CORRECT,CORRECT,CORRECT,,imported split review true label
rust_binding_uses-087,rust_binding_uses,v6.16,.binddrift/worktrees/v6.16/rust/kernel/pci.rs,89,pci_dev,"{""binding_symbol"": ""pci_dev"", ""enclosing_function"": ""remove_callback"", ""enclosing_impl"": ""Adapter<T>"", ""enclosing_type"": ""Adapter<T>"", ""enclosing_unsafe_block"": 0, ""line"": 89, ""rust_file"": "".binddrift/worktrees/v6.16/rust/kernel/pci.rs"", ""version_id"": ""v6.16""}","{""binding_symbol"": ""pci_dev"", ""enclosing_function"": ""remove_callback"", ""enclosing_impl"": ""Adapter<T>"", ""enclosing_type"": ""Adapter<T>"", ""enclosing_unsafe_block"": 0, ""line"": 89, ""rust_file"": "".binddrift/worktrees/v6.16/rust/kernel/pci.rs"", ""version_id"": ""v6.16""}",CORRECT,CORRECT,CORRECT,,imported split review true label
rust_binding_uses-088,rust_binding_uses,v6.10,.binddrift/worktrees/v6.10/rust/kernel/task.rs,24,TASK_NORMAL,"{""binding_symbol"": ""TASK_NORMAL"", ""enclosing_function"": null, ""enclosing_impl"": null, ""enclosing_type"": null, ""enclosing_unsafe_block"": 0, ""line"": 24, ""rust_file"": "".binddrift/worktrees/v6.10/rust/kernel/task.rs"", ""version_id"": ""v6.10""}","{""binding_symbol"": ""TASK_NORMAL"", ""enclosing_function"": null, ""enclosing_impl"": null, ""enclosing_type"": null, ""enclosing_unsafe_block"": 0, ""line"": 24, ""rust_file"": "".binddrift/worktrees/v6.10/rust/kernel/task.rs"", ""version_id"": ""v6.10""}",CORRECT,CORRECT,CORRECT,,imported split review true label
rust_binding_uses-089,rust_binding_uses,v6.19,.binddrift/worktrees/v6.19/rust/kernel/fs/file.rs,64,O_NONBLOCK,"{""binding_symbol"": ""O_NONBLOCK"", ""enclosing_function"": null, ""enclosing_impl"": null, ""enclosing_type"": null, ""enclosing_unsafe_block"": 0, ""line"": 64, ""rust_file"": "".binddrift/worktrees/v6.19/rust/kernel/fs/file.rs"", ""version_id"": ""v6.19""}","{""binding_symbol"": ""O_NONBLOCK"", ""enclosing_function"": null, ""enclosing_impl"": null, ""enclosing_type"": null, ""enclosing_unsafe_block"": 0, ""line"": 64, ""rust_file"": "".binddrift/worktrees/v6.19/rust/kernel/fs/file.rs"", ""version_id"": ""v6.19""}",CORRECT,CORRECT,CORRECT,,imported split review true label
rust_binding_uses-090,rust_binding_uses,v7.0,.binddrift/worktrees/v7.0/rust/kernel/time/hrtimer.rs,617,hrtimer_mode_HRTIMER_MODE_REL_SOFT,"{""binding_symbol"": ""hrtimer_mode_HRTIMER_MODE_REL_SOFT"", ""enclosing_function"": null, ""enclosing_impl"": ""RelativeSoftMode<C>"", ""enclosing_type"": ""RelativeSoftMode<C>"", ""enclosing_unsafe_block"": 0, ""line"": 617, ""rust_file"": "".binddrift/worktrees/v7.0/rust/kernel/time/hrtimer.rs"", ""version_id"": ""v7.0""}","{""binding_symbol"": ""hrtimer_mode_HRTIMER_MODE_REL_SOFT"", ""enclosing_function"": null, ""enclosing_impl"": ""RelativeSoftMode<C>"", ""enclosing_type"": ""RelativeSoftMode<C>"", ""enclosing_unsafe_block"": 0, ""line"": 617, ""rust_file"": "".binddrift/worktrees/v7.0/rust/kernel/time/hrt",CORRECT,CORRECT,CORRECT,,imported split review true label
rust_binding_uses-091,rust_binding_uses,v7.0,.binddrift/worktrees/v7.0/rust/kernel/time/hrtimer/pin_mut.rs,88,hrtimer,"{""binding_symbol"": ""hrtimer"", ""enclosing_function"": ""run"", ""enclosing_impl"": ""Pin<&'a mut T>"", ""enclosing_type"": ""Pin<&'a mut T>"", ""enclosing_unsafe_block"": 0, ""line"": 88, ""rust_file"": "".binddrift/worktrees/v7.0/rust/kernel/time/hrtimer/pin_mut.rs"", ""version_id"": ""v7.0""}","{""binding_symbol"": ""hrtimer"", ""enclosing_function"": ""run"", ""enclosing_impl"": ""Pin<&'a mut T>"", ""enclosing_type"": ""Pin<&'a mut T>"", ""enclosing_unsafe_block"": 0, ""line"": 88, ""rust_file"": "".binddrift/worktrees/v7.0/rust/kernel/time/hrtimer/pin_mut.rs"", ""version_id"": ""v7.0",CORRECT,CORRECT,CORRECT,,imported split review true label
rust_binding_uses-092,rust_binding_uses,v6.19,.binddrift/worktrees/v6.19/rust/kernel/uaccess.rs,576,strncpy_from_user,"{""binding_symbol"": ""strncpy_from_user"", ""enclosing_function"": ""raw_strncpy_from_user"", ""enclosing_impl"": null, ""enclosing_type"": null, ""enclosing_unsafe_block"": 1, ""line"": 576, ""rust_file"": "".binddrift/worktrees/v6.19/rust/kernel/uaccess.rs"", ""version_id"": ""v6.19""}","{""binding_symbol"": ""strncpy_from_user"", ""enclosing_function"": ""raw_strncpy_from_user"", ""enclosing_impl"": null, ""enclosing_type"": null, ""enclosing_unsafe_block"": 1, ""line"": 576, ""rust_file"": "".binddrift/worktrees/v6.19/rust/kernel/uaccess.rs"", ""version_id"": ""v6.19""}",CORRECT,CORRECT,CORRECT,,imported split review true label
rust_binding_uses-093,rust_binding_uses,v6.19,.binddrift/worktrees/v6.19/rust/kernel/fs/file.rs,187,file,"{""binding_symbol"": ""file"", ""enclosing_function"": null, ""enclosing_impl"": null, ""enclosing_type"": ""File"", ""enclosing_unsafe_block"": 0, ""line"": 187, ""rust_file"": "".binddrift/worktrees/v6.19/rust/kernel/fs/file.rs"", ""version_id"": ""v6.19""}","{""binding_symbol"": ""file"", ""enclosing_function"": null, ""enclosing_impl"": null, ""enclosing_type"": ""File"", ""enclosing_unsafe_block"": 0, ""line"": 187, ""rust_file"": "".binddrift/worktrees/v6.19/rust/kernel/fs/file.rs"", ""version_id"": ""v6.19""}",CORRECT,CORRECT,CORRECT,,imported split review true label
rust_binding_uses-094,rust_binding_uses,v6.16,.binddrift/worktrees/v6.16/rust/kernel/print.rs,130,_printk,"{""binding_symbol"": ""_printk"", ""enclosing_function"": ""call_printk_cont"", ""enclosing_impl"": null, ""enclosing_type"": null, ""enclosing_unsafe_block"": 1, ""line"": 130, ""rust_file"": "".binddrift/worktrees/v6.16/rust/kernel/print.rs"", ""version_id"": ""v6.16""}","{""binding_symbol"": ""_printk"", ""enclosing_function"": ""call_printk_cont"", ""enclosing_impl"": null, ""enclosing_type"": null, ""enclosing_unsafe_block"": 1, ""line"": 130, ""rust_file"": "".binddrift/worktrees/v6.16/rust/kernel/print.rs"", ""version_id"": ""v6.16""}",CORRECT,CORRECT,CORRECT,,imported split review true label
rust_binding_uses-095,rust_binding_uses,v6.12,.binddrift/worktrees/v6.12/rust/kernel/sync/condvar.rs,111,__init_waitqueue_head,"{""binding_symbol"": ""__init_waitqueue_head"", ""enclosing_function"": ""CondVar::new"", ""enclosing_impl"": ""CondVar"", ""enclosing_type"": ""CondVar"", ""enclosing_unsafe_block"": 1, ""line"": 111, ""rust_file"": "".binddrift/worktrees/v6.12/rust/kernel/sync/condvar.rs"", ""version_id"": ""v6.12""}","{""binding_symbol"": ""__init_waitqueue_head"", ""enclosing_function"": ""CondVar::new"", ""enclosing_impl"": ""CondVar"", ""enclosing_type"": ""CondVar"", ""enclosing_unsafe_block"": 1, ""line"": 111, ""rust_file"": "".binddrift/worktrees/v6.12/rust/kernel/sync/condvar.rs"", ""version_id"": ""v",CORRECT,CORRECT,CORRECT,,imported split review true label
rust_binding_uses-096,rust_binding_uses,v7.0,.binddrift/worktrees/v7.0/rust/kernel/io/resource.rs,55,release_mem_region,"{""binding_symbol"": ""release_mem_region"", ""enclosing_function"": ""drop"", ""enclosing_impl"": ""Region"", ""enclosing_type"": ""Region"", ""enclosing_unsafe_block"": 0, ""line"": 55, ""rust_file"": "".binddrift/worktrees/v7.0/rust/kernel/io/resource.rs"", ""version_id"": ""v7.0""}","{""binding_symbol"": ""release_mem_region"", ""enclosing_function"": ""drop"", ""enclosing_impl"": ""Region"", ""enclosing_type"": ""Region"", ""enclosing_unsafe_block"": 0, ""line"": 55, ""rust_file"": "".binddrift/worktrees/v7.0/rust/kernel/io/resource.rs"", ""version_id"": ""v7.0""}",CORRECT,CORRECT,CORRECT,,imported split review true label
rust_binding_uses-097,rust_binding_uses,v6.17,.binddrift/worktrees/v6.17/rust/kernel/block/mq/operations.rs,74,blk_mq_queue_data,"{""binding_symbol"": ""blk_mq_queue_data"", ""enclosing_function"": null, ""enclosing_impl"": ""OperationsVTable<T>"", ""enclosing_type"": ""OperationsVTable<T>"", ""enclosing_unsafe_block"": 0, ""line"": 74, ""rust_file"": "".binddrift/worktrees/v6.17/rust/kernel/block/mq/operations.rs"", ""version_id"": ""v6.17""}","{""binding_symbol"": ""blk_mq_queue_data"", ""enclosing_function"": null, ""enclosing_impl"": ""OperationsVTable<T>"", ""enclosing_type"": ""OperationsVTable<T>"", ""enclosing_unsafe_block"": 0, ""line"": 74, ""rust_file"": "".binddrift/worktrees/v6.17/rust/kernel/block/mq/operations.rs"", ",CORRECT,CORRECT,CORRECT,,imported split review true label
rust_binding_uses-098,rust_binding_uses,v7.0,.binddrift/worktrees/v7.0/rust/kernel/fs/file.rs,61,O_NOFOLLOW,"{""binding_symbol"": ""O_NOFOLLOW"", ""enclosing_function"": null, ""enclosing_impl"": null, ""enclosing_type"": null, ""enclosing_unsafe_block"": 0, ""line"": 61, ""rust_file"": "".binddrift/worktrees/v7.0/rust/kernel/fs/file.rs"", ""version_id"": ""v7.0""}","{""binding_symbol"": ""O_NOFOLLOW"", ""enclosing_function"": null, ""enclosing_impl"": null, ""enclosing_type"": null, ""enclosing_unsafe_block"": 0, ""line"": 61, ""rust_file"": "".binddrift/worktrees/v7.0/rust/kernel/fs/file.rs"", ""version_id"": ""v7.0""}",CORRECT,CORRECT,CORRECT,,imported split review true label
rust_binding_uses-099,rust_binding_uses,HEAD_6d35786de281,.binddrift/worktrees/HEAD_6d35786de281/rust/kernel/cpufreq.rs,1188,cpufreq_policy,"{""binding_symbol"": ""cpufreq_policy"", ""enclosing_function"": ""setpolicy_callback"", ""enclosing_impl"": ""Registration<T>"", ""enclosing_type"": ""Registration<T>"", ""enclosing_unsafe_block"": 0, ""line"": 1188, ""rust_file"": "".binddrift/worktrees/HEAD_6d35786de281/rust/kernel/cpufreq.rs"", ""version_id"": ""HEAD_6d35786de281""}","{""binding_symbol"": ""cpufreq_policy"", ""enclosing_function"": ""setpolicy_callback"", ""enclosing_impl"": ""Registration<T>"", ""enclosing_type"": ""Registration<T>"", ""enclosing_unsafe_block"": 0, ""line"": 1188, ""rust_file"": "".binddrift/worktrees/HEAD_6d35786de281/rust/kernel/cpufre",CORRECT,CORRECT,CORRECT,,imported split review true label
rust_binding_uses-100,rust_binding_uses,HEAD_6d35786de281,.binddrift/worktrees/HEAD_6d35786de281/rust/kernel/platform.rs,551,platform_device,"{""binding_symbol"": ""platform_device"", ""enclosing_function"": ""try_from"", ""enclosing_impl"": ""&Device<Ctx>"", ""enclosing_type"": ""&Device<Ctx>"", ""enclosing_unsafe_block"": 1, ""line"": 551, ""rust_file"": "".binddrift/worktrees/HEAD_6d35786de281/rust/kernel/platform.rs"", ""version_id"": ""HEAD_6d35786de281""}","{""binding_symbol"": ""platform_device"", ""enclosing_function"": ""try_from"", ""enclosing_impl"": ""&Device<Ctx>"", ""enclosing_type"": ""&Device<Ctx>"", ""enclosing_unsafe_block"": 1, ""line"": 551, ""rust_file"": "".binddrift/worktrees/HEAD_6d35786de281/rust/kernel/platform.rs"", ""version",CORRECT,CORRECT,CORRECT,,imported split review true label
rust_safe_api_exposures-001,rust_safe_api_exposures,v6.12,.binddrift/worktrees/v6.12/rust/kernel/net/phy.rs,151,Device::is_autoneg_completed,"{""api_name"": ""Device::is_autoneg_completed"", ""line"": 151, ""params"": ""\""&self\"""", ""receiver_type"": ""Device"", ""return_type"": ""bool"", ""rust_file"": "".binddrift/worktrees/v6.12/rust/kernel/net/phy.rs"", ""uses_bindings"": ""[]"", ""version_id"": ""v6.12"", ""visibility"": ""pub""}","""&self""",CORRECT,CORRECT,CORRECT,,strict audit deterministic provenance review
rust_safe_api_exposures-002,rust_safe_api_exposures,v6.17,.binddrift/worktrees/v6.17/rust/kernel/rbtree.rs,424,"RBTree<K, V>::cursor_lower_bound","{""api_name"": ""RBTree<K, V>::cursor_lower_bound"", ""line"": 424, ""params"": ""\""&mut self, key: &K\"""", ""receiver_type"": ""RBTree<K, V>"", ""return_type"": ""Option<Cursor<'_, K, V>>"", ""rust_file"": "".binddrift/worktrees/v6.17/rust/kernel/rbtree.rs"", ""uses_bindings"": ""[]"", ""version_id"": ""v6.17"", ""visibility"": ""pub""}","""&mut self, key: &K""",CORRECT,CORRECT,CORRECT,,strict audit deterministic provenance review
rust_safe_api_exposures-003,rust_safe_api_exposures,v6.14,.binddrift/worktrees/v6.14/rust/kernel/fs/file.rs,313,LocalFile::cred,"{""api_name"": ""LocalFile::cred"", ""line"": 313, ""params"": ""\""&self\"""", ""receiver_type"": ""LocalFile"", ""return_type"": ""&Credential"", ""rust_file"": "".binddrift/worktrees/v6.14/rust/kernel/fs/file.rs"", ""uses_bindings"": ""[]"", ""version_id"": ""v6.14"", ""visibility"": ""pub""}","""&self""",CORRECT,CORRECT,CORRECT,,strict audit deterministic provenance review
rust_safe_api_exposures-004,rust_safe_api_exposures,v7.0,.binddrift/worktrees/v7.0/rust/kernel/error.rs,416,f1,"{""api_name"": ""f1"", ""line"": 416, ""params"": ""\""\"""", ""receiver_type"": null, ""return_type"": ""c_int"", ""rust_file"": "".binddrift/worktrees/v7.0/rust/kernel/error.rs"", ""uses_bindings"": ""[]"", ""version_id"": ""v7.0"", ""visibility"": ""pub(super)""}","""""",CORRECT,CORRECT,CORRECT,,strict audit deterministic provenance review
rust_safe_api_exposures-005,rust_safe_api_exposures,v7.0,.binddrift/worktrees/v7.0/rust/kernel/pci/io.rs,195,Bar<SIZE>::new,"{""api_name"": ""Bar<SIZE>::new"", ""line"": 195, ""params"": ""\""pdev: &Device, num: u32, name: &CStr\"""", ""receiver_type"": ""Bar<SIZE>"", ""return_type"": ""Result<Self>"", ""rust_file"": "".binddrift/worktrees/v7.0/rust/kernel/pci/io.rs"", ""uses_bindings"": ""[\""pci_iomap\"", \""pci_release_region\"", \""pci_request_region\""]"", ""version_id"": ""v7.0"", ""visibility"": ""pub(super)""}","""pdev: &Device, num: u32, name: &CStr""",CORRECT,CORRECT,CORRECT,,strict audit deterministic provenance review
rust_safe_api_exposures-006,rust_safe_api_exposures,v6.16,.binddrift/worktrees/v6.16/rust/kernel/net/phy.rs,103,Device::state,"{""api_name"": ""Device::state"", ""line"": 103, ""params"": ""\""&self\"""", ""receiver_type"": ""Device"", ""return_type"": ""DeviceState"", ""rust_file"": "".binddrift/worktrees/v6.16/rust/kernel/net/phy.rs"", ""uses_bindings"": ""[\""phy_state_PHY_CABLETEST\"", \""phy_state_PHY_DOWN\"", \""phy_state_PHY_ERROR\"", \""phy_state_PHY_HALTED\"", \""phy_state_PHY_NOLINK\"", \""phy_state_PHY_READY\"", \""phy_state_PHY_RUNNING\"", \""phy_state_PHY_UP\""]"", ""version_id"": ""v6.16"", ""visibility"": ""pub""}","""&self""",CORRECT,CORRECT,CORRECT,,strict audit deterministic provenance review
rust_safe_api_exposures-007,rust_safe_api_exposures,v6.17,.binddrift/worktrees/v6.17/rust/kernel/list/arc.rs,391,"ListArc<T, ID>::as_arc","{""api_name"": ""ListArc<T, ID>::as_arc"", ""line"": 391, ""params"": ""\""&self\"""", ""receiver_type"": ""ListArc<T, ID>"", ""return_type"": ""&Arc<T>"", ""rust_file"": "".binddrift/worktrees/v6.17/rust/kernel/list/arc.rs"", ""uses_bindings"": ""[]"", ""version_id"": ""v6.17"", ""visibility"": ""pub""}","""&self""",CORRECT,CORRECT,CORRECT,,strict audit deterministic provenance review
rust_safe_api_exposures-008,rust_safe_api_exposures,v6.19,.binddrift/worktrees/v6.19/rust/kernel/init.rs,76,destroy_foo,"{""api_name"": ""destroy_foo"", ""line"": 76, ""params"": ""\""_ptr: *mut foo\"""", ""receiver_type"": null, ""return_type"": ""()"", ""rust_file"": "".binddrift/worktrees/v6.19/rust/kernel/init.rs"", ""uses_bindings"": ""[]"", ""version_id"": ""v6.19"", ""visibility"": ""pub""}","""_ptr: *mut foo""",CORRECT,CORRECT,CORRECT,,strict audit deterministic provenance review
rust_safe_api_exposures-009,rust_safe_api_exposures,HEAD_6d35786de281,.binddrift/worktrees/HEAD_6d35786de281/rust/kernel/cpufreq.rs,358,TableBuilder::new,"{""api_name"": ""TableBuilder::new"", ""line"": 358, ""params"": ""\""\"""", ""receiver_type"": ""TableBuilder"", ""return_type"": ""Self"", ""rust_file"": "".binddrift/worktrees/HEAD_6d35786de281/rust/kernel/cpufreq.rs"", ""uses_bindings"": ""[]"", ""version_id"": ""HEAD_6d35786de281"", ""visibility"": ""pub""}","""""",CORRECT,CORRECT,CORRECT,,strict audit deterministic provenance review
rust_safe_api_exposures-010,rust_safe_api_exposures,v7.0,.binddrift/worktrees/v7.0/rust/kernel/page.rs,309,Page::write_raw,"{""api_name"": ""Page::write_raw"", ""line"": 309, ""params"": ""\""&self, src: *const u8, offset: usize, len: usize\"""", ""receiver_type"": ""Page"", ""return_type"": ""Result"", ""rust_file"": "".binddrift/worktrees/v7.0/rust/kernel/page.rs"", ""uses_bindings"": ""[]"", ""version_id"": ""v7.0"", ""visibility"": ""pub""}","""&self, src: *const u8, offset: usize, len: usize""",CORRECT,CORRECT,CORRECT,,strict audit deterministic provenance review
rust_safe_api_exposures-011,rust_safe_api_exposures,v6.18,.binddrift/worktrees/v6.18/rust/kernel/cpumask.rs,225,CpumaskVar::new_zero,"{""api_name"": ""CpumaskVar::new_zero"", ""line"": 225, ""params"": ""\""_flags: Flags\"""", ""receiver_type"": ""CpumaskVar"", ""return_type"": ""Result<Self, AllocError>"", ""rust_file"": "".binddrift/worktrees/v6.18/rust/kernel/cpumask.rs"", ""uses_bindings"": ""[\""cpumask\"", \""zalloc_cpumask_var\""]"", ""version_id"": ""v6.18"", ""visibility"": ""pub""}","""_flags: Flags""",CORRECT,CORRECT,CORRECT,,strict audit deterministic provenance review
rust_safe_api_exposures-012,rust_safe_api_exposures,v6.13,.binddrift/worktrees/v6.13/rust/kernel/uaccess.rs,318,UserSliceWriter::len,"{""api_name"": ""UserSliceWriter::len"", ""line"": 318, ""params"": ""\""&self\"""", ""receiver_type"": ""UserSliceWriter"", ""return_type"": ""usize"", ""rust_file"": "".binddrift/worktrees/v6.13/rust/kernel/uaccess.rs"", ""uses_bindings"": ""[]"", ""version_id"": ""v6.13"", ""visibility"": ""pub""}","""&self""",CORRECT,CORRECT,CORRECT,,strict audit deterministic provenance review
rust_safe_api_exposures-013,rust_safe_api_exposures,v6.16,.binddrift/worktrees/v6.16/rust/kernel/alloc/kvec.rs,536,"Vec<T, A>::from_raw_parts","{""api_name"": ""Vec<T, A>::from_raw_parts"", ""line"": 536, ""params"": ""\""ptr: *mut T, length: usize, capacity: usize\"""", ""receiver_type"": ""Vec<T, A>"", ""return_type"": ""Self"", ""rust_file"": "".binddrift/worktrees/v6.16/rust/kernel/alloc/kvec.rs"", ""uses_bindings"": ""[]"", ""version_id"": ""v6.16"", ""visibility"": ""pub""}","""ptr: *mut T, length: usize, capacity: usize""",CORRECT,CORRECT,CORRECT,,strict audit deterministic provenance review
rust_safe_api_exposures-014,rust_safe_api_exposures,v6.9,.binddrift/worktrees/v6.9/rust/kernel/net/phy.rs,297,Device::genphy_read_abilities,"{""api_name"": ""Device::genphy_read_abilities"", ""line"": 297, ""params"": ""\""&mut self\"""", ""receiver_type"": ""Device"", ""return_type"": ""Result"", ""rust_file"": "".binddrift/worktrees/v6.9/rust/kernel/net/phy.rs"", ""uses_bindings"": ""[\""genphy_read_abilities\""]"", ""version_id"": ""v6.9"", ""visibility"": ""pub""}","""&mut self""",CORRECT,CORRECT,CORRECT,,strict audit deterministic provenance review
rust_safe_api_exposures-015,rust_safe_api_exposures,v6.15,.binddrift/worktrees/v6.15/rust/kernel/str.rs,738,RawFormatter::from_ptrs,"{""api_name"": ""RawFormatter::from_ptrs"", ""line"": 738, ""params"": ""\""pos: *mut u8, end: *mut u8\"""", ""receiver_type"": ""RawFormatter"", ""return_type"": ""Self"", ""rust_file"": "".binddrift/worktrees/v6.15/rust/kernel/str.rs"", ""uses_bindings"": ""[]"", ""version_id"": ""v6.15"", ""visibility"": ""pub(crate)""}","""pos: *mut u8, end: *mut u8""",CORRECT,CORRECT,CORRECT,,strict audit deterministic provenance review
rust_safe_api_exposures-016,rust_safe_api_exposures,v6.16,.binddrift/worktrees/v6.16/rust/kernel/revocable.rs,97,Revocable<T>::try_access,"{""api_name"": ""Revocable<T>::try_access"", ""line"": 97, ""params"": ""\""&self\"""", ""receiver_type"": ""Revocable<T>"", ""return_type"": ""Option<RevocableGuard<'_, T>>"", ""rust_file"": "".binddrift/worktrees/v6.16/rust/kernel/revocable.rs"", ""uses_bindings"": ""[]"", ""version_id"": ""v6.16"", ""visibility"": ""pub""}","""&self""",CORRECT,CORRECT,CORRECT,,strict audit deterministic provenance review
rust_safe_api_exposures-017,rust_safe_api_exposures,v6.18,.binddrift/worktrees/v6.18/rust/kernel/list/arc.rs,391,"ListArc<T, ID>::as_arc","{""api_name"": ""ListArc<T, ID>::as_arc"", ""line"": 391, ""params"": ""\""&self\"""", ""receiver_type"": ""ListArc<T, ID>"", ""return_type"": ""&Arc<T>"", ""rust_file"": "".binddrift/worktrees/v6.18/rust/kernel/list/arc.rs"", ""uses_bindings"": ""[]"", ""version_id"": ""v6.18"", ""visibility"": ""pub""}","""&self""",CORRECT,CORRECT,CORRECT,,strict audit deterministic provenance review
rust_safe_api_exposures-018,rust_safe_api_exposures,v6.18,.binddrift/worktrees/v6.18/rust/kernel/task.rs,381,Kuid::into_raw,"{""api_name"": ""Kuid::into_raw"", ""line"": 381, ""params"": ""\""self\"""", ""receiver_type"": ""Kuid"", ""return_type"": ""bindings::kuid_t"", ""rust_file"": "".binddrift/worktrees/v6.18/rust/kernel/task.rs"", ""uses_bindings"": ""[\""kuid_t\""]"", ""version_id"": ""v6.18"", ""visibility"": ""pub""}","""self""",CORRECT,CORRECT,CORRECT,,strict audit deterministic provenance review
rust_safe_api_exposures-019,rust_safe_api_exposures,v6.17,.binddrift/worktrees/v6.17/rust/kernel/io/resource.rs,134,Resource::start,"{""api_name"": ""Resource::start"", ""line"": 134, ""params"": ""\""&self\"""", ""receiver_type"": ""Resource"", ""return_type"": ""ResourceSize"", ""rust_file"": "".binddrift/worktrees/v6.17/rust/kernel/io/resource.rs"", ""uses_bindings"": ""[]"", ""version_id"": ""v6.17"", ""visibility"": ""pub""}","""&self""",CORRECT,CORRECT,CORRECT,,strict audit deterministic provenance review
rust_safe_api_exposures-020,rust_safe_api_exposures,v6.19,.binddrift/worktrees/v6.19/rust/kernel/dma.rs,572,CoherentAllocation<T>::item_from_index,"{""api_name"": ""CoherentAllocation<T>::item_from_index"", ""line"": 572, ""params"": ""\""&self, offset: usize\"""", ""receiver_type"": ""CoherentAllocation<T>"", ""return_type"": ""Result<*mut T>"", ""rust_file"": "".binddrift/worktrees/v6.19/rust/kernel/dma.rs"", ""uses_bindings"": ""[]"", ""version_id"": ""v6.19"", ""visibility"": ""pub""}","""&self, offset: usize""",CORRECT,CORRECT,CORRECT,,strict audit deterministic provenance review
rust_safe_api_exposures-021,rust_safe_api_exposures,v7.0,.binddrift/worktrees/v7.0/rust/kernel/page.rs,180,Page::alloc_page,"{""api_name"": ""Page::alloc_page"", ""line"": 180, ""params"": ""\""flags: Flags\"""", ""receiver_type"": ""Page"", ""return_type"": ""Result<Self, AllocError>"", ""rust_file"": "".binddrift/worktrees/v7.0/rust/kernel/page.rs"", ""uses_bindings"": ""[\""alloc_pages\""]"", ""version_id"": ""v7.0"", ""visibility"": ""pub""}","""flags: Flags""",CORRECT,CORRECT,CORRECT,,strict audit deterministic provenance review
rust_safe_api_exposures-022,rust_safe_api_exposures,HEAD_6d35786de281,.binddrift/worktrees/HEAD_6d35786de281/rust/kernel/interop/list.rs,158,CListHead::is_linked,"{""api_name"": ""CListHead::is_linked"", ""line"": 158, ""params"": ""\""&self\"""", ""receiver_type"": ""CListHead"", ""return_type"": ""bool"", ""rust_file"": "".binddrift/worktrees/HEAD_6d35786de281/rust/kernel/interop/list.rs"", ""uses_bindings"": ""[]"", ""version_id"": ""HEAD_6d35786de281"", ""visibility"": ""pub""}","""&self""",CORRECT,CORRECT,CORRECT,,strict audit deterministic provenance review
rust_safe_api_exposures-023,rust_safe_api_exposures,v6.18,.binddrift/worktrees/v6.18/rust/kernel/rbtree.rs,1230,"OccupiedEntry<'a, K, V>::remove_node","{""api_name"": ""OccupiedEntry<'a, K, V>::remove_node"", ""line"": 1230, ""params"": ""\""self\"""", ""receiver_type"": ""OccupiedEntry<'a, K, V>"", ""return_type"": ""RBTreeNode<K, V>"", ""rust_file"": "".binddrift/worktrees/v6.18/rust/kernel/rbtree.rs"", ""uses_bindings"": ""[\""rb_erase\""]"", ""version_id"": ""v6.18"", ""visibility"": ""pub""}","""self""",CORRECT,CORRECT,CORRECT,,strict audit deterministic provenance review
rust_safe_api_exposures-024,rust_safe_api_exposures,v6.13,.binddrift/worktrees/v6.13/rust/kernel/block/mq/tag_set.rs,74,TagSet<T>::raw_tag_set,"{""api_name"": ""TagSet<T>::raw_tag_set"", ""line"": 74, ""params"": ""\""&self\"""", ""receiver_type"": ""TagSet<T>"", ""return_type"": ""*mut bindings::blk_mq_tag_set"", ""rust_file"": "".binddrift/worktrees/v6.13/rust/kernel/block/mq/tag_set.rs"", ""uses_bindings"": ""[\""blk_mq_tag_set\""]"", ""version_id"": ""v6.13"", ""visibility"": ""pub(crate)""}","""&self""",CORRECT,CORRECT,CORRECT,,strict audit deterministic provenance review
rust_safe_api_exposures-025,rust_safe_api_exposures,v6.16,.binddrift/worktrees/v6.16/rust/kernel/list.rs,1002,arc,"{""api_name"": ""arc"", ""line"": 1002, ""params"": ""\""&self\"""", ""receiver_type"": null, ""return_type"": ""ArcBorrow<'_, T>"", ""rust_file"": "".binddrift/worktrees/v6.16/rust/kernel/list.rs"", ""uses_bindings"": ""[]"", ""version_id"": ""v6.16"", ""visibility"": ""pub""}","""&self""",CORRECT,CORRECT,CORRECT,,strict audit deterministic provenance review
rust_safe_api_exposures-026,rust_safe_api_exposures,HEAD_6d35786de281,.binddrift/worktrees/HEAD_6d35786de281/rust/kernel/cpufreq.rs,180,TableIndex::new,"{""api_name"": ""TableIndex::new"", ""line"": 180, ""params"": ""\""index: usize\"""", ""receiver_type"": ""TableIndex"", ""return_type"": ""Self"", ""rust_file"": "".binddrift/worktrees/HEAD_6d35786de281/rust/kernel/cpufreq.rs"", ""uses_bindings"": ""[]"", ""version_id"": ""HEAD_6d35786de281"", ""visibility"": ""pub""}","""index: usize""",CORRECT,CORRECT,CORRECT,,strict audit deterministic provenance review
rust_safe_api_exposures-027,rust_safe_api_exposures,v6.10,.binddrift/worktrees/v6.10/rust/kernel/sync/arc.rs,254,Arc<T>::into_raw,"{""api_name"": ""Arc<T>::into_raw"", ""line"": 254, ""params"": ""\""self\"""", ""receiver_type"": ""Arc<T>"", ""return_type"": ""*const T"", ""rust_file"": "".binddrift/worktrees/v6.10/rust/kernel/sync/arc.rs"", ""uses_bindings"": ""[]"", ""version_id"": ""v6.10"", ""visibility"": ""pub""}","""self""",CORRECT,CORRECT,CORRECT,,strict audit deterministic provenance review
rust_safe_api_exposures-028,rust_safe_api_exposures,v6.12,.binddrift/worktrees/v6.12/rust/kernel/list.rs,463,"List<T, ID>::push_all_back","{""api_name"": ""List<T, ID>::push_all_back"", ""line"": 463, ""params"": ""\""&mut self, other: &mut List<T, ID>\"""", ""receiver_type"": ""List<T, ID>"", ""return_type"": ""()"", ""rust_file"": "".binddrift/worktrees/v6.12/rust/kernel/list.rs"", ""uses_bindings"": ""[]"", ""version_id"": ""v6.12"", ""visibility"": ""pub""}","""&mut self, other: &mut List<T, ID>""",CORRECT,CORRECT,CORRECT,,strict audit deterministic provenance review
rust_safe_api_exposures-029,rust_safe_api_exposures,v6.15,.binddrift/worktrees/v6.15/rust/kernel/uaccess.rs,315,UserSliceWriter::is_empty,"{""api_name"": ""UserSliceWriter::is_empty"", ""line"": 315, ""params"": ""\""&self\"""", ""receiver_type"": ""UserSliceWriter"", ""return_type"": ""bool"", ""rust_file"": "".binddrift/worktrees/v6.15/rust/kernel/uaccess.rs"", ""uses_bindings"": ""[]"", ""version_id"": ""v6.15"", ""visibility"": ""pub""}","""&self""",CORRECT,CORRECT,CORRECT,,strict audit deterministic provenance review
rust_safe_api_exposures-030,rust_safe_api_exposures,v6.18,.binddrift/worktrees/v6.18/rust/kernel/clk.rs,241,Clk::set_rate,"{""api_name"": ""Clk::set_rate"", ""line"": 241, ""params"": ""\""&self, rate: Hertz\"""", ""receiver_type"": ""Clk"", ""return_type"": ""Result"", ""rust_file"": "".binddrift/worktrees/v6.18/rust/kernel/clk.rs"", ""uses_bindings"": ""[\""clk_set_rate\""]"", ""version_id"": ""v6.18"", ""visibility"": ""pub""}","""&self, rate: Hertz""",CORRECT,CORRECT,CORRECT,,strict audit deterministic provenance review
rust_safe_api_exposures-031,rust_safe_api_exposures,v7.0,.binddrift/worktrees/v7.0/rust/kernel/alloc/kvec.rs,501,"Vec<T, A>::with_capacity","{""api_name"": ""Vec<T, A>::with_capacity"", ""line"": 501, ""params"": ""\""capacity: usize, flags: Flags\"""", ""receiver_type"": ""Vec<T, A>"", ""return_type"": ""Result<Self, AllocError>"", ""rust_file"": "".binddrift/worktrees/v7.0/rust/kernel/alloc/kvec.rs"", ""uses_bindings"": ""[]"", ""version_id"": ""v7.0"", ""visibility"": ""pub""}","""capacity: usize, flags: Flags""",CORRECT,CORRECT,CORRECT,,strict audit deterministic provenance review
rust_safe_api_exposures-032,rust_safe_api_exposures,v6.16,.binddrift/worktrees/v6.16/rust/kernel/net/phy.rs,268,Device::genphy_read_lpa,"{""api_name"": ""Device::genphy_read_lpa"", ""line"": 268, ""params"": ""\""&mut self\"""", ""receiver_type"": ""Device"", ""return_type"": ""Result"", ""rust_file"": "".binddrift/worktrees/v6.16/rust/kernel/net/phy.rs"", ""uses_bindings"": ""[\""genphy_read_lpa\""]"", ""version_id"": ""v6.16"", ""visibility"": ""pub""}","""&mut self""",CORRECT,CORRECT,CORRECT,,strict audit deterministic provenance review
rust_safe_api_exposures-033,rust_safe_api_exposures,v6.18,.binddrift/worktrees/v6.18/rust/kernel/cpufreq.rs,488,Policy::max,"{""api_name"": ""Policy::max"", ""line"": 488, ""params"": ""\""&self\"""", ""receiver_type"": ""Policy"", ""return_type"": ""Hertz"", ""rust_file"": "".binddrift/worktrees/v6.18/rust/kernel/cpufreq.rs"", ""uses_bindings"": ""[]"", ""version_id"": ""v6.18"", ""visibility"": ""pub""}","""&self""",CORRECT,CORRECT,CORRECT,,strict audit deterministic provenance review
rust_safe_api_exposures-034,rust_safe_api_exposures,v6.15,.binddrift/worktrees/v6.15/rust/kernel/list/arc_field.rs,37,"ListArcField<T, ID>::get_mut","{""api_name"": ""ListArcField<T, ID>::get_mut"", ""line"": 37, ""params"": ""\""&mut self\"""", ""receiver_type"": ""ListArcField<T, ID>"", ""return_type"": ""&mut T"", ""rust_file"": "".binddrift/worktrees/v6.15/rust/kernel/list/arc_field.rs"", ""uses_bindings"": ""[]"", ""version_id"": ""v6.15"", ""visibility"": ""pub""}","""&mut self""",CORRECT,CORRECT,CORRECT,,strict audit deterministic provenance review
rust_safe_api_exposures-035,rust_safe_api_exposures,v6.19,.binddrift/worktrees/v6.19/rust/kernel/sync/arc.rs,229,Arc<T>::new,"{""api_name"": ""Arc<T>::new"", ""line"": 229, ""params"": ""\""contents: T, flags: Flags\"""", ""receiver_type"": ""Arc<T>"", ""return_type"": ""Result<Self, AllocError>"", ""rust_file"": "".binddrift/worktrees/v6.19/rust/kernel/sync/arc.rs"", ""uses_bindings"": ""[]"", ""version_id"": ""v6.19"", ""visibility"": ""pub""}","""contents: T, flags: Flags""",CORRECT,CORRECT,CORRECT,,strict audit deterministic provenance review
rust_safe_api_exposures-036,rust_safe_api_exposures,v6.17,.binddrift/worktrees/v6.17/rust/kernel/alloc/kbox.rs,229,"Box<MaybeUninit<T>, A>::assume_init","{""api_name"": ""Box<MaybeUninit<T>, A>::assume_init"", ""line"": 229, ""params"": ""\""self\"""", ""receiver_type"": ""Box<MaybeUninit<T>, A>"", ""return_type"": ""Box<T, A>"", ""rust_file"": "".binddrift/worktrees/v6.17/rust/kernel/alloc/kbox.rs"", ""uses_bindings"": ""[]"", ""version_id"": ""v6.17"", ""visibility"": ""pub""}","""self""",CORRECT,CORRECT,CORRECT,,strict audit deterministic provenance review
rust_safe_api_exposures-037,rust_safe_api_exposures,v6.13,.binddrift/worktrees/v6.13/rust/kernel/alloc/kvec.rs,182,"Vec<T, A>::len","{""api_name"": ""Vec<T, A>::len"", ""line"": 182, ""params"": ""\""&self\"""", ""receiver_type"": ""Vec<T, A>"", ""return_type"": ""usize"", ""rust_file"": "".binddrift/worktrees/v6.13/rust/kernel/alloc/kvec.rs"", ""uses_bindings"": ""[]"", ""version_id"": ""v6.13"", ""visibility"": ""pub""}","""&self""",CORRECT,CORRECT,CORRECT,,strict audit deterministic provenance review
rust_safe_api_exposures-038,rust_safe_api_exposures,v6.18,.binddrift/worktrees/v6.18/rust/kernel/mm/virt.rs,194,VmaMixedMap::vm_insert_page,"{""api_name"": ""VmaMixedMap::vm_insert_page"", ""line"": 194, ""params"": ""\""&self, address: usize, page: &Page\"""", ""receiver_type"": ""VmaMixedMap"", ""return_type"": ""Result"", ""rust_file"": "".binddrift/worktrees/v6.18/rust/kernel/mm/virt.rs"", ""uses_bindings"": ""[\""vm_insert_page\""]"", ""version_id"": ""v6.18"", ""visibility"": ""pub""}","""&self, address: usize, page: &Page""",CORRECT,CORRECT,CORRECT,,strict audit deterministic provenance review
rust_safe_api_exposures-039,rust_safe_api_exposures,v6.4,.binddrift/worktrees/v6.4/rust/kernel/sync/lock.rs,118,"Lock<T, B>::lock","{""api_name"": ""Lock<T, B>::lock"", ""line"": 118, ""params"": ""\""&self\"""", ""receiver_type"": ""Lock<T, B>"", ""return_type"": ""Guard<'_, T, B>"", ""rust_file"": "".binddrift/worktrees/v6.4/rust/kernel/sync/lock.rs"", ""uses_bindings"": ""[]"", ""version_id"": ""v6.4"", ""visibility"": ""pub""}","""&self""",CORRECT,CORRECT,CORRECT,,strict audit deterministic provenance review
rust_safe_api_exposures-040,rust_safe_api_exposures,v6.17,.binddrift/worktrees/v6.17/rust/kernel/sync/poll.rs,52,PollTable<'a>::register_wait,"{""api_name"": ""PollTable<'a>::register_wait"", ""line"": 52, ""params"": ""\""&self, file: &File, cv: &PollCondVar\"""", ""receiver_type"": ""PollTable<'a>"", ""return_type"": ""()"", ""rust_file"": "".binddrift/worktrees/v6.17/rust/kernel/sync/poll.rs"", ""uses_bindings"": ""[\""poll_wait\""]"", ""version_id"": ""v6.17"", ""visibility"": ""pub""}","""&self, file: &File, cv: &PollCondVar""",CORRECT,CORRECT,CORRECT,,strict audit deterministic provenance review
rust_safe_api_exposures-041,rust_safe_api_exposures,v7.0,.binddrift/worktrees/v7.0/rust/kernel/security.rs,27,binder_transaction,"{""api_name"": ""binder_transaction"", ""line"": 27, ""params"": ""\""from: &Credential, to: &Credential\"""", ""receiver_type"": null, ""return_type"": ""Result"", ""rust_file"": "".binddrift/worktrees/v7.0/rust/kernel/security.rs"", ""uses_bindings"": ""[\""security_binder_transaction\""]"", ""version_id"": ""v7.0"", ""visibility"": ""pub""}","""from: &Credential, to: &Credential""",CORRECT,CORRECT,CORRECT,,strict audit deterministic provenance review
rust_safe_api_exposures-042,rust_safe_api_exposures,v6.11,.binddrift/worktrees/v6.11/rust/kernel/init/__internal.rs,203,DropGuard<T>::new,"{""api_name"": ""DropGuard<T>::new"", ""line"": 203, ""params"": ""\""ptr: *mut T\"""", ""receiver_type"": ""DropGuard<T>"", ""return_type"": ""Self"", ""rust_file"": "".binddrift/worktrees/v6.11/rust/kernel/init/__internal.rs"", ""uses_bindings"": ""[]"", ""version_id"": ""v6.11"", ""visibility"": ""pub""}","""ptr: *mut T""",CORRECT,CORRECT,CORRECT,,strict audit deterministic provenance review
rust_safe_api_exposures-043,rust_safe_api_exposures,v7.0,.binddrift/worktrees/v7.0/rust/kernel/sync/arc.rs,753,UniqueArc<T>::new,"{""api_name"": ""UniqueArc<T>::new"", ""line"": 753, ""params"": ""\""value: T, flags: Flags\"""", ""receiver_type"": ""UniqueArc<T>"", ""return_type"": ""Result<Self, AllocError>"", ""rust_file"": "".binddrift/worktrees/v7.0/rust/kernel/sync/arc.rs"", ""uses_bindings"": ""[]"", ""version_id"": ""v7.0"", ""visibility"": ""pub""}","""value: T, flags: Flags""",CORRECT,CORRECT,CORRECT,,strict audit deterministic provenance review
rust_safe_api_exposures-044,rust_safe_api_exposures,v6.16,.binddrift/worktrees/v6.16/rust/kernel/cpufreq.rs,536,Policy::register_em_opp,"{""api_name"": ""Policy::register_em_opp"", ""line"": 536, ""params"": ""\""&mut self\"""", ""receiver_type"": ""Policy"", ""return_type"": ""()"", ""rust_file"": "".binddrift/worktrees/v6.16/rust/kernel/cpufreq.rs"", ""uses_bindings"": ""[\""cpufreq_register_em_with_opp\""]"", ""version_id"": ""v6.16"", ""visibility"": ""pub""}","""&mut self""",CORRECT,CORRECT,CORRECT,,strict audit deterministic provenance review
rust_safe_api_exposures-045,rust_safe_api_exposures,v6.17,.binddrift/worktrees/v6.17/rust/kernel/time.rs,184,Instant<C>::now,"{""api_name"": ""Instant<C>::now"", ""line"": 184, ""params"": ""\""\"""", ""receiver_type"": ""Instant<C>"", ""return_type"": ""Self"", ""rust_file"": "".binddrift/worktrees/v6.17/rust/kernel/time.rs"", ""uses_bindings"": ""[]"", ""version_id"": ""v6.17"", ""visibility"": ""pub""}","""""",CORRECT,CORRECT,CORRECT,,strict audit deterministic provenance review
rust_safe_api_exposures-046,rust_safe_api_exposures,v6.18,.binddrift/worktrees/v6.18/rust/kernel/cpufreq.rs,157,PolicyData::generic_verify,"{""api_name"": ""PolicyData::generic_verify"", ""line"": 157, ""params"": ""\""&self\"""", ""receiver_type"": ""PolicyData"", ""return_type"": ""Result"", ""rust_file"": "".binddrift/worktrees/v6.18/rust/kernel/cpufreq.rs"", ""uses_bindings"": ""[\""cpufreq_generic_frequency_table_verify\""]"", ""version_id"": ""v6.18"", ""visibility"": ""pub""}","""&self""",CORRECT,CORRECT,CORRECT,,strict audit deterministic provenance review
rust_safe_api_exposures-047,rust_safe_api_exposures,v6.17,.binddrift/worktrees/v6.17/rust/kernel/regulator.rs,305,Regulator<Disabled>::get,"{""api_name"": ""Regulator<Disabled>::get"", ""line"": 305, ""params"": ""\""dev: &Device, name: &CStr\"""", ""receiver_type"": ""Regulator<Disabled>"", ""return_type"": ""Result<Self>"", ""rust_file"": "".binddrift/worktrees/v6.17/rust/kernel/regulator.rs"", ""uses_bindings"": ""[]"", ""version_id"": ""v6.17"", ""visibility"": ""pub""}","""dev: &Device, name: &CStr""",CORRECT,CORRECT,CORRECT,,strict audit deterministic provenance review
rust_safe_api_exposures-048,rust_safe_api_exposures,v6.15,.binddrift/worktrees/v6.15/rust/kernel/pci.rs,381,Device::resource_len,"{""api_name"": ""Device::resource_len"", ""line"": 381, ""params"": ""\""&self, bar: u32\"""", ""receiver_type"": ""Device"", ""return_type"": ""Result<bindings::resource_size_t>"", ""rust_file"": "".binddrift/worktrees/v6.15/rust/kernel/pci.rs"", ""uses_bindings"": ""[\""pci_resource_len\"", \""resource_size_t\""]"", ""version_id"": ""v6.15"", ""visibility"": ""pub""}","""&self, bar: u32""",CORRECT,CORRECT,CORRECT,,strict audit deterministic provenance review
rust_safe_api_exposures-049,rust_safe_api_exposures,v7.0,.binddrift/worktrees/v7.0/rust/kernel/workqueue.rs,971,system_unbound,"{""api_name"": ""system_unbound"", ""line"": 971, ""params"": ""\""\"""", ""receiver_type"": null, ""return_type"": ""&'static Queue"", ""rust_file"": "".binddrift/worktrees/v7.0/rust/kernel/workqueue.rs"", ""uses_bindings"": ""[\""system_unbound_wq\""]"", ""version_id"": ""v7.0"", ""visibility"": ""pub""}","""""",CORRECT,CORRECT,CORRECT,,strict audit deterministic provenance review
rust_safe_api_exposures-050,rust_safe_api_exposures,v6.16,.binddrift/worktrees/v6.16/rust/kernel/net/phy.rs,139,Device::is_autoneg_enabled,"{""api_name"": ""Device::is_autoneg_enabled"", ""line"": 139, ""params"": ""\""&self\"""", ""receiver_type"": ""Device"", ""return_type"": ""bool"", ""rust_file"": "".binddrift/worktrees/v6.16/rust/kernel/net/phy.rs"", ""uses_bindings"": ""[\""AUTONEG_ENABLE\""]"", ""version_id"": ""v6.16"", ""visibility"": ""pub""}","""&self""",CORRECT,CORRECT,CORRECT,,strict audit deterministic provenance review
rust_safe_api_exposures-051,rust_safe_api_exposures,v6.14,.binddrift/worktrees/v6.14/rust/kernel/alloc/kvec.rs,743,"IntoIter<T, A>::collect","{""api_name"": ""IntoIter<T, A>::collect"", ""line"": 743, ""params"": ""\""self, flags: Flags\"""", ""receiver_type"": ""IntoIter<T, A>"", ""return_type"": ""Vec<T, A>"", ""rust_file"": "".binddrift/worktrees/v6.14/rust/kernel/alloc/kvec.rs"", ""uses_bindings"": ""[]"", ""version_id"": ""v6.14"", ""visibility"": ""pub""}","""self, flags: Flags""",CORRECT,CORRECT,CORRECT,,strict audit deterministic provenance review
rust_safe_api_exposures-052,rust_safe_api_exposures,v7.0,.binddrift/worktrees/v7.0/rust/kernel/time.rs,438,Delta::as_millis,"{""api_name"": ""Delta::as_millis"", ""line"": 438, ""params"": ""\""self\"""", ""receiver_type"": ""Delta"", ""return_type"": ""i64"", ""rust_file"": "".binddrift/worktrees/v7.0/rust/kernel/time.rs"", ""uses_bindings"": ""[\""ktime_to_ms\""]"", ""version_id"": ""v7.0"", ""visibility"": ""pub""}","""self""",CORRECT,CORRECT,CORRECT,,strict audit deterministic provenance review
rust_safe_api_exposures-053,rust_safe_api_exposures,v7.0,.binddrift/worktrees/v7.0/rust/kernel/cpufreq.rs,536,Policy::register_em_opp,"{""api_name"": ""Policy::register_em_opp"", ""line"": 536, ""params"": ""\""&mut self\"""", ""receiver_type"": ""Policy"", ""return_type"": ""()"", ""rust_file"": "".binddrift/worktrees/v7.0/rust/kernel/cpufreq.rs"", ""uses_bindings"": ""[\""cpufreq_register_em_with_opp\""]"", ""version_id"": ""v7.0"", ""visibility"": ""pub""}","""&mut self""",CORRECT,CORRECT,CORRECT,,strict audit deterministic provenance review
rust_safe_api_exposures-054,rust_safe_api_exposures,v6.17,.binddrift/worktrees/v6.17/rust/kernel/page.rs,216,Page::fill_zero_raw,"{""api_name"": ""Page::fill_zero_raw"", ""line"": 216, ""params"": ""\""&self, offset: usize, len: usize\"""", ""receiver_type"": ""Page"", ""return_type"": ""Result"", ""rust_file"": "".binddrift/worktrees/v6.17/rust/kernel/page.rs"", ""uses_bindings"": ""[]"", ""version_id"": ""v6.17"", ""visibility"": ""pub""}","""&self, offset: usize, len: usize""",CORRECT,CORRECT,CORRECT,,strict audit deterministic provenance review
rust_safe_api_exposures-055,rust_safe_api_exposures,v6.17,.binddrift/worktrees/v6.17/rust/kernel/devres.rs,261,Devres<T>::try_access,"{""api_name"": ""Devres<T>::try_access"", ""line"": 261, ""params"": ""\""&self\"""", ""receiver_type"": ""Devres<T>"", ""return_type"": ""Option<RevocableGuard<'_, T>>"", ""rust_file"": "".binddrift/worktrees/v6.17/rust/kernel/devres.rs"", ""uses_bindings"": ""[]"", ""version_id"": ""v6.17"", ""visibility"": ""pub""}","""&self""",CORRECT,CORRECT,CORRECT,,strict audit deterministic provenance review
rust_safe_api_exposures-056,rust_safe_api_exposures,v7.0,.binddrift/worktrees/v7.0/rust/kernel/id_pool.rs,122,IdPool::capacity,"{""api_name"": ""IdPool::capacity"", ""line"": 122, ""params"": ""\""&self\"""", ""receiver_type"": ""IdPool"", ""return_type"": ""usize"", ""rust_file"": "".binddrift/worktrees/v7.0/rust/kernel/id_pool.rs"", ""uses_bindings"": ""[]"", ""version_id"": ""v7.0"", ""visibility"": ""pub""}","""&self""",CORRECT,CORRECT,CORRECT,,strict audit deterministic provenance review
rust_safe_api_exposures-057,rust_safe_api_exposures,v6.14,.binddrift/worktrees/v6.14/rust/kernel/types.rs,330,Opaque<T>::pin_init,"{""api_name"": ""Opaque<T>::pin_init"", ""line"": 330, ""params"": ""\""slot: impl PinInit<T>\"""", ""receiver_type"": ""Opaque<T>"", ""return_type"": ""impl PinInit<Self>"", ""rust_file"": "".binddrift/worktrees/v6.14/rust/kernel/types.rs"", ""uses_bindings"": ""[]"", ""version_id"": ""v6.14"", ""visibility"": ""pub""}","""slot: impl PinInit<T>""",CORRECT,CORRECT,CORRECT,,strict audit deterministic provenance review
rust_safe_api_exposures-058,rust_safe_api_exposures,v6.15,.binddrift/worktrees/v6.15/rust/kernel/alloc/kvec.rs,224,"Vec<T, A>::as_ptr","{""api_name"": ""Vec<T, A>::as_ptr"", ""line"": 224, ""params"": ""\""&self\"""", ""receiver_type"": ""Vec<T, A>"", ""return_type"": ""*const T"", ""rust_file"": "".binddrift/worktrees/v6.15/rust/kernel/alloc/kvec.rs"", ""uses_bindings"": ""[]"", ""version_id"": ""v6.15"", ""visibility"": ""pub""}","""&self""",CORRECT,CORRECT,CORRECT,,strict audit deterministic provenance review
rust_safe_api_exposures-059,rust_safe_api_exposures,v6.19,.binddrift/worktrees/v6.19/rust/kernel/sync/arc.rs,750,UniqueArc<T>::new,"{""api_name"": ""UniqueArc<T>::new"", ""line"": 750, ""params"": ""\""value: T, flags: Flags\"""", ""receiver_type"": ""UniqueArc<T>"", ""return_type"": ""Result<Self, AllocError>"", ""rust_file"": "".binddrift/worktrees/v6.19/rust/kernel/sync/arc.rs"", ""uses_bindings"": ""[]"", ""version_id"": ""v6.19"", ""visibility"": ""pub""}","""value: T, flags: Flags""",CORRECT,CORRECT,CORRECT,,strict audit deterministic provenance review
rust_safe_api_exposures-060,rust_safe_api_exposures,v6.18,.binddrift/worktrees/v6.18/rust/kernel/io.rs,189,Io<SIZE>::addr,"{""api_name"": ""Io<SIZE>::addr"", ""line"": 189, ""params"": ""\""&self\"""", ""receiver_type"": ""Io<SIZE>"", ""return_type"": ""usize"", ""rust_file"": "".binddrift/worktrees/v6.18/rust/kernel/io.rs"", ""uses_bindings"": ""[]"", ""version_id"": ""v6.18"", ""visibility"": ""pub""}","""&self""",CORRECT,CORRECT,CORRECT,,strict audit deterministic provenance review
rust_safe_api_exposures-061,rust_safe_api_exposures,v7.0,.binddrift/worktrees/v7.0/rust/kernel/str.rs,55,BStr::strip_prefix,"{""api_name"": ""BStr::strip_prefix"", ""line"": 55, ""params"": ""\""&self, pattern: impl AsRef<Self>\"""", ""receiver_type"": ""BStr"", ""return_type"": ""Option<&BStr>"", ""rust_file"": "".binddrift/worktrees/v7.0/rust/kernel/str.rs"", ""uses_bindings"": ""[]"", ""version_id"": ""v7.0"", ""visibility"": ""pub""}","""&self, pattern: impl AsRef<Self>""",CORRECT,CORRECT,CORRECT,,strict audit deterministic provenance review
rust_safe_api_exposures-062,rust_safe_api_exposures,v6.19,.binddrift/worktrees/v6.19/rust/kernel/uaccess.rs,195,UserSlice::reader_writer,"{""api_name"": ""UserSlice::reader_writer"", ""line"": 195, ""params"": ""\""self\"""", ""receiver_type"": ""UserSlice"", ""return_type"": ""(UserSliceReader, UserSliceWriter)"", ""rust_file"": "".binddrift/worktrees/v6.19/rust/kernel/uaccess.rs"", ""uses_bindings"": ""[]"", ""version_id"": ""v6.19"", ""visibility"": ""pub""}","""self""",CORRECT,CORRECT,CORRECT,,strict audit deterministic provenance review
rust_safe_api_exposures-063,rust_safe_api_exposures,v6.12,.binddrift/worktrees/v6.12/rust/kernel/page.rs,165,Page::read_raw,"{""api_name"": ""Page::read_raw"", ""line"": 165, ""params"": ""\""&self, dst: *mut u8, offset: usize, len: usize\"""", ""receiver_type"": ""Page"", ""return_type"": ""Result"", ""rust_file"": "".binddrift/worktrees/v6.12/rust/kernel/page.rs"", ""uses_bindings"": ""[]"", ""version_id"": ""v6.12"", ""visibility"": ""pub""}","""&self, dst: *mut u8, offset: usize, len: usize""",CORRECT,CORRECT,CORRECT,,strict audit deterministic provenance review
rust_safe_api_exposures-064,rust_safe_api_exposures,v6.18,.binddrift/worktrees/v6.18/rust/kernel/uaccess.rs,262,UserSliceReader::read_raw,"{""api_name"": ""UserSliceReader::read_raw"", ""line"": 262, ""params"": ""\""&mut self, out: &mut [MaybeUninit<u8>]\"""", ""receiver_type"": ""UserSliceReader"", ""return_type"": ""Result"", ""rust_file"": "".binddrift/worktrees/v6.18/rust/kernel/uaccess.rs"", ""uses_bindings"": ""[\""copy_from_user\""]"", ""version_id"": ""v6.18"", ""visibility"": ""pub""}","""&mut self, out: &mut [MaybeUninit<u8>]""",CORRECT,CORRECT,CORRECT,,strict audit deterministic provenance review
rust_safe_api_exposures-065,rust_safe_api_exposures,v6.15,.binddrift/worktrees/v6.15/rust/kernel/str.rs,815,Formatter::from_buffer,"{""api_name"": ""Formatter::from_buffer"", ""line"": 815, ""params"": ""\""buf: *mut u8, len: usize\"""", ""receiver_type"": ""Formatter"", ""return_type"": ""Self"", ""rust_file"": "".binddrift/worktrees/v6.15/rust/kernel/str.rs"", ""uses_bindings"": ""[]"", ""version_id"": ""v6.15"", ""visibility"": ""pub(crate)""}","""buf: *mut u8, len: usize""",CORRECT,CORRECT,CORRECT,,strict audit deterministic provenance review
rust_safe_api_exposures-066,rust_safe_api_exposures,v6.19,.binddrift/worktrees/v6.19/rust/kernel/kunit.rs,35,info,"{""api_name"": ""info"", ""line"": 35, ""params"": ""\""args: fmt::Arguments<'_>\"""", ""receiver_type"": null, ""return_type"": ""()"", ""rust_file"": "".binddrift/worktrees/v6.19/rust/kernel/kunit.rs"", ""uses_bindings"": ""[\""__kunit_abort\"", \""__kunit_do_failed_assertion\"", \""_printk\"", \""kunit_assert\"", \""kunit_assert_type_KUNIT_ASSERTION\"", \""kunit_get_current_test\"", \""kunit_loc\"", \""kunit_unary_assert\"", \""kunit_unary_assert_format\""]"", ""version_id"": ""v6.19"", ""visibility"": ""pub""}","""args: fmt::Arguments<'_>""",CORRECT,CORRECT,CORRECT,,strict audit deterministic provenance review
rust_safe_api_exposures-067,rust_safe_api_exposures,v6.15,.binddrift/worktrees/v6.15/rust/kernel/rbtree.rs,1215,"OccupiedEntry<'a, K, V>::get_mut","{""api_name"": ""OccupiedEntry<'a, K, V>::get_mut"", ""line"": 1215, ""params"": ""\""&mut self\"""", ""receiver_type"": ""OccupiedEntry<'a, K, V>"", ""return_type"": ""&mut V"", ""rust_file"": "".binddrift/worktrees/v6.15/rust/kernel/rbtree.rs"", ""uses_bindings"": ""[]"", ""version_id"": ""v6.15"", ""visibility"": ""pub""}","""&mut self""",CORRECT,CORRECT,CORRECT,,strict audit deterministic provenance review
rust_safe_api_exposures-068,rust_safe_api_exposures,v6.15,.binddrift/worktrees/v6.15/rust/kernel/rbtree.rs,747,"Cursor<'a, K, V>::current_mut","{""api_name"": ""Cursor<'a, K, V>::current_mut"", ""line"": 747, ""params"": ""\""&mut self\"""", ""receiver_type"": ""Cursor<'a, K, V>"", ""return_type"": ""(&K, &mut V)"", ""rust_file"": "".binddrift/worktrees/v6.15/rust/kernel/rbtree.rs"", ""uses_bindings"": ""[]"", ""version_id"": ""v6.15"", ""visibility"": ""pub""}","""&mut self""",CORRECT,CORRECT,CORRECT,,strict audit deterministic provenance review
rust_safe_api_exposures-069,rust_safe_api_exposures,v6.11,.binddrift/worktrees/v6.11/rust/kernel/time.rs,38,Ktime::from_raw,"{""api_name"": ""Ktime::from_raw"", ""line"": 38, ""params"": ""\""inner: bindings::ktime_t\"""", ""receiver_type"": ""Ktime"", ""return_type"": ""Self"", ""rust_file"": "".binddrift/worktrees/v6.11/rust/kernel/time.rs"", ""uses_bindings"": ""[\""ktime_t\""]"", ""version_id"": ""v6.11"", ""visibility"": ""pub""}","""inner: bindings::ktime_t""",CORRECT,CORRECT,CORRECT,,strict audit deterministic provenance review
rust_safe_api_exposures-070,rust_safe_api_exposures,v6.19,.binddrift/worktrees/v6.19/rust/kernel/pwm.rs,550,Chip<T>::device,"{""api_name"": ""Chip<T>::device"", ""line"": 550, ""params"": ""\""&self\"""", ""receiver_type"": ""Chip<T>"", ""return_type"": ""&device::Device"", ""rust_file"": "".binddrift/worktrees/v6.19/rust/kernel/pwm.rs"", ""uses_bindings"": ""[]"", ""version_id"": ""v6.19"", ""visibility"": ""pub""}","""&self""",CORRECT,CORRECT,CORRECT,,strict audit deterministic provenance review
rust_safe_api_exposures-071,rust_safe_api_exposures,v6.12,.binddrift/worktrees/v6.12/rust/kernel/str.rs,303,CStr::as_str_unchecked,"{""api_name"": ""CStr::as_str_unchecked"", ""line"": 303, ""params"": ""\""&self\"""", ""receiver_type"": ""CStr"", ""return_type"": ""&str"", ""rust_file"": "".binddrift/worktrees/v6.12/rust/kernel/str.rs"", ""uses_bindings"": ""[]"", ""version_id"": ""v6.12"", ""visibility"": ""pub""}","""&self""",CORRECT,CORRECT,CORRECT,,strict audit deterministic provenance review
rust_safe_api_exposures-072,rust_safe_api_exposures,v6.18,.binddrift/worktrees/v6.18/rust/kernel/str.rs,793,RawFormatter::pos,"{""api_name"": ""RawFormatter::pos"", ""line"": 793, ""params"": ""\""&self\"""", ""receiver_type"": ""RawFormatter"", ""return_type"": ""*mut u8"", ""rust_file"": "".binddrift/worktrees/v6.18/rust/kernel/str.rs"", ""uses_bindings"": ""[]"", ""version_id"": ""v6.18"", ""visibility"": ""pub(crate)""}","""&self""",CORRECT,CORRECT,CORRECT,,strict audit deterministic provenance review
rust_safe_api_exposures-073,rust_safe_api_exposures,v6.19,.binddrift/worktrees/v6.19/rust/kernel/uaccess.rs,467,UserSliceWriter::write_slice,"{""api_name"": ""UserSliceWriter::write_slice"", ""line"": 467, ""params"": ""\""&mut self, data: &[u8]\"""", ""receiver_type"": ""UserSliceWriter"", ""return_type"": ""Result"", ""rust_file"": "".binddrift/worktrees/v6.19/rust/kernel/uaccess.rs"", ""uses_bindings"": ""[\""copy_to_user\""]"", ""version_id"": ""v6.19"", ""visibility"": ""pub""}","""&mut self, data: &[u8]""",CORRECT,CORRECT,CORRECT,,strict audit deterministic provenance review
rust_safe_api_exposures-074,rust_safe_api_exposures,v6.16,.binddrift/worktrees/v6.16/rust/kernel/io.rs,189,Io<SIZE>::maxsize,"{""api_name"": ""Io<SIZE>::maxsize"", ""line"": 189, ""params"": ""\""&self\"""", ""receiver_type"": ""Io<SIZE>"", ""return_type"": ""usize"", ""rust_file"": "".binddrift/worktrees/v6.16/rust/kernel/io.rs"", ""uses_bindings"": ""[]"", ""version_id"": ""v6.16"", ""visibility"": ""pub""}","""&self""",CORRECT,CORRECT,CORRECT,,strict audit deterministic provenance review
rust_safe_api_exposures-075,rust_safe_api_exposures,v6.16,.binddrift/worktrees/v6.16/rust/kernel/opp.rs,639,Table::from_dev,"{""api_name"": ""Table::from_dev"", ""line"": 639, ""params"": ""\""dev: &Device\"""", ""receiver_type"": ""Table"", ""return_type"": ""Result<Self>"", ""rust_file"": "".binddrift/worktrees/v6.16/rust/kernel/opp.rs"", ""uses_bindings"": ""[\""dev_pm_opp_get_opp_table\""]"", ""version_id"": ""v6.16"", ""visibility"": ""pub""}","""dev: &Device""",CORRECT,CORRECT,CORRECT,,strict audit deterministic provenance review
rust_safe_api_exposures-076,rust_safe_api_exposures,v6.17,.binddrift/worktrees/v6.17/rust/kernel/xarray.rs,192,"Guard<'a, T>::get","{""api_name"": ""Guard<'a, T>::get"", ""line"": 192, ""params"": ""\""&self, index: usize\"""", ""receiver_type"": ""Guard<'a, T>"", ""return_type"": ""Option<T::Borrowed<'_>>"", ""rust_file"": "".binddrift/worktrees/v6.17/rust/kernel/xarray.rs"", ""uses_bindings"": ""[]"", ""version_id"": ""v6.17"", ""visibility"": ""pub""}","""&self, index: usize""",CORRECT,CORRECT,CORRECT,,strict audit deterministic provenance review
rust_safe_api_exposures-077,rust_safe_api_exposures,v6.19,.binddrift/worktrees/v6.19/rust/kernel/cpumask.rs,225,CpumaskVar::new_zero,"{""api_name"": ""CpumaskVar::new_zero"", ""line"": 225, ""params"": ""\""_flags: Flags\"""", ""receiver_type"": ""CpumaskVar"", ""return_type"": ""Result<Self, AllocError>"", ""rust_file"": "".binddrift/worktrees/v6.19/rust/kernel/cpumask.rs"", ""uses_bindings"": ""[\""cpumask\"", \""zalloc_cpumask_var\""]"", ""version_id"": ""v6.19"", ""visibility"": ""pub""}","""_flags: Flags""",CORRECT,CORRECT,CORRECT,,strict audit deterministic provenance review
rust_safe_api_exposures-078,rust_safe_api_exposures,v6.19,.binddrift/worktrees/v6.19/rust/kernel/block/mq/tag_set.rs,75,TagSet<T>::raw_tag_set,"{""api_name"": ""TagSet<T>::raw_tag_set"", ""line"": 75, ""params"": ""\""&self\"""", ""receiver_type"": ""TagSet<T>"", ""return_type"": ""*mut bindings::blk_mq_tag_set"", ""rust_file"": "".binddrift/worktrees/v6.19/rust/kernel/block/mq/tag_set.rs"", ""uses_bindings"": ""[\""blk_mq_tag_set\""]"", ""version_id"": ""v6.19"", ""visibility"": ""pub(crate)""}","""&self""",CORRECT,CORRECT,CORRECT,,strict audit deterministic provenance review
rust_safe_api_exposures-079,rust_safe_api_exposures,HEAD_6d35786de281,.binddrift/worktrees/HEAD_6d35786de281/rust/kernel/bitmap.rs,464,Bitmap::next_bit,"{""api_name"": ""Bitmap::next_bit"", ""line"": 464, ""params"": ""\""&self, start: usize\"""", ""receiver_type"": ""Bitmap"", ""return_type"": ""Option<usize>"", ""rust_file"": "".binddrift/worktrees/HEAD_6d35786de281/rust/kernel/bitmap.rs"", ""uses_bindings"": ""[\""_find_next_bit\""]"", ""version_id"": ""HEAD_6d35786de281"", ""visibility"": ""pub""}","""&self, start: usize""",CORRECT,CORRECT,CORRECT,,strict audit deterministic provenance review
rust_safe_api_exposures-080,rust_safe_api_exposures,v6.13,.binddrift/worktrees/v6.13/rust/kernel/sync/lock.rs,139,"Lock<T, B>::lock","{""api_name"": ""Lock<T, B>::lock"", ""line"": 139, ""params"": ""\""&self\"""", ""receiver_type"": ""Lock<T, B>"", ""return_type"": ""Guard<'_, T, B>"", ""rust_file"": "".binddrift/worktrees/v6.13/rust/kernel/sync/lock.rs"", ""uses_bindings"": ""[]"", ""version_id"": ""v6.13"", ""visibility"": ""pub""}","""&self""",CORRECT,CORRECT,CORRECT,,strict audit deterministic provenance review
rust_safe_api_exposures-081,rust_safe_api_exposures,v6.17,.binddrift/worktrees/v6.17/rust/kernel/sync/aref.rs,118,ARef<T>::into_raw,"{""api_name"": ""ARef<T>::into_raw"", ""line"": 118, ""params"": ""\""me: Self\"""", ""receiver_type"": ""ARef<T>"", ""return_type"": ""NonNull<T>"", ""rust_file"": "".binddrift/worktrees/v6.17/rust/kernel/sync/aref.rs"", ""uses_bindings"": ""[]"", ""version_id"": ""v6.17"", ""visibility"": ""pub""}","""me: Self""",CORRECT,CORRECT,CORRECT,,strict audit deterministic provenance review
rust_safe_api_exposures-082,rust_safe_api_exposures,v6.6,.binddrift/worktrees/v6.6/rust/kernel/task.rs,90,Task::current,"{""api_name"": ""Task::current"", ""line"": 90, ""params"": ""\""\"""", ""receiver_type"": ""Task"", ""return_type"": ""impl Deref<Target = Task>"", ""rust_file"": "".binddrift/worktrees/v6.6/rust/kernel/task.rs"", ""uses_bindings"": ""[]"", ""version_id"": ""v6.6"", ""visibility"": ""pub""}","""""",CORRECT,CORRECT,CORRECT,,strict audit deterministic provenance review
rust_safe_api_exposures-083,rust_safe_api_exposures,v6.10,.binddrift/worktrees/v6.10/rust/kernel/init/__internal.rs,156,StackInit<T>::uninit,"{""api_name"": ""StackInit<T>::uninit"", ""line"": 156, ""params"": ""\""\"""", ""receiver_type"": ""StackInit<T>"", ""return_type"": ""Self"", ""rust_file"": "".binddrift/worktrees/v6.10/rust/kernel/init/__internal.rs"", ""uses_bindings"": ""[]"", ""version_id"": ""v6.10"", ""visibility"": ""pub""}","""""",CORRECT,CORRECT,CORRECT,,strict audit deterministic provenance review
rust_safe_api_exposures-084,rust_safe_api_exposures,v6.10,.binddrift/worktrees/v6.10/rust/kernel/task.rs,133,Task::group_leader,"{""api_name"": ""Task::group_leader"", ""line"": 133, ""params"": ""\""&self\"""", ""receiver_type"": ""Task"", ""return_type"": ""&Task"", ""rust_file"": "".binddrift/worktrees/v6.10/rust/kernel/task.rs"", ""uses_bindings"": ""[]"", ""version_id"": ""v6.10"", ""visibility"": ""pub""}","""&self""",CORRECT,CORRECT,CORRECT,,strict audit deterministic provenance review
rust_safe_api_exposures-085,rust_safe_api_exposures,v7.0,.binddrift/worktrees/v7.0/rust/kernel/alloc/kvec.rs,724,"Vec<T, A>::retain","{""api_name"": ""Vec<T, A>::retain"", ""line"": 724, ""params"": ""\""&mut self, mut f: impl FnMut(&mut T\"""", ""receiver_type"": ""Vec<T, A>"", ""return_type"": ""bool)"", ""rust_file"": "".binddrift/worktrees/v7.0/rust/kernel/alloc/kvec.rs"", ""uses_bindings"": ""[]"", ""version_id"": ""v7.0"", ""visibility"": ""pub""}","""&mut self, mut f: impl FnMut(&mut T""",CORRECT,CORRECT,CORRECT,,strict audit deterministic provenance review
rust_safe_api_exposures-086,rust_safe_api_exposures,HEAD_6d35786de281,.binddrift/worktrees/HEAD_6d35786de281/rust/kernel/task.rs,383,Kuid::from_raw,"{""api_name"": ""Kuid::from_raw"", ""line"": 383, ""params"": ""\""kuid: bindings::kuid_t\"""", ""receiver_type"": ""Kuid"", ""return_type"": ""Self"", ""rust_file"": "".binddrift/worktrees/HEAD_6d35786de281/rust/kernel/task.rs"", ""uses_bindings"": ""[\""kuid_t\""]"", ""version_id"": ""HEAD_6d35786de281"", ""visibility"": ""pub""}","""kuid: bindings::kuid_t""",CORRECT,CORRECT,CORRECT,,strict audit deterministic provenance review
rust_safe_api_exposures-087,rust_safe_api_exposures,v6.15,.binddrift/worktrees/v6.15/rust/kernel/device.rs,186,Device::property_present,"{""api_name"": ""Device::property_present"", ""line"": 186, ""params"": ""\""&self, name: &CStr\"""", ""receiver_type"": ""Device"", ""return_type"": ""bool"", ""rust_file"": "".binddrift/worktrees/v6.15/rust/kernel/device.rs"", ""uses_bindings"": ""[\""device_property_present\""]"", ""version_id"": ""v6.15"", ""visibility"": ""pub""}","""&self, name: &CStr""",CORRECT,CORRECT,CORRECT,,strict audit deterministic provenance review
rust_safe_api_exposures-088,rust_safe_api_exposures,v6.15,.binddrift/worktrees/v6.15/rust/kernel/driver.rs,73,Registration<T>::new,"{""api_name"": ""Registration<T>::new"", ""line"": 73, ""params"": ""\""name: &'static CStr, module: &'static ThisModule\"""", ""receiver_type"": ""Registration<T>"", ""return_type"": ""impl PinInit<Self, Error>"", ""rust_file"": "".binddrift/worktrees/v6.15/rust/kernel/driver.rs"", ""uses_bindings"": ""[]"", ""version_id"": ""v6.15"", ""visibility"": ""pub""}","""name: &'static CStr, module: &'static ThisModule""",CORRECT,CORRECT,CORRECT,,strict audit deterministic provenance review
rust_safe_api_exposures-089,rust_safe_api_exposures,v6.18,.binddrift/worktrees/v6.18/rust/kernel/rbtree.rs,1043,"RBTreeNodeReservation<K, V>::new","{""api_name"": ""RBTreeNodeReservation<K, V>::new"", ""line"": 1043, ""params"": ""\""flags: Flags\"""", ""receiver_type"": ""RBTreeNodeReservation<K, V>"", ""return_type"": ""Result<RBTreeNodeReservation<K, V>>"", ""rust_file"": "".binddrift/worktrees/v6.18/rust/kernel/rbtree.rs"", ""uses_bindings"": ""[]"", ""version_id"": ""v6.18"", ""visibility"": ""pub""}","""flags: Flags""",CORRECT,CORRECT,CORRECT,,strict audit deterministic provenance review
rust_safe_api_exposures-090,rust_safe_api_exposures,v6.19,.binddrift/worktrees/v6.19/rust/kernel/dma.rs,520,CoherentAllocation<T>::as_slice_mut,"{""api_name"": ""CoherentAllocation<T>::as_slice_mut"", ""line"": 520, ""params"": ""\""&mut self, offset: usize, count: usize\"""", ""receiver_type"": ""CoherentAllocation<T>"", ""return_type"": ""Result<&mut [T]>"", ""rust_file"": "".binddrift/worktrees/v6.19/rust/kernel/dma.rs"", ""uses_bindings"": ""[]"", ""version_id"": ""v6.19"", ""visibility"": ""pub""}","""&mut self, offset: usize, count: usize""",CORRECT,CORRECT,CORRECT,,strict audit deterministic provenance review
rust_safe_api_exposures-091,rust_safe_api_exposures,v6.19,.binddrift/worktrees/v6.19/rust/kernel/sync/refcount.rs,68,Refcount::inc,"{""api_name"": ""Refcount::inc"", ""line"": 68, ""params"": ""\""&self\"""", ""receiver_type"": ""Refcount"", ""return_type"": ""()"", ""rust_file"": "".binddrift/worktrees/v6.19/rust/kernel/sync/refcount.rs"", ""uses_bindings"": ""[\""refcount_inc\""]"", ""version_id"": ""v6.19"", ""visibility"": ""pub""}","""&self""",CORRECT,CORRECT,CORRECT,,strict audit deterministic provenance review
rust_safe_api_exposures-092,rust_safe_api_exposures,HEAD_6d35786de281,.binddrift/worktrees/HEAD_6d35786de281/rust/kernel/task.rs,202,Task::as_ptr,"{""api_name"": ""Task::as_ptr"", ""line"": 202, ""params"": ""\""&self\"""", ""receiver_type"": ""Task"", ""return_type"": ""*mut bindings::task_struct"", ""rust_file"": "".binddrift/worktrees/HEAD_6d35786de281/rust/kernel/task.rs"", ""uses_bindings"": ""[\""task_struct\""]"", ""version_id"": ""HEAD_6d35786de281"", ""visibility"": ""pub""}","""&self""",CORRECT,CORRECT,CORRECT,,strict audit deterministic provenance review
rust_safe_api_exposures-093,rust_safe_api_exposures,v6.17,.binddrift/worktrees/v6.17/rust/kernel/mm/virt.rs,339,VmaNew::writable,"{""api_name"": ""VmaNew::writable"", ""line"": 339, ""params"": ""\""&self\"""", ""receiver_type"": ""VmaNew"", ""return_type"": ""bool"", ""rust_file"": "".binddrift/worktrees/v6.17/rust/kernel/mm/virt.rs"", ""uses_bindings"": ""[]"", ""version_id"": ""v6.17"", ""visibility"": ""pub""}","""&self""",CORRECT,CORRECT,CORRECT,,strict audit deterministic provenance review
rust_safe_api_exposures-094,rust_safe_api_exposures,v6.5,.binddrift/worktrees/v6.5/rust/kernel/sync/lock.rs,184,"Guard<'a, T, B>::new","{""api_name"": ""Guard<'a, T, B>::new"", ""line"": 184, ""params"": ""\""lock: &'a Lock<T, B>, state: B::GuardState\"""", ""receiver_type"": ""Guard<'a, T, B>"", ""return_type"": ""Self"", ""rust_file"": "".binddrift/worktrees/v6.5/rust/kernel/sync/lock.rs"", ""uses_bindings"": ""[]"", ""version_id"": ""v6.5"", ""visibility"": ""pub(crate)""}","""lock: &'a Lock<T, B>, state: B::GuardState""",CORRECT,CORRECT,CORRECT,,strict audit deterministic provenance review
rust_safe_api_exposures-095,rust_safe_api_exposures,v6.18,.binddrift/worktrees/v6.18/rust/kernel/init.rs,78,enable_foo,"{""api_name"": ""enable_foo"", ""line"": 78, ""params"": ""\""_ptr: *mut foo, _flags: u32\"""", ""receiver_type"": null, ""return_type"": ""i32"", ""rust_file"": "".binddrift/worktrees/v6.18/rust/kernel/init.rs"", ""uses_bindings"": ""[]"", ""version_id"": ""v6.18"", ""visibility"": ""pub""}","""_ptr: *mut foo, _flags: u32""",CORRECT,CORRECT,CORRECT,,strict audit deterministic provenance review
rust_safe_api_exposures-096,rust_safe_api_exposures,v6.17,.binddrift/worktrees/v6.17/rust/kernel/alloc/kvec.rs,806,"Vec<T, A>::resize","{""api_name"": ""Vec<T, A>::resize"", ""line"": 806, ""params"": ""\""&mut self, new_len: usize, value: T, flags: Flags\"""", ""receiver_type"": ""Vec<T, A>"", ""return_type"": ""Result<(), AllocError>"", ""rust_file"": "".binddrift/worktrees/v6.17/rust/kernel/alloc/kvec.rs"", ""uses_bindings"": ""[]"", ""version_id"": ""v6.17"", ""visibility"": ""pub""}","""&mut self, new_len: usize, value: T, flags: Flags""",CORRECT,CORRECT,CORRECT,,strict audit deterministic provenance review
rust_safe_api_exposures-097,rust_safe_api_exposures,v6.14,.binddrift/worktrees/v6.14/rust/kernel/device.rs,106,Device::pr_crit,"{""api_name"": ""Device::pr_crit"", ""line"": 106, ""params"": ""\""&self, args: fmt::Arguments<'_>\"""", ""receiver_type"": ""Device"", ""return_type"": ""()"", ""rust_file"": "".binddrift/worktrees/v6.14/rust/kernel/device.rs"", ""uses_bindings"": ""[\""KERN_CRIT\""]"", ""version_id"": ""v6.14"", ""visibility"": ""pub""}","""&self, args: fmt::Arguments<'_>""",CORRECT,CORRECT,CORRECT,,strict audit deterministic provenance review
rust_safe_api_exposures-098,rust_safe_api_exposures,HEAD_6d35786de281,.binddrift/worktrees/HEAD_6d35786de281/rust/kernel/pci.rs,394,Device::dev_id,"{""api_name"": ""Device::dev_id"", ""line"": 394, ""params"": ""\""&self\"""", ""receiver_type"": ""Device"", ""return_type"": ""u16"", ""rust_file"": "".binddrift/worktrees/HEAD_6d35786de281/rust/kernel/pci.rs"", ""uses_bindings"": ""[\""pci_dev_id\""]"", ""version_id"": ""HEAD_6d35786de281"", ""visibility"": ""pub""}","""&self""",CORRECT,CORRECT,CORRECT,,strict audit deterministic provenance review
rust_safe_api_exposures-099,rust_safe_api_exposures,v6.17,.binddrift/worktrees/v6.17/rust/kernel/clk.rs,151,Clk::as_raw,"{""api_name"": ""Clk::as_raw"", ""line"": 151, ""params"": ""\""&self\"""", ""receiver_type"": ""Clk"", ""return_type"": ""*mut bindings::clk"", ""rust_file"": "".binddrift/worktrees/v6.17/rust/kernel/clk.rs"", ""uses_bindings"": ""[\""clk\""]"", ""version_id"": ""v6.17"", ""visibility"": ""pub""}","""&self""",CORRECT,CORRECT,CORRECT,,strict audit deterministic provenance review
rust_safe_api_exposures-100,rust_safe_api_exposures,v6.19,.binddrift/worktrees/v6.19/rust/kernel/page.rs,287,Page::write_raw,"{""api_name"": ""Page::write_raw"", ""line"": 287, ""params"": ""\""&self, src: *const u8, offset: usize, len: usize\"""", ""receiver_type"": ""Page"", ""return_type"": ""Result"", ""rust_file"": "".binddrift/worktrees/v6.19/rust/kernel/page.rs"", ""uses_bindings"": ""[]"", ""version_id"": ""v6.19"", ""visibility"": ""pub""}","""&self, src: *const u8, offset: usize, len: usize""",CORRECT,CORRECT,CORRECT,,strict audit deterministic provenance review
rust_error_mappings-001,rust_error_mappings,v6.19,.binddrift/worktrees/v6.19/rust/kernel/clk.rs,313,ERR_PTR_MAPPING,"{""line"": 313, ""mapping_type"": ""ERR_PTR_MAPPING"", ""nearby_api"": ""OptionalClk::get"", ""nearby_binding_symbol"": ""clk_get_optional"", ""rust_file"": "".binddrift/worktrees/v6.19/rust/kernel/clk.rs"", ""text"": ""Ok(Self(Clk(from_err_ptr(unsafe {"", ""version_id"": ""v6.19""}",Ok(Self(Clk(from_err_ptr(unsafe {,CORRECT,CORRECT,CORRECT,,imported split review true label
rust_error_mappings-002,rust_error_mappings,v6.19,.binddrift/worktrees/v6.19/rust/kernel/uaccess.rs,467,RESULT_RETURN,"{""line"": 467, ""mapping_type"": ""RESULT_RETURN"", ""nearby_api"": ""UserSliceWriter::write_slice"", ""nearby_binding_symbol"": null, ""rust_file"": "".binddrift/worktrees/v6.19/rust/kernel/uaccess.rs"", ""text"": ""pub fn write_slice(&mut self, data: &[u8]) -> Result {"", ""version_id"": ""v6.19""}","pub fn write_slice(&mut self, data: &[u8]) -> Result {",CORRECT,CORRECT,CORRECT,,imported split review true label
rust_error_mappings-003,rust_error_mappings,v6.16,.binddrift/worktrees/v6.16/rust/kernel/device.rs,72,OPTION_RETURN,"{""line"": 72, ""mapping_type"": ""OPTION_RETURN"", ""nearby_api"": ""Device<Ctx>::parent"", ""nearby_binding_symbol"": null, ""rust_file"": "".binddrift/worktrees/v6.16/rust/kernel/device.rs"", ""text"": ""pub(crate) fn parent(&self) -> Option<&Self> {"", ""version_id"": ""v6.16""}",pub(crate) fn parent(&self) -> Option<&Self> {,CORRECT,CORRECT,CORRECT,,imported split review true label
rust_error_mappings-004,rust_error_mappings,v7.0,.binddrift/worktrees/v7.0/rust/kernel/security.rs,43,RESULT_RETURN,"{""line"": 43, ""mapping_type"": ""RESULT_RETURN"", ""nearby_api"": ""binder_transfer_file"", ""nearby_binding_symbol"": ""security_binder_transfer_file"", ""rust_file"": "".binddrift/worktrees/v7.0/rust/kernel/security.rs"", ""text"": ""pub fn binder_transfer_file(from: &Credential, to: &Credential, file: &File) -> Result {"", ""version_id"": ""v7.0""}","pub fn binder_transfer_file(from: &Credential, to: &Credential, file: &File) -> Result {",CORRECT,CORRECT,CORRECT,,imported split review true label
rust_error_mappings-005,rust_error_mappings,v7.0,.binddrift/worktrees/v7.0/rust/kernel/list.rs,553,OPTION_RETURN,"{""line"": 553, ""mapping_type"": ""OPTION_RETURN"", ""nearby_api"": ""List<T, ID>::pop_back"", ""nearby_binding_symbol"": null, ""rust_file"": "".binddrift/worktrees/v7.0/rust/kernel/list.rs"", ""text"": ""pub fn pop_back(&mut self) -> Option<ListArc<T, ID>> {"", ""version_id"": ""v7.0""}","pub fn pop_back(&mut self) -> Option<ListArc<T, ID>> {",CORRECT,CORRECT,CORRECT,,imported split review true label
rust_error_mappings-006,rust_error_mappings,v6.11,.binddrift/worktrees/v6.11/rust/kernel/firmware.rs,81,RESULT_RETURN,"{""line"": 81, ""mapping_type"": ""RESULT_RETURN"", ""nearby_api"": ""Firmware::request_nowarn"", ""nearby_binding_symbol"": ""firmware"", ""rust_file"": "".binddrift/worktrees/v6.11/rust/kernel/firmware.rs"", ""text"": ""pub fn request_nowarn(name: &CStr, dev: &Device) -> Result<Self> {"", ""version_id"": ""v6.11""}","pub fn request_nowarn(name: &CStr, dev: &Device) -> Result<Self> {",INCORRECT,INCORRECT,INCORRECT,SYMBOL_MISMATCH,nearby_binding_symbol firmware comes from adjacent bindings::firmware type not the request_nowarn call
rust_error_mappings-007,rust_error_mappings,v6.14,.binddrift/worktrees/v6.14/rust/kernel/str.rs,355,RESULT_RETURN,"{""line"": 355, ""mapping_type"": ""RESULT_RETURN"", ""nearby_api"": ""CStr::to_ascii_lowercase"", ""nearby_binding_symbol"": null, ""rust_file"": "".binddrift/worktrees/v6.14/rust/kernel/str.rs"", ""text"": ""pub fn to_ascii_lowercase(&self) -> Result<CString, AllocError> {"", ""version_id"": ""v6.14""}","pub fn to_ascii_lowercase(&self) -> Result<CString, AllocError> {",CORRECT,CORRECT,CORRECT,,imported split review true label
rust_error_mappings-008,rust_error_mappings,v6.15,.binddrift/worktrees/v6.15/rust/kernel/error.rs,414,PTR_ERR_MAPPING,"{""line"": 414, ""mapping_type"": ""PTR_ERR_MAPPING"", ""nearby_api"": ""to_result"", ""nearby_binding_symbol"": ""PTR_ERR"", ""rust_file"": "".binddrift/worktrees/v6.15/rust/kernel/error.rs"", ""text"": ""let err = unsafe { bindings::PTR_ERR(const_ptr) };"", ""version_id"": ""v6.15""}",let err = unsafe { bindings::PTR_ERR(const_ptr) };,INCORRECT,INCORRECT,INCORRECT,FALSE_USAGE_EDGE,PTR_ERR line is inside from_err_ptr but nearby_api is to_result
rust_error_mappings-009,rust_error_mappings,HEAD_6d35786de281,.binddrift/worktrees/HEAD_6d35786de281/rust/kernel/pci/io.rs,156,RESULT_RETURN,"{""line"": 156, ""mapping_type"": ""RESULT_RETURN"", ""nearby_api"": ""Bar<SIZE>::new"", ""nearby_binding_symbol"": null, ""rust_file"": "".binddrift/worktrees/HEAD_6d35786de281/rust/kernel/pci/io.rs"", ""text"": ""pub(super) fn new(pdev: &Device, num: u32, name: &CStr) -> Result<Self> {"", ""version_id"": ""HEAD_6d35786de281""}","pub(super) fn new(pdev: &Device, num: u32, name: &CStr) -> Result<Self> {",CORRECT,CORRECT,CORRECT,,imported split review true label
rust_error_mappings-010,rust_error_mappings,v6.15,.binddrift/worktrees/v6.15/rust/kernel/net/phy/reg.rs,122,TO_RESULT_MAPPING,"{""line"": 122, ""mapping_type"": ""TO_RESULT_MAPPING"", ""nearby_api"": ""write"", ""nearby_binding_symbol"": ""mdiobus_write"", ""rust_file"": "".binddrift/worktrees/v6.15/rust/kernel/net/phy/reg.rs"", ""text"": ""to_result(unsafe {"", ""version_id"": ""v6.15""}",to_result(unsafe {,CORRECT,CORRECT,CORRECT,,imported split review true label
rust_error_mappings-011,rust_error_mappings,v6.16,.binddrift/worktrees/v6.16/rust/kernel/time/hrtimer/pin_mut.rs,62,NONNULL_MAPPING,"{""line"": 62, ""mapping_type"": ""NONNULL_MAPPING"", ""nearby_api"": ""start"", ""nearby_binding_symbol"": null, ""rust_file"": "".binddrift/worktrees/v6.16/rust/kernel/time/hrtimer/pin_mut.rs"", ""text"": ""let self_ptr = unsafe { NonNull::new_unchecked(self.as_mut().get_unchecked_mut()) };"", ""version_id"": ""v6.16""}",let self_ptr = unsafe { NonNull::new_unchecked(self.as_mut().get_unchecked_mut()) };,CORRECT,CORRECT,CORRECT,,imported split review true label
rust_error_mappings-012,rust_error_mappings,v7.0,.binddrift/worktrees/v7.0/rust/kernel/rbtree.rs,463,NONNULL_MAPPING,"{""line"": 463, ""mapping_type"": ""NONNULL_MAPPING"", ""nearby_api"": ""RBTree<K, V>::cursor_lower_bound_mut"", ""nearby_binding_symbol"": null, ""rust_file"": "".binddrift/worktrees/v7.0/rust/kernel/rbtree.rs"", ""text"": ""NonNull::new(best.as_ptr()).map(|current| {"", ""version_id"": ""v7.0""}",NonNull::new(best.as_ptr()).map(|current| {,CORRECT,CORRECT,CORRECT,,imported split review true label
rust_error_mappings-013,rust_error_mappings,v6.18,.binddrift/worktrees/v6.18/rust/kernel/platform.rs,280,OPTION_RETURN,"{""line"": 280, ""mapping_type"": ""OPTION_RETURN"", ""nearby_api"": ""Device<Bound>::io_request_by_name"", ""nearby_binding_symbol"": null, ""rust_file"": "".binddrift/worktrees/v6.18/rust/kernel/platform.rs"", ""text"": ""pub fn io_request_by_name(&self, name: &CStr) -> Option<IoRequest<'_>> {"", ""version_id"": ""v6.18""}","pub fn io_request_by_name(&self, name: &CStr) -> Option<IoRequest<'_>> {",CORRECT,CORRECT,CORRECT,,imported split review true label
rust_error_mappings-014,rust_error_mappings,v6.17,.binddrift/worktrees/v6.17/rust/kernel/security.rs,11,TO_RESULT_MAPPING,"{""line"": 11, ""mapping_type"": ""TO_RESULT_MAPPING"", ""nearby_api"": null, ""nearby_binding_symbol"": null, ""rust_file"": "".binddrift/worktrees/v6.17/rust/kernel/security.rs"", ""text"": ""error::{to_result, Result},"", ""version_id"": ""v6.17""}","error::{to_result, Result},",INCORRECT,INCORRECT,INCORRECT,FALSE_CONTRACT_MAPPING,to_result appears only in a multi-line use import
rust_error_mappings-015,rust_error_mappings,v6.17,.binddrift/worktrees/v6.17/rust/kernel/rbtree.rs,815,OPTION_RETURN,"{""line"": 815, ""mapping_type"": ""OPTION_RETURN"", ""nearby_api"": ""Cursor<'a, K, V>::move_prev"", ""nearby_binding_symbol"": null, ""rust_file"": "".binddrift/worktrees/v6.17/rust/kernel/rbtree.rs"", ""text"": ""pub fn move_prev(self) -> Option<Self> {"", ""version_id"": ""v6.17""}",pub fn move_prev(self) -> Option<Self> {,CORRECT,CORRECT,CORRECT,,imported split review true label
rust_error_mappings-016,rust_error_mappings,HEAD_6d35786de281,.binddrift/worktrees/HEAD_6d35786de281/rust/kernel/str.rs,689,OPTION_RETURN,"{""line"": 689, ""mapping_type"": ""OPTION_RETURN"", ""nearby_api"": ""NullTerminatedFormatter<'a>::new"", ""nearby_binding_symbol"": null, ""rust_file"": "".binddrift/worktrees/HEAD_6d35786de281/rust/kernel/str.rs"", ""text"": ""pub fn new(buffer: &'a mut [u8]) -> Option<NullTerminatedFormatter<'a>> {"", ""version_id"": ""HEAD_6d35786de281""}",pub fn new(buffer: &'a mut [u8]) -> Option<NullTerminatedFormatter<'a>> {,CORRECT,CORRECT,CORRECT,,imported split review true label
rust_error_mappings-017,rust_error_mappings,v6.19,.binddrift/worktrees/v6.19/rust/kernel/mm.rs,141,OPTION_RETURN,"{""line"": 141, ""mapping_type"": ""OPTION_RETURN"", ""nearby_api"": ""Mm::mmget_not_zero"", ""nearby_binding_symbol"": ""mmget_not_zero"", ""rust_file"": "".binddrift/worktrees/v6.19/rust/kernel/mm.rs"", ""text"": ""pub fn mmget_not_zero(&self) -> Option<ARef<MmWithUser>> {"", ""version_id"": ""v6.19""}",pub fn mmget_not_zero(&self) -> Option<ARef<MmWithUser>> {,CORRECT,CORRECT,CORRECT,,imported split review true label
rust_error_mappings-018,rust_error_mappings,v7.0,.binddrift/worktrees/v7.0/rust/kernel/rbtree.rs,331,OPTION_RETURN,"{""line"": 331, ""mapping_type"": ""OPTION_RETURN"", ""nearby_api"": ""RBTree<K, V>::insert"", ""nearby_binding_symbol"": null, ""rust_file"": "".binddrift/worktrees/v7.0/rust/kernel/rbtree.rs"", ""text"": ""pub fn insert(&mut self, node: RBTreeNode<K, V>) -> Option<RBTreeNode<K, V>> {"", ""version_id"": ""v7.0""}","pub fn insert(&mut self, node: RBTreeNode<K, V>) -> Option<RBTreeNode<K, V>> {",CORRECT,CORRECT,CORRECT,,imported split review true label
rust_error_mappings-019,rust_error_mappings,v6.19,.binddrift/worktrees/v6.19/rust/kernel/xarray.rs,118,NONNULL_MAPPING,"{""line"": 118, ""mapping_type"": ""NONNULL_MAPPING"", ""nearby_api"": ""iter"", ""nearby_binding_symbol"": ""XA_PRESENT"", ""rust_file"": "".binddrift/worktrees/v6.19/rust/kernel/xarray.rs"", ""text"": "".map_while(|ptr| NonNull::new(ptr.cast()))"", ""version_id"": ""v6.19""}",.map_while(|ptr| NonNull::new(ptr.cast())),CORRECT,CORRECT,CORRECT,,imported split review true label
rust_error_mappings-020,rust_error_mappings,v7.0,.binddrift/worktrees/v7.0/rust/kernel/block/mq/gen_disk.rs,119,ERR_PTR_MAPPING,"{""line"": 119, ""mapping_type"": ""ERR_PTR_MAPPING"", ""nearby_api"": ""GenDiskBuilder::capacity_sectors"", ""nearby_binding_symbol"": ""__blk_mq_alloc_disk"", ""rust_file"": "".binddrift/worktrees/v7.0/rust/kernel/block/mq/gen_disk.rs"", ""text"": ""let gendisk = from_err_ptr(unsafe {"", ""version_id"": ""v7.0""}",let gendisk = from_err_ptr(unsafe {,INCORRECT,INCORRECT,INCORRECT,FALSE_USAGE_EDGE,from_err_ptr wraps __blk_mq_alloc_disk inside build but nearby_api is capacity_sectors
rust_error_mappings-021,rust_error_mappings,v6.15,.binddrift/worktrees/v6.15/rust/kernel/list.rs,864,OPTION_RETURN,"{""line"": 864, ""mapping_type"": ""OPTION_RETURN"", ""nearby_api"": ""Cursor<'a, T, ID>::remove_prev"", ""nearby_binding_symbol"": null, ""rust_file"": "".binddrift/worktrees/v6.15/rust/kernel/list.rs"", ""text"": ""pub fn remove_prev(&mut self) -> Option<ListArc<T, ID>> {"", ""version_id"": ""v6.15""}","pub fn remove_prev(&mut self) -> Option<ListArc<T, ID>> {",CORRECT,CORRECT,CORRECT,,imported split review true label
rust_error_mappings-022,rust_error_mappings,v6.17,.binddrift/worktrees/v6.17/rust/kernel/opp.rs,44,TO_RESULT_MAPPING,"{""line"": 44, ""mapping_type"": ""TO_RESULT_MAPPING"", ""nearby_api"": ""FreqTable::new"", ""nearby_binding_symbol"": ""dev_pm_opp_init_cpufreq_table"", ""rust_file"": "".binddrift/worktrees/v6.17/rust/kernel/opp.rs"", ""text"": ""to_result(unsafe {"", ""version_id"": ""v6.17""}",to_result(unsafe {,CORRECT,CORRECT,CORRECT,,imported split review true label
rust_error_mappings-023,rust_error_mappings,v6.7,.binddrift/worktrees/v6.7/rust/kernel/error.rs,243,TO_RESULT_MAPPING,"{""line"": 243, ""mapping_type"": ""TO_RESULT_MAPPING"", ""nearby_api"": ""to_result"", ""nearby_binding_symbol"": null, ""rust_file"": "".binddrift/worktrees/v6.7/rust/kernel/error.rs"", ""text"": ""pub fn to_result(err: core::ffi::c_int) -> Result {"", ""version_id"": ""v6.7""}",pub fn to_result(err: core::ffi::c_int) -> Result {,CORRECT,CORRECT,CORRECT,,imported split review true label
rust_error_mappings-024,rust_error_mappings,v6.13,.binddrift/worktrees/v6.13/rust/kernel/sync/arc.rs,633,RESULT_RETURN,"{""line"": 633, ""mapping_type"": ""RESULT_RETURN"", ""nearby_api"": ""UniqueArc<T>::new"", ""nearby_binding_symbol"": null, ""rust_file"": "".binddrift/worktrees/v6.13/rust/kernel/sync/arc.rs"", ""text"": ""pub fn new(value: T, flags: Flags) -> Result<Self, AllocError> {"", ""version_id"": ""v6.13""}","pub fn new(value: T, flags: Flags) -> Result<Self, AllocError> {",CORRECT,CORRECT,CORRECT,,imported split review true label
rust_error_mappings-025,rust_error_mappings,v6.18,.binddrift/worktrees/v6.18/rust/kernel/bitmap.rs,234,RESULT_RETURN,"{""line"": 234, ""mapping_type"": ""RESULT_RETURN"", ""nearby_api"": ""BitmapVec::new"", ""nearby_binding_symbol"": null, ""rust_file"": "".binddrift/worktrees/v6.18/rust/kernel/bitmap.rs"", ""text"": ""pub fn new(nbits: usize, flags: Flags) -> Result<Self, AllocError> {"", ""version_id"": ""v6.18""}","pub fn new(nbits: usize, flags: Flags) -> Result<Self, AllocError> {",CORRECT,CORRECT,CORRECT,,imported split review true label
rust_error_mappings-026,rust_error_mappings,HEAD_6d35786de281,.binddrift/worktrees/HEAD_6d35786de281/rust/kernel/gpu/buddy.rs,344,TO_RESULT_MAPPING,"{""line"": 344, ""mapping_type"": ""TO_RESULT_MAPPING"", ""nearby_api"": ""new"", ""nearby_binding_symbol"": ""gpu_buddy_init"", ""rust_file"": "".binddrift/worktrees/HEAD_6d35786de281/rust/kernel/gpu/buddy.rs"", ""text"": ""to_result(unsafe {"", ""version_id"": ""HEAD_6d35786de281""}",to_result(unsafe {,CORRECT,CORRECT,CORRECT,,imported split review true label
rust_error_mappings-027,rust_error_mappings,HEAD_6d35786de281,.binddrift/worktrees/HEAD_6d35786de281/rust/kernel/opp.rs,917,ERR_PTR_MAPPING,"{""line"": 917, ""mapping_type"": ""ERR_PTR_MAPPING"", ""nearby_api"": ""Table::opp_from_bw"", ""nearby_binding_symbol"": null, ""rust_file"": "".binddrift/worktrees/HEAD_6d35786de281/rust/kernel/opp.rs"", ""text"": ""let ptr = from_err_ptr(match stype {"", ""version_id"": ""HEAD_6d35786de281""}",let ptr = from_err_ptr(match stype {,CORRECT,CORRECT,CORRECT,,imported split review true label
rust_error_mappings-028,rust_error_mappings,v6.16,.binddrift/worktrees/v6.16/rust/kernel/faux.rs,45,NONNULL_MAPPING,"{""line"": 45, ""mapping_type"": ""NONNULL_MAPPING"", ""nearby_api"": ""Registration::new"", ""nearby_binding_symbol"": ""faux_device"", ""rust_file"": "".binddrift/worktrees/v6.16/rust/kernel/faux.rs"", ""text"": ""Ok(Self(NonNull::new(dev).ok_or(ENODEV)?))"", ""version_id"": ""v6.16""}",Ok(Self(NonNull::new(dev).ok_or(ENODEV)?)),INCORRECT,INCORRECT,INCORRECT,SYMBOL_MISMATCH,nearby_binding_symbol faux_device comes from adjacent type access not the faux_device_create call feeding dev
rust_error_mappings-029,rust_error_mappings,v6.17,.binddrift/worktrees/v6.17/rust/kernel/cpufreq.rs,1042,TO_RESULT_MAPPING,"{""line"": 1042, ""mapping_type"": ""TO_RESULT_MAPPING"", ""nearby_api"": ""Registration<T>::new"", ""nearby_binding_symbol"": ""cpufreq_register_driver"", ""rust_file"": "".binddrift/worktrees/v6.17/rust/kernel/cpufreq.rs"", ""text"": ""to_result(unsafe { bindings::cpufreq_register_driver(drv.get_mut()) })?;"", ""version_id"": ""v6.17""}",to_result(unsafe { bindings::cpufreq_register_driver(drv.get_mut()) })?;,CORRECT,CORRECT,CORRECT,,imported split review true label
rust_error_mappings-030,rust_error_mappings,v6.19,.binddrift/worktrees/v6.19/rust/kernel/regulator.rs,251,RESULT_RETURN,"{""line"": 251, ""mapping_type"": ""RESULT_RETURN"", ""nearby_api"": ""Regulator<T>::set_voltage"", ""nearby_binding_symbol"": ""regulator_set_voltage"", ""rust_file"": "".binddrift/worktrees/v6.19/rust/kernel/regulator.rs"", ""text"": ""pub fn set_voltage(&self, min_voltage: Voltage, max_voltage: Voltage) -> Result {"", ""version_id"": ""v6.19""}","pub fn set_voltage(&self, min_voltage: Voltage, max_voltage: Voltage) -> Result {",CORRECT,CORRECT,CORRECT,,imported split review true label
rust_error_mappings-031,rust_error_mappings,v6.17,.binddrift/worktrees/v6.17/rust/kernel/cpu.rs,141,RESULT_RETURN,"{""line"": 141, ""mapping_type"": ""RESULT_RETURN"", ""nearby_api"": ""from_cpu"", ""nearby_binding_symbol"": ""get_cpu_device"", ""rust_file"": "".binddrift/worktrees/v6.17/rust/kernel/cpu.rs"", ""text"": ""pub unsafe fn from_cpu(cpu: CpuId) -> Result<&'static Device> {"", ""version_id"": ""v6.17""}",pub unsafe fn from_cpu(cpu: CpuId) -> Result<&'static Device> {,CORRECT,CORRECT,CORRECT,,imported split review true label
rust_error_mappings-032,rust_error_mappings,v7.0,.binddrift/worktrees/v7.0/rust/kernel/drm/driver.rs,126,TO_RESULT_MAPPING,"{""line"": 126, ""mapping_type"": ""TO_RESULT_MAPPING"", ""nearby_api"": ""new"", ""nearby_binding_symbol"": ""drm_dev_register"", ""rust_file"": "".binddrift/worktrees/v7.0/rust/kernel/drm/driver.rs"", ""text"": ""to_result(unsafe { bindings::drm_dev_register(drm.as_raw(), flags) })?;"", ""version_id"": ""v7.0""}","to_result(unsafe { bindings::drm_dev_register(drm.as_raw(), flags) })?;",CORRECT,CORRECT,CORRECT,,imported split review true label
rust_error_mappings-033,rust_error_mappings,v6.14,.binddrift/worktrees/v6.14/rust/kernel/pci.rs,45,TO_RESULT_MAPPING,"{""line"": 45, ""mapping_type"": ""TO_RESULT_MAPPING"", ""nearby_api"": null, ""nearby_binding_symbol"": ""__pci_register_driver"", ""rust_file"": "".binddrift/worktrees/v6.14/rust/kernel/pci.rs"", ""text"": ""to_result(unsafe {"", ""version_id"": ""v6.14""}",to_result(unsafe {,CORRECT,CORRECT,CORRECT,,imported split review true label
rust_error_mappings-034,rust_error_mappings,v6.9,.binddrift/worktrees/v6.9/rust/kernel/net/phy.rs,285,TO_RESULT_MAPPING,"{""line"": 285, ""mapping_type"": ""TO_RESULT_MAPPING"", ""nearby_api"": ""Device::genphy_update_link"", ""nearby_binding_symbol"": ""genphy_update_link"", ""rust_file"": "".binddrift/worktrees/v6.9/rust/kernel/net/phy.rs"", ""text"": ""to_result(unsafe { bindings::genphy_update_link(phydev) })"", ""version_id"": ""v6.9""}",to_result(unsafe { bindings::genphy_update_link(phydev) }),CORRECT,CORRECT,CORRECT,,imported split review true label
rust_error_mappings-035,rust_error_mappings,v6.12,.binddrift/worktrees/v6.12/rust/kernel/rbtree.rs,396,OPTION_RETURN,"{""line"": 396, ""mapping_type"": ""OPTION_RETURN"", ""nearby_api"": ""RBTree<K, V>::get_mut"", ""nearby_binding_symbol"": null, ""rust_file"": "".binddrift/worktrees/v6.12/rust/kernel/rbtree.rs"", ""text"": ""pub fn get_mut(&mut self, key: &K) -> Option<&mut V> {"", ""version_id"": ""v6.12""}","pub fn get_mut(&mut self, key: &K) -> Option<&mut V> {",CORRECT,CORRECT,CORRECT,,imported split review true label
rust_error_mappings-036,rust_error_mappings,HEAD_6d35786de281,.binddrift/worktrees/HEAD_6d35786de281/rust/kernel/opp.rs,891,ERR_PTR_MAPPING,"{""line"": 891, ""mapping_type"": ""ERR_PTR_MAPPING"", ""nearby_api"": ""Table::opp_from_level"", ""nearby_binding_symbol"": ""dev_pm_opp_find_level_exact"", ""rust_file"": "".binddrift/worktrees/HEAD_6d35786de281/rust/kernel/opp.rs"", ""text"": ""let ptr = from_err_ptr(match stype {"", ""version_id"": ""HEAD_6d35786de281""}",let ptr = from_err_ptr(match stype {,CORRECT,CORRECT,CORRECT,,imported split review true label
rust_error_mappings-037,rust_error_mappings,v6.18,.binddrift/worktrees/v6.18/rust/kernel/error.rs,465,IS_ERR_MAPPING,"{""line"": 465, ""mapping_type"": ""IS_ERR_MAPPING"", ""nearby_api"": ""to_result"", ""nearby_binding_symbol"": ""PTR_ERR"", ""rust_file"": "".binddrift/worktrees/v6.18/rust/kernel/error.rs"", ""text"": ""if unsafe { bindings::IS_ERR(const_ptr) } {"", ""version_id"": ""v6.18""}",if unsafe { bindings::IS_ERR(const_ptr) } {,INCORRECT,INCORRECT,INCORRECT,FALSE_USAGE_EDGE,IS_ERR line is inside from_err_ptr but nearby_api is to_result
rust_error_mappings-038,rust_error_mappings,v6.3,.binddrift/worktrees/v6.3/rust/kernel/sync/arc.rs,218,NONNULL_MAPPING,"{""line"": 218, ""mapping_type"": ""NONNULL_MAPPING"", ""nearby_api"": ""from_foreign"", ""nearby_binding_symbol"": null, ""rust_file"": "".binddrift/worktrees/v6.3/rust/kernel/sync/arc.rs"", ""text"": ""unsafe { Self::from_inner(NonNull::new(ptr as _).unwrap()) }"", ""version_id"": ""v6.3""}",unsafe { Self::from_inner(NonNull::new(ptr as _).unwrap()) },CORRECT,CORRECT,CORRECT,,imported split review true label
rust_error_mappings-039,rust_error_mappings,v6.16,.binddrift/worktrees/v6.16/rust/kernel/block/mq/request.rs,148,NONNULL_MAPPING,"{""line"": 148, ""mapping_type"": ""NONNULL_MAPPING"", ""nearby_api"": ""Request<T>::wrapper_ptr"", ""nearby_binding_symbol"": ""blk_mq_rq_to_pdu"", ""rust_file"": "".binddrift/worktrees/v6.16/rust/kernel/block/mq/request.rs"", ""text"": ""unsafe { NonNull::new_unchecked(wrapper_ptr) }"", ""version_id"": ""v6.16""}",unsafe { NonNull::new_unchecked(wrapper_ptr) },CORRECT,CORRECT,CORRECT,,imported split review true label
rust_error_mappings-040,rust_error_mappings,v6.14,.binddrift/worktrees/v6.14/rust/kernel/error.rs,286,ERR_PTR_MAPPING,"{""line"": 286, ""mapping_type"": ""ERR_PTR_MAPPING"", ""nearby_api"": ""to_result"", ""nearby_binding_symbol"": ""IS_ERR"", ""rust_file"": "".binddrift/worktrees/v6.14/rust/kernel/error.rs"", ""text"": ""pub fn from_err_ptr<T>(ptr: *mut T) -> Result<*mut T> {"", ""version_id"": ""v6.14""}",pub fn from_err_ptr<T>(ptr: *mut T) -> Result<*mut T> {,INCORRECT,INCORRECT,INCORRECT,FALSE_USAGE_EDGE,from_err_ptr definition is the mapped API but nearby_api is to_result
rust_error_mappings-041,rust_error_mappings,v6.11,.binddrift/worktrees/v6.11/rust/kernel/error.rs,276,PTR_ERR_MAPPING,"{""line"": 276, ""mapping_type"": ""PTR_ERR_MAPPING"", ""nearby_api"": ""to_result"", ""nearby_binding_symbol"": ""PTR_ERR"", ""rust_file"": "".binddrift/worktrees/v6.11/rust/kernel/error.rs"", ""text"": ""let err = unsafe { bindings::PTR_ERR(const_ptr) };"", ""version_id"": ""v6.11""}",let err = unsafe { bindings::PTR_ERR(const_ptr) };,INCORRECT,INCORRECT,INCORRECT,FALSE_USAGE_EDGE,PTR_ERR line is inside from_err_ptr but nearby_api is to_result
rust_error_mappings-042,rust_error_mappings,HEAD_6d35786de281,.binddrift/worktrees/HEAD_6d35786de281/rust/kernel/regulator.rs,299,RESULT_RETURN,"{""line"": 299, ""mapping_type"": ""RESULT_RETURN"", ""nearby_api"": ""Regulator<Disabled>::get"", ""nearby_binding_symbol"": null, ""rust_file"": "".binddrift/worktrees/HEAD_6d35786de281/rust/kernel/regulator.rs"", ""text"": ""pub fn get(dev: &Device, name: &CStr) -> Result<Self> {"", ""version_id"": ""HEAD_6d35786de281""}","pub fn get(dev: &Device, name: &CStr) -> Result<Self> {",CORRECT,CORRECT,CORRECT,,imported split review true label
rust_error_mappings-043,rust_error_mappings,v6.10,.binddrift/worktrees/v6.10/rust/kernel/net/phy.rs,196,RESULT_RETURN,"{""line"": 196, ""mapping_type"": ""RESULT_RETURN"", ""nearby_api"": ""Device::write"", ""nearby_binding_symbol"": null, ""rust_file"": "".binddrift/worktrees/v6.10/rust/kernel/net/phy.rs"", ""text"": ""pub fn write(&mut self, regnum: u16, val: u16) -> Result {"", ""version_id"": ""v6.10""}","pub fn write(&mut self, regnum: u16, val: u16) -> Result {",CORRECT,CORRECT,CORRECT,,imported split review true label
rust_error_mappings-044,rust_error_mappings,v6.16,.binddrift/worktrees/v6.16/rust/kernel/opp.rs,823,RESULT_RETURN,"{""line"": 823, ""mapping_type"": ""RESULT_RETURN"", ""nearby_api"": ""Table::cpufreq_table"", ""nearby_binding_symbol"": null, ""rust_file"": "".binddrift/worktrees/v6.16/rust/kernel/opp.rs"", ""text"": ""pub fn cpufreq_table(&mut self) -> Result<FreqTable> {"", ""version_id"": ""v6.16""}",pub fn cpufreq_table(&mut self) -> Result<FreqTable> {,CORRECT,CORRECT,CORRECT,,imported split review true label
rust_error_mappings-045,rust_error_mappings,v6.12,.binddrift/worktrees/v6.12/rust/kernel/page.rs,165,RESULT_RETURN,"{""line"": 165, ""mapping_type"": ""RESULT_RETURN"", ""nearby_api"": ""Page::read_raw"", ""nearby_binding_symbol"": null, ""rust_file"": "".binddrift/worktrees/v6.12/rust/kernel/page.rs"", ""text"": ""pub unsafe fn read_raw(&self, dst: *mut u8, offset: usize, len: usize) -> Result {"", ""version_id"": ""v6.12""}","pub unsafe fn read_raw(&self, dst: *mut u8, offset: usize, len: usize) -> Result {",CORRECT,CORRECT,CORRECT,,imported split review true label
rust_error_mappings-046,rust_error_mappings,v6.17,.binddrift/worktrees/v6.17/rust/kernel/opp.rs,659,RESULT_RETURN,"{""line"": 659, ""mapping_type"": ""RESULT_RETURN"", ""nearby_api"": ""Table::from_of"", ""nearby_binding_symbol"": null, ""rust_file"": "".binddrift/worktrees/v6.17/rust/kernel/opp.rs"", ""text"": ""pub fn from_of(dev: &ARef<Device>, index: i32) -> Result<Self> {"", ""version_id"": ""v6.17""}","pub fn from_of(dev: &ARef<Device>, index: i32) -> Result<Self> {",CORRECT,CORRECT,CORRECT,,imported split review true label
rust_error_mappings-047,rust_error_mappings,v6.17,.binddrift/worktrees/v6.17/rust/kernel/alloc/kvec.rs,609,RESULT_RETURN,"{""line"": 609, ""mapping_type"": ""RESULT_RETURN"", ""nearby_api"": ""Vec<T, A>::reserve"", ""nearby_binding_symbol"": null, ""rust_file"": "".binddrift/worktrees/v6.17/rust/kernel/alloc/kvec.rs"", ""text"": ""pub fn reserve(&mut self, additional: usize, flags: Flags) -> Result<(), AllocError> {"", ""version_id"": ""v6.17""}","pub fn reserve(&mut self, additional: usize, flags: Flags) -> Result<(), AllocError> {",CORRECT,CORRECT,CORRECT,,imported split review true label
rust_error_mappings-048,rust_error_mappings,v6.15,.binddrift/worktrees/v6.15/rust/kernel/alloc/kbox.rs,246,RESULT_RETURN,"{""line"": 246, ""mapping_type"": ""RESULT_RETURN"", ""nearby_api"": ""Box<T, A>::pin"", ""nearby_binding_symbol"": null, ""rust_file"": "".binddrift/worktrees/v6.15/rust/kernel/alloc/kbox.rs"", ""text"": ""pub fn pin(x: T, flags: Flags) -> Result<Pin<Box<T, A>>, AllocError>"", ""version_id"": ""v6.15""}","pub fn pin(x: T, flags: Flags) -> Result<Pin<Box<T, A>>, AllocError>",CORRECT,CORRECT,CORRECT,,imported split review true label
rust_error_mappings-049,rust_error_mappings,v6.19,.binddrift/worktrees/v6.19/rust/kernel/net/phy.rs,248,TO_RESULT_MAPPING,"{""line"": 248, ""mapping_type"": ""TO_RESULT_MAPPING"", ""nearby_api"": ""Device::genphy_suspend"", ""nearby_binding_symbol"": ""genphy_suspend"", ""rust_file"": "".binddrift/worktrees/v6.19/rust/kernel/net/phy.rs"", ""text"": ""to_result(unsafe { bindings::genphy_suspend(phydev) })"", ""version_id"": ""v6.19""}",to_result(unsafe { bindings::genphy_suspend(phydev) }),CORRECT,CORRECT,CORRECT,,imported split review true label
rust_error_mappings-050,rust_error_mappings,v6.14,.binddrift/worktrees/v6.14/rust/kernel/faux.rs,27,RESULT_RETURN,"{""line"": 27, ""mapping_type"": ""RESULT_RETURN"", ""nearby_api"": ""Registration::new"", ""nearby_binding_symbol"": ""faux_device_create"", ""rust_file"": "".binddrift/worktrees/v6.14/rust/kernel/faux.rs"", ""text"": ""pub fn new(name: &CStr) -> Result<Self> {"", ""version_id"": ""v6.14""}",pub fn new(name: &CStr) -> Result<Self> {,CORRECT,CORRECT,CORRECT,,imported split review true label
rust_error_mappings-051,rust_error_mappings,HEAD_6d35786de281,.binddrift/worktrees/HEAD_6d35786de281/rust/kernel/net/phy/reg.rs,113,TO_RESULT_MAPPING,"{""line"": 113, ""mapping_type"": ""TO_RESULT_MAPPING"", ""nearby_api"": ""read"", ""nearby_binding_symbol"": ""mdiobus_read"", ""rust_file"": "".binddrift/worktrees/HEAD_6d35786de281/rust/kernel/net/phy/reg.rs"", ""text"": ""to_result(ret)?;"", ""version_id"": ""HEAD_6d35786de281""}",to_result(ret)?;,CORRECT,CORRECT,CORRECT,,strict audit deterministic provenance review
rust_error_mappings-052,rust_error_mappings,v6.11,.binddrift/worktrees/v6.11/rust/kernel/uaccess.rs,335,RESULT_RETURN,"{""line"": 335, ""mapping_type"": ""RESULT_RETURN"", ""nearby_api"": ""UserSliceWriter::write_slice"", ""nearby_binding_symbol"": null, ""rust_file"": "".binddrift/worktrees/v6.11/rust/kernel/uaccess.rs"", ""text"": ""pub fn write_slice(&mut self, data: &[u8]) -> Result {"", ""version_id"": ""v6.11""}","pub fn write_slice(&mut self, data: &[u8]) -> Result {",CORRECT,CORRECT,CORRECT,,strict audit deterministic provenance review
rust_error_mappings-053,rust_error_mappings,v6.19,.binddrift/worktrees/v6.19/rust/kernel/num/bounded.rs,331,OPTION_RETURN,"{""line"": 331, ""mapping_type"": ""OPTION_RETURN"", ""nearby_api"": ""_const_new!(::try_new"", ""nearby_binding_symbol"": null, ""rust_file"": "".binddrift/worktrees/v6.19/rust/kernel/num/bounded.rs"", ""text"": ""pub fn try_new(value: T) -> Option<Self> {"", ""version_id"": ""v6.19""}",pub fn try_new(value: T) -> Option<Self> {,CORRECT,CORRECT,CORRECT,,strict audit deterministic provenance review
rust_error_mappings-054,rust_error_mappings,v6.17,.binddrift/worktrees/v6.17/rust/kernel/regulator.rs,22,TO_RESULT_MAPPING,"{""line"": 22, ""mapping_type"": ""TO_RESULT_MAPPING"", ""nearby_api"": null, ""nearby_binding_symbol"": null, ""rust_file"": "".binddrift/worktrees/v6.17/rust/kernel/regulator.rs"", ""text"": ""error::{from_err_ptr, to_result, Result},"", ""version_id"": ""v6.17""}","error::{from_err_ptr, to_result, Result},",CORRECT,CORRECT,CORRECT,,strict audit deterministic provenance review
rust_error_mappings-055,rust_error_mappings,v6.19,.binddrift/worktrees/v6.19/rust/kernel/rbtree.rs,939,OPTION_RETURN,"{""line"": 939, ""mapping_type"": ""OPTION_RETURN"", ""nearby_api"": ""CursorMut<'a, K, V>::remove_prev"", ""nearby_binding_symbol"": null, ""rust_file"": "".binddrift/worktrees/v6.19/rust/kernel/rbtree.rs"", ""text"": ""pub fn remove_prev(&mut self) -> Option<RBTreeNode<K, V>> {"", ""version_id"": ""v6.19""}","pub fn remove_prev(&mut self) -> Option<RBTreeNode<K, V>> {",CORRECT,CORRECT,CORRECT,,strict audit deterministic provenance review
rust_error_mappings-056,rust_error_mappings,v6.17,.binddrift/worktrees/v6.17/rust/kernel/drm/driver.rs,124,TO_RESULT_MAPPING,"{""line"": 124, ""mapping_type"": ""TO_RESULT_MAPPING"", ""nearby_api"": ""new"", ""nearby_binding_symbol"": ""drm_dev_register"", ""rust_file"": "".binddrift/worktrees/v6.17/rust/kernel/drm/driver.rs"", ""text"": ""to_result(unsafe { bindings::drm_dev_register(drm.as_raw(), flags) })?;"", ""version_id"": ""v6.17""}","to_result(unsafe { bindings::drm_dev_register(drm.as_raw(), flags) })?;",CORRECT,CORRECT,CORRECT,,strict audit deterministic provenance review
rust_error_mappings-057,rust_error_mappings,v6.18,.binddrift/worktrees/v6.18/rust/kernel/opp.rs,45,TO_RESULT_MAPPING,"{""line"": 45, ""mapping_type"": ""TO_RESULT_MAPPING"", ""nearby_api"": ""FreqTable::new"", ""nearby_binding_symbol"": ""dev_pm_opp_init_cpufreq_table"", ""rust_file"": "".binddrift/worktrees/v6.18/rust/kernel/opp.rs"", ""text"": ""to_result(unsafe {"", ""version_id"": ""v6.18""}",to_result(unsafe {,CORRECT,CORRECT,CORRECT,,strict audit deterministic provenance review
rust_error_mappings-058,rust_error_mappings,v6.18,.binddrift/worktrees/v6.18/rust/kernel/security.rs,27,RESULT_RETURN,"{""line"": 27, ""mapping_type"": ""RESULT_RETURN"", ""nearby_api"": ""binder_transaction"", ""nearby_binding_symbol"": ""security_binder_transaction"", ""rust_file"": "".binddrift/worktrees/v6.18/rust/kernel/security.rs"", ""text"": ""pub fn binder_transaction(from: &Credential, to: &Credential) -> Result {"", ""version_id"": ""v6.18""}","pub fn binder_transaction(from: &Credential, to: &Credential) -> Result {",CORRECT,CORRECT,CORRECT,,strict audit deterministic provenance review
rust_error_mappings-059,rust_error_mappings,v6.15,.binddrift/worktrees/v6.15/rust/kernel/net/phy.rs,272,TO_RESULT_MAPPING,"{""line"": 272, ""mapping_type"": ""TO_RESULT_MAPPING"", ""nearby_api"": ""Device::genphy_read_lpa"", ""nearby_binding_symbol"": ""genphy_read_lpa"", ""rust_file"": "".binddrift/worktrees/v6.15/rust/kernel/net/phy.rs"", ""text"": ""to_result(unsafe { bindings::genphy_read_lpa(phydev) })"", ""version_id"": ""v6.15""}",to_result(unsafe { bindings::genphy_read_lpa(phydev) }),CORRECT,CORRECT,CORRECT,,strict audit deterministic provenance review
rust_error_mappings-060,rust_error_mappings,v6.14,.binddrift/worktrees/v6.14/rust/kernel/rbtree.rs,259,NONNULL_MAPPING,"{""line"": 259, ""mapping_type"": ""NONNULL_MAPPING"", ""nearby_api"": ""RBTree<K, V>::cursor_back"", ""nearby_binding_symbol"": ""rb_last"", ""rust_file"": "".binddrift/worktrees/v6.14/rust/kernel/rbtree.rs"", ""text"": ""NonNull::new(current).map(|current| {"", ""version_id"": ""v6.14""}",NonNull::new(current).map(|current| {,CORRECT,CORRECT,CORRECT,,strict audit deterministic provenance review
rust_error_mappings-061,rust_error_mappings,v6.18,.binddrift/worktrees/v6.18/rust/kernel/sync/arc.rs,181,NONNULL_MAPPING,"{""line"": 181, ""mapping_type"": ""NONNULL_MAPPING"", ""nearby_api"": ""container_of"", ""nearby_binding_symbol"": null, ""rust_file"": "".binddrift/worktrees/v6.18/rust/kernel/sync/arc.rs"", ""text"": ""unsafe { NonNull::new_unchecked(ptr.cast_mut()) }"", ""version_id"": ""v6.18""}",unsafe { NonNull::new_unchecked(ptr.cast_mut()) },CORRECT,CORRECT,CORRECT,,strict audit deterministic provenance review
rust_error_mappings-062,rust_error_mappings,v6.17,.binddrift/worktrees/v6.17/rust/kernel/rbtree.rs,261,OPTION_RETURN,"{""line"": 261, ""mapping_type"": ""OPTION_RETURN"", ""nearby_api"": ""RBTree<K, V>::cursor_back"", ""nearby_binding_symbol"": ""rb_last"", ""rust_file"": "".binddrift/worktrees/v6.17/rust/kernel/rbtree.rs"", ""text"": ""pub fn cursor_back(&mut self) -> Option<Cursor<'_, K, V>> {"", ""version_id"": ""v6.17""}","pub fn cursor_back(&mut self) -> Option<Cursor<'_, K, V>> {",CORRECT,CORRECT,CORRECT,,strict audit deterministic provenance review
rust_error_mappings-063,rust_error_mappings,v6.12,.binddrift/worktrees/v6.12/rust/kernel/rbtree.rs,410,OPTION_RETURN,"{""line"": 410, ""mapping_type"": ""OPTION_RETURN"", ""nearby_api"": ""RBTree<K, V>::remove"", ""nearby_binding_symbol"": null, ""rust_file"": "".binddrift/worktrees/v6.12/rust/kernel/rbtree.rs"", ""text"": ""pub fn remove(&mut self, key: &K) -> Option<V> {"", ""version_id"": ""v6.12""}","pub fn remove(&mut self, key: &K) -> Option<V> {",CORRECT,CORRECT,CORRECT,,strict audit deterministic provenance review
rust_error_mappings-064,rust_error_mappings,v6.18,.binddrift/worktrees/v6.18/rust/kernel/clk.rs,84,TO_RESULT_MAPPING,"{""line"": 84, ""mapping_type"": ""TO_RESULT_MAPPING"", ""nearby_api"": null, ""nearby_binding_symbol"": null, ""rust_file"": "".binddrift/worktrees/v6.18/rust/kernel/clk.rs"", ""text"": ""error::{from_err_ptr, to_result, Result},"", ""version_id"": ""v6.18""}","error::{from_err_ptr, to_result, Result},",CORRECT,CORRECT,CORRECT,,strict audit deterministic provenance review
rust_error_mappings-065,rust_error_mappings,v6.19,.binddrift/worktrees/v6.19/rust/kernel/pwm.rs,14,TO_RESULT_MAPPING,"{""line"": 14, ""mapping_type"": ""TO_RESULT_MAPPING"", ""nearby_api"": null, ""nearby_binding_symbol"": null, ""rust_file"": "".binddrift/worktrees/v6.19/rust/kernel/pwm.rs"", ""text"": ""error::{self, to_result},"", ""version_id"": ""v6.19""}","error::{self, to_result},",CORRECT,CORRECT,CORRECT,,strict audit deterministic provenance review
rust_error_mappings-066,rust_error_mappings,v6.18,.binddrift/worktrees/v6.18/rust/kernel/list/arc.rs,310,OPTION_RETURN,"{""line"": 310, ""mapping_type"": ""OPTION_RETURN"", ""nearby_api"": ""ListArc<T, ID>::try_from_arc_or_drop"", ""nearby_binding_symbol"": null, ""rust_file"": "".binddrift/worktrees/v6.18/rust/kernel/list/arc.rs"", ""text"": ""pub fn try_from_arc_or_drop(arc: Arc<T>) -> Option<Self>"", ""version_id"": ""v6.18""}",pub fn try_from_arc_or_drop(arc: Arc<T>) -> Option<Self>,CORRECT,CORRECT,CORRECT,,strict audit deterministic provenance review
rust_error_mappings-067,rust_error_mappings,v6.18,.binddrift/worktrees/v6.18/rust/kernel/opp.rs,835,TO_RESULT_MAPPING,"{""line"": 835, ""mapping_type"": ""TO_RESULT_MAPPING"", ""nearby_api"": ""Table::set_opp"", ""nearby_binding_symbol"": ""dev_pm_opp_set_opp"", ""rust_file"": "".binddrift/worktrees/v6.18/rust/kernel/opp.rs"", ""text"": ""to_result(unsafe { bindings::dev_pm_opp_set_opp(self.dev.as_raw(), opp.as_raw()) })"", ""version_id"": ""v6.18""}","to_result(unsafe { bindings::dev_pm_opp_set_opp(self.dev.as_raw(), opp.as_raw()) })",CORRECT,CORRECT,CORRECT,,strict audit deterministic provenance review
rust_error_mappings-068,rust_error_mappings,v6.9,.binddrift/worktrees/v6.9/rust/kernel/error.rs,278,IS_ERR_MAPPING,"{""line"": 278, ""mapping_type"": ""IS_ERR_MAPPING"", ""nearby_api"": ""to_result"", ""nearby_binding_symbol"": ""PTR_ERR"", ""rust_file"": "".binddrift/worktrees/v6.9/rust/kernel/error.rs"", ""text"": ""if unsafe { bindings::IS_ERR(const_ptr) } {"", ""version_id"": ""v6.9""}",if unsafe { bindings::IS_ERR(const_ptr) } {,CORRECT,CORRECT,CORRECT,,strict audit deterministic provenance review
rust_error_mappings-069,rust_error_mappings,HEAD_6d35786de281,.binddrift/worktrees/HEAD_6d35786de281/rust/kernel/rbtree.rs,1196,RESULT_RETURN,"{""line"": 1196, ""mapping_type"": ""RESULT_RETURN"", ""nearby_api"": ""RBTreeNodeReservation<K, V>::new"", ""nearby_binding_symbol"": null, ""rust_file"": "".binddrift/worktrees/HEAD_6d35786de281/rust/kernel/rbtree.rs"", ""text"": ""pub fn new(flags: Flags) -> Result<RBTreeNodeReservation<K, V>> {"", ""version_id"": ""HEAD_6d35786de281""}","pub fn new(flags: Flags) -> Result<RBTreeNodeReservation<K, V>> {",CORRECT,CORRECT,CORRECT,,strict audit deterministic provenance review
rust_error_mappings-070,rust_error_mappings,v6.15,.binddrift/worktrees/v6.15/rust/kernel/task.rs,305,NONNULL_MAPPING,"{""line"": 305, ""mapping_type"": ""NONNULL_MAPPING"", ""nearby_api"": ""Task::get_pid_ns"", ""nearby_binding_symbol"": null, ""rust_file"": "".binddrift/worktrees/v6.15/rust/kernel/task.rs"", ""text"": ""Some(unsafe { ARef::from_raw(ptr::NonNull::new_unchecked(ptr.cast::<PidNamespace>())) })"", ""version_id"": ""v6.15""}",Some(unsafe { ARef::from_raw(ptr::NonNull::new_unchecked(ptr.cast::<PidNamespace>())) }),CORRECT,CORRECT,CORRECT,,strict audit deterministic provenance review
rust_error_mappings-071,rust_error_mappings,v7.0,.binddrift/worktrees/v7.0/rust/kernel/rbtree.rs,411,OPTION_RETURN,"{""line"": 411, ""mapping_type"": ""OPTION_RETURN"", ""nearby_api"": ""RBTree<K, V>::get"", ""nearby_binding_symbol"": null, ""rust_file"": "".binddrift/worktrees/v7.0/rust/kernel/rbtree.rs"", ""text"": ""pub fn get(&self, key: &K) -> Option<&V> {"", ""version_id"": ""v7.0""}","pub fn get(&self, key: &K) -> Option<&V> {",CORRECT,CORRECT,CORRECT,,strict audit deterministic provenance review
rust_error_mappings-072,rust_error_mappings,v6.14,.binddrift/worktrees/v6.14/rust/kernel/rbtree.rs,367,OPTION_RETURN,"{""line"": 367, ""mapping_type"": ""OPTION_RETURN"", ""nearby_api"": ""RBTree<K, V>::find_mut"", ""nearby_binding_symbol"": null, ""rust_file"": "".binddrift/worktrees/v6.14/rust/kernel/rbtree.rs"", ""text"": ""pub fn find_mut(&mut self, key: &K) -> Option<OccupiedEntry<'_, K, V>> {"", ""version_id"": ""v6.14""}","pub fn find_mut(&mut self, key: &K) -> Option<OccupiedEntry<'_, K, V>> {",CORRECT,CORRECT,CORRECT,,strict audit deterministic provenance review
rust_error_mappings-073,rust_error_mappings,v6.16,.binddrift/worktrees/v6.16/rust/kernel/list.rs,429,OPTION_RETURN,"{""line"": 429, ""mapping_type"": ""OPTION_RETURN"", ""nearby_api"": ""List<T, ID>::pop_back"", ""nearby_binding_symbol"": null, ""rust_file"": "".binddrift/worktrees/v6.16/rust/kernel/list.rs"", ""text"": ""pub fn pop_back(&mut self) -> Option<ListArc<T, ID>> {"", ""version_id"": ""v6.16""}","pub fn pop_back(&mut self) -> Option<ListArc<T, ID>> {",CORRECT,CORRECT,CORRECT,,strict audit deterministic provenance review
rust_error_mappings-074,rust_error_mappings,v7.0,.binddrift/worktrees/v7.0/rust/kernel/drm/device.rs,115,NONNULL_MAPPING,"{""line"": 115, ""mapping_type"": ""NONNULL_MAPPING"", ""nearby_api"": ""Device<T>::new"", ""nearby_binding_symbol"": null, ""rust_file"": "".binddrift/worktrees/v7.0/rust/kernel/drm/device.rs"", ""text"": ""let raw_drm = NonNull::new(from_err_ptr(raw_drm)?).ok_or(ENOMEM)?;"", ""version_id"": ""v7.0""}",let raw_drm = NonNull::new(from_err_ptr(raw_drm)?).ok_or(ENOMEM)?;,CORRECT,CORRECT,CORRECT,,strict audit deterministic provenance review
rust_error_mappings-075,rust_error_mappings,v6.13,.binddrift/worktrees/v6.13/rust/kernel/block/mq/request.rs,148,NONNULL_MAPPING,"{""line"": 148, ""mapping_type"": ""NONNULL_MAPPING"", ""nearby_api"": ""Request<T>::wrapper_ptr"", ""nearby_binding_symbol"": ""blk_mq_rq_to_pdu"", ""rust_file"": "".binddrift/worktrees/v6.13/rust/kernel/block/mq/request.rs"", ""text"": ""unsafe { NonNull::new_unchecked(wrapper_ptr) }"", ""version_id"": ""v6.13""}",unsafe { NonNull::new_unchecked(wrapper_ptr) },CORRECT,CORRECT,CORRECT,,strict audit deterministic provenance review
rust_lifetime_facts-001,rust_lifetime_facts,v6.18,.binddrift/worktrees/v6.18/rust/kernel/list/arc.rs,363,FROM_RAW,"{""evidence_text"": ""let arc = unsafe { Arc::from_raw(ptr) };"", ""fact_type"": ""FROM_RAW"", ""line"": 363, ""rust_file"": "".binddrift/worktrees/v6.18/rust/kernel/list/arc.rs"", ""rust_type"": ""ListArc<T, ID>"", ""uses_bindings"": ""[]"", ""version_id"": ""v6.18""}",let arc = unsafe { Arc::from_raw(ptr) };,CORRECT,CORRECT,CORRECT,,imported split review true label
rust_lifetime_facts-002,rust_lifetime_facts,v6.19,.binddrift/worktrees/v6.19/rust/kernel/maple_tree.rs,76,FOREIGN_OWNABLE,"{""evidence_text"": ""impl<T: ForeignOwnable> MapleTree<T> {"", ""fact_type"": ""FOREIGN_OWNABLE"", ""line"": 76, ""rust_file"": "".binddrift/worktrees/v6.19/rust/kernel/maple_tree.rs"", ""rust_type"": ""MapleTree<T>"", ""uses_bindings"": ""[]"", ""version_id"": ""v6.19""}",impl<T: ForeignOwnable> MapleTree<T> {,CORRECT,CORRECT,CORRECT,,imported split review true label
rust_lifetime_facts-003,rust_lifetime_facts,v6.17,.binddrift/worktrees/v6.17/rust/kernel/auxiliary.rs,39,AS_PTR,"{""evidence_text"": ""(*adrv.get()).id_table = T::ID_TABLE.as_ptr();"", ""fact_type"": ""AS_PTR"", ""line"": 39, ""rust_file"": "".binddrift/worktrees/v6.17/rust/kernel/auxiliary.rs"", ""rust_type"": ""Adapter"", ""uses_bindings"": ""[]"", ""version_id"": ""v6.17""}",(*adrv.get()).id_table = T::ID_TABLE.as_ptr();,CORRECT,CORRECT,CORRECT,,imported split review true label
rust_lifetime_facts-004,rust_lifetime_facts,v6.16,.binddrift/worktrees/v6.16/rust/kernel/workqueue.rs,565,FROM_RAW,"{""evidence_text"": ""Err(unsafe { Arc::from_raw(ptr) })"", ""fact_type"": ""FROM_RAW"", ""line"": 565, ""rust_file"": "".binddrift/worktrees/v6.16/rust/kernel/workqueue.rs"", ""rust_type"": null, ""uses_bindings"": ""[]"", ""version_id"": ""v6.16""}",Err(unsafe { Arc::from_raw(ptr) }),CORRECT,CORRECT,CORRECT,,imported split review true label
rust_lifetime_facts-005,rust_lifetime_facts,v6.16,.binddrift/worktrees/v6.16/rust/kernel/xarray.rs,154,IMPL_DROP,"{""evidence_text"": ""impl<T: ForeignOwnable> Drop for Guard<'_, T> {"", ""fact_type"": ""IMPL_DROP"", ""line"": 154, ""rust_file"": "".binddrift/worktrees/v6.16/rust/kernel/xarray.rs"", ""rust_type"": ""Guard<'_, T>"", ""uses_bindings"": ""[]"", ""version_id"": ""v6.16""}","impl<T: ForeignOwnable> Drop for Guard<'_, T> {",CORRECT,CORRECT,CORRECT,,imported split review true label
rust_lifetime_facts-006,rust_lifetime_facts,HEAD_6d35786de281,.binddrift/worktrees/HEAD_6d35786de281/rust/kernel/usb.rs,340,OPAQUE,"{""evidence_text"": ""Opaque<bindings::usb_interface>,"", ""fact_type"": ""OPAQUE"", ""line"": 340, ""rust_file"": "".binddrift/worktrees/HEAD_6d35786de281/rust/kernel/usb.rs"", ""rust_type"": null, ""uses_bindings"": ""[\""usb_interface\""]"", ""version_id"": ""HEAD_6d35786de281""}","Opaque<bindings::usb_interface>,",CORRECT,CORRECT,CORRECT,,imported split review true label
rust_lifetime_facts-007,rust_lifetime_facts,v6.11,.binddrift/worktrees/v6.11/rust/kernel/firmware.rs,86,AS_PTR,"{""evidence_text"": ""self.0.as_ptr()"", ""fact_type"": ""AS_PTR"", ""line"": 86, ""rust_file"": "".binddrift/worktrees/v6.11/rust/kernel/firmware.rs"", ""rust_type"": ""Firmware"", ""uses_bindings"": ""[\""firmware\""]"", ""version_id"": ""v6.11""}",self.0.as_ptr(),CORRECT,CORRECT,CORRECT,,imported split review true label
rust_lifetime_facts-008,rust_lifetime_facts,v6.16,.binddrift/worktrees/v6.16/rust/kernel/task.rs,233,AS_PTR,"{""evidence_text"": ""Kuid::from_raw(unsafe { bindings::task_euid(self.as_ptr()) })"", ""fact_type"": ""AS_PTR"", ""line"": 233, ""rust_file"": "".binddrift/worktrees/v6.16/rust/kernel/task.rs"", ""rust_type"": ""Task"", ""uses_bindings"": ""[\""task_euid\""]"", ""version_id"": ""v6.16""}",Kuid::from_raw(unsafe { bindings::task_euid(self.as_ptr()) }),CORRECT,CORRECT,CORRECT,,imported split review true label
rust_lifetime_facts-009,rust_lifetime_facts,HEAD_6d35786de281,.binddrift/worktrees/HEAD_6d35786de281/rust/kernel/block/mq/gen_disk.rs,195,FOREIGN_OWNABLE,"{""evidence_text"": ""///  - `self.gendisk.queue.queuedata` is initialized by a call to `ForeignOwnable::into_foreign`."", ""fact_type"": ""FOREIGN_OWNABLE"", ""line"": 195, ""rust_file"": "".binddrift/worktrees/HEAD_6d35786de281/rust/kernel/block/mq/gen_disk.rs"", ""rust_type"": null, ""uses_bindings"": ""[\""gendisk\""]"", ""version_id"": ""HEAD_6d35786de281""}",///  - `self.gendisk.queue.queuedata` is initialized by a call to `ForeignOwnable::into_foreign`.,CORRECT,CORRECT,CORRECT,,imported split review true label
rust_lifetime_facts-010,rust_lifetime_facts,v7.0,.binddrift/worktrees/v7.0/rust/kernel/fs/file.rs,325,AS_PTR,"{""evidence_text"": ""let ptr = unsafe { (*self.as_ptr()).f_cred };"", ""fact_type"": ""AS_PTR"", ""line"": 325, ""rust_file"": "".binddrift/worktrees/v7.0/rust/kernel/fs/file.rs"", ""rust_type"": ""LocalFile"", ""uses_bindings"": ""[]"", ""version_id"": ""v7.0""}",let ptr = unsafe { (*self.as_ptr()).f_cred };,CORRECT,CORRECT,CORRECT,,imported split review true label
rust_lifetime_facts-011,rust_lifetime_facts,HEAD_6d35786de281,.binddrift/worktrees/HEAD_6d35786de281/rust/kernel/bitmap.rs,341,AS_PTR,"{""evidence_text"": ""unsafe { bindings::set_bit(index, self.as_ptr().cast_mut()) };"", ""fact_type"": ""AS_PTR"", ""line"": 341, ""rust_file"": "".binddrift/worktrees/HEAD_6d35786de281/rust/kernel/bitmap.rs"", ""rust_type"": ""Bitmap"", ""uses_bindings"": ""[\""set_bit\""]"", ""version_id"": ""HEAD_6d35786de281""}","unsafe { bindings::set_bit(index, self.as_ptr().cast_mut()) };",CORRECT,CORRECT,CORRECT,,imported split review true label
rust_lifetime_facts-012,rust_lifetime_facts,v6.6,.binddrift/worktrees/v6.6/rust/kernel/types.rs,37,FOREIGN_OWNABLE,"{""evidence_text"": ""/// which a previous matching [`ForeignOwnable::from_foreign`] hasn't been called yet."", ""fact_type"": ""FOREIGN_OWNABLE"", ""line"": 37, ""rust_file"": "".binddrift/worktrees/v6.6/rust/kernel/types.rs"", ""rust_type"": null, ""uses_bindings"": ""[]"", ""version_id"": ""v6.6""}",/// which a previous matching [`ForeignOwnable::from_foreign`] hasn't been called yet.,CORRECT,CORRECT,CORRECT,,imported split review true label
rust_lifetime_facts-013,rust_lifetime_facts,v6.15,.binddrift/worktrees/v6.15/rust/kernel/block/mq/request.rs,121,AREF,"{""evidence_text"": ""pub fn end_ok(this: ARef<Self>) -> Result<(), ARef<Self>> {"", ""fact_type"": ""AREF"", ""line"": 121, ""rust_file"": "".binddrift/worktrees/v6.15/rust/kernel/block/mq/request.rs"", ""rust_type"": ""Request<T>"", ""uses_bindings"": ""[]"", ""version_id"": ""v6.15""}","pub fn end_ok(this: ARef<Self>) -> Result<(), ARef<Self>> {",CORRECT,CORRECT,CORRECT,,imported split review true label
rust_lifetime_facts-014,rust_lifetime_facts,v6.14,.binddrift/worktrees/v6.14/rust/kernel/task.rs,318,AS_PTR,"{""evidence_text"": ""unsafe { bindings::task_tgid_nr_ns(self.as_ptr(), pidns) }"", ""fact_type"": ""AS_PTR"", ""line"": 318, ""rust_file"": "".binddrift/worktrees/v6.14/rust/kernel/task.rs"", ""rust_type"": ""Task"", ""uses_bindings"": ""[\""task_tgid_nr_ns\""]"", ""version_id"": ""v6.14""}","unsafe { bindings::task_tgid_nr_ns(self.as_ptr(), pidns) }",CORRECT,CORRECT,CORRECT,,imported split review true label
rust_lifetime_facts-015,rust_lifetime_facts,v6.9,.binddrift/worktrees/v6.9/rust/kernel/net/phy.rs,365,FROM_RAW,"{""evidence_text"": ""let dev = unsafe { Device::from_raw(phydev) };"", ""fact_type"": ""FROM_RAW"", ""line"": 365, ""rust_file"": "".binddrift/worktrees/v6.9/rust/kernel/net/phy.rs"", ""rust_type"": ""Adapter<T>"", ""uses_bindings"": ""[]"", ""version_id"": ""v6.9""}",let dev = unsafe { Device::from_raw(phydev) };,CORRECT,CORRECT,CORRECT,,imported split review true label
rust_lifetime_facts-016,rust_lifetime_facts,v6.12,.binddrift/worktrees/v6.12/rust/kernel/sync/arc.rs,405,AS_PTR,"{""evidence_text"": ""unsafe { drop(Box::from_raw(self.ptr.as_ptr())) };"", ""fact_type"": ""AS_PTR"", ""line"": 405, ""rust_file"": "".binddrift/worktrees/v6.12/rust/kernel/sync/arc.rs"", ""rust_type"": ""Arc<T>"", ""uses_bindings"": ""[]"", ""version_id"": ""v6.12""}",unsafe { drop(Box::from_raw(self.ptr.as_ptr())) };,CORRECT,CORRECT,CORRECT,,imported split review true label
rust_lifetime_facts-017,rust_lifetime_facts,v6.16,.binddrift/worktrees/v6.16/rust/kernel/sync/arc.rs,461,FROM_RAW,"{""evidence_text"": ""unsafe { drop(KBox::from_raw(self.ptr.as_ptr())) };"", ""fact_type"": ""FROM_RAW"", ""line"": 461, ""rust_file"": "".binddrift/worktrees/v6.16/rust/kernel/sync/arc.rs"", ""rust_type"": ""Arc<T>"", ""uses_bindings"": ""[]"", ""version_id"": ""v6.16""}",unsafe { drop(KBox::from_raw(self.ptr.as_ptr())) };,CORRECT,CORRECT,CORRECT,,imported split review true label
rust_lifetime_facts-018,rust_lifetime_facts,v6.17,.binddrift/worktrees/v6.17/rust/kernel/init.rs,21,OPAQUE,"{""evidence_text"": ""//! [`Opaque<T>`] field by just delegating to the supplied closure. You can use these in"", ""fact_type"": ""OPAQUE"", ""line"": 21, ""rust_file"": "".binddrift/worktrees/v6.17/rust/kernel/init.rs"", ""rust_type"": null, ""uses_bindings"": ""[]"", ""version_id"": ""v6.17""}",//! [`Opaque<T>`] field by just delegating to the supplied closure. You can use these in,CORRECT,CORRECT,CORRECT,,imported split review true label
rust_lifetime_facts-019,rust_lifetime_facts,HEAD_6d35786de281,.binddrift/worktrees/HEAD_6d35786de281/rust/kernel/sync/aref.rs,180,AREF,"{""evidence_text"": ""fn eq(&self, other: &ARef<U>) -> bool {"", ""fact_type"": ""AREF"", ""line"": 180, ""rust_file"": "".binddrift/worktrees/HEAD_6d35786de281/rust/kernel/sync/aref.rs"", ""rust_type"": ""ARef<T>"", ""uses_bindings"": ""[]"", ""version_id"": ""HEAD_6d35786de281""}","fn eq(&self, other: &ARef<U>) -> bool {",CORRECT,CORRECT,CORRECT,,imported split review true label
rust_lifetime_facts-020,rust_lifetime_facts,v6.16,.binddrift/worktrees/v6.16/rust/kernel/types.rs,529,INTO_RAW,"{""evidence_text"": ""pub fn into_raw(me: Self) -> NonNull<T> {"", ""fact_type"": ""INTO_RAW"", ""line"": 529, ""rust_file"": "".binddrift/worktrees/v6.16/rust/kernel/types.rs"", ""rust_type"": ""ARef<T>"", ""uses_bindings"": ""[]"", ""version_id"": ""v6.16""}",pub fn into_raw(me: Self) -> NonNull<T> {,CORRECT,CORRECT,CORRECT,,imported split review true label
rust_lifetime_facts-021,rust_lifetime_facts,v7.0,.binddrift/worktrees/v7.0/rust/kernel/drm/file.rs,92,FROM_RAW,"{""evidence_text"": ""let file = unsafe { File::<T>::from_raw(raw_file) };"", ""fact_type"": ""FROM_RAW"", ""line"": 92, ""rust_file"": "".binddrift/worktrees/v7.0/rust/kernel/drm/file.rs"", ""rust_type"": ""File<T>"", ""uses_bindings"": ""[\""drm_file\""]"", ""version_id"": ""v7.0""}",let file = unsafe { File::<T>::from_raw(raw_file) };,CORRECT,CORRECT,CORRECT,,imported split review true label
rust_lifetime_facts-022,rust_lifetime_facts,v6.12,.binddrift/worktrees/v6.12/rust/kernel/types.rs,24,FOREIGN_OWNABLE,"{""evidence_text"": ""/// Type of values borrowed between calls to [`ForeignOwnable::into_foreign`] and"", ""fact_type"": ""FOREIGN_OWNABLE"", ""line"": 24, ""rust_file"": "".binddrift/worktrees/v6.12/rust/kernel/types.rs"", ""rust_type"": null, ""uses_bindings"": ""[]"", ""version_id"": ""v6.12""}",/// Type of values borrowed between calls to [`ForeignOwnable::into_foreign`] and,CORRECT,CORRECT,CORRECT,,imported split review true label
rust_lifetime_facts-023,rust_lifetime_facts,v6.13,.binddrift/worktrees/v6.13/rust/kernel/sync.rs,25,OPAQUE,"{""evidence_text"": ""pub struct LockClassKey(Opaque<bindings::lock_class_key>);"", ""fact_type"": ""OPAQUE"", ""line"": 25, ""rust_file"": "".binddrift/worktrees/v6.13/rust/kernel/sync.rs"", ""rust_type"": null, ""uses_bindings"": ""[\""lock_class_key\""]"", ""version_id"": ""v6.13""}",pub struct LockClassKey(Opaque<bindings::lock_class_key>);,CORRECT,CORRECT,CORRECT,,imported split review true label
rust_lifetime_facts-024,rust_lifetime_facts,v6.18,.binddrift/worktrees/v6.18/rust/kernel/time/hrtimer.rs,706,FROM_RAW,"{""evidence_text"": ""pub(crate) unsafe fn from_raw(timer: *mut HrTimer<T>) -> Self {"", ""fact_type"": ""FROM_RAW"", ""line"": 706, ""rust_file"": "".binddrift/worktrees/v6.18/rust/kernel/time/hrtimer.rs"", ""rust_type"": ""HrTimerCallbackContext<'a, T>"", ""uses_bindings"": ""[]"", ""version_id"": ""v6.18""}",pub(crate) unsafe fn from_raw(timer: *mut HrTimer<T>) -> Self {,CORRECT,CORRECT,CORRECT,,imported split review true label
rust_lifetime_facts-025,rust_lifetime_facts,v6.19,.binddrift/worktrees/v6.19/rust/kernel/fs/file.rs,176,AREF,"{""evidence_text"": ""/// * You can think of `fdget` as using an fd to look up an `ARef<File>` in the `struct"", ""fact_type"": ""AREF"", ""line"": 176, ""rust_file"": "".binddrift/worktrees/v6.19/rust/kernel/fs/file.rs"", ""rust_type"": null, ""uses_bindings"": ""[]"", ""version_id"": ""v6.19""}",/// * You can think of `fdget` as using an fd to look up an `ARef<File>` in the `struct,CORRECT,CORRECT,CORRECT,,imported split review true label
rust_lifetime_facts-026,rust_lifetime_facts,HEAD_6d35786de281,.binddrift/worktrees/HEAD_6d35786de281/rust/kernel/alloc/kbox.rs,211,FROM_RAW,"{""evidence_text"": ""unsafe { Box::from_raw(raw.cast()) }"", ""fact_type"": ""FROM_RAW"", ""line"": 211, ""rust_file"": "".binddrift/worktrees/HEAD_6d35786de281/rust/kernel/alloc/kbox.rs"", ""rust_type"": ""Box<MaybeUninit<T>, A>"", ""uses_bindings"": ""[]"", ""version_id"": ""HEAD_6d35786de281""}",unsafe { Box::from_raw(raw.cast()) },CORRECT,CORRECT,CORRECT,,imported split review true label
rust_lifetime_facts-027,rust_lifetime_facts,v6.15,.binddrift/worktrees/v6.15/rust/kernel/alloc/kbox.rs,263,INTO_RAW,"{""evidence_text"": ""// SAFETY: `ptr` is valid, because it came from `Box::into_raw`."", ""fact_type"": ""INTO_RAW"", ""line"": 263, ""rust_file"": "".binddrift/worktrees/v6.15/rust/kernel/alloc/kbox.rs"", ""rust_type"": ""Box<T, A>"", ""uses_bindings"": ""[]"", ""version_id"": ""v6.15""}","// SAFETY: `ptr` is valid, because it came from `Box::into_raw`.",CORRECT,CORRECT,CORRECT,,imported split review true label
rust_lifetime_facts-028,rust_lifetime_facts,v6.19,.binddrift/worktrees/v6.19/rust/kernel/auxiliary.rs,294,AS_PTR,"{""evidence_text"": ""let adev: *mut bindings::auxiliary_device = obj.cast().as_ptr();"", ""fact_type"": ""AS_PTR"", ""line"": 294, ""rust_file"": "".binddrift/worktrees/v6.19/rust/kernel/auxiliary.rs"", ""rust_type"": null, ""uses_bindings"": ""[\""auxiliary_device\""]"", ""version_id"": ""v6.19""}",let adev: *mut bindings::auxiliary_device = obj.cast().as_ptr();,CORRECT,CORRECT,CORRECT,,imported split review true label
rust_lifetime_facts-029,rust_lifetime_facts,v7.0,.binddrift/worktrees/v7.0/rust/kernel/time/hrtimer/tbox.rs,19,INTO_RAW,"{""evidence_text"": ""/// - `self.inner` comes from a `Box::into_raw` call."", ""fact_type"": ""INTO_RAW"", ""line"": 19, ""rust_file"": "".binddrift/worktrees/v7.0/rust/kernel/time/hrtimer/tbox.rs"", ""rust_type"": null, ""uses_bindings"": ""[]"", ""version_id"": ""v7.0""}",/// - `self.inner` comes from a `Box::into_raw` call.,CORRECT,CORRECT,CORRECT,,imported split review true label
rust_lifetime_facts-030,rust_lifetime_facts,v6.19,.binddrift/worktrees/v6.19/rust/kernel/alloc/kvec.rs,577,MANUALLY_DROP,"{""evidence_text"": ""let mut me = ManuallyDrop::new(self);"", ""fact_type"": ""MANUALLY_DROP"", ""line"": 577, ""rust_file"": "".binddrift/worktrees/v6.19/rust/kernel/alloc/kvec.rs"", ""rust_type"": ""Vec<T, A>"", ""uses_bindings"": ""[]"", ""version_id"": ""v6.19""}",let mut me = ManuallyDrop::new(self);,CORRECT,CORRECT,CORRECT,,imported split review true label
rust_lifetime_facts-031,rust_lifetime_facts,v6.17,.binddrift/worktrees/v6.17/rust/kernel/sync/condvar.rs,84,OPAQUE,"{""evidence_text"": ""pub(crate) wait_queue_head: Opaque<bindings::wait_queue_head>,"", ""fact_type"": ""OPAQUE"", ""line"": 84, ""rust_file"": "".binddrift/worktrees/v6.17/rust/kernel/sync/condvar.rs"", ""rust_type"": ""CondVar"", ""uses_bindings"": ""[\""wait_queue_head\""]"", ""version_id"": ""v6.17""}","pub(crate) wait_queue_head: Opaque<bindings::wait_queue_head>,",CORRECT,CORRECT,CORRECT,,imported split review true label
rust_lifetime_facts-032,rust_lifetime_facts,v6.15,.binddrift/worktrees/v6.15/rust/kernel/time/hrtimer/tbox.rs,53,INTO_RAW,"{""evidence_text"": ""// SAFETY: By type invariant, `self.inner` came from a `Box::into_raw`"", ""fact_type"": ""INTO_RAW"", ""line"": 53, ""rust_file"": "".binddrift/worktrees/v6.15/rust/kernel/time/hrtimer/tbox.rs"", ""rust_type"": ""BoxHrTimerHandle<T, A>"", ""uses_bindings"": ""[]"", ""version_id"": ""v6.15""}","// SAFETY: By type invariant, `self.inner` came from a `Box::into_raw`",CORRECT,CORRECT,CORRECT,,imported split review true label
rust_lifetime_facts-033,rust_lifetime_facts,v6.15,.binddrift/worktrees/v6.15/rust/kernel/types.rs,120,AS_PTR,"{""evidence_text"": ""core::ptr::NonNull::dangling().as_ptr()"", ""fact_type"": ""AS_PTR"", ""line"": 120, ""rust_file"": "".binddrift/worktrees/v6.15/rust/kernel/types.rs"", ""rust_type"": ""()"", ""uses_bindings"": ""[]"", ""version_id"": ""v6.15""}",core::ptr::NonNull::dangling().as_ptr(),CORRECT,CORRECT,CORRECT,,imported split review true label
rust_lifetime_facts-034,rust_lifetime_facts,v6.16,.binddrift/worktrees/v6.16/rust/kernel/configfs.rs,737,OPAQUE,"{""evidence_text"": ""item_type: Opaque<bindings::config_item_type>,"", ""fact_type"": ""OPAQUE"", ""line"": 737, ""rust_file"": "".binddrift/worktrees/v6.16/rust/kernel/configfs.rs"", ""rust_type"": ""ItemType"", ""uses_bindings"": ""[\""config_item_type\""]"", ""version_id"": ""v6.16""}","item_type: Opaque<bindings::config_item_type>,",CORRECT,CORRECT,CORRECT,,imported split review true label
rust_lifetime_facts-035,rust_lifetime_facts,v6.17,.binddrift/worktrees/v6.17/rust/kernel/device.rs,575,AREF,"{""evidence_text"": ""impl ::core::convert::From<&$device<$src>> for $crate::types::ARef<$device> {"", ""fact_type"": ""AREF"", ""line"": 575, ""rust_file"": "".binddrift/worktrees/v6.17/rust/kernel/device.rs"", ""rust_type"": ""$crate::types::ARef<$device>"", ""uses_bindings"": ""[]"", ""version_id"": ""v6.17""}",impl ::core::convert::From<&$device<$src>> for $crate::types::ARef<$device> {,CORRECT,CORRECT,CORRECT,,imported split review true label
rust_lifetime_facts-036,rust_lifetime_facts,v6.16,.binddrift/worktrees/v6.16/rust/kernel/configfs.rs,170,AS_PTR,"{""evidence_text"": ""kernel::static_lock_class!().as_ptr(),"", ""fact_type"": ""AS_PTR"", ""line"": 170, ""rust_file"": "".binddrift/worktrees/v6.16/rust/kernel/configfs.rs"", ""rust_type"": ""Subsystem<Data>"", ""uses_bindings"": ""[\""__mutex_init\""]"", ""version_id"": ""v6.16""}","kernel::static_lock_class!().as_ptr(),",CORRECT,CORRECT,CORRECT,,imported split review true label
rust_lifetime_facts-037,rust_lifetime_facts,v7.0,.binddrift/worktrees/v7.0/rust/kernel/rbtree.rs,961,FROM_RAW,"{""evidence_text"": ""let node = unsafe { KBox::from_raw(this) };"", ""fact_type"": ""FROM_RAW"", ""line"": 961, ""rust_file"": "".binddrift/worktrees/v7.0/rust/kernel/rbtree.rs"", ""rust_type"": ""CursorMut<'a, K, V>"", ""uses_bindings"": ""[]"", ""version_id"": ""v7.0""}",let node = unsafe { KBox::from_raw(this) };,CORRECT,CORRECT,CORRECT,,imported split review true label
rust_lifetime_facts-038,rust_lifetime_facts,v6.15,.binddrift/worktrees/v6.15/rust/kernel/lib.rs,163,AS_PTR,"{""evidence_text"": ""pub const fn as_ptr(&self) -> *mut bindings::module {"", ""fact_type"": ""AS_PTR"", ""line"": 163, ""rust_file"": "".binddrift/worktrees/v6.15/rust/kernel/lib.rs"", ""rust_type"": ""ThisModule"", ""uses_bindings"": ""[\""module\""]"", ""version_id"": ""v6.15""}",pub const fn as_ptr(&self) -> *mut bindings::module {,CORRECT,CORRECT,CORRECT,,imported split review true label
rust_lifetime_facts-039,rust_lifetime_facts,v6.17,.binddrift/worktrees/v6.17/rust/kernel/faux.rs,57,FROM_RAW,"{""evidence_text"": ""unsafe { device::Device::from_raw(addr_of_mut!((*self.as_raw()).dev)) }"", ""fact_type"": ""FROM_RAW"", ""line"": 57, ""rust_file"": "".binddrift/worktrees/v6.17/rust/kernel/faux.rs"", ""rust_type"": ""Registration"", ""uses_bindings"": ""[]"", ""version_id"": ""v6.17""}",unsafe { device::Device::from_raw(addr_of_mut!((*self.as_raw()).dev)) },CORRECT,CORRECT,CORRECT,,imported split review true label
rust_lifetime_facts-040,rust_lifetime_facts,v6.18,.binddrift/worktrees/v6.18/rust/kernel/mm/mmput_async.rs,20,AREF,"{""evidence_text"": ""/// refcount. This means that the destructor of `ARef<MmWithUserAsync>` is safe to call in atomic"", ""fact_type"": ""AREF"", ""line"": 20, ""rust_file"": "".binddrift/worktrees/v6.18/rust/kernel/mm/mmput_async.rs"", ""rust_type"": null, ""uses_bindings"": ""[]"", ""version_id"": ""v6.18""}",/// refcount. This means that the destructor of `ARef<MmWithUserAsync>` is safe to call in atomic,CORRECT,CORRECT,CORRECT,,imported split review true label
rust_lifetime_facts-041,rust_lifetime_facts,v6.13,.binddrift/worktrees/v6.13/rust/kernel/security.rs,56,FROM_RAW,"{""evidence_text"": ""// We can't pass a null pointer to `slice::from_raw_parts` even if the length is zero."", ""fact_type"": ""FROM_RAW"", ""line"": 56, ""rust_file"": "".binddrift/worktrees/v6.13/rust/kernel/security.rs"", ""rust_type"": ""SecurityCtx"", ""uses_bindings"": ""[]"", ""version_id"": ""v6.13""}",// We can't pass a null pointer to `slice::from_raw_parts` even if the length is zero.,INCORRECT,INCORRECT,INCORRECT,PARSE_ERROR,from_raw_parts appears only in a null-pointer comment and does not state ownership or lifetime
rust_lifetime_facts-042,rust_lifetime_facts,v6.18,.binddrift/worktrees/v6.18/rust/kernel/mm.rs,147,FROM_RAW,"{""evidence_text"": ""Some(unsafe { ARef::from_raw(NonNull::new_unchecked(self.as_raw().cast())) })"", ""fact_type"": ""FROM_RAW"", ""line"": 147, ""rust_file"": "".binddrift/worktrees/v6.18/rust/kernel/mm.rs"", ""rust_type"": ""Mm"", ""uses_bindings"": ""[]"", ""version_id"": ""v6.18""}",Some(unsafe { ARef::from_raw(NonNull::new_unchecked(self.as_raw().cast())) }),CORRECT,CORRECT,CORRECT,,imported split review true label
rust_lifetime_facts-043,rust_lifetime_facts,HEAD_6d35786de281,.binddrift/worktrees/HEAD_6d35786de281/rust/kernel/io/resource.rs,47,IMPL_DROP,"{""evidence_text"": ""impl Drop for Region {"", ""fact_type"": ""IMPL_DROP"", ""line"": 47, ""rust_file"": "".binddrift/worktrees/HEAD_6d35786de281/rust/kernel/io/resource.rs"", ""rust_type"": ""Region"", ""uses_bindings"": ""[]"", ""version_id"": ""HEAD_6d35786de281""}",impl Drop for Region {,CORRECT,CORRECT,CORRECT,,imported split review true label
rust_lifetime_facts-044,rust_lifetime_facts,v6.18,.binddrift/worktrees/v6.18/rust/kernel/cpufreq.rs,312,FROM_RAW,"{""evidence_text"": ""unsafe { Self::Target::from_raw(self.as_raw()) }"", ""fact_type"": ""FROM_RAW"", ""line"": 312, ""rust_file"": "".binddrift/worktrees/v6.18/rust/kernel/cpufreq.rs"", ""rust_type"": ""TableBox"", ""uses_bindings"": ""[]"", ""version_id"": ""v6.18""}",unsafe { Self::Target::from_raw(self.as_raw()) },CORRECT,CORRECT,CORRECT,,imported split review true label
rust_lifetime_facts-045,rust_lifetime_facts,v6.16,.binddrift/worktrees/v6.16/rust/kernel/opp.rs,367,AREF,"{""evidence_text"": ""required_dev: Option<(ARef<Device>, u32)>,"", ""fact_type"": ""AREF"", ""line"": 367, ""rust_file"": "".binddrift/worktrees/v6.16/rust/kernel/opp.rs"", ""rust_type"": ""Config"", ""uses_bindings"": ""[]"", ""version_id"": ""v6.16""}","required_dev: Option<(ARef<Device>, u32)>,",CORRECT,CORRECT,CORRECT,,imported split review true label
rust_lifetime_facts-046,rust_lifetime_facts,v6.19,.binddrift/worktrees/v6.19/rust/kernel/revocable.rs,70,OPAQUE,"{""evidence_text"": ""data: Opaque<T>,"", ""fact_type"": ""OPAQUE"", ""line"": 70, ""rust_file"": "".binddrift/worktrees/v6.19/rust/kernel/revocable.rs"", ""rust_type"": ""Revocable"", ""uses_bindings"": ""[]"", ""version_id"": ""v6.19""}","data: Opaque<T>,",CORRECT,CORRECT,CORRECT,,imported split review true label
rust_lifetime_facts-047,rust_lifetime_facts,v6.19,.binddrift/worktrees/v6.19/rust/kernel/devres.rs,17,FOREIGN_OWNABLE,"{""evidence_text"": ""types::{ForeignOwnable, Opaque, ScopeGuard},"", ""fact_type"": ""FOREIGN_OWNABLE"", ""line"": 17, ""rust_file"": "".binddrift/worktrees/v6.19/rust/kernel/devres.rs"", ""rust_type"": null, ""uses_bindings"": ""[]"", ""version_id"": ""v6.19""}","types::{ForeignOwnable, Opaque, ScopeGuard},",INCORRECT,INCORRECT,INCORRECT,PARSE_ERROR,ForeignOwnable appears only in a use import line
rust_lifetime_facts-048,rust_lifetime_facts,v6.18,.binddrift/worktrees/v6.18/rust/kernel/pid_namespace.rs,26,AS_PTR,"{""evidence_text"": ""pub fn as_ptr(&self) -> *mut bindings::pid_namespace {"", ""fact_type"": ""AS_PTR"", ""line"": 26, ""rust_file"": "".binddrift/worktrees/v6.18/rust/kernel/pid_namespace.rs"", ""rust_type"": ""PidNamespace"", ""uses_bindings"": ""[\""pid_namespace\""]"", ""version_id"": ""v6.18""}",pub fn as_ptr(&self) -> *mut bindings::pid_namespace {,CORRECT,CORRECT,CORRECT,,imported split review true label
rust_lifetime_facts-049,rust_lifetime_facts,v6.18,.binddrift/worktrees/v6.18/rust/kernel/xarray.rs,87,FOREIGN_OWNABLE,"{""evidence_text"": ""impl<T: ForeignOwnable> XArray<T> {"", ""fact_type"": ""FOREIGN_OWNABLE"", ""line"": 87, ""rust_file"": "".binddrift/worktrees/v6.18/rust/kernel/xarray.rs"", ""rust_type"": ""XArray<T>"", ""uses_bindings"": ""[]"", ""version_id"": ""v6.18""}",impl<T: ForeignOwnable> XArray<T> {,CORRECT,CORRECT,CORRECT,,imported split review true label
rust_lifetime_facts-050,rust_lifetime_facts,v6.19,.binddrift/worktrees/v6.19/rust/kernel/alloc/kbox.rs,231,INTO_RAW,"{""evidence_text"": ""let raw = Self::into_raw(self);"", ""fact_type"": ""INTO_RAW"", ""line"": 231, ""rust_file"": "".binddrift/worktrees/v6.19/rust/kernel/alloc/kbox.rs"", ""rust_type"": ""Box<MaybeUninit<T>, A>"", ""uses_bindings"": ""[]"", ""version_id"": ""v6.19""}",let raw = Self::into_raw(self);,CORRECT,CORRECT,CORRECT,,imported split review true label
rust_lifetime_facts-051,rust_lifetime_facts,v6.19,.binddrift/worktrees/v6.19/rust/kernel/rbtree.rs,840,AS_PTR,"{""evidence_text"": ""let this = unsafe { container_of!(node.as_ptr(), Node<K, V>, links) };"", ""fact_type"": ""AS_PTR"", ""line"": 840, ""rust_file"": "".binddrift/worktrees/v6.19/rust/kernel/rbtree.rs"", ""rust_type"": ""Cursor<'a, K, V>"", ""uses_bindings"": ""[\""rb_node\""]"", ""version_id"": ""v6.19""}","let this = unsafe { container_of!(node.as_ptr(), Node<K, V>, links) };",CORRECT,CORRECT,CORRECT,,strict audit deterministic provenance review
rust_lifetime_facts-052,rust_lifetime_facts,v6.17,.binddrift/worktrees/v6.17/rust/kernel/workqueue.rs,893,INTO_RAW,"{""evidence_text"": ""// SAFETY: This computes the pointer that `__enqueue` got from `Arc::into_raw`."", ""fact_type"": ""INTO_RAW"", ""line"": 893, ""rust_file"": "".binddrift/worktrees/v6.17/rust/kernel/workqueue.rs"", ""rust_type"": null, ""uses_bindings"": ""[\""work_struct\""]"", ""version_id"": ""v6.17""}",// SAFETY: This computes the pointer that `__enqueue` got from `Arc::into_raw`.,CORRECT,CORRECT,CORRECT,,strict audit deterministic provenance review
rust_lifetime_facts-053,rust_lifetime_facts,v6.19,.binddrift/worktrees/v6.19/rust/kernel/alloc/kvec.rs,890,AS_PTR,"{""evidence_text"": ""// SAFETY: The memory behind `self.as_ptr()` is guaranteed to contain `self.len`"", ""fact_type"": ""AS_PTR"", ""line"": 890, ""rust_file"": "".binddrift/worktrees/v6.19/rust/kernel/alloc/kvec.rs"", ""rust_type"": ""Vec<T, A>"", ""uses_bindings"": ""[]"", ""version_id"": ""v6.19""}",// SAFETY: The memory behind `self.as_ptr()` is guaranteed to contain `self.len`,CORRECT,CORRECT,CORRECT,,strict audit deterministic provenance review
rust_lifetime_facts-054,rust_lifetime_facts,v6.11,.binddrift/worktrees/v6.11/rust/kernel/sync/arc.rs,266,INTO_RAW,"{""evidence_text"": ""/// must not be called more than once for each previous call to [`Arc::into_raw`]."", ""fact_type"": ""INTO_RAW"", ""line"": 266, ""rust_file"": "".binddrift/worktrees/v6.11/rust/kernel/sync/arc.rs"", ""rust_type"": ""Arc<T>"", ""uses_bindings"": ""[]"", ""version_id"": ""v6.11""}",/// must not be called more than once for each previous call to [`Arc::into_raw`].,CORRECT,CORRECT,CORRECT,,strict audit deterministic provenance review
rust_lifetime_facts-055,rust_lifetime_facts,v6.6,.binddrift/worktrees/v6.6/rust/kernel/sync/lock.rs,81,OPAQUE,"{""evidence_text"": ""state: Opaque<B::State>,"", ""fact_type"": ""OPAQUE"", ""line"": 81, ""rust_file"": "".binddrift/worktrees/v6.6/rust/kernel/sync/lock.rs"", ""rust_type"": ""Lock"", ""uses_bindings"": ""[]"", ""version_id"": ""v6.6""}","state: Opaque<B::State>,",CORRECT,CORRECT,CORRECT,,strict audit deterministic provenance review
rust_lifetime_facts-056,rust_lifetime_facts,v6.17,.binddrift/worktrees/v6.17/rust/kernel/configfs.rs,155,OPAQUE,"{""evidence_text"": ""|place: &mut Opaque<bindings::configfs_subsystem>| {"", ""fact_type"": ""OPAQUE"", ""line"": 155, ""rust_file"": "".binddrift/worktrees/v6.17/rust/kernel/configfs.rs"", ""rust_type"": ""Subsystem<Data>"", ""uses_bindings"": ""[\""config_group_init_type_name\"", \""configfs_subsystem\""]"", ""version_id"": ""v6.17""}",|place: &mut Opaque<bindings::configfs_subsystem>| {,CORRECT,CORRECT,CORRECT,,strict audit deterministic provenance review
rust_lifetime_facts-057,rust_lifetime_facts,v6.13,.binddrift/worktrees/v6.13/rust/kernel/task.rs,311,AS_PTR,"{""evidence_text"": ""Some(pidns) => pidns.as_ptr(),"", ""fact_type"": ""AS_PTR"", ""line"": 311, ""rust_file"": "".binddrift/worktrees/v6.13/rust/kernel/task.rs"", ""rust_type"": ""Task"", ""uses_bindings"": ""[]"", ""version_id"": ""v6.13""}","Some(pidns) => pidns.as_ptr(),",CORRECT,CORRECT,CORRECT,,strict audit deterministic provenance review
rust_lifetime_facts-058,rust_lifetime_facts,v6.19,.binddrift/worktrees/v6.19/rust/kernel/scatterlist.rs,349,AS_PTR,"{""evidence_text"": ""page_vec.push(page.as_ptr(), flags)?;"", ""fact_type"": ""AS_PTR"", ""line"": 349, ""rust_file"": "".binddrift/worktrees/v6.19/rust/kernel/scatterlist.rs"", ""rust_type"": ""Owned<P>"", ""uses_bindings"": ""[]"", ""version_id"": ""v6.19""}","page_vec.push(page.as_ptr(), flags)?;",CORRECT,CORRECT,CORRECT,,strict audit deterministic provenance review
rust_lifetime_facts-059,rust_lifetime_facts,v6.19,.binddrift/worktrees/v6.19/rust/kernel/list/arc.rs,357,FROM_RAW,"{""evidence_text"": ""/// * `ptr` must satisfy the safety requirements of [`Arc::from_raw`]."", ""fact_type"": ""FROM_RAW"", ""line"": 357, ""rust_file"": "".binddrift/worktrees/v6.19/rust/kernel/list/arc.rs"", ""rust_type"": ""ListArc<T, ID>"", ""uses_bindings"": ""[]"", ""version_id"": ""v6.19""}",/// * `ptr` must satisfy the safety requirements of [`Arc::from_raw`].,CORRECT,CORRECT,CORRECT,,strict audit deterministic provenance review
rust_lifetime_facts-060,rust_lifetime_facts,v6.17,.binddrift/worktrees/v6.17/rust/kernel/sync/arc.rs,280,INTO_RAW,"{""evidence_text"": ""/// Recreates an [`Arc`] instance previously deconstructed via [`Arc::into_raw`]."", ""fact_type"": ""INTO_RAW"", ""line"": 280, ""rust_file"": "".binddrift/worktrees/v6.17/rust/kernel/sync/arc.rs"", ""rust_type"": ""Arc<T>"", ""uses_bindings"": ""[]"", ""version_id"": ""v6.17""}",/// Recreates an [`Arc`] instance previously deconstructed via [`Arc::into_raw`].,CORRECT,CORRECT,CORRECT,,strict audit deterministic provenance review
rust_lifetime_facts-061,rust_lifetime_facts,v6.18,.binddrift/worktrees/v6.18/rust/kernel/task.rs,258,FROM_RAW,"{""evidence_text"": ""Some(unsafe { ARef::from_raw(ptr::NonNull::new_unchecked(ptr.cast::<PidNamespace>())) })"", ""fact_type"": ""FROM_RAW"", ""line"": 258, ""rust_file"": "".binddrift/worktrees/v6.18/rust/kernel/task.rs"", ""rust_type"": ""Task"", ""uses_bindings"": ""[]"", ""version_id"": ""v6.18""}",Some(unsafe { ARef::from_raw(ptr::NonNull::new_unchecked(ptr.cast::<PidNamespace>())) }),CORRECT,CORRECT,CORRECT,,strict audit deterministic provenance review
rust_lifetime_facts-062,rust_lifetime_facts,v6.18,.binddrift/worktrees/v6.18/rust/kernel/xarray.rs,180,FOREIGN_OWNABLE,"{""evidence_text"": ""impl<'a, T: ForeignOwnable> Guard<'a, T> {"", ""fact_type"": ""FOREIGN_OWNABLE"", ""line"": 180, ""rust_file"": "".binddrift/worktrees/v6.18/rust/kernel/xarray.rs"", ""rust_type"": ""Guard<'a, T>"", ""uses_bindings"": ""[]"", ""version_id"": ""v6.18""}","impl<'a, T: ForeignOwnable> Guard<'a, T> {",CORRECT,CORRECT,CORRECT,,strict audit deterministic provenance review
rust_lifetime_facts-063,rust_lifetime_facts,v6.5,.binddrift/worktrees/v6.5/rust/kernel/sync/arc.rs,133,OPAQUE,"{""evidence_text"": ""refcount: Opaque<bindings::refcount_t>,"", ""fact_type"": ""OPAQUE"", ""line"": 133, ""rust_file"": "".binddrift/worktrees/v6.5/rust/kernel/sync/arc.rs"", ""rust_type"": null, ""uses_bindings"": ""[\""refcount_t\""]"", ""version_id"": ""v6.5""}","refcount: Opaque<bindings::refcount_t>,",CORRECT,CORRECT,CORRECT,,strict audit deterministic provenance review
rust_lifetime_facts-064,rust_lifetime_facts,v6.19,.binddrift/worktrees/v6.19/rust/kernel/configfs.rs,161,AS_PTR,"{""evidence_text"": ""item_type.as_ptr(),"", ""fact_type"": ""AS_PTR"", ""line"": 161, ""rust_file"": "".binddrift/worktrees/v6.19/rust/kernel/configfs.rs"", ""rust_type"": ""Subsystem<Data>"", ""uses_bindings"": ""[\""config_group_init_type_name\""]"", ""version_id"": ""v6.19""}","item_type.as_ptr(),",CORRECT,CORRECT,CORRECT,,strict audit deterministic provenance review
rust_lifetime_facts-065,rust_lifetime_facts,v6.16,.binddrift/worktrees/v6.16/rust/kernel/opp.rs,471,AS_PTR,"{""evidence_text"": "".map_or((ptr::null(), 0), |hw| (hw.as_ptr(), hw.len() as u32));"", ""fact_type"": ""AS_PTR"", ""line"": 471, ""rust_file"": "".binddrift/worktrees/v6.16/rust/kernel/opp.rs"", ""rust_type"": ""Config<T>"", ""uses_bindings"": ""[]"", ""version_id"": ""v6.16""}",".map_or((ptr::null(), 0), |hw| (hw.as_ptr(), hw.len() as u32));",CORRECT,CORRECT,CORRECT,,strict audit deterministic provenance review
rust_lifetime_facts-066,rust_lifetime_facts,HEAD_6d35786de281,.binddrift/worktrees/HEAD_6d35786de281/rust/kernel/time/hrtimer/pin.rs,111,FROM_RAW,"{""evidence_text"": ""let context = unsafe { HrTimerCallbackContext::from_raw(timer_ptr) };"", ""fact_type"": ""FROM_RAW"", ""line"": 111, ""rust_file"": "".binddrift/worktrees/HEAD_6d35786de281/rust/kernel/time/hrtimer/pin.rs"", ""rust_type"": ""Pin<&'a T>"", ""uses_bindings"": ""[]"", ""version_id"": ""HEAD_6d35786de281""}",let context = unsafe { HrTimerCallbackContext::from_raw(timer_ptr) };,CORRECT,CORRECT,CORRECT,,strict audit deterministic provenance review
rust_lifetime_facts-067,rust_lifetime_facts,v6.14,.binddrift/worktrees/v6.14/rust/kernel/miscdevice.rs,255,FROM_RAW,"{""evidence_text"": ""T::release(ptr, unsafe { File::from_raw_file(file) });"", ""fact_type"": ""FROM_RAW"", ""line"": 255, ""rust_file"": "".binddrift/worktrees/v6.14/rust/kernel/miscdevice.rs"", ""rust_type"": null, ""uses_bindings"": ""[]"", ""version_id"": ""v6.14""}","T::release(ptr, unsafe { File::from_raw_file(file) });",CORRECT,CORRECT,CORRECT,,strict audit deterministic provenance review
rust_lifetime_facts-068,rust_lifetime_facts,v7.0,.binddrift/worktrees/v7.0/rust/kernel/device/property.rs,221,AREF,"{""evidence_text"": ""let mut prev: Option<ARef<FwNode>> = None;"", ""fact_type"": ""AREF"", ""line"": 221, ""rust_file"": "".binddrift/worktrees/v7.0/rust/kernel/device/property.rs"", ""rust_type"": ""FwNode"", ""uses_bindings"": ""[]"", ""version_id"": ""v7.0""}",let mut prev: Option<ARef<FwNode>> = None;,CORRECT,CORRECT,CORRECT,,strict audit deterministic provenance review
rust_lifetime_facts-069,rust_lifetime_facts,v6.16,.binddrift/worktrees/v6.16/rust/kernel/mm.rs,48,OPAQUE,"{""evidence_text"": ""mm: Opaque<bindings::mm_struct>,"", ""fact_type"": ""OPAQUE"", ""line"": 48, ""rust_file"": "".binddrift/worktrees/v6.16/rust/kernel/mm.rs"", ""rust_type"": ""Mm"", ""uses_bindings"": ""[\""mm_struct\""]"", ""version_id"": ""v6.16""}","mm: Opaque<bindings::mm_struct>,",CORRECT,CORRECT,CORRECT,,strict audit deterministic provenance review
rust_lifetime_facts-070,rust_lifetime_facts,v6.5,.binddrift/worktrees/v6.5/rust/kernel/types.rs,259,AREF,"{""evidence_text"": ""/// [`ARef<T>`]."", ""fact_type"": ""AREF"", ""line"": 259, ""rust_file"": "".binddrift/worktrees/v6.5/rust/kernel/types.rs"", ""rust_type"": null, ""uses_bindings"": ""[]"", ""version_id"": ""v6.5""}",/// [`ARef<T>`].,CORRECT,CORRECT,CORRECT,,strict audit deterministic provenance review
rust_lifetime_facts-071,rust_lifetime_facts,HEAD_6d35786de281,.binddrift/worktrees/HEAD_6d35786de281/rust/kernel/fs/file.rs,170,AREF,"{""evidence_text"": ""/// * The Rust borrow-checker normally ensures this by enforcing that the `ARef<File>` from which"", ""fact_type"": ""AREF"", ""line"": 170, ""rust_file"": "".binddrift/worktrees/HEAD_6d35786de281/rust/kernel/fs/file.rs"", ""rust_type"": null, ""uses_bindings"": ""[]"", ""version_id"": ""HEAD_6d35786de281""}",/// * The Rust borrow-checker normally ensures this by enforcing that the `ARef<File>` from which,CORRECT,CORRECT,CORRECT,,strict audit deterministic provenance review
rust_lifetime_facts-072,rust_lifetime_facts,v6.13,.binddrift/worktrees/v6.13/rust/kernel/sync/arc.rs,373,IMPL_CLONE,"{""evidence_text"": ""impl<T: ?Sized> Clone for Arc<T> {"", ""fact_type"": ""IMPL_CLONE"", ""line"": 373, ""rust_file"": "".binddrift/worktrees/v6.13/rust/kernel/sync/arc.rs"", ""rust_type"": ""Arc<T>"", ""uses_bindings"": ""[]"", ""version_id"": ""v6.13""}",impl<T: ?Sized> Clone for Arc<T> {,CORRECT,CORRECT,CORRECT,,strict audit deterministic provenance review
rust_lifetime_facts-073,rust_lifetime_facts,v6.16,.binddrift/worktrees/v6.16/rust/kernel/opp.rs,1009,AREF,"{""evidence_text"": ""/// `dev_pm_opp_get` function and decremented by `dev_pm_opp_put`. The Rust type `ARef<OPP>`"", ""fact_type"": ""AREF"", ""line"": 1009, ""rust_file"": "".binddrift/worktrees/v6.16/rust/kernel/opp.rs"", ""rust_type"": null, ""uses_bindings"": ""[]"", ""version_id"": ""v6.16""}",/// `dev_pm_opp_get` function and decremented by `dev_pm_opp_put`. The Rust type `ARef<OPP>`,CORRECT,CORRECT,CORRECT,,strict audit deterministic provenance review
rust_lifetime_facts-074,rust_lifetime_facts,v6.18,.binddrift/worktrees/v6.18/rust/kernel/miscdevice.rs,101,FROM_RAW,"{""evidence_text"": ""unsafe { Device::from_raw((*self.as_raw()).this_device) }"", ""fact_type"": ""FROM_RAW"", ""line"": 101, ""rust_file"": "".binddrift/worktrees/v6.18/rust/kernel/miscdevice.rs"", ""rust_type"": ""MiscDeviceRegistration<T>"", ""uses_bindings"": ""[]"", ""version_id"": ""v6.18""}",unsafe { Device::from_raw((*self.as_raw()).this_device) },CORRECT,CORRECT,CORRECT,,strict audit deterministic provenance review
rust_lifetime_facts-075,rust_lifetime_facts,v6.15,.binddrift/worktrees/v6.15/rust/kernel/types.rs,535,AREF,"{""evidence_text"": ""impl<T: AlwaysRefCounted> Drop for ARef<T> {"", ""fact_type"": ""AREF"", ""line"": 535, ""rust_file"": "".binddrift/worktrees/v6.15/rust/kernel/types.rs"", ""rust_type"": ""ARef<T>"", ""uses_bindings"": ""[]"", ""version_id"": ""v6.15""}",impl<T: AlwaysRefCounted> Drop for ARef<T> {,CORRECT,CORRECT,CORRECT,,strict audit deterministic provenance review
promoted_warning_evidence-001,promoted_warning_evidence,v6.16,.binddrift/worktrees/v6.16/rust/kernel/error.rs,411,PTR_ERR,"{""c_evidence_level"": ""c_source_diff"", ""evidence_location"": {""file"": "".binddrift/worktrees/v6.16/rust/kernel/error.rs"", ""line"": ""411"", ""source"": ""evidence""}, ""pair_id"": ""latest-p015-v6.15-to-v6.16"", ""promotion_reasons"": [""direct_binding_use"", ""exposes_safe_api"", ""has_safety_comment"", ""has_error_mapping"", ""oracle_hit""], ""rust_impact_level"": ""oracle_confirmed"", ""type"": ""SignatureDrift"", ""warning_id"": ""W-000006"", ""warning_uid"": ""5ec7e735433ea17d474dbc803baf4b16cb67fbddd317ec06ceaf246b4b06e33e""}","{""c_side"": {""new"": {""params"": [""opp""], ""return_type"": ""return""}, ""new_version"": ""v6.16"", ""old"": {""params"": [""ptr""], ""return_type"": ""return""}, ""old_version"": ""v6.15"", ""symbol"": ""PTR_ERR""}, ""rust_side_keys"": [""error_mappings"", ""exposure"", ""oracle_hits"", ""safe_apis"", ""safety_comments"", ""uses""]}",CORRECT,CORRECT,CORRECT,,strict audit evidence-chain sample selected for concrete Rust/C reachability
promoted_warning_evidence-002,promoted_warning_evidence,v6.11,.binddrift/worktrees/v6.11/rust/kernel/error.rs,135,ERR_PTR,"{""c_evidence_level"": ""c_source_diff"", ""evidence_location"": {""file"": "".binddrift/worktrees/v6.11/rust/kernel/error.rs"", ""line"": ""135"", ""source"": ""evidence""}, ""pair_id"": ""latest-p010-v6.10-to-v6.11"", ""promotion_reasons"": [""direct_binding_use"", ""exposes_safe_api"", ""has_safety_comment"", ""oracle_hit""], ""rust_impact_level"": ""oracle_confirmed"", ""type"": ""SignatureDrift"", ""warning_id"": ""W-000009"", ""warning_uid"": ""5c20a5fac8fbaeeb6434c09c2b2e7a057ef4e5bc9dd57c142e000d3287debb92""}","{""c_side"": {""new"": {""params"": [""-EINVAL""], ""return_type"": ""return""}, ""new_version"": ""v6.11"", ""old"": {""params"": [""-ENODEV""], ""return_type"": ""return""}, ""old_version"": ""v6.10"", ""symbol"": ""ERR_PTR""}, ""rust_side_keys"": [""exposure"", ""oracle_hits"", ""safe_apis"", ""safety_comments"", ""uses""]}",CORRECT,CORRECT,CORRECT,,strict audit evidence-chain sample selected for concrete Rust/C reachability
promoted_warning_evidence-003,promoted_warning_evidence,v6.15,.binddrift/worktrees/v6.15/rust/kernel/net/phy/reg.rs,107,mdiobus_read,"{""c_evidence_level"": ""c_source_diff"", ""evidence_location"": {""file"": "".binddrift/worktrees/v6.15/rust/kernel/net/phy/reg.rs"", ""line"": ""107"", ""source"": ""evidence""}, ""pair_id"": ""latest-p014-v6.14-to-v6.15"", ""promotion_reasons"": [""direct_binding_use"", ""has_safety_comment"", ""has_error_mapping"", ""oracle_hit""], ""rust_impact_level"": ""oracle_confirmed"", ""type"": ""SignatureDrift"", ""warning_id"": ""W-000004"", ""warning_uid"": ""1ca09a4bede1c8a765de13bdf0c950a8a1f7255fd2d09ce37ee24268c9deb284""}","{""c_side"": {""new"": {""params"": [""phydev->mdio.bus"", ""phydev->mdio.addr"", ""regnum""], ""return_type"": ""return""}, ""new_version"": ""v6.15"", ""old"": {""params"": [""phydev->mdio.bus"", ""addr"", ""regnum""], ""return_type"": ""return""}, ""old_version"": ""v6.14"", ""symbol"": ""mdiobus_read""}, ""rust_side_keys"": [""error_mappings"", ""exposure"", ""oracle_hits"", ""safety_comments"", ""uses""]}",CORRECT,CORRECT,CORRECT,,strict audit evidence-chain sample selected for concrete Rust/C reachability
promoted_warning_evidence-004,promoted_warning_evidence,v6.15,.binddrift/worktrees/v6.15/rust/kernel/net/phy/reg.rs,119,mdiobus_write,"{""c_evidence_level"": ""c_source_diff"", ""evidence_location"": {""file"": "".binddrift/worktrees/v6.15/rust/kernel/net/phy/reg.rs"", ""line"": ""119"", ""source"": ""evidence""}, ""pair_id"": ""latest-p014-v6.14-to-v6.15"", ""promotion_reasons"": [""direct_binding_use"", ""has_safety_comment"", ""has_error_mapping"", ""oracle_hit""], ""rust_impact_level"": ""oracle_confirmed"", ""type"": ""SignatureDrift"", ""warning_id"": ""W-000005"", ""warning_uid"": ""a43f69159ca0eea7926e237192cc664924f3b30281339f73fecb06be4a8d8bb8""}","{""c_side"": {""new"": {""params"": [""phydev->mdio.bus"", ""phydev->mdio.addr"", ""regnum"", ""val""], ""return_type"": ""return""}, ""new_version"": ""v6.15"", ""old"": {""params"": [""phydev->mdio.bus"", ""addr"", ""regnum"", ""val""], ""return_type"": ""return""}, ""old_version"": ""v6.14"", ""symbol"": ""mdiobus_write""}, ""rust_side_keys"": [""error_mappings"", ""exposure"", ""oracle_hits"", ""safety_comments"", ""uses""]}",CORRECT,CORRECT,CORRECT,,strict audit evidence-chain sample selected for concrete Rust/C reachability
promoted_warning_evidence-005,promoted_warning_evidence,v6.18,.binddrift/worktrees/v6.18/rust/kernel/mm.rs,242,vma_lookup,"{""c_evidence_level"": ""c_source_diff"", ""evidence_location"": {""file"": "".binddrift/worktrees/v6.18/rust/kernel/mm.rs"", ""line"": ""242"", ""source"": ""evidence""}, ""pair_id"": ""latest-p017-v6.17-to-v6.18"", ""promotion_reasons"": [""direct_binding_use"", ""exposes_safe_api"", ""has_safety_comment"", ""has_error_mapping""], ""rust_impact_level"": ""contract_mapping"", ""type"": ""SignatureDrift"", ""warning_id"": ""W-000181"", ""warning_uid"": ""04e6913c1237813f12eb282288f7542d4952208e3113163866b9fef9e31e9487""}","{""c_side"": {""new"": {""params"": [""struct mm_struct *mm"", ""unsigned long addr""], ""return_type"": ""static inline struct vm_area_struct *""}, ""new_version"": ""v6.18"", ""old"": {""params"": [""mm"", ""addr""], ""return_type"": ""return""}, ""old_version"": ""v6.17"", ""symbol"": ""vma_lookup""}, ""rust_side_keys"": [""error_mappings"", ""exposure"", ""safe_apis"", ""safety_comments"", ""uses""]}",CORRECT,CORRECT,CORRECT,,strict audit evidence-chain sample selected for concrete Rust/C reachability
promoted_warning_evidence-006,promoted_warning_evidence,HEAD_6d35786de281,.binddrift/worktrees/HEAD_6d35786de281/rust/kernel/io.rs,28,resource_size_t,"{""c_evidence_level"": ""c_source_diff"", ""evidence_location"": {""file"": "".binddrift/worktrees/HEAD_6d35786de281/rust/kernel/io.rs"", ""line"": ""28"", ""source"": ""evidence""}, ""pair_id"": ""latest-p020-v7.0-to-HEAD_6d35786de281"", ""promotion_reasons"": [""exposes_safe_api"", ""has_safety_comment"", ""has_error_mapping""], ""rust_impact_level"": ""contract_mapping"", ""type"": ""SignatureDrift"", ""warning_id"": ""W-000011"", ""warning_uid"": ""47ca2f5d932446898aae96f2ff01ea450d0498594eec0f6a7ee3e7ea67af774d""}","{""c_side"": {""new"": {""params"": [""*resource_alignf)(void *data, const struct resource *res, const struct resource *empty_res, resource_size_t size, resource_size_t align""], ""return_type"": ""typedef""}, ""new_version"": ""HEAD_6d35786de281"", ""old"": {""params"": [""*resource_alignf)(void *data, const struct resource *res, resource_size_t size, resource_size_t align""], ""return_type"": ""typedef""}, ""old_version"": ""v7.0"", ""symbol"": ""resource_size_t""}, ""rust_side_keys"": [""error_mappings"", ""exposure"", ""safe_apis"", ""safety_comments"", ""uses""]}",CORRECT,CORRECT,CORRECT,,strict audit evidence-chain sample selected for concrete Rust/C reachability
promoted_warning_evidence-007,promoted_warning_evidence,v6.15,.binddrift/worktrees/v6.15/rust/kernel/page.rs,100,kmap_local_page,"{""c_evidence_level"": ""c_source_diff"", ""evidence_location"": {""file"": "".binddrift/worktrees/v6.15/rust/kernel/page.rs"", ""line"": ""100"", ""source"": ""evidence""}, ""pair_id"": ""latest-p014-v6.14-to-v6.15"", ""promotion_reasons"": [""direct_binding_use"", ""exposes_safe_api"", ""has_safety_comment"", ""has_lifetime_fact""], ""rust_impact_level"": ""contract_mapping"", ""type"": ""SignatureDrift"", ""warning_id"": ""W-000003"", ""warning_uid"": ""c589cacdd0e1ad9e37c9b5c3bf0a3622d5e7a9504443aee1b1c310dfc4be49fa""}","{""c_side"": {""new"": {""params"": [""page""], ""return_type"": ""return""}, ""new_version"": ""v6.15"", ""old"": {""params"": [""scatterwalk_page(walk)) + offset_in_page(walk->offset""], ""return_type"": ""return""}, ""old_version"": ""v6.14"", ""symbol"": ""kmap_local_page""}, ""rust_side_keys"": [""exposure"", ""lifetime_facts"", ""safe_apis"", ""safety_comments"", ""uses""]}",CORRECT,CORRECT,CORRECT,,strict audit evidence-chain sample selected for concrete Rust/C reachability
promoted_warning_evidence-008,promoted_warning_evidence,v6.14,.binddrift/worktrees/v6.14/rust/kernel/security.rs,27,security_secid_to_secctx,"{""c_evidence_level"": ""c_source_diff"", ""evidence_location"": {""file"": "".binddrift/worktrees/v6.14/rust/kernel/security.rs"", ""line"": ""27"", ""source"": ""evidence""}, ""pair_id"": ""latest-p013-v6.13-to-v6.14"", ""promotion_reasons"": [""direct_binding_use"", ""exposes_safe_api"", ""has_safety_comment"", ""has_error_mapping""], ""rust_impact_level"": ""contract_mapping"", ""type"": ""SignatureDrift"", ""warning_id"": ""W-000018"", ""warning_uid"": ""ccf6ca0711b3a3fb07496b72daf90fe34a85e1a14e33485ddbfd4e0f281baa75""}","{""c_side"": {""new"": {""params"": [""u32 secid"", ""struct lsm_context *cp""], ""return_type"": ""static inline int""}, ""new_version"": ""v6.14"", ""old"": {""params"": [""u32 secid"", ""char **secdata"", ""u32 *seclen""], ""return_type"": ""static inline int""}, ""old_version"": ""v6.13"", ""symbol"": ""security_secid_to_secctx""}, ""rust_side_keys"": [""error_mappings"", ""exposure"", ""safe_apis"", ""safety_comments"", ""uses""]}",CORRECT,CORRECT,CORRECT,,strict audit evidence-chain sample selected for concrete Rust/C reachability
promoted_warning_evidence-009,promoted_warning_evidence,v6.18,.binddrift/worktrees/v6.18/rust/kernel/workqueue.rs,273,queue_work_on,"{""c_evidence_level"": ""c_source_diff"", ""evidence_location"": {""file"": "".binddrift/worktrees/v6.18/rust/kernel/workqueue.rs"", ""line"": ""273"", ""source"": ""evidence""}, ""pair_id"": ""latest-p017-v6.17-to-v6.18"", ""promotion_reasons"": [""direct_binding_use"", ""has_safety_comment"", ""oracle_hit""], ""rust_impact_level"": ""oracle_confirmed"", ""type"": ""SignatureDrift"", ""warning_id"": ""W-000180"", ""warning_uid"": ""0b0ba5d3394e0ca64616163480a08f4348396704abb2d17a69253fdc09fd84a2""}","{""c_side"": {""new"": {""params"": [""cpu"", ""system_percpu_wq"", ""work""], ""return_type"": ""return""}, ""new_version"": ""v6.18"", ""old"": {""params"": [""cpu"", ""system_wq"", ""work""], ""return_type"": ""return""}, ""old_version"": ""v6.17"", ""symbol"": ""queue_work_on""}, ""rust_side_keys"": [""exposure"", ""oracle_hits"", ""safety_comments"", ""uses""]}",CORRECT,CORRECT,CORRECT,,strict audit evidence-chain sample selected for concrete Rust/C reachability
promoted_warning_evidence-010,promoted_warning_evidence,v6.19,.binddrift/worktrees/v6.19/rust/kernel/device.rs,234,dev_get_drvdata,"{""c_evidence_level"": ""c_source_diff"", ""evidence_location"": {""file"": "".binddrift/worktrees/v6.19/rust/kernel/device.rs"", ""line"": ""234"", ""source"": ""evidence""}, ""pair_id"": ""latest-p018-v6.18-to-v6.19"", ""promotion_reasons"": [""direct_binding_use"", ""has_safety_comment"", ""has_error_mapping""], ""rust_impact_level"": ""contract_mapping"", ""type"": ""SignatureDrift"", ""warning_id"": ""W-000028"", ""warning_uid"": ""9c78646f531bef4f9f3b14a4a2eb9a999c08663e26144e04149684ce611c9f6e""}","{""c_side"": {""new"": {""params"": [""&intf->dev""], ""return_type"": ""return""}, ""new_version"": ""v6.19"", ""old"": {""params"": [""&pdev->dev""], ""return_type"": ""return""}, ""old_version"": ""v6.18"", ""symbol"": ""dev_get_drvdata""}, ""rust_side_keys"": [""error_mappings"", ""exposure"", ""safety_comments"", ""uses""]}",CORRECT,CORRECT,CORRECT,,strict audit evidence-chain sample selected for concrete Rust/C reachability
promoted_warning_evidence-011,promoted_warning_evidence,v6.19,.binddrift/worktrees/v6.19/rust/kernel/mm/virt.rs,419,VM_PFNMAP,"{""c_evidence_level"": ""c_source_diff"", ""evidence_location"": {""file"": "".binddrift/worktrees/v6.19/rust/kernel/mm/virt.rs"", ""line"": ""419"", ""source"": ""evidence""}, ""pair_id"": ""latest-p018-v6.18-to-v6.19"", ""promotion_reasons"": [""direct_binding_use"", ""has_safety_comment""], ""rust_impact_level"": ""contract_mapping"", ""type"": ""MacroConstDrift"", ""warning_id"": ""W-000021"", ""warning_uid"": ""090dbc02e5a6d2502726518b3130cc21a6eea25a3cce8f8ea0f51fce4ed295e5""}","{""c_side"": {""new"": ""INIT_VM_FLAG(PFNMAP)"", ""new_version"": ""v6.19"", ""old"": ""0x00000400\t/* Page-ranges managed without \""struct page\"", just pure PFN */"", ""old_version"": ""v6.18"", ""symbol"": ""VM_PFNMAP""}, ""rust_side_keys"": [""exposure"", ""safety_comments"", ""uses""]}",CORRECT,CORRECT,CORRECT,,strict audit evidence-chain sample selected for concrete Rust/C reachability
promoted_warning_evidence-012,promoted_warning_evidence,v6.19,.binddrift/worktrees/v6.19/rust/kernel/mm/virt.rs,437,VM_NORESERVE,"{""c_evidence_level"": ""c_source_diff"", ""evidence_location"": {""file"": "".binddrift/worktrees/v6.19/rust/kernel/mm/virt.rs"", ""line"": ""437"", ""source"": ""evidence""}, ""pair_id"": ""latest-p018-v6.18-to-v6.19"", ""promotion_reasons"": [""direct_binding_use"", ""has_safety_comment""], ""rust_impact_level"": ""contract_mapping"", ""type"": ""MacroConstDrift"", ""warning_id"": ""W-000020"", ""warning_uid"": ""0fc81c351aa66bd36715941dbe581b13aa8c66f6f104aa360301d27241f5cacf""}","{""c_side"": {""new"": ""INIT_VM_FLAG(NORESERVE)"", ""new_version"": ""v6.19"", ""old"": ""0x00200000\t/* should the VM suppress accounting */"", ""old_version"": ""v6.18"", ""symbol"": ""VM_NORESERVE""}, ""rust_side_keys"": [""exposure"", ""safety_comments"", ""uses""]}",CORRECT,CORRECT,CORRECT,,strict audit evidence-chain sample selected for concrete Rust/C reachability
promoted_warning_evidence-013,promoted_warning_evidence,v6.19,.binddrift/worktrees/v6.19/rust/kernel/mm/virt.rs,431,VM_LOCKONFAULT,"{""c_evidence_level"": ""c_source_diff"", ""evidence_location"": {""file"": "".binddrift/worktrees/v6.19/rust/kernel/mm/virt.rs"", ""line"": ""431"", ""source"": ""evidence""}, ""pair_id"": ""latest-p018-v6.18-to-v6.19"", ""promotion_reasons"": [""direct_binding_use"", ""has_safety_comment""], ""rust_impact_level"": ""contract_mapping"", ""type"": ""MacroConstDrift"", ""warning_id"": ""W-000012"", ""warning_uid"": ""13b89c36d23f9a50ec5173d30d90d736e3f828d7bf9695eb0d5262d384624fc0""}","{""c_side"": {""new"": ""INIT_VM_FLAG(LOCKONFAULT)"", ""new_version"": ""v6.19"", ""old"": ""0x00080000\t/* Lock the pages covered when they are faulted in */"", ""old_version"": ""v6.18"", ""symbol"": ""VM_LOCKONFAULT""}, ""rust_side_keys"": [""exposure"", ""safety_comments"", ""uses""]}",CORRECT,CORRECT,CORRECT,,strict audit evidence-chain sample selected for concrete Rust/C reachability
promoted_warning_evidence-014,promoted_warning_evidence,v6.19,.binddrift/worktrees/v6.19/rust/kernel/mm/virt.rs,452,VM_DONTDUMP,"{""c_evidence_level"": ""c_source_diff"", ""evidence_location"": {""file"": "".binddrift/worktrees/v6.19/rust/kernel/mm/virt.rs"", ""line"": ""452"", ""source"": ""evidence""}, ""pair_id"": ""latest-p018-v6.18-to-v6.19"", ""promotion_reasons"": [""direct_binding_use"", ""has_safety_comment""], ""rust_impact_level"": ""contract_mapping"", ""type"": ""MacroConstDrift"", ""warning_id"": ""W-000006"", ""warning_uid"": ""1d1971c725b241bd7fd7c6df469c385b0aef4b6bb37532133301ec239e020b31""}","{""c_side"": {""new"": ""INIT_VM_FLAG(DONTDUMP)"", ""new_version"": ""v6.19"", ""old"": ""0x04000000\t/* Do not include in the core dump */"", ""old_version"": ""v6.18"", ""symbol"": ""VM_DONTDUMP""}, ""rust_side_keys"": [""exposure"", ""safety_comments"", ""uses""]}",CORRECT,CORRECT,CORRECT,,strict audit evidence-chain sample selected for concrete Rust/C reachability
promoted_warning_evidence-015,promoted_warning_evidence,v6.19,.binddrift/worktrees/v6.19/rust/kernel/mm/virt.rs,428,VM_DONTEXPAND,"{""c_evidence_level"": ""c_source_diff"", ""evidence_location"": {""file"": "".binddrift/worktrees/v6.19/rust/kernel/mm/virt.rs"", ""line"": ""428"", ""source"": ""evidence""}, ""pair_id"": ""latest-p018-v6.18-to-v6.19"", ""promotion_reasons"": [""direct_binding_use"", ""has_safety_comment""], ""rust_impact_level"": ""contract_mapping"", ""type"": ""MacroConstDrift"", ""warning_id"": ""W-000007"", ""warning_uid"": ""1f29e0eb07d730b7a8a474308b515a77b67d71b2b349725a15ea515be7e8ef02""}","{""c_side"": {""new"": ""INIT_VM_FLAG(DONTEXPAND)"", ""new_version"": ""v6.19"", ""old"": ""0x00040000\t/* Cannot expand with mremap() */"", ""old_version"": ""v6.18"", ""symbol"": ""VM_DONTEXPAND""}, ""rust_side_keys"": [""exposure"", ""safety_comments"", ""uses""]}",CORRECT,CORRECT,CORRECT,,strict audit evidence-chain sample selected for concrete Rust/C reachability
promoted_warning_evidence-016,promoted_warning_evidence,v6.19,.binddrift/worktrees/v6.19/rust/kernel/mm/virt.rs,407,VM_MAYREAD,"{""c_evidence_level"": ""c_source_diff"", ""evidence_location"": {""file"": "".binddrift/worktrees/v6.19/rust/kernel/mm/virt.rs"", ""line"": ""407"", ""source"": ""evidence""}, ""pair_id"": ""latest-p018-v6.18-to-v6.19"", ""promotion_reasons"": [""direct_binding_use"", ""has_safety_comment""], ""rust_impact_level"": ""contract_mapping"", ""type"": ""MacroConstDrift"", ""warning_id"": ""W-000014"", ""warning_uid"": ""23f6dbee840004be5f26f0c7d32b36e66e53dd4d16fed876686523eeee4b6e51""}","{""c_side"": {""new"": ""INIT_VM_FLAG(MAYREAD)"", ""new_version"": ""v6.19"", ""old"": ""0x00000010\t/* limits for mprotect() etc */"", ""old_version"": ""v6.18"", ""symbol"": ""VM_MAYREAD""}, ""rust_side_keys"": [""exposure"", ""safety_comments"", ""uses""]}",CORRECT,CORRECT,CORRECT,,strict audit evidence-chain sample selected for concrete Rust/C reachability
promoted_warning_evidence-017,promoted_warning_evidence,v6.19,.binddrift/worktrees/v6.19/rust/kernel/mm/virt.rs,446,VM_ARCH_1,"{""c_evidence_level"": ""c_source_diff"", ""evidence_location"": {""file"": "".binddrift/worktrees/v6.19/rust/kernel/mm/virt.rs"", ""line"": ""446"", ""source"": ""evidence""}, ""pair_id"": ""latest-p018-v6.18-to-v6.19"", ""promotion_reasons"": [""direct_binding_use"", ""has_safety_comment""], ""rust_impact_level"": ""contract_mapping"", ""type"": ""MacroConstDrift"", ""warning_id"": ""W-000004"", ""warning_uid"": ""2ad0ff7b5b2f7fb9f115285c251e6c2d5b33a9ab614a109cc249ca3e619ff6fe""}","{""c_side"": {""new"": ""INIT_VM_FLAG(ARCH_1)"", ""new_version"": ""v6.19"", ""old"": ""0x01000000\t/* Architecture-specific flag */"", ""old_version"": ""v6.18"", ""symbol"": ""VM_ARCH_1""}, ""rust_side_keys"": [""exposure"", ""safety_comments"", ""uses""]}",CORRECT,CORRECT,CORRECT,,strict audit evidence-chain sample selected for concrete Rust/C reachability
promoted_warning_evidence-018,promoted_warning_evidence,v6.19,.binddrift/worktrees/v6.19/rust/kernel/mm/virt.rs,458,VM_MIXEDMAP,"{""c_evidence_level"": ""c_source_diff"", ""evidence_location"": {""file"": "".binddrift/worktrees/v6.19/rust/kernel/mm/virt.rs"", ""line"": ""458"", ""source"": ""evidence""}, ""pair_id"": ""latest-p018-v6.18-to-v6.19"", ""promotion_reasons"": [""direct_binding_use"", ""has_safety_comment""], ""rust_impact_level"": ""contract_mapping"", ""type"": ""MacroConstDrift"", ""warning_id"": ""W-000018"", ""warning_uid"": ""37c7124990ee6fd8c1242195441fe424faa29a05db00b457a097f5b011da3c4a""}","{""c_side"": {""new"": ""INIT_VM_FLAG(MIXEDMAP)"", ""new_version"": ""v6.19"", ""old"": ""0x10000000\t/* Can contain \""struct page\"" and pure PFN pages */"", ""old_version"": ""v6.18"", ""symbol"": ""VM_MIXEDMAP""}, ""rust_side_keys"": [""exposure"", ""safety_comments"", ""uses""]}",CORRECT,CORRECT,CORRECT,,strict audit evidence-chain sample selected for concrete Rust/C reachability
promoted_warning_evidence-019,promoted_warning_evidence,v6.19,.binddrift/worktrees/v6.19/rust/kernel/mm/virt.rs,425,VM_DONTCOPY,"{""c_evidence_level"": ""c_source_diff"", ""evidence_location"": {""file"": "".binddrift/worktrees/v6.19/rust/kernel/mm/virt.rs"", ""line"": ""425"", ""source"": ""evidence""}, ""pair_id"": ""latest-p018-v6.18-to-v6.19"", ""promotion_reasons"": [""direct_binding_use"", ""has_safety_comment""], ""rust_impact_level"": ""contract_mapping"", ""type"": ""MacroConstDrift"", ""warning_id"": ""W-000005"", ""warning_uid"": ""411576516f51e9797cd08d33a02b0a0b911329a1bb0954dceb41d578aaf82903""}","{""c_side"": {""new"": ""INIT_VM_FLAG(DONTCOPY)"", ""new_version"": ""v6.19"", ""old"": ""0x00020000      /* Do not copy this vma on fork */"", ""old_version"": ""v6.18"", ""symbol"": ""VM_DONTCOPY""}, ""rust_side_keys"": [""exposure"", ""safety_comments"", ""uses""]}",CORRECT,CORRECT,CORRECT,,strict audit evidence-chain sample selected for concrete Rust/C reachability
promoted_warning_evidence-020,promoted_warning_evidence,v6.19,.binddrift/worktrees/v6.19/rust/kernel/mm/virt.rs,464,VM_NOHUGEPAGE,"{""c_evidence_level"": ""c_source_diff"", ""evidence_location"": {""file"": "".binddrift/worktrees/v6.19/rust/kernel/mm/virt.rs"", ""line"": ""464"", ""source"": ""evidence""}, ""pair_id"": ""latest-p018-v6.18-to-v6.19"", ""promotion_reasons"": [""direct_binding_use"", ""has_safety_comment""], ""rust_impact_level"": ""contract_mapping"", ""type"": ""MacroConstDrift"", ""warning_id"": ""W-000019"", ""warning_uid"": ""493f70becca5973ab1075fb10497c3955f5b0ae40ae4672ab23c68e6077d61a3""}","{""c_side"": {""new"": ""INIT_VM_FLAG(NOHUGEPAGE)"", ""new_version"": ""v6.19"", ""old"": ""0x40000000\t/* MADV_NOHUGEPAGE marked this vma */"", ""old_version"": ""v6.18"", ""symbol"": ""VM_NOHUGEPAGE""}, ""rust_side_keys"": [""exposure"", ""safety_comments"", ""uses""]}",CORRECT,CORRECT,CORRECT,,strict audit evidence-chain sample selected for concrete Rust/C reachability
promoted_warning_evidence-021,promoted_warning_evidence,v6.19,.binddrift/worktrees/v6.19/rust/kernel/mm/virt.rs,422,VM_IO,"{""c_evidence_level"": ""c_source_diff"", ""evidence_location"": {""file"": "".binddrift/worktrees/v6.19/rust/kernel/mm/virt.rs"", ""line"": ""422"", ""source"": ""evidence""}, ""pair_id"": ""latest-p018-v6.18-to-v6.19"", ""promotion_reasons"": [""direct_binding_use"", ""has_safety_comment""], ""rust_impact_level"": ""contract_mapping"", ""type"": ""MacroConstDrift"", ""warning_id"": ""W-000011"", ""warning_uid"": ""5f36808b3fd93ccd3233e83aa0a5658afb4c5738b49340115aea4eee101847a5""}","{""c_side"": {""new"": ""INIT_VM_FLAG(IO)"", ""new_version"": ""v6.19"", ""old"": ""0x00004000\t/* Memory mapped I/O or similar */"", ""old_version"": ""v6.18"", ""symbol"": ""VM_IO""}, ""rust_side_keys"": [""exposure"", ""safety_comments"", ""uses""]}",CORRECT,CORRECT,CORRECT,,strict audit evidence-chain sample selected for concrete Rust/C reachability
promoted_warning_evidence-022,promoted_warning_evidence,v6.19,.binddrift/worktrees/v6.19/rust/kernel/mm/virt.rs,401,VM_EXEC,"{""c_evidence_level"": ""c_source_diff"", ""evidence_location"": {""file"": "".binddrift/worktrees/v6.19/rust/kernel/mm/virt.rs"", ""line"": ""401"", ""source"": ""evidence""}, ""pair_id"": ""latest-p018-v6.18-to-v6.19"", ""promotion_reasons"": [""direct_binding_use"", ""has_safety_comment""], ""rust_impact_level"": ""contract_mapping"", ""type"": ""MacroConstDrift"", ""warning_id"": ""W-000008"", ""warning_uid"": ""8081fc10fb6ea3fe9c8c847dc3a87813225f0441b15bed9aba8531251a81485d""}","{""c_side"": {""new"": ""INIT_VM_FLAG(EXEC)"", ""new_version"": ""v6.19"", ""old"": ""0x00000004"", ""old_version"": ""v6.18"", ""symbol"": ""VM_EXEC""}, ""rust_side_keys"": [""exposure"", ""safety_comments"", ""uses""]}",CORRECT,CORRECT,CORRECT,,strict audit evidence-chain sample selected for concrete Rust/C reachability
promoted_warning_evidence-023,promoted_warning_evidence,v6.18,.binddrift/worktrees/v6.18/rust/kernel/workqueue.rs,306,queue_delayed_work_on,"{""c_evidence_level"": ""c_source_diff"", ""evidence_location"": {""file"": "".binddrift/worktrees/v6.18/rust/kernel/workqueue.rs"", ""line"": ""306"", ""source"": ""evidence""}, ""pair_id"": ""latest-p017-v6.17-to-v6.18"", ""promotion_reasons"": [""direct_binding_use"", ""has_safety_comment""], ""rust_impact_level"": ""contract_mapping"", ""type"": ""SignatureDrift"", ""warning_id"": ""W-000179"", ""warning_uid"": ""8645ff196e711daa122acfc658d64bc61af9d78ac17ef46170e199b03d508fb9""}","{""c_side"": {""new"": {""params"": [""cpu"", ""system_percpu_wq"", ""dwork"", ""delay""], ""return_type"": ""return""}, ""new_version"": ""v6.18"", ""old"": {""params"": [""cpu"", ""system_wq"", ""dwork"", ""delay""], ""return_type"": ""return""}, ""old_version"": ""v6.17"", ""symbol"": ""queue_delayed_work_on""}, ""rust_side_keys"": [""exposure"", ""safety_comments"", ""uses""]}",CORRECT,CORRECT,CORRECT,,strict audit evidence-chain sample selected for concrete Rust/C reachability
promoted_warning_evidence-024,promoted_warning_evidence,v6.19,.binddrift/worktrees/v6.19/rust/kernel/mm/virt.rs,395,VM_READ,"{""c_evidence_level"": ""c_source_diff"", ""evidence_location"": {""file"": "".binddrift/worktrees/v6.19/rust/kernel/mm/virt.rs"", ""line"": ""395"", ""source"": ""evidence""}, ""pair_id"": ""latest-p018-v6.18-to-v6.19"", ""promotion_reasons"": [""direct_binding_use"", ""has_safety_comment""], ""rust_impact_level"": ""contract_mapping"", ""type"": ""MacroConstDrift"", ""warning_id"": ""W-000022"", ""warning_uid"": ""8cb41542dc8aeb7669fc587becf200bdc3ba883d09a3ece47a575f059dcfe7d6""}","{""c_side"": {""new"": ""INIT_VM_FLAG(READ)"", ""new_version"": ""v6.19"", ""old"": ""0x00000001\t/* currently active flags */"", ""old_version"": ""v6.18"", ""symbol"": ""VM_READ""}, ""rust_side_keys"": [""exposure"", ""safety_comments"", ""uses""]}",CORRECT,CORRECT,CORRECT,,strict audit evidence-chain sample selected for concrete Rust/C reachability
promoted_warning_evidence-025,promoted_warning_evidence,v6.19,.binddrift/worktrees/v6.19/rust/kernel/mm/virt.rs,440,VM_HUGETLB,"{""c_evidence_level"": ""c_source_diff"", ""evidence_location"": {""file"": "".binddrift/worktrees/v6.19/rust/kernel/mm/virt.rs"", ""line"": ""440"", ""source"": ""evidence""}, ""pair_id"": ""latest-p018-v6.18-to-v6.19"", ""promotion_reasons"": [""direct_binding_use"", ""has_safety_comment""], ""rust_impact_level"": ""contract_mapping"", ""type"": ""MacroConstDrift"", ""warning_id"": ""W-000010"", ""warning_uid"": ""963e9c3f245df7dbddfb6510d5bdce385baa52647a535cc89dea31e01644d642""}","{""c_side"": {""new"": ""INIT_VM_FLAG(HUGETLB)"", ""new_version"": ""v6.19"", ""old"": ""0x00400000\t/* Huge TLB Page VM */"", ""old_version"": ""v6.18"", ""symbol"": ""VM_HUGETLB""}, ""rust_side_keys"": [""exposure"", ""safety_comments"", ""uses""]}",CORRECT,CORRECT,CORRECT,,strict audit evidence-chain sample selected for concrete Rust/C reachability
promoted_warning_evidence-026,promoted_warning_evidence,v6.19,.binddrift/worktrees/v6.19/rust/kernel/mm/virt.rs,416,VM_MAYSHARE,"{""c_evidence_level"": ""c_source_diff"", ""evidence_location"": {""file"": "".binddrift/worktrees/v6.19/rust/kernel/mm/virt.rs"", ""line"": ""416"", ""source"": ""evidence""}, ""pair_id"": ""latest-p018-v6.18-to-v6.19"", ""promotion_reasons"": [""direct_binding_use"", ""has_safety_comment""], ""rust_impact_level"": ""contract_mapping"", ""type"": ""MacroConstDrift"", ""warning_id"": ""W-000015"", ""warning_uid"": ""97f542affa2f32b1507e582757b9e7a0191b13f9ba66bdbc5f70802080228876""}","{""c_side"": {""new"": ""INIT_VM_FLAG(MAYSHARE)"", ""new_version"": ""v6.19"", ""old"": ""0x00000080"", ""old_version"": ""v6.18"", ""symbol"": ""VM_MAYSHARE""}, ""rust_side_keys"": [""exposure"", ""safety_comments"", ""uses""]}",CORRECT,CORRECT,CORRECT,,strict audit evidence-chain sample selected for concrete Rust/C reachability
promoted_warning_evidence-027,promoted_warning_evidence,v6.19,.binddrift/worktrees/v6.19/rust/kernel/mm/virt.rs,455,VM_SOFTDIRTY,"{""c_evidence_level"": ""c_source_diff"", ""evidence_location"": {""file"": "".binddrift/worktrees/v6.19/rust/kernel/mm/virt.rs"", ""line"": ""455"", ""source"": ""evidence""}, ""pair_id"": ""latest-p018-v6.18-to-v6.19"", ""promotion_reasons"": [""direct_binding_use"", ""has_safety_comment""], ""rust_impact_level"": ""contract_mapping"", ""type"": ""MacroConstDrift"", ""warning_id"": ""W-000024"", ""warning_uid"": ""9924168028e279dbf96ef92d8d40cf72ed928d8ca19d423e3aa3bea4a2de4c6d""}","{""c_side"": {""new"": ""VM_NONE"", ""new_version"": ""v6.19"", ""old"": ""0"", ""old_version"": ""v6.18"", ""symbol"": ""VM_SOFTDIRTY""}, ""rust_side_keys"": [""exposure"", ""safety_comments"", ""uses""]}",CORRECT,CORRECT,CORRECT,,strict audit evidence-chain sample selected for concrete Rust/C reachability
promoted_warning_evidence-028,promoted_warning_evidence,v6.19,.binddrift/worktrees/v6.19/rust/kernel/mm/virt.rs,410,VM_MAYWRITE,"{""c_evidence_level"": ""c_source_diff"", ""evidence_location"": {""file"": "".binddrift/worktrees/v6.19/rust/kernel/mm/virt.rs"", ""line"": ""410"", ""source"": ""evidence""}, ""pair_id"": ""latest-p018-v6.18-to-v6.19"", ""promotion_reasons"": [""direct_binding_use"", ""has_safety_comment""], ""rust_impact_level"": ""contract_mapping"", ""type"": ""MacroConstDrift"", ""warning_id"": ""W-000016"", ""warning_uid"": ""a6713d3d134905ab540d2b174c43339020dfe1bfa8be1b66a070f2017532f88b""}","{""c_side"": {""new"": ""INIT_VM_FLAG(MAYWRITE)"", ""new_version"": ""v6.19"", ""old"": ""0x00000020"", ""old_version"": ""v6.18"", ""symbol"": ""VM_MAYWRITE""}, ""rust_side_keys"": [""exposure"", ""safety_comments"", ""uses""]}",CORRECT,CORRECT,CORRECT,,strict audit evidence-chain sample selected for concrete Rust/C reachability
promoted_warning_evidence-029,promoted_warning_evidence,v6.19,.binddrift/worktrees/v6.19/rust/kernel/mm/virt.rs,449,VM_WIPEONFORK,"{""c_evidence_level"": ""c_source_diff"", ""evidence_location"": {""file"": "".binddrift/worktrees/v6.19/rust/kernel/mm/virt.rs"", ""line"": ""449"", ""source"": ""evidence""}, ""pair_id"": ""latest-p018-v6.18-to-v6.19"", ""promotion_reasons"": [""direct_binding_use"", ""has_safety_comment""], ""rust_impact_level"": ""contract_mapping"", ""type"": ""MacroConstDrift"", ""warning_id"": ""W-000026"", ""warning_uid"": ""abc37eecc21f742d1f58aeea5d77d03f00c9b7e6cb52a18ef2e3f9772bb422fd""}","{""c_side"": {""new"": ""INIT_VM_FLAG(WIPEONFORK)"", ""new_version"": ""v6.19"", ""old"": ""0x02000000\t/* Wipe VMA contents in child. */"", ""old_version"": ""v6.18"", ""symbol"": ""VM_WIPEONFORK""}, ""rust_side_keys"": [""exposure"", ""safety_comments"", ""uses""]}",CORRECT,CORRECT,CORRECT,,strict audit evidence-chain sample selected for concrete Rust/C reachability
promoted_warning_evidence-030,promoted_warning_evidence,v6.19,.binddrift/worktrees/v6.19/rust/kernel/mm/virt.rs,434,VM_ACCOUNT,"{""c_evidence_level"": ""c_source_diff"", ""evidence_location"": {""file"": "".binddrift/worktrees/v6.19/rust/kernel/mm/virt.rs"", ""line"": ""434"", ""source"": ""evidence""}, ""pair_id"": ""latest-p018-v6.18-to-v6.19"", ""promotion_reasons"": [""direct_binding_use"", ""has_safety_comment""], ""rust_impact_level"": ""contract_mapping"", ""type"": ""MacroConstDrift"", ""warning_id"": ""W-000003"", ""warning_uid"": ""b5835c6b08c55413b5c63532d211cd8884333767970663aa8cb6bea52f8d263d""}","{""c_side"": {""new"": ""INIT_VM_FLAG(ACCOUNT)"", ""new_version"": ""v6.19"", ""old"": ""0x00100000\t/* Is a VM accounted object */"", ""old_version"": ""v6.18"", ""symbol"": ""VM_ACCOUNT""}, ""rust_side_keys"": [""exposure"", ""safety_comments"", ""uses""]}",CORRECT,CORRECT,CORRECT,,strict audit evidence-chain sample selected for concrete Rust/C reachability
promoted_warning_evidence-031,promoted_warning_evidence,v6.14,.binddrift/worktrees/v6.14/rust/kernel/security.rs,65,security_release_secctx,"{""c_evidence_level"": ""c_source_diff"", ""evidence_location"": {""file"": "".binddrift/worktrees/v6.14/rust/kernel/security.rs"", ""line"": ""65"", ""source"": ""evidence""}, ""pair_id"": ""latest-p013-v6.13-to-v6.14"", ""promotion_reasons"": [""direct_binding_use"", ""has_safety_comment""], ""rust_impact_level"": ""contract_mapping"", ""type"": ""SignatureDrift"", ""warning_id"": ""W-000017"", ""warning_uid"": ""b89f88bdf55082272dea6523f15128d491086ffe51f6e508731844462aa2de79""}","{""c_side"": {""new"": {""params"": [""struct lsm_context *cp""], ""return_type"": ""static inline void""}, ""new_version"": ""v6.14"", ""old"": {""params"": [""char *secdata"", ""u32 seclen""], ""return_type"": ""static inline void""}, ""old_version"": ""v6.13"", ""symbol"": ""security_release_secctx""}, ""rust_side_keys"": [""exposure"", ""safety_comments"", ""uses"", ""weak_lifetime_facts""]}",CORRECT,CORRECT,CORRECT,,strict audit evidence-chain sample selected for concrete Rust/C reachability
promoted_warning_evidence-032,promoted_warning_evidence,v6.19,.binddrift/worktrees/v6.19/rust/kernel/mm/virt.rs,461,VM_HUGEPAGE,"{""c_evidence_level"": ""c_source_diff"", ""evidence_location"": {""file"": "".binddrift/worktrees/v6.19/rust/kernel/mm/virt.rs"", ""line"": ""461"", ""source"": ""evidence""}, ""pair_id"": ""latest-p018-v6.18-to-v6.19"", ""promotion_reasons"": [""direct_binding_use"", ""has_safety_comment""], ""rust_impact_level"": ""contract_mapping"", ""type"": ""MacroConstDrift"", ""warning_id"": ""W-000009"", ""warning_uid"": ""c023e480745618d443988fb46be7cf5416b81268c08ea5935e02245a35fbfa8e""}","{""c_side"": {""new"": ""INIT_VM_FLAG(HUGEPAGE)"", ""new_version"": ""v6.19"", ""old"": ""0x20000000\t/* MADV_HUGEPAGE marked this vma */"", ""old_version"": ""v6.18"", ""symbol"": ""VM_HUGEPAGE""}, ""rust_side_keys"": [""exposure"", ""safety_comments"", ""uses""]}",CORRECT,CORRECT,CORRECT,,strict audit evidence-chain sample selected for concrete Rust/C reachability
promoted_warning_evidence-033,promoted_warning_evidence,v7.0,.binddrift/worktrees/v7.0/rust/kernel/dma.rs,648,dma_free_attrs,"{""c_evidence_level"": ""c_source_diff"", ""evidence_location"": {""file"": "".binddrift/worktrees/v7.0/rust/kernel/dma.rs"", ""line"": ""648"", ""source"": ""evidence""}, ""pair_id"": ""latest-p019-v6.19-to-v7.0"", ""promotion_reasons"": [""direct_binding_use"", ""has_safety_comment""], ""rust_impact_level"": ""contract_mapping"", ""type"": ""SignatureDrift"", ""warning_id"": ""W-000004"", ""warning_uid"": ""c4edd1024dd2d95c013e77ab1f56971125358b9c202731c97e2b15c3855c5e09""}","{""c_side"": {""new"": {""params"": [""struct device *dev"", ""size_t size"", ""void *cpu_addr"", ""dma_addr_t dma_handle"", ""unsigned long attrs""], ""return_type"": ""static inline void""}, ""new_version"": ""v7.0"", ""old"": {""params"": [""struct device *dev"", ""size_t size"", ""void *cpu_addr"", ""dma_addr_t dma_handle"", ""unsigned long attrs""], ""return_type"": ""static void""}, ""old_version"": ""v6.19"", ""symbol"": ""dma_free_attrs""}, ""rust_side_keys"": [""exposure"", ""safety_comments"", ""uses"", ""weak_lifetime_facts""]}",CORRECT,CORRECT,CORRECT,,strict audit evidence-chain sample selected for concrete Rust/C reachability
promoted_warning_evidence-034,promoted_warning_evidence,v6.19,.binddrift/worktrees/v6.19/rust/kernel/mm/virt.rs,398,VM_WRITE,"{""c_evidence_level"": ""c_source_diff"", ""evidence_location"": {""file"": "".binddrift/worktrees/v6.19/rust/kernel/mm/virt.rs"", ""line"": ""398"", ""source"": ""evidence""}, ""pair_id"": ""latest-p018-v6.18-to-v6.19"", ""promotion_reasons"": [""direct_binding_use"", ""has_safety_comment""], ""rust_impact_level"": ""contract_mapping"", ""type"": ""MacroConstDrift"", ""warning_id"": ""W-000027"", ""warning_uid"": ""d4902dbd9b0c27bf29ba0c0114d2687b39e33c93b8dcc2b4053ef6956e3bd945""}","{""c_side"": {""new"": ""INIT_VM_FLAG(WRITE)"", ""new_version"": ""v6.19"", ""old"": ""0x00000002"", ""old_version"": ""v6.18"", ""symbol"": ""VM_WRITE""}, ""rust_side_keys"": [""exposure"", ""safety_comments"", ""uses""]}",CORRECT,CORRECT,CORRECT,,strict audit evidence-chain sample selected for concrete Rust/C reachability
promoted_warning_evidence-035,promoted_warning_evidence,v6.19,.binddrift/worktrees/v6.19/rust/kernel/mm/virt.rs,467,VM_MERGEABLE,"{""c_evidence_level"": ""c_source_diff"", ""evidence_location"": {""file"": "".binddrift/worktrees/v6.19/rust/kernel/mm/virt.rs"", ""line"": ""467"", ""source"": ""evidence""}, ""pair_id"": ""latest-p018-v6.18-to-v6.19"", ""promotion_reasons"": [""direct_binding_use"", ""has_safety_comment""], ""rust_impact_level"": ""contract_mapping"", ""type"": ""MacroConstDrift"", ""warning_id"": ""W-000017"", ""warning_uid"": ""dfdc55818054bf16b7c570ac751154f3402cdc817b7c3cebba0736c96df16a6f""}","{""c_side"": {""new"": ""INIT_VM_FLAG(MERGEABLE)"", ""new_version"": ""v6.19"", ""old"": ""BIT(31)\t\t/* KSM may merge identical pages */"", ""old_version"": ""v6.18"", ""symbol"": ""VM_MERGEABLE""}, ""rust_side_keys"": [""exposure"", ""safety_comments"", ""uses""]}",CORRECT,CORRECT,CORRECT,,strict audit evidence-chain sample selected for concrete Rust/C reachability
promoted_warning_evidence-036,promoted_warning_evidence,v6.19,.binddrift/worktrees/v6.19/rust/kernel/mm/virt.rs,443,VM_SYNC,"{""c_evidence_level"": ""c_source_diff"", ""evidence_location"": {""file"": "".binddrift/worktrees/v6.19/rust/kernel/mm/virt.rs"", ""line"": ""443"", ""source"": ""evidence""}, ""pair_id"": ""latest-p018-v6.18-to-v6.19"", ""promotion_reasons"": [""direct_binding_use"", ""has_safety_comment""], ""rust_impact_level"": ""contract_mapping"", ""type"": ""MacroConstDrift"", ""warning_id"": ""W-000025"", ""warning_uid"": ""e51f428dfdc64b9b37d47e53eaa5a8f2c689753cfe2e244b05edc251d61d0287""}","{""c_side"": {""new"": ""INIT_VM_FLAG(SYNC)"", ""new_version"": ""v6.19"", ""old"": ""0x00800000\t/* Synchronous page faults */"", ""old_version"": ""v6.18"", ""symbol"": ""VM_SYNC""}, ""rust_side_keys"": [""exposure"", ""safety_comments"", ""uses""]}",CORRECT,CORRECT,CORRECT,,strict audit evidence-chain sample selected for concrete Rust/C reachability
promoted_warning_evidence-037,promoted_warning_evidence,v6.19,.binddrift/worktrees/v6.19/rust/kernel/mm/virt.rs,413,VM_MAYEXEC,"{""c_evidence_level"": ""c_source_diff"", ""evidence_location"": {""file"": "".binddrift/worktrees/v6.19/rust/kernel/mm/virt.rs"", ""line"": ""413"", ""source"": ""evidence""}, ""pair_id"": ""latest-p018-v6.18-to-v6.19"", ""promotion_reasons"": [""direct_binding_use"", ""has_safety_comment""], ""rust_impact_level"": ""contract_mapping"", ""type"": ""MacroConstDrift"", ""warning_id"": ""W-000013"", ""warning_uid"": ""f89b22e87fc12421e8f26dcd6582875ba9916345c7426306a09ca17d972e70ab""}","{""c_side"": {""new"": ""INIT_VM_FLAG(MAYEXEC)"", ""new_version"": ""v6.19"", ""old"": ""0x00000040"", ""old_version"": ""v6.18"", ""symbol"": ""VM_MAYEXEC""}, ""rust_side_keys"": [""exposure"", ""safety_comments"", ""uses""]}",CORRECT,CORRECT,CORRECT,,strict audit evidence-chain sample selected for concrete Rust/C reachability
promoted_warning_evidence-038,promoted_warning_evidence,v6.19,.binddrift/worktrees/v6.19/rust/kernel/mm/virt.rs,404,VM_SHARED,"{""c_evidence_level"": ""c_source_diff"", ""evidence_location"": {""file"": "".binddrift/worktrees/v6.19/rust/kernel/mm/virt.rs"", ""line"": ""404"", ""source"": ""evidence""}, ""pair_id"": ""latest-p018-v6.18-to-v6.19"", ""promotion_reasons"": [""direct_binding_use"", ""has_safety_comment""], ""rust_impact_level"": ""contract_mapping"", ""type"": ""MacroConstDrift"", ""warning_id"": ""W-000023"", ""warning_uid"": ""fb7e2736a90940dafdeab11f01efd3edc3514755cc23c325dd9f6e3d98a35106""}","{""c_side"": {""new"": ""INIT_VM_FLAG(SHARED)"", ""new_version"": ""v6.19"", ""old"": ""0x00000008"", ""old_version"": ""v6.18"", ""symbol"": ""VM_SHARED""}, ""rust_side_keys"": [""exposure"", ""safety_comments"", ""uses""]}",CORRECT,CORRECT,CORRECT,,strict audit evidence-chain sample selected for concrete Rust/C reachability
promoted_warning_evidence-039,promoted_warning_evidence,v6.13,rust/helpers/atomic.c,,atomic_try_cmpxchg,"{""c_evidence_level"": ""c_source_diff"", ""evidence_location"": {""file"": ""rust/helpers/atomic.c"", ""line"": """", ""source"": ""changed_files""}, ""pair_id"": ""latest-p012-v6.12-to-v6.13"", ""promotion_reasons"": [""oracle_hit""], ""rust_impact_level"": ""oracle_confirmed"", ""type"": ""SignatureDrift"", ""warning_id"": ""W-000039"", ""warning_uid"": ""7360eba7ff60370462a9d1a9c0dd6f1e8973790e627fae0da3bbcfa90ec37aa1""}","{""c_side"": {""new"": {""params"": [""&lock->val"", ""&old"", ""old + (1<<16)""], ""return_type"": ""return""}, ""new_version"": ""v6.13"", ""old"": {""params"": [""lock"", ""&old"", ""old + (1<<16)""], ""return_type"": ""return""}, ""old_version"": ""v6.12"", ""symbol"": ""atomic_try_cmpxchg""}, ""rust_side_keys"": [""exposure"", ""oracle_hits""]}",CORRECT,CORRECT,CORRECT,,strict audit evidence-chain sample selected for concrete Rust/C reachability
promoted_warning_evidence-040,promoted_warning_evidence,v6.15,.binddrift/worktrees/v6.15/rust/kernel/sync/condvar.rs,123,init_wait,"{""c_evidence_level"": ""c_source_diff"", ""evidence_location"": {""file"": "".binddrift/worktrees/v6.15/rust/kernel/sync/condvar.rs"", ""line"": ""123"", ""source"": ""evidence""}, ""pair_id"": ""latest-p014-v6.14-to-v6.15"", ""promotion_reasons"": [""direct_binding_use"", ""exposes_safe_api""], ""rust_impact_level"": ""safe_api"", ""type"": ""MacroConstDrift"", ""warning_id"": ""W-000002"", ""warning_uid"": ""8cb338b4e53ee4c1819885eef759ed2bbd759c1d0e7ff27b73628604a0eea56b""}","{""c_side"": {""new"": ""init_wait_func(wait, autoremove_wake_function)"", ""new_version"": ""v6.15"", ""old"": ""\\"", ""old_version"": ""v6.14"", ""symbol"": ""init_wait""}, ""rust_side_keys"": [""exposure"", ""safe_apis"", ""uses"", ""weak_lifetime_facts""]}",CORRECT,CORRECT,CORRECT,,strict audit evidence-chain sample selected for concrete Rust/C reachability
promoted_warning_evidence-041,promoted_warning_evidence,v6.13,.binddrift/worktrees/v6.13/rust/kernel/block/mq/gen_disk.rs,96,queue_limits,"{""c_evidence_level"": ""binding_only"", ""evidence_location"": {""file"": "".binddrift/worktrees/v6.13/rust/kernel/block/mq/gen_disk.rs"", ""line"": ""96"", ""source"": ""evidence""}, ""pair_id"": ""latest-p012-v6.12-to-v6.13"", ""promotion_reasons"": [""direct_binding_use"", ""exposes_safe_api"", ""has_safety_comment"", ""has_error_mapping"", ""oracle_hit""], ""rust_impact_level"": ""oracle_confirmed"", ""type"": ""FieldDrift"", ""warning_id"": ""W-000036"", ""warning_uid"": ""015e28f63fcd1525dedaa392e73278a8de6d06699b9ef77911ed729a53b54f2c""}","{""c_side"": {""new"": [{""name"": ""features"", ""type"": ""blk_features_t""}, {""name"": ""flags"", ""type"": ""blk_flags_t""}, {""name"": ""seg_boundary_mask"", ""type"": ""ffi::c_ulong""}, {""name"": ""virt_boundary_mask"", ""type"": ""ffi::c_ulong""}, {""name"": ""max_hw_sectors"", ""type"": ""ffi::c_uint""}, {""name"": ""max_dev_sectors"", ""type"": ""ffi::c_uint""}, {""name"": ""chunk_sectors"", ""type"": ""ffi::c_uint""}, {""name"": ""max_sectors"", ""type"": ""ffi::c_uint""}, {""name"": ""max_user_sectors"", ""type"": ""ffi::c_uint""}, {""name"": ""max_segment_size"", ""type"": ""ffi::c_uint""}, {""name"": ""physical_block_size"", ""type"": ""ffi::c_uint""}, {""name"": ""logical_block_size"", ""type"": ""ffi::c_uint""}, {""name"": ""alignment_offset"", ""type"": ""ffi::c_uint""}, {""name"": ""io_min"", ""type"": ""ffi::c_uint""}, {""name"": ""io_opt"", ""type"": ""ffi::c_uint""}, {""name"": ""max_discard_sectors"", ""type"": ""ffi::c_uint""}, {""name"": ""max_hw_discard_sectors"", ""type"": ""ffi::c_uint""}, {""name"": ""max_user_discard_sectors"", ""type"": ""ffi::c_uint""}, {""name"": ""max_secure_erase_sectors"", ""type"": ""ffi::c_uint""}, {""name"": ""max_write_zeroes_sectors"", ""type"": ""ffi::c_uint""}, {""name"": ""max_hw_zone_append_sectors"", ""type"": ""ffi::c_uint""}, {""name"": ""max_zone_append_sectors"", ""type"": ""ffi::c_uint""}, {""name"": ""discard_granularity"", ""type"": ""ffi::c_uint""}, {""name"": ""discard_alignment"", ""type"": ""ffi::c_uint""}, {""name"": ""zone_write_granularity"", ""type"": ""ffi::c_uint""}, {""name"": ""atomic_write_hw_max"", ""type"": ""ffi::c_uint""}, {""name"": ""atomic_write_max_sectors"", ""type"": ""ffi::c_uint""}, {""name"": ""atomic_write_hw_boundary"", ""type"": ""ffi::c_uint""}, {""name"": ""atomic_write_boundary_sectors"", ""type"": ""ffi::c_uint""}, {""name"": ""atomic_write_hw_unit_min"", ""type"": ""ffi::c_uint""}, {""name"": ""atomic_write_unit_min"", ""type"": ""ffi::c_uint""}, {""name"": ""atomic_write_hw_unit_max"", ""type"": ""ffi::c_uint""}, {""name"": ""atomic_write_unit_max"", ""type"": ""ffi::c_uint""}, {""name"": ""max_segments"", ""type"": ""ffi::c_ushort""}, {""name"": ""max_integrity_segments"", ""type"": ""ffi::c_ushort""}, {""name"": ""max_discard_segments"", ""type"": ""ffi::c_ushort""}, {""name"": ""max_open_zones"", ""type"": ""ffi::c_uint""}, {""name"": ""max_active_zones"", ""type"": ""ffi::c_uint""}, {""name"": ""dma_alignment"", ""type"": ""ffi::c_uint""}, {""name"": ""dma_pad_mask"", ""type"": ""ffi::c_uint""}, {""name"": ""integrity"", ""type"": ""blk_integrity""}], ""new_version"": ""v6.13"", ""old"": [{""name"": ""features"", ""type"": ""blk_features_t""}, {""name"": ""flags"", ""type"": ""blk_flags_t""}, {""name"": ""seg_boundary_mask"", ""type"": ""core::ffi::c_ulong""}, {""name"": ""virt_boundary_mask"", ""type"": ""core::ffi::c_ulong""}, {""name"": ""max_hw_sectors"", ""type"": ""core::ffi::c_uint""}, {""name"": ""max_dev_sectors"", ""type"": ""core::ffi::c_uint""}, {""name"": ""chunk_sectors"", ""type"": ""core::ffi::c_uint""}, {""name"": ""max_sectors"", ""type"": ""core::ffi::c_uint""}, {""name"": ""max_user_sectors"", ""type"": ""core::ffi::c_uint""}, {""name"": ""max_segment_size"", ""type"": ""core::ffi::c_uint""}, {""name"": ""physical_block_size"", ""type"": ""core::ffi::c_uint""}, {""name"": ""logical_block_size"", ""type"": ""core::ffi::c_uint""}, {""name"": ""alignment_offset"", ""type"": ""core::ffi::c_uint""}, {""name"": ""io_min"", ""type"": ""core::ffi::c_uint""}, {""name"": ""io_opt"", ""type"": ""core::ffi::c_uint""}, {""name"": ""max_discard_sectors"", ""type"": ""core::ffi::c_uint""}, {""name"": ""max_hw_discard_sectors"", ""type"": ""core::ffi::c_uint""}, {""name"": ""max_user_discard_sectors"", ""type"": ""core::ffi::c_uint""}, {""name"": ""max_secure_erase_sectors"", ""type"": ""core::ffi::c_uint""}, {""name"": ""max_write_zeroes_sectors"", ""type"": ""core::ffi::c_uint""}, {""name"": ""max_zone_append_sectors"", ""type"": ""core::ffi::c_uint""}, {""name"": ""discard_granularity"", ""type"": ""core::ffi::c_uint""}, {""name"": ""discard_alignment"", ""type"": ""core::ffi::c_uint""}, {""name"": ""zone_write_granularity"", ""type"": ""core::ffi::c_uint""}, {""name"": ""atomic_write_hw_max"", ""type"": ""core::ffi::c_uint""}, {""name"": ""atomic_write_max_sectors"", ""type"": ""core::ffi::c_uint""}, {""name"": ""atomic_write_hw_boundary"", ""type"": ""core::ffi::c_uint""}, {""name"": ""atomic_write_boundary_sectors"", ""type"": ""core::ffi::c_uint""}, {""name"": ""atomic_write_hw_unit_min"", ""type"": ""core::ffi::c_uint""}, {""name"": ""atomic_write_unit_min"", ""type"": ""core::ffi::c_uint""}, {""name"": ""atomic_write_hw_unit_max"", ""type"": ""core::ffi::c_uint""}, {""name"": ""atomic_write_unit_max"", ""type"": ""core::ffi::c_uint""}, {""name"": ""max_segments"", ""type"": ""core::ffi::c_ushort""}, {""name"": ""max_integrity_segments"", ""type"": ""core::ffi::c_ushort""}, {""name"": ""max_discard_segments"", ""type"": ""core::ffi::c_ushort""}, {""name"": ""max_open_zones"", ""type"": ""core::ffi::c_uint""}, {""name"": ""max_active_zones"", ""type"": ""core::ffi::c_uint""}, {""name"": ""dma_alignment"", ""type"": ""core::ffi::c_uint""}, {""name"": ""dma_pad_mask"", ""type"": ""core::ffi::c_uint""}, {""name"": ""integrity"", ""type"": ""blk_integrity""}], ""old_version"": ""v6.12"", ""symbol"": ""queue_limits""}, ""rust_side_keys"": [""error_mappings"", ""exposure"", ""oracle_hits"", ""safe_apis"", ""safety_comments"", ""uses""]}",CORRECT,CORRECT,CORRECT,,strict audit evidence-chain sample selected for concrete Rust/C reachability
promoted_warning_evidence-042,promoted_warning_evidence,HEAD_6d35786de281,.binddrift/worktrees/HEAD_6d35786de281/rust/kernel/auxiliary.rs,265,device,"{""c_evidence_level"": ""binding_only"", ""evidence_location"": {""file"": "".binddrift/worktrees/HEAD_6d35786de281/rust/kernel/auxiliary.rs"", ""line"": ""265"", ""source"": ""evidence""}, ""pair_id"": ""latest-p020-v7.0-to-HEAD_6d35786de281"", ""promotion_reasons"": [""exposes_safe_api"", ""has_safety_comment"", ""has_lifetime_fact"", ""oracle_hit""], ""rust_impact_level"": ""oracle_confirmed"", ""type"": ""FieldDrift"", ""warning_id"": ""W-000009"", ""warning_uid"": ""06019a77f11e5016bdc1096c82329530903aac7ad4fcf669003de9cc6e7327a3""}","{""c_side"": {""new"": [{""name"": ""kobj"", ""type"": ""kobject""}, {""name"": ""parent"", ""type"": ""*mut device""}, {""name"": ""p"", ""type"": ""*mut device_private""}, {""name"": ""init_name"", ""type"": ""*const ffi::c_char""}, {""name"": ""type_"", ""type"": ""*const device_type""}, {""name"": ""bus"", ""type"": ""*const bus_type""}, {""name"": ""driver"", ""type"": ""*mut device_driver""}, {""name"": ""platform_data"", ""type"": ""*mut ffi::c_void""}, {""name"": ""driver_data"", ""type"": ""*mut ffi::c_void""}, {""name"": ""driver_override"", ""type"": ""device__bindgen_ty_1""}, {""name"": ""mutex"", ""type"": ""mutex""}, {""name"": ""links"", ""type"": ""dev_links_info""}, {""name"": ""power"", ""type"": ""dev_pm_info""}, {""name"": ""pm_domain"", ""type"": ""*mut dev_pm_domain""}, {""name"": ""msi"", ""type"": ""dev_msi_info""}, {""name"": ""dma_mask"", ""type"": ""*mut u64_""}, {""name"": ""coherent_dma_mask"", ""type"": ""u64_""}, {""name"": ""bus_dma_limit"", ""type"": ""u64_""}, {""name"": ""dma_range_map"", ""type"": ""*mut bus_dma_region""}, {""name"": ""dma_parms"", ""type"": ""*mut device_dma_parameters""}, {""name"": ""dma_pools"", ""type"": ""list_head""}, {""name"": ""dma_io_tlb_mem"", ""type"": ""*mut io_tlb_mem""}, {""name"": ""archdata"", ""type"": ""dev_archdata""}, {""name"": ""of_node"", ""type"": ""*mut device_node""}, {""name"": ""fwnode"", ""type"": ""*mut fwnode_handle""}, {""name"": ""numa_node"", ""type"": ""ffi::c_int""}, {""name"": ""devt"", ""type"": ""dev_t""}, {""name"": ""id"", ""type"": ""u32_""}, {""name"": ""devres_lock"", ""type"": ""spinlock_t""}, {""name"": ""devres_head"", ""type"": ""list_head""}, {""name"": ""class"", ""type"": ""*const class""}, {""name"": ""groups"", ""type"": ""*mut *const attribute_group""}, {""name"": ""release"", ""type"": ""::core::option::Option<unsafe extern \""C\"" fn(dev: *mut device)>""}, {""name"": ""iommu_group"", ""type"": ""*mut iommu_group""}, {""name"": ""iommu"", ""type"": ""*mut dev_iommu""}, {""name"": ""physical_location"", ""type"": ""*mut device_physical_location""}, {""name"": ""removable"", ""type"": ""device_removable""}, {""name"": ""_bitfield_align_1"", ""type"": ""[u8; 0]""}, {""name"": ""_bitfield_1"", ""type"": ""__BindgenBitfieldUnit<[u8; 1usize]>""}, {""name"": ""flags"", ""type"": ""[ffi::c_ulong; 1usize]""}], ""new_version"": ""HEAD_6d35786de281"", ""old"": [{""name"": ""kobj"", ""type"": ""kobject""}, {""name"": ""parent"", ""type"": ""*mut device""}, {""name"": ""p"", ""type"": ""*mut device_private""}, {""name"": ""init_name"", ""type"": ""*const ffi::c_char""}, {""name"": ""type_"", ""type"": ""*const device_type""}, {""name"": ""bus"", ""type"": ""*const bus_type""}, {""name"": ""driver"", ""type"": ""*mut device_driver""}, {""name"": ""platform_data"", ""type"": ""*mut ffi::c_void""}, {""name"": ""driver_data"", ""type"": ""*mut ffi::c_void""}, {""name"": ""driver_override"", ""type"": ""device__bindgen_ty_1""}, {""name"": ""mutex"", ""type"": ""mutex""}, {""name"": ""links"", ""type"": ""dev_links_info""}, {""name"": ""power"", ""type"": ""dev_pm_info""}, {""name"": ""pm_domain"", ""type"": ""*mut dev_pm_domain""}, {""name"": ""msi"", ""type"": ""dev_msi_info""}, {""name"": ""dma_mask"", ""type"": ""*mut u64_""}, {""name"": ""coherent_dma_mask"", ""type"": ""u64_""}, {""name"": ""bus_dma_limit"", ""type"": ""u64_""}, {""name"": ""dma_range_map"", ""type"": ""*mut bus_dma_region""}, {""name"": ""dma_parms"", ""type"": ""*mut device_dma_parameters""}, {""name"": ""dma_pools"", ""type"": ""list_head""}, {""name"": ""dma_io_tlb_mem"", ""type"": ""*mut io_tlb_mem""}, {""name"": ""archdata"", ""type"": ""dev_archdata""}, {""name"": ""of_node"", ""type"": ""*mut device_node""}, {""name"": ""fwnode"", ""type"": ""*mut fwnode_handle""}, {""name"": ""numa_node"", ""type"": ""ffi::c_int""}, {""name"": ""devt"", ""type"": ""dev_t""}, {""name"": ""id"", ""type"": ""u32_""}, {""name"": ""devres_lock"", ""type"": ""spinlock_t""}, {""name"": ""devres_head"", ""type"": ""list_head""}, {""name"": ""class"", ""type"": ""*const class""}, {""name"": ""groups"", ""type"": ""*mut *const attribute_group""}, {""name"": ""release"", ""type"": ""::core::option::Option<unsafe extern \""C\"" fn(dev: *mut device)>""}, {""name"": ""iommu_group"", ""type"": ""*mut iommu_group""}, {""name"": ""iommu"", ""type"": ""*mut dev_iommu""}, {""name"": ""physical_location"", ""type"": ""*mut device_physical_location""}, {""name"": ""removable"", ""type"": ""device_removable""}, {""name"": ""_bitfield_align_1"", ""type"": ""[u8; 0]""}, {""name"": ""_bitfield_1"", ""type"": ""__BindgenBitfieldUnit<[u8; 1usize]>""}, {""name"": ""__bindgen_padding_0"", ""type"": ""[u8; 3usize]""}], ""old_version"": ""v7.0"", ""symbol"": ""device""}, ""rust_side_keys"": [""exposure"", ""lifetime_facts"", ""oracle_hits"", ""safe_apis"", ""safety_comments"", ""uses""]}",CORRECT,CORRECT,CORRECT,,strict audit evidence-chain sample selected for concrete Rust/C reachability
promoted_warning_evidence-043,promoted_warning_evidence,v6.14,.binddrift/worktrees/v6.14/rust/kernel/error.rs,318,platform_device,"{""c_evidence_level"": ""binding_only"", ""evidence_location"": {""file"": "".binddrift/worktrees/v6.14/rust/kernel/error.rs"", ""line"": ""318"", ""source"": ""evidence""}, ""pair_id"": ""latest-p013-v6.13-to-v6.14"", ""promotion_reasons"": [""direct_binding_use"", ""exposes_safe_api"", ""has_safety_comment"", ""has_lifetime_fact"", ""oracle_hit""], ""rust_impact_level"": ""oracle_confirmed"", ""type"": ""FieldDrift"", ""warning_id"": ""W-000015"", ""warning_uid"": ""09fa197ba12caadb48fb6742d5bd6a0dca13c1b9db7283b393b80d56ae0f13c9""}","{""c_side"": {""new"": [{""name"": ""name"", ""type"": ""*const ffi::c_char""}, {""name"": ""id"", ""type"": ""ffi::c_int""}, {""name"": ""id_auto"", ""type"": ""bool_""}, {""name"": ""dev"", ""type"": ""device""}, {""name"": ""platform_dma_mask"", ""type"": ""u64_""}, {""name"": ""dma_parms"", ""type"": ""device_dma_parameters""}, {""name"": ""num_resources"", ""type"": ""u32_""}, {""name"": ""resource"", ""type"": ""*mut resource""}, {""name"": ""id_entry"", ""type"": ""*const platform_device_id""}, {""name"": ""driver_override"", ""type"": ""*const ffi::c_char""}, {""name"": ""mfd_cell"", ""type"": ""*mut mfd_cell""}, {""name"": ""archdata"", ""type"": ""pdev_archdata""}], ""new_version"": ""v6.14"", ""old"": [], ""old_version"": ""v6.13"", ""symbol"": ""platform_device""}, ""rust_side_keys"": [""exposure"", ""lifetime_facts"", ""oracle_hits"", ""safe_apis"", ""safety_comments"", ""uses""]}",CORRECT,CORRECT,CORRECT,,strict audit evidence-chain sample selected for concrete Rust/C reachability
promoted_warning_evidence-044,promoted_warning_evidence,v6.13,.binddrift/worktrees/v6.13/rust/kernel/block/mq/operations.rs,118,request,"{""c_evidence_level"": ""binding_only"", ""evidence_location"": {""file"": "".binddrift/worktrees/v6.13/rust/kernel/block/mq/operations.rs"", ""line"": ""118"", ""source"": ""evidence""}, ""pair_id"": ""latest-p012-v6.12-to-v6.13"", ""promotion_reasons"": [""exposes_safe_api"", ""has_safety_comment"", ""has_error_mapping"", ""has_lifetime_fact"", ""oracle_hit""], ""rust_impact_level"": ""oracle_confirmed"", ""type"": ""FieldDrift"", ""warning_id"": ""W-000038"", ""warning_uid"": ""123ef188d45289c4c30a5f87427e1cd39adfc99b15af11e87b4bd1fd309b5d73""}","{""c_side"": {""new"": [{""name"": ""q"", ""type"": ""*mut request_queue""}, {""name"": ""mq_ctx"", ""type"": ""*mut blk_mq_ctx""}, {""name"": ""mq_hctx"", ""type"": ""*mut blk_mq_hw_ctx""}, {""name"": ""cmd_flags"", ""type"": ""blk_opf_t""}, {""name"": ""rq_flags"", ""type"": ""req_flags_t""}, {""name"": ""tag"", ""type"": ""ffi::c_int""}, {""name"": ""internal_tag"", ""type"": ""ffi::c_int""}, {""name"": ""timeout"", ""type"": ""ffi::c_uint""}, {""name"": ""__data_len"", ""type"": ""ffi::c_uint""}, {""name"": ""__sector"", ""type"": ""sector_t""}, {""name"": ""bio"", ""type"": ""*mut bio""}, {""name"": ""biotail"", ""type"": ""*mut bio""}, {""name"": ""__bindgen_anon_1"", ""type"": ""request__bindgen_ty_1""}, {""name"": ""part"", ""type"": ""*mut block_device""}, {""name"": ""alloc_time_ns"", ""type"": ""u64_""}, {""name"": ""start_time_ns"", ""type"": ""u64_""}, {""name"": ""io_start_time_ns"", ""type"": ""u64_""}, {""name"": ""stats_sectors"", ""type"": ""ffi::c_ushort""}, {""name"": ""nr_phys_segments"", ""type"": ""ffi::c_ushort""}, {""name"": ""nr_integrity_segments"", ""type"": ""ffi::c_ushort""}, {""name"": ""state"", ""type"": ""mq_rq_state""}, {""name"": ""ref_"", ""type"": ""atomic_t""}, {""name"": ""deadline"", ""type"": ""ffi::c_ulong""}, {""name"": ""__bindgen_anon_2"", ""type"": ""request__bindgen_ty_2""}, {""name"": ""__bindgen_anon_3"", ""type"": ""request__bindgen_ty_3""}, {""name"": ""elv"", ""type"": ""request__bindgen_ty_4""}, {""name"": ""flush"", ""type"": ""request__bindgen_ty_5""}, {""name"": ""fifo_time"", ""type"": ""u64_""}, {""name"": ""end_io"", ""type"": ""rq_end_io_fn""}, {""name"": ""end_io_data"", ""type"": ""*mut ffi::c_void""}], ""new_version"": ""v6.13"", ""old"": [{""name"": ""q"", ""type"": ""*mut request_queue""}, {""name"": ""mq_ctx"", ""type"": ""*mut blk_mq_ctx""}, {""name"": ""mq_hctx"", ""type"": ""*mut blk_mq_hw_ctx""}, {""name"": ""cmd_flags"", ""type"": ""blk_opf_t""}, {""name"": ""rq_flags"", ""type"": ""req_flags_t""}, {""name"": ""tag"", ""type"": ""core::ffi::c_int""}, {""name"": ""internal_tag"", ""type"": ""core::ffi::c_int""}, {""name"": ""timeout"", ""type"": ""core::ffi::c_uint""}, {""name"": ""__data_len"", ""type"": ""core::ffi::c_uint""}, {""name"": ""__sector"", ""type"": ""sector_t""}, {""name"": ""bio"", ""type"": ""*mut bio""}, {""name"": ""biotail"", ""type"": ""*mut bio""}, {""name"": ""__bindgen_anon_1"", ""type"": ""request__bindgen_ty_1""}, {""name"": ""part"", ""type"": ""*mut block_device""}, {""name"": ""alloc_time_ns"", ""type"": ""u64_""}, {""name"": ""start_time_ns"", ""type"": ""u64_""}, {""name"": ""io_start_time_ns"", ""type"": ""u64_""}, {""name"": ""stats_sectors"", ""type"": ""core::ffi::c_ushort""}, {""name"": ""nr_phys_segments"", ""type"": ""core::ffi::c_ushort""}, {""name"": ""nr_integrity_segments"", ""type"": ""core::ffi::c_ushort""}, {""name"": ""write_hint"", ""type"": ""rw_hint""}, {""name"": ""ioprio"", ""type"": ""core::ffi::c_ushort""}, {""name"": ""state"", ""type"": ""mq_rq_state""}, {""name"": ""ref_"", ""type"": ""atomic_t""}, {""name"": ""deadline"", ""type"": ""core::ffi::c_ulong""}, {""name"": ""__bindgen_anon_2"", ""type"": ""request__bindgen_ty_2""}, {""name"": ""__bindgen_anon_3"", ""type"": ""request__bindgen_ty_3""}, {""name"": ""elv"", ""type"": ""request__bindgen_ty_4""}, {""name"": ""flush"", ""type"": ""request__bindgen_ty_5""}, {""name"": ""fifo_time"", ""type"": ""u64_""}, {""name"": ""end_io"", ""type"": ""rq_end_io_fn""}, {""name"": ""end_io_data"", ""type"": ""*mut core::ffi::c_void""}], ""old_version"": ""v6.12"", ""symbol"": ""request""}, ""rust_side_keys"": [""error_mappings"", ""exposure"", ""lifetime_facts"", ""oracle_hits"", ""safe_apis"", ""safety_comments"", ""uses""]}",CORRECT,CORRECT,CORRECT,,strict audit evidence-chain sample selected for concrete Rust/C reachability
promoted_warning_evidence-045,promoted_warning_evidence,v7.0,.binddrift/worktrees/v7.0/rust/kernel/auxiliary.rs,265,device,"{""c_evidence_level"": ""binding_only"", ""evidence_location"": {""file"": "".binddrift/worktrees/v7.0/rust/kernel/auxiliary.rs"", ""line"": ""265"", ""source"": ""evidence""}, ""pair_id"": ""latest-p019-v6.19-to-v7.0"", ""promotion_reasons"": [""exposes_safe_api"", ""has_safety_comment"", ""has_lifetime_fact"", ""oracle_hit""], ""rust_impact_level"": ""oracle_confirmed"", ""type"": ""FieldDrift"", ""warning_id"": ""W-000001"", ""warning_uid"": ""30e44b9dd8ba17e0a2152139307340078e8c73235ad9798be42a79a1cf587471""}","{""c_side"": {""new"": [{""name"": ""kobj"", ""type"": ""kobject""}, {""name"": ""parent"", ""type"": ""*mut device""}, {""name"": ""p"", ""type"": ""*mut device_private""}, {""name"": ""init_name"", ""type"": ""*const ffi::c_char""}, {""name"": ""type_"", ""type"": ""*const device_type""}, {""name"": ""bus"", ""type"": ""*const bus_type""}, {""name"": ""driver"", ""type"": ""*mut device_driver""}, {""name"": ""platform_data"", ""type"": ""*mut ffi::c_void""}, {""name"": ""driver_data"", ""type"": ""*mut ffi::c_void""}, {""name"": ""driver_override"", ""type"": ""device__bindgen_ty_1""}, {""name"": ""mutex"", ""type"": ""mutex""}, {""name"": ""links"", ""type"": ""dev_links_info""}, {""name"": ""power"", ""type"": ""dev_pm_info""}, {""name"": ""pm_domain"", ""type"": ""*mut dev_pm_domain""}, {""name"": ""msi"", ""type"": ""dev_msi_info""}, {""name"": ""dma_mask"", ""type"": ""*mut u64_""}, {""name"": ""coherent_dma_mask"", ""type"": ""u64_""}, {""name"": ""bus_dma_limit"", ""type"": ""u64_""}, {""name"": ""dma_range_map"", ""type"": ""*mut bus_dma_region""}, {""name"": ""dma_parms"", ""type"": ""*mut device_dma_parameters""}, {""name"": ""dma_pools"", ""type"": ""list_head""}, {""name"": ""dma_io_tlb_mem"", ""type"": ""*mut io_tlb_mem""}, {""name"": ""archdata"", ""type"": ""dev_archdata""}, {""name"": ""of_node"", ""type"": ""*mut device_node""}, {""name"": ""fwnode"", ""type"": ""*mut fwnode_handle""}, {""name"": ""numa_node"", ""type"": ""ffi::c_int""}, {""name"": ""devt"", ""type"": ""dev_t""}, {""name"": ""id"", ""type"": ""u32_""}, {""name"": ""devres_lock"", ""type"": ""spinlock_t""}, {""name"": ""devres_head"", ""type"": ""list_head""}, {""name"": ""class"", ""type"": ""*const class""}, {""name"": ""groups"", ""type"": ""*mut *const attribute_group""}, {""name"": ""release"", ""type"": ""::core::option::Option<unsafe extern \""C\"" fn(dev: *mut device)>""}, {""name"": ""iommu_group"", ""type"": ""*mut iommu_group""}, {""name"": ""iommu"", ""type"": ""*mut dev_iommu""}, {""name"": ""physical_location"", ""type"": ""*mut device_physical_location""}, {""name"": ""removable"", ""type"": ""device_removable""}, {""name"": ""_bitfield_align_1"", ""type"": ""[u8; 0]""}, {""name"": ""_bitfield_1"", ""type"": ""__BindgenBitfieldUnit<[u8; 1usize]>""}, {""name"": ""__bindgen_padding_0"", ""type"": ""[u8; 3usize]""}], ""new_version"": ""v7.0"", ""old"": [{""name"": ""kobj"", ""type"": ""kobject""}, {""name"": ""parent"", ""type"": ""*mut device""}, {""name"": ""p"", ""type"": ""*mut device_private""}, {""name"": ""init_name"", ""type"": ""*const ffi::c_char""}, {""name"": ""type_"", ""type"": ""*const device_type""}, {""name"": ""bus"", ""type"": ""*const bus_type""}, {""name"": ""driver"", ""type"": ""*mut device_driver""}, {""name"": ""platform_data"", ""type"": ""*mut ffi::c_void""}, {""name"": ""driver_data"", ""type"": ""*mut ffi::c_void""}, {""name"": ""mutex"", ""type"": ""mutex""}, {""name"": ""links"", ""type"": ""dev_links_info""}, {""name"": ""power"", ""type"": ""dev_pm_info""}, {""name"": ""pm_domain"", ""type"": ""*mut dev_pm_domain""}, {""name"": ""msi"", ""type"": ""dev_msi_info""}, {""name"": ""dma_mask"", ""type"": ""*mut u64_""}, {""name"": ""coherent_dma_mask"", ""type"": ""u64_""}, {""name"": ""bus_dma_limit"", ""type"": ""u64_""}, {""name"": ""dma_range_map"", ""type"": ""*mut bus_dma_region""}, {""name"": ""dma_parms"", ""type"": ""*mut device_dma_parameters""}, {""name"": ""dma_pools"", ""type"": ""list_head""}, {""name"": ""dma_io_tlb_mem"", ""type"": ""*mut io_tlb_mem""}, {""name"": ""archdata"", ""type"": ""dev_archdata""}, {""name"": ""of_node"", ""type"": ""*mut device_node""}, {""name"": ""fwnode"", ""type"": ""*mut fwnode_handle""}, {""name"": ""numa_node"", ""type"": ""ffi::c_int""}, {""name"": ""devt"", ""type"": ""dev_t""}, {""name"": ""id"", ""type"": ""u32_""}, {""name"": ""devres_lock"", ""type"": ""spinlock_t""}, {""name"": ""devres_head"", ""type"": ""list_head""}, {""name"": ""class"", ""type"": ""*const class""}, {""name"": ""groups"", ""type"": ""*mut *const attribute_group""}, {""name"": ""release"", ""type"": ""::core::option::Option<unsafe extern \""C\"" fn(dev: *mut device)>""}, {""name"": ""iommu_group"", ""type"": ""*mut iommu_group""}, {""name"": ""iommu"", ""type"": ""*mut dev_iommu""}, {""name"": ""physical_location"", ""type"": ""*mut device_physical_location""}, {""name"": ""removable"", ""type"": ""device_removable""}, {""name"": ""_bitfield_align_1"", ""type"": ""[u8; 0]""}, {""name"": ""_bitfield_1"", ""type"": ""__BindgenBitfieldUnit<[u8; 1usize]>""}, {""name"": ""__bindgen_padding_0"", ""type"": ""[u8; 3usize]""}], ""old_version"": ""v6.19"", ""symbol"": ""device""}, ""rust_side_keys"": [""exposure"", ""lifetime_facts"", ""oracle_hits"", ""safe_apis"", ""safety_comments"", ""uses""]}",CORRECT,CORRECT,CORRECT,,strict audit evidence-chain sample selected for concrete Rust/C reachability
promoted_warning_evidence-046,promoted_warning_evidence,v6.13,.binddrift/worktrees/v6.13/rust/kernel/error.rs,294,PTR_ERR,"{""c_evidence_level"": ""binding_only"", ""evidence_location"": {""file"": "".binddrift/worktrees/v6.13/rust/kernel/error.rs"", ""line"": ""294"", ""source"": ""evidence""}, ""pair_id"": ""latest-p012-v6.12-to-v6.13"", ""promotion_reasons"": [""direct_binding_use"", ""exposes_safe_api"", ""has_safety_comment"", ""has_error_mapping"", ""oracle_hit""], ""rust_impact_level"": ""oracle_confirmed"", ""type"": ""SignatureDrift"", ""warning_id"": ""W-000003"", ""warning_uid"": ""39859c860002f454586acf39f3d0df45a3189f1edc7868bad4cb189a795d4b8e""}","{""c_side"": {""new"": {""params"": [{""name"": ""ptr"", ""type"": ""*const ffi::c_void""}], ""return_type"": ""ffi::c_long""}, ""new_version"": ""v6.13"", ""old"": {""params"": [{""name"": ""ptr"", ""type"": ""*const core::ffi::c_void""}], ""return_type"": ""core::ffi::c_long""}, ""old_version"": ""v6.12"", ""symbol"": ""PTR_ERR""}, ""rust_side_keys"": [""error_mappings"", ""exposure"", ""oracle_hits"", ""safe_apis"", ""safety_comments"", ""uses""]}",CORRECT,CORRECT,CORRECT,,strict audit evidence-chain sample selected for concrete Rust/C reachability
promoted_warning_evidence-047,promoted_warning_evidence,v6.13,.binddrift/worktrees/v6.13/rust/kernel/sync/arc.rs,194,REFCOUNT_INIT,"{""c_evidence_level"": ""binding_only"", ""evidence_location"": {""file"": "".binddrift/worktrees/v6.13/rust/kernel/sync/arc.rs"", ""line"": ""194"", ""source"": ""evidence""}, ""pair_id"": ""latest-p012-v6.12-to-v6.13"", ""promotion_reasons"": [""direct_binding_use"", ""exposes_safe_api"", ""has_safety_comment"", ""has_error_mapping"", ""oracle_hit""], ""rust_impact_level"": ""oracle_confirmed"", ""type"": ""SignatureDrift"", ""warning_id"": ""W-000004"", ""warning_uid"": ""399880825c439eb15d3e73aa711d383a87e7dbba9e9a3173f6a97bdef4e841b7""}","{""c_side"": {""new"": {""params"": [{""name"": ""n"", ""type"": ""ffi::c_int""}], ""return_type"": ""refcount_t""}, ""new_version"": ""v6.13"", ""old"": {""params"": [{""name"": ""n"", ""type"": ""core::ffi::c_int""}], ""return_type"": ""refcount_t""}, ""old_version"": ""v6.12"", ""symbol"": ""REFCOUNT_INIT""}, ""rust_side_keys"": [""error_mappings"", ""exposure"", ""oracle_hits"", ""safe_apis"", ""safety_comments"", ""uses"", ""weak_lifetime_facts""]}",CORRECT,CORRECT,CORRECT,,strict audit evidence-chain sample selected for concrete Rust/C reachability
promoted_warning_evidence-048,promoted_warning_evidence,v6.12,.binddrift/worktrees/v6.12/rust/kernel/block/mq/operations.rs,118,request,"{""c_evidence_level"": ""binding_only"", ""evidence_location"": {""file"": "".binddrift/worktrees/v6.12/rust/kernel/block/mq/operations.rs"", ""line"": ""118"", ""source"": ""evidence""}, ""pair_id"": ""latest-p011-v6.11-to-v6.12"", ""promotion_reasons"": [""exposes_safe_api"", ""has_safety_comment"", ""has_error_mapping"", ""has_lifetime_fact"", ""oracle_hit""], ""rust_impact_level"": ""oracle_confirmed"", ""type"": ""FieldDrift"", ""warning_id"": ""W-000003"", ""warning_uid"": ""4a687423f6942a1f923ca47534f404f4b2a91d6cea4bb503baba951b6d15b660""}","{""c_side"": {""new"": [{""name"": ""q"", ""type"": ""*mut request_queue""}, {""name"": ""mq_ctx"", ""type"": ""*mut blk_mq_ctx""}, {""name"": ""mq_hctx"", ""type"": ""*mut blk_mq_hw_ctx""}, {""name"": ""cmd_flags"", ""type"": ""blk_opf_t""}, {""name"": ""rq_flags"", ""type"": ""req_flags_t""}, {""name"": ""tag"", ""type"": ""core::ffi::c_int""}, {""name"": ""internal_tag"", ""type"": ""core::ffi::c_int""}, {""name"": ""timeout"", ""type"": ""core::ffi::c_uint""}, {""name"": ""__data_len"", ""type"": ""core::ffi::c_uint""}, {""name"": ""__sector"", ""type"": ""sector_t""}, {""name"": ""bio"", ""type"": ""*mut bio""}, {""name"": ""biotail"", ""type"": ""*mut bio""}, {""name"": ""__bindgen_anon_1"", ""type"": ""request__bindgen_ty_1""}, {""name"": ""part"", ""type"": ""*mut block_device""}, {""name"": ""alloc_time_ns"", ""type"": ""u64_""}, {""name"": ""start_time_ns"", ""type"": ""u64_""}, {""name"": ""io_start_time_ns"", ""type"": ""u64_""}, {""name"": ""stats_sectors"", ""type"": ""core::ffi::c_ushort""}, {""name"": ""nr_phys_segments"", ""type"": ""core::ffi::c_ushort""}, {""name"": ""nr_integrity_segments"", ""type"": ""core::ffi::c_ushort""}, {""name"": ""write_hint"", ""type"": ""rw_hint""}, {""name"": ""ioprio"", ""type"": ""core::ffi::c_ushort""}, {""name"": ""state"", ""type"": ""mq_rq_state""}, {""name"": ""ref_"", ""type"": ""atomic_t""}, {""name"": ""deadline"", ""type"": ""core::ffi::c_ulong""}, {""name"": ""__bindgen_anon_2"", ""type"": ""request__bindgen_ty_2""}, {""name"": ""__bindgen_anon_3"", ""type"": ""request__bindgen_ty_3""}, {""name"": ""elv"", ""type"": ""request__bindgen_ty_4""}, {""name"": ""flush"", ""type"": ""request__bindgen_ty_5""}, {""name"": ""fifo_time"", ""type"": ""u64_""}, {""name"": ""end_io"", ""type"": ""rq_end_io_fn""}, {""name"": ""end_io_data"", ""type"": ""*mut core::ffi::c_void""}], ""new_version"": ""v6.12"", ""old"": [{""name"": ""q"", ""type"": ""*mut request_queue""}, {""name"": ""mq_ctx"", ""type"": ""*mut blk_mq_ctx""}, {""name"": ""mq_hctx"", ""type"": ""*mut blk_mq_hw_ctx""}, {""name"": ""cmd_flags"", ""type"": ""blk_opf_t""}, {""name"": ""rq_flags"", ""type"": ""req_flags_t""}, {""name"": ""tag"", ""type"": ""core::ffi::c_int""}, {""name"": ""internal_tag"", ""type"": ""core::ffi::c_int""}, {""name"": ""timeout"", ""type"": ""core::ffi::c_uint""}, {""name"": ""__data_len"", ""type"": ""core::ffi::c_uint""}, {""name"": ""__sector"", ""type"": ""sector_t""}, {""name"": ""bio"", ""type"": ""*mut bio""}, {""name"": ""biotail"", ""type"": ""*mut bio""}, {""name"": ""__bindgen_anon_1"", ""type"": ""request__bindgen_ty_1""}, {""name"": ""part"", ""type"": ""*mut block_device""}, {""name"": ""alloc_time_ns"", ""type"": ""u64_""}, {""name"": ""start_time_ns"", ""type"": ""u64_""}, {""name"": ""io_start_time_ns"", ""type"": ""u64_""}, {""name"": ""stats_sectors"", ""type"": ""core::ffi::c_ushort""}, {""name"": ""nr_phys_segments"", ""type"": ""core::ffi::c_ushort""}, {""name"": ""write_hint"", ""type"": ""rw_hint""}, {""name"": ""ioprio"", ""type"": ""core::ffi::c_ushort""}, {""name"": ""state"", ""type"": ""mq_rq_state""}, {""name"": ""ref_"", ""type"": ""atomic_t""}, {""name"": ""deadline"", ""type"": ""core::ffi::c_ulong""}, {""name"": ""__bindgen_anon_2"", ""type"": ""request__bindgen_ty_2""}, {""name"": ""__bindgen_anon_3"", ""type"": ""request__bindgen_ty_3""}, {""name"": ""elv"", ""type"": ""request__bindgen_ty_4""}, {""name"": ""flush"", ""type"": ""request__bindgen_ty_5""}, {""name"": ""fifo_time"", ""type"": ""u64_""}, {""name"": ""end_io"", ""type"": ""rq_end_io_fn""}, {""name"": ""end_io_data"", ""type"": ""*mut core::ffi::c_void""}], ""old_version"": ""v6.11"", ""symbol"": ""request""}, ""rust_side_keys"": [""error_mappings"", ""exposure"", ""lifetime_facts"", ""oracle_hits"", ""safe_apis"", ""safety_comments"", ""uses""]}",CORRECT,CORRECT,CORRECT,,strict audit evidence-chain sample selected for concrete Rust/C reachability
promoted_warning_evidence-049,promoted_warning_evidence,v6.13,.binddrift/worktrees/v6.13/rust/kernel/error.rs,290,IS_ERR,"{""c_evidence_level"": ""binding_only"", ""evidence_location"": {""file"": "".binddrift/worktrees/v6.13/rust/kernel/error.rs"", ""line"": ""290"", ""source"": ""evidence""}, ""pair_id"": ""latest-p012-v6.12-to-v6.13"", ""promotion_reasons"": [""direct_binding_use"", ""exposes_safe_api"", ""has_safety_comment"", ""has_error_mapping"", ""oracle_hit""], ""rust_impact_level"": ""oracle_confirmed"", ""type"": ""SignatureDrift"", ""warning_id"": ""W-000002"", ""warning_uid"": ""4b538a23e5b7e22f2cc86f95ffea064b2634aa0ab97449ad304889083dc27efd""}","{""c_side"": {""new"": {""params"": [{""name"": ""ptr"", ""type"": ""*const ffi::c_void""}], ""return_type"": ""bool_""}, ""new_version"": ""v6.13"", ""old"": {""params"": [{""name"": ""ptr"", ""type"": ""*const core::ffi::c_void""}], ""return_type"": ""bool_""}, ""old_version"": ""v6.12"", ""symbol"": ""IS_ERR""}, ""rust_side_keys"": [""error_mappings"", ""exposure"", ""oracle_hits"", ""safe_apis"", ""safety_comments"", ""uses""]}",CORRECT,CORRECT,CORRECT,,strict audit evidence-chain sample selected for concrete Rust/C reachability
promoted_warning_evidence-050,promoted_warning_evidence,v6.14,.binddrift/worktrees/v6.14/rust/kernel/pci.rs,354,pci_dev,"{""c_evidence_level"": ""binding_only"", ""evidence_location"": {""file"": "".binddrift/worktrees/v6.14/rust/kernel/pci.rs"", ""line"": ""354"", ""source"": ""evidence""}, ""pair_id"": ""latest-p013-v6.13-to-v6.14"", ""promotion_reasons"": [""direct_binding_use"", ""exposes_safe_api"", ""has_safety_comment"", ""has_lifetime_fact"", ""oracle_hit""], ""rust_impact_level"": ""oracle_confirmed"", ""type"": ""FieldDrift"", ""warning_id"": ""W-000014"", ""warning_uid"": ""58a01dd294eb2ff57be67b6378972edf712bcfbdeac81adb6aafe51503486784""}","{""c_side"": {""new"": [{""name"": ""bus_list"", ""type"": ""list_head""}, {""name"": ""bus"", ""type"": ""*mut pci_bus""}, {""name"": ""subordinate"", ""type"": ""*mut pci_bus""}, {""name"": ""sysdata"", ""type"": ""*mut ffi::c_void""}, {""name"": ""procent"", ""type"": ""*mut proc_dir_entry""}, {""name"": ""slot"", ""type"": ""*mut pci_slot""}, {""name"": ""devfn"", ""type"": ""ffi::c_uint""}, {""name"": ""vendor"", ""type"": ""ffi::c_ushort""}, {""name"": ""device"", ""type"": ""ffi::c_ushort""}, {""name"": ""subsystem_vendor"", ""type"": ""ffi::c_ushort""}, {""name"": ""subsystem_device"", ""type"": ""ffi::c_ushort""}, {""name"": ""class"", ""type"": ""ffi::c_uint""}, {""name"": ""revision"", ""type"": ""u8_""}, {""name"": ""hdr_type"", ""type"": ""u8_""}, {""name"": ""rcec_ea"", ""type"": ""*mut rcec_ea""}, {""name"": ""rcec"", ""type"": ""*mut pci_dev""}, {""name"": ""devcap"", ""type"": ""u32_""}, {""name"": ""pcie_cap"", ""type"": ""u8_""}, {""name"": ""msi_cap"", ""type"": ""u8_""}, {""name"": ""msix_cap"", ""type"": ""u8_""}, {""name"": ""_bitfield_align_1"", ""type"": ""[u8; 0]""}, {""name"": ""_bitfield_1"", ""type"": ""__BindgenBitfieldUnit<[u8; 1usize]>""}, {""name"": ""rom_base_reg"", ""type"": ""u8_""}, {""name"": ""pin"", ""type"": ""u8_""}, {""name"": ""pcie_flags_reg"", ""type"": ""u16_""}, {""name"": ""dma_alias_mask"", ""type"": ""*mut ffi::c_ulong""}, {""name"": ""driver"", ""type"": ""*mut pci_driver""}, {""name"": ""dma_mask"", ""type"": ""u64_""}, {""name"": ""dma_parms"", ""type"": ""device_dma_parameters""}, {""name"": ""current_state"", ""type"": ""pci_power_t""}, {""name"": ""pm_cap"", ""type"": ""u8_""}, {""name"": ""_bitfield_align_2"", ""type"": ""[u8; 0]""}, {""name"": ""_bitfield_2"", ""type"": ""__BindgenBitfieldUnit<[u8; 3usize]>""}, {""name"": ""d3hot_delay"", ""type"": ""ffi::c_uint""}, {""name"": ""d3cold_delay"", ""type"": ""ffi::c_uint""}, {""name"": ""l1ss"", ""type"": ""u16_""}, {""name"": ""link_state"", ""type"": ""*mut pcie_link_state""}, {""name"": ""_bitfield_align_3"", ""type"": ""[u8; 0]""}, {""name"": ""_bitfield_3"", ""type"": ""__BindgenBitfieldUnit<[u8; 1usize]>""}, {""name"": ""error_state"", ""type"": ""pci_channel_state_t""}, {""name"": ""dev"", ""type"": ""device""}, {""name"": ""cfg_size"", ""type"": ""ffi::c_int""}, {""name"": ""irq"", ""type"": ""ffi::c_uint""}, {""name"": ""resource"", ""type"": ""[resource; 11usize]""}, {""name"": ""driver_exclusive_resource"", ""type"": ""resource""}, {""name"": ""match_driver"", ""type"": ""bool_""}, {""name"": ""_bitfield_align_4"", ""type"": ""[u8; 0]""}, {""name"": ""_bitfield_4"", ""type"": ""__BindgenBitfieldUnit<[u8; 5usize]>""}, {""name"": ""dev_flags"", ""type"": ""pci_dev_flags_t""}, {""name"": ""enable_cnt"", ""type"": ""atomic_t""}, {""name"": ""pcie_cap_lock"", ""type"": ""spinlock_t""}, {""name"": ""saved_config_space"", ""type"": ""[u32_; 16usize]""}, {""name"": ""saved_cap_space"", ""type"": ""hlist_head""}, {""name"": ""res_attr"", ""type"": ""[*mut bin_attribute; 11usize]""}, {""name"": ""res_attr_wc"", ""type"": ""[*mut bin_attribute; 11usize]""}, {""name"": ""msix_base"", ""type"": ""*mut ffi::c_void""}, {""name"": ""msi_lock"", ""type"": ""raw_spinlock_t""}, {""name"": ""vpd"", ""type"": ""pci_vpd""}, {""name"": ""link_bwctrl"", ""type"": ""*mut pcie_bwctrl_data""}, {""name"": ""__bindgen_anon_1"", ""type"": ""pci_dev__bindgen_ty_1""}, {""name"": ""ats_cap"", ""type"": ""u16_""}, {""name"": ""ats_stu"", ""type"": ""u8_""}, {""name"": ""pri_cap"", ""type"": ""u16_""}, {""name"": ""pri_reqs_alloc"", ""type"": ""u32_""}, {""name"": ""_bitfield_align_5"", ""type"": ""[u8; 0]""}, {""name"": ""_bitfield_5"", ""type"": ""__BindgenBitfieldUnit<[u8; 1usize]>""}, {""name"": ""pasid_cap"", ""type"": ""u16_""}, {""name"": ""pasid_features"", ""type"": ""u16_""}, {""name"": ""acs_cap"", ""type"": ""u16_""}, {""name"": ""supported_speeds"", ""type"": ""u8_""}, {""name"": ""rom"", ""type"": ""phys_addr_t""}, {""name"": ""romlen"", ""type"": ""usize""}, {""name"": ""driver_override"", ""type"": ""*const ffi::c_char""}, {""name"": ""priv_flags"", ""type"": ""ffi::c_ulong""}, {""name"": ""reset_methods"", ""type"": ""[u8_; 8usize]""}], ""new_version"": ""v6.14"", ""old"": [], ""old_version"": ""v6.13"", ""symbol"": ""pci_dev""}, ""rust_side_keys"": [""exposure"", ""lifetime_facts"", ""oracle_hits"", ""safe_apis"", ""safety_comments"", ""uses""]}",CORRECT,CORRECT,CORRECT,,strict audit evidence-chain sample selected for concrete Rust/C reachability
